species,lat_centre,lon_centre,cell_radius_km,season,likelihood_score,sample_checklists,detections
Arctic Tern,54.7973,-5.01918,7.5,Autumn,0.0026,38,1
Arctic Tern,55.06757,-5.26402,7.5,Autumn,0.0017,16,1
Arctic Tern,55.47297,-4.77434,7.5,Autumn,0.0017,581,1
Arctic Tern,55.60811,-6.24337,7.5,Autumn,0.0034,96,1
Arctic Tern,55.60811,-4.77434,7.5,Autumn,0.0016,3758,12
Arctic Tern,55.74324,-4.03983,7.5,Autumn,0.0017,208,1
Arctic Tern,55.87838,-3.06047,7.5,Autumn,0.0015,1429,2
Arctic Tern,55.87838,-2.32596,7.5,Autumn,0.0025,105,2
Arctic Tern,55.87838,-2.08112,7.5,Autumn,0.0088,169,6
Arctic Tern,56.01351,-5.50885,7.5,Autumn,0.002,48,2
Arctic Tern,56.01351,-3.79499,7.5,Autumn,0.0017,285,2
Arctic Tern,56.01351,-3.55015,7.5,Autumn,0.0039,300,3
Arctic Tern,56.01351,-3.30531,7.5,Autumn,0.0023,1675,15
Arctic Tern,56.01351,-3.06047,7.5,Autumn,0.002,1856,23
Arctic Tern,56.01351,-2.81564,7.5,Autumn,0.0025,652,2
Arctic Tern,56.01351,-2.5708,7.5,Autumn,0.0066,447,5
Arctic Tern,56.01351,-2.32596,7.5,Autumn,0.0048,379,7
Arctic Tern,56.14865,-3.30531,7.5,Autumn,0.0016,374,1
Arctic Tern,56.28378,-2.81564,7.5,Autumn,0.0022,885,5
Arctic Tern,56.28378,-2.5708,7.5,Autumn,0.0176,604,29
Arctic Tern,56.41892,-6.97788,7.5,Autumn,0.0039,2,1
Arctic Tern,56.41892,-5.99853,7.5,Autumn,0.0029,72,1
Arctic Tern,56.41892,-5.75369,7.5,Autumn,0.0059,123,2
Arctic Tern,56.41892,-5.50885,7.5,Autumn,0.0042,147,1
Arctic Tern,56.41892,-3.30531,7.5,Autumn,0.0019,131,2
Arctic Tern,56.41892,-2.81564,7.5,Autumn,0.0101,548,6
Arctic Tern,56.55405,-5.50885,7.5,Autumn,0.0027,22,1
Arctic Tern,56.55405,-2.81564,7.5,Autumn,0.0022,26,1
Arctic Tern,56.55405,-2.5708,7.5,Autumn,0.0126,60,3
Arctic Tern,56.68919,-2.5708,7.5,Autumn,0.0059,265,8
Arctic Tern,56.68919,-2.32596,7.5,Autumn,0.0054,26,11
Arctic Tern,56.82432,-2.32596,7.5,Autumn,0.0079,51,2
Arctic Tern,56.95946,-7.46756,7.5,Autumn,0.0061,26,2
Arctic Tern,57.09459,-5.75369,7.5,Autumn,0.0046,33,2
Arctic Tern,57.09459,-2.08112,7.5,Autumn,0.0124,1071,28
Arctic Tern,57.22973,-7.46756,7.5,Autumn,0.0052,56,1
Arctic Tern,57.22973,-5.99853,7.5,Autumn,0.0031,170,4
Arctic Tern,57.22973,-2.08112,7.5,Autumn,0.0036,282,4
Arctic Tern,57.36486,-5.75369,7.5,Autumn,0.0031,43,3
Arctic Tern,57.36486,-2.08112,7.5,Autumn,0.0029,200,2
Arctic Tern,57.36486,-1.83628,7.5,Autumn,0.0051,66,1
Arctic Tern,57.5,-1.83628,7.5,Autumn,0.0059,45,5
Arctic Tern,57.63514,-7.46756,7.5,Autumn,0.0027,72,1
Arctic Tern,57.63514,-4.28466,7.5,Autumn,0.0046,93,1
Arctic Tern,57.63514,-4.03983,7.5,Autumn,0.01,581,14
Arctic Tern,57.63514,-3.79499,7.5,Autumn,0.0027,202,2
Arctic Tern,57.63514,-3.55015,7.5,Autumn,0.0041,283,3
Arctic Tern,57.63514,-3.06047,7.5,Autumn,0.0028,109,2
Arctic Tern,57.63514,-2.32596,7.5,Autumn,0.0052,32,1
Arctic Tern,57.63514,-2.08112,7.5,Autumn,0.0042,39,1
Arctic Tern,57.63514,-1.83628,7.5,Autumn,0.0051,165,2
Arctic Tern,57.77027,-4.03983,7.5,Autumn,0.0036,104,2
Arctic Tern,57.77027,-3.79499,7.5,Autumn,0.0035,172,1
Arctic Tern,57.77027,-3.55015,7.5,Autumn,0.0039,162,1
Arctic Tern,57.77027,-3.30531,7.5,Autumn,0.0037,202,2
Arctic Tern,57.90541,-4.03983,7.5,Autumn,0.0045,167,1
Arctic Tern,57.90541,-3.79499,7.5,Autumn,0.0035,76,4
Arctic Tern,58.04054,-3.79499,7.5,Autumn,0.0076,34,3
Arctic Tern,58.17568,-6.97788,7.5,Autumn,0.0034,67,1
Arctic Tern,58.17568,-6.73304,7.5,Autumn,0.0071,14,1
Arctic Tern,58.17568,-6.24337,7.5,Autumn,0.0083,72,2
Arctic Tern,58.17568,-3.55015,7.5,Autumn,0.0069,13,3
Arctic Tern,58.31081,-6.73304,7.5,Autumn,0.0084,87,3
Arctic Tern,58.31081,-6.24337,7.5,Autumn,0.017,117,11
Arctic Tern,58.44595,-6.24337,7.5,Autumn,0.0051,109,2
Arctic Tern,58.44595,-3.06047,7.5,Autumn,0.0091,54,2
Arctic Tern,58.58108,-6.24337,7.5,Autumn,0.0067,58,4
Arctic Tern,58.58108,-4.77434,7.5,Autumn,0.0096,66,3
Arctic Tern,58.58108,-4.03983,7.5,Autumn,0.0104,21,1
Arctic Tern,58.58108,-3.55015,7.5,Autumn,0.0039,31,1
Arctic Tern,58.71622,-3.06047,7.5,Autumn,0.0153,35,2
Arctic Tern,58.85135,-3.06047,7.5,Autumn,0.007,54,1
Arctic Tern,58.85135,-2.81564,7.5,Autumn,0.0085,100,8
Arctic Tern,58.98649,-3.30531,7.5,Autumn,0.0051,157,2
Arctic Tern,58.98649,-3.06047,7.5,Autumn,0.0083,134,1
Arctic Tern,58.98649,-2.81564,7.5,Autumn,0.0109,98,4
Arctic Tern,59.12162,-3.30531,7.5,Autumn,0.0086,100,1
Arctic Tern,59.12162,-3.06047,7.5,Autumn,0.0127,80,2
Arctic Tern,59.39189,-2.32596,7.5,Autumn,0.0142,327,29
Arctic Tern,59.52703,-1.59145,7.5,Autumn,0.0055,323,2
Arctic Tern,59.93243,-1.34661,7.5,Autumn,0.0094,2628,38
Arctic Tern,59.93243,-1.10177,7.5,Autumn,0.0087,77,4
Arctic Tern,60.06757,-1.34661,7.5,Autumn,0.0149,907,10
Arctic Tern,60.06757,-1.10177,7.5,Autumn,0.003,253,4
Arctic Tern,60.2027,-1.34661,7.5,Autumn,0.0082,500,2
Arctic Tern,60.33784,-1.59145,7.5,Autumn,0.004,107,9
Arctic Tern,60.33784,-1.34661,7.5,Autumn,0.0078,397,2
Arctic Tern,60.33784,-1.10177,7.5,Autumn,0.006,219,1
Arctic Tern,60.47297,-1.34661,7.5,Autumn,0.0074,240,3
Arctic Tern,60.47297,-1.10177,7.5,Autumn,0.0047,149,2
Arctic Tern,60.47297,-0.85693,7.5,Autumn,0.0078,36,5
Arctic Tern,60.60811,-0.85693,7.5,Autumn,0.0048,32,1
Arctic Tern,60.74324,-0.85693,7.5,Autumn,0.0038,798,6
Arctic Tern,60.87838,-0.85693,7.5,Autumn,0.0046,125,4
Arctic Tern,54.93243,-3.55015,7.5,Spring,0.0024,256,1
Arctic Tern,54.93243,-3.06047,7.5,Spring,0.002,53,1
Arctic Tern,55.47297,-5.75369,7.5,Spring,0.0065,50,2
Arctic Tern,55.47297,-4.77434,7.5,Spring,0.0018,561,9
Arctic Tern,55.60811,-6.24337,7.5,Spring,0.0088,237,7
Arctic Tern,55.60811,-5.99853,7.5,Spring,0.0042,16,1
Arctic Tern,55.60811,-4.77434,7.5,Spring,0.0017,3607,9
Arctic Tern,55.74324,-6.48821,7.5,Spring,0.1159,81,14
Arctic Tern,55.74324,-6.24337,7.5,Spring,0.0041,131,2
Arctic Tern,55.87838,-5.99853,7.5,Spring,0.0082,48,1
Arctic Tern,55.87838,-5.50885,7.5,Spring,0.002,30,1
Arctic Tern,55.87838,-4.5295,7.5,Spring,0.0015,458,1
Arctic Tern,55.87838,-4.28466,7.5,Spring,0.0016,2168,4
Arctic Tern,55.87838,-3.06047,7.5,Spring,0.0015,2165,1
Arctic Tern,55.87838,-2.32596,7.5,Spring,0.0018,169,1
Arctic Tern,56.01351,-6.24337,7.5,Spring,0.0124,34,5
Arctic Tern,56.01351,-5.75369,7.5,Spring,0.0057,19,1
Arctic Tern,56.01351,-5.26402,7.5,Spring,0.002,45,1
Arctic Tern,56.01351,-4.77434,7.5,Spring,0.0031,189,1
Arctic Tern,56.01351,-3.30531,7.5,Spring,0.0018,2906,2
Arctic Tern,56.01351,-3.06047,7.5,Spring,0.0017,2432,7
Arctic Tern,56.01351,-2.81564,7.5,Spring,0.0022,928,7
Arctic Tern,56.01351,-2.5708,7.5,Spring,0.0062,754,4
Arctic Tern,56.14865,-6.24337,7.5,Spring,0.0121,11,1
Arctic Tern,56.14865,-5.50885,7.5,Spring,0.0027,78,1
Arctic Tern,56.14865,-3.06047,7.5,Spring,0.0018,422,4
Arctic Tern,56.14865,-2.81564,7.5,Spring,0.0023,399,23
Arctic Tern,56.14865,-2.5708,7.5,Spring,0.0051,243,59
Arctic Tern,56.28378,-6.48821,7.5,Spring,0.0345,342,31
Arctic Tern,56.28378,-2.81564,7.5,Spring,0.0028,1514,11
Arctic Tern,56.28378,-2.5708,7.5,Spring,0.025,559,26
Arctic Tern,56.41892,-6.97788,7.5,Spring,0.1347,28,10
Arctic Tern,56.41892,-6.24337,7.5,Spring,0.0163,177,7
Arctic Tern,56.41892,-5.75369,7.5,Spring,0.0174,385,17
Arctic Tern,56.41892,-5.50885,7.5,Spring,0.0094,396,15
Arctic Tern,56.41892,-2.81564,7.5,Spring,0.0049,655,2
Arctic Tern,56.55405,-6.97788,7.5,Spring,0.1642,33,8
Arctic Tern,56.55405,-6.73304,7.5,Spring,0.087,34,9
Arctic Tern,56.55405,-6.48821,7.5,Spring,0.1179,149,14
Arctic Tern,56.55405,-6.24337,7.5,Spring,0.0261,182,2
Arctic Tern,56.55405,-5.99853,7.5,Spring,0.0306,283,6
Arctic Tern,56.55405,-5.75369,7.5,Spring,0.0249,158,6
Arctic Tern,56.68919,-6.73304,7.5,Spring,0.0948,4,1
Arctic Tern,56.68919,-6.48821,7.5,Spring,0.0556,42,7
Arctic Tern,56.68919,-6.24337,7.5,Spring,0.04,84,5
Arctic Tern,56.68919,-5.99853,7.5,Spring,0.0276,205,4
Arctic Tern,56.68919,-5.75369,7.5,Spring,0.0305,96,3
Arctic Tern,56.68919,-5.50885,7.5,Spring,0.0094,74,2
Arctic Tern,56.68919,-5.26402,7.5,Spring,0.0074,113,1
Arctic Tern,56.68919,-5.01918,7.5,Spring,0.0047,215,1
Arctic Tern,56.68919,-2.5708,7.5,Spring,0.0201,253,4
Arctic Tern,56.82432,-6.24337,7.5,Spring,0.1401,25,6
Arctic Tern,56.82432,-5.99853,7.5,Spring,0.0603,17,2
Arctic Tern,56.82432,-5.75369,7.5,Spring,0.0238,83,3
Arctic Tern,56.95946,-7.46756,7.5,Spring,0.1032,82,12
Arctic Tern,56.95946,-6.73304,7.5,Spring,0.0675,2,2
Arctic Tern,56.95946,-6.24337,7.5,Spring,0.076,108,13
Arctic Tern,56.95946,-5.99853,7.5,Spring,0.0728,11,1
Arctic Tern,56.95946,-5.75369,7.5,Spring,0.0163,175,4
Arctic Tern,57.09459,-7.46756,7.5,Spring,0.0833,60,11
Arctic Tern,57.09459,-7.22272,7.5,Spring,0.2348,65,12
Arctic Tern,57.09459,-5.99853,7.5,Spring,0.0483,100,8
Arctic Tern,57.09459,-3.30531,7.5,Spring,0.002,78,1
Arctic Tern,57.09459,-2.08112,7.5,Spring,0.0073,1560,15
Arctic Tern,57.22973,-7.46756,7.5,Spring,0.3853,214,62
Arctic Tern,57.22973,-7.22272,7.5,Spring,0.2423,50,18
Arctic Tern,57.22973,-6.97788,7.5,Spring,0.089,1,1
Arctic Tern,57.22973,-6.24337,7.5,Spring,0.0191,115,6
Arctic Tern,57.22973,-5.99853,7.5,Spring,0.0341,315,1
Arctic Tern,57.22973,-5.75369,7.5,Spring,0.0191,159,1
Arctic Tern,57.22973,-3.79499,7.5,Spring,0.0014,2240,1
Arctic Tern,57.22973,-2.08112,7.5,Spring,0.0041,488,3
Arctic Tern,57.22973,-1.83628,7.5,Spring,0.0043,6,1
Arctic Tern,57.36486,-7.46756,7.5,Spring,0.0704,199,51
Arctic Tern,57.36486,-7.22272,7.5,Spring,0.2044,119,16
Arctic Tern,57.36486,-6.73304,7.5,Spring,0.0236,87,1
Arctic Tern,57.36486,-6.48821,7.5,Spring,0.0277,77,1
Arctic Tern,57.36486,-6.24337,7.5,Spring,0.0151,242,2
Arctic Tern,57.36486,-5.75369,7.5,Spring,0.0215,69,2
Arctic Tern,57.36486,-5.01918,7.5,Spring,0.002,15,1
Arctic Tern,57.36486,-2.08112,7.5,Spring,0.0056,274,61
Arctic Tern,57.36486,-1.83628,7.5,Spring,0.0155,69,1
Arctic Tern,57.5,-7.46756,7.5,Spring,0.081,266,117
Arctic Tern,57.5,-7.22272,7.5,Spring,0.2662,151,24
Arctic Tern,57.5,-6.73304,7.5,Spring,0.0232,445,6
Arctic Tern,57.5,-6.48821,7.5,Spring,0.0277,129,4
Arctic Tern,57.5,-5.99853,7.5,Spring,0.027,6,1
Arctic Tern,57.5,-5.75369,7.5,Spring,0.0092,47,3
Arctic Tern,57.5,-4.03983,7.5,Spring,0.0019,691,4
Arctic Tern,57.63514,-7.46756,7.5,Spring,0.0723,489,140
Arctic Tern,57.63514,-7.22272,7.5,Spring,0.3757,123,28
Arctic Tern,57.63514,-6.97788,7.5,Spring,0.1408,10,1
Arctic Tern,57.63514,-6.73304,7.5,Spring,0.0973,5,2
Arctic Tern,57.63514,-6.48821,7.5,Spring,0.0709,131,9
Arctic Tern,57.63514,-6.24337,7.5,Spring,0.0591,360,5
Arctic Tern,57.63514,-4.28466,7.5,Spring,0.0322,160,10
Arctic Tern,57.63514,-4.03983,7.5,Spring,0.0282,569,11
Arctic Tern,57.63514,-3.55015,7.5,Spring,0.0065,328,8
Arctic Tern,57.63514,-3.30531,7.5,Spring,0.0021,232,2
Arctic Tern,57.63514,-3.06047,7.5,Spring,0.0051,167,29
Arctic Tern,57.63514,-2.32596,7.5,Spring,0.013,147,2
Arctic Tern,57.63514,-2.08112,7.5,Spring,0.0104,51,3
Arctic Tern,57.63514,-1.83628,7.5,Spring,0.0225,232,12
Arctic Tern,57.77027,-8.69175,7.5,Spring,0.0172,65,1
Arctic Tern,57.77027,-7.95723,7.5,Spring,0.0713,1,1
Arctic Tern,57.77027,-7.22272,7.5,Spring,0.1999,66,35
Arctic Tern,57.77027,-6.97788,7.5,Spring,0.1421,68,14
Arctic Tern,57.77027,-5.75369,7.5,Spring,0.0267,131,9
Arctic Tern,57.77027,-3.55015,7.5,Spring,0.0054,157,6
Arctic Tern,57.77027,-3.30531,7.5,Spring,0.0066,165,13
Arctic Tern,57.90541,-6.97788,7.5,Spring,0.1516,91,15
Arctic Tern,57.90541,-6.73304,7.5,Spring,0.0459,58,3
Arctic Tern,57.90541,-6.24337,7.5,Spring,0.0148,31,1
Arctic Tern,57.90541,-5.75369,7.5,Spring,0.0167,31,3
Arctic Tern,57.90541,-5.50885,7.5,Spring,0.0225,117,13
Arctic Tern,57.90541,-4.03983,7.5,Spring,0.0083,326,2
Arctic Tern,57.90541,-3.79499,7.5,Spring,0.006,70,1
Arctic Tern,58.04054,-6.97788,7.5,Spring,0.1268,23,8
Arctic Tern,58.04054,-6.73304,7.5,Spring,0.0553,42,6
Arctic Tern,58.04054,-6.48821,7.5,Spring,0.026,31,1
Arctic Tern,58.04054,-5.75369,7.5,Spring,0.0047,13,1
Arctic Tern,58.04054,-3.79499,7.5,Spring,0.0464,75,7
Arctic Tern,58.17568,-6.97788,7.5,Spring,0.0494,41,7
Arctic Tern,58.17568,-6.73304,7.5,Spring,0.179,86,10
Arctic Tern,58.17568,-6.48821,7.5,Spring,0.0177,169,14
Arctic Tern,58.17568,-6.24337,7.5,Spring,0.1421,77,13
Arctic Tern,58.17568,-5.50885,7.5,Spring,0.0118,17,1
Arctic Tern,58.17568,-5.26402,7.5,Spring,0.0439,130,14
Arctic Tern,58.31081,-6.97788,7.5,Spring,0.0456,33,5
Arctic Tern,58.31081,-6.73304,7.5,Spring,0.2684,84,20
Arctic Tern,58.31081,-6.48821,7.5,Spring,0.019,58,9
Arctic Tern,58.31081,-6.24337,7.5,Spring,0.2948,135,21
Arctic Tern,58.31081,-5.26402,7.5,Spring,0.0293,43,6
Arctic Tern,58.31081,-5.01918,7.5,Spring,0.0096,43,3
Arctic Tern,58.44595,-6.24337,7.5,Spring,0.0887,106,24
Arctic Tern,58.44595,-5.26402,7.5,Spring,0.0194,89,45
Arctic Tern,58.44595,-5.01918,7.5,Spring,0.0317,31,1
Arctic Tern,58.44595,-3.06047,7.5,Spring,0.2138,87,7
Arctic Tern,58.58108,-6.24337,7.5,Spring,0.046,71,28
Arctic Tern,58.58108,-4.77434,7.5,Spring,0.1419,149,15
Arctic Tern,58.58108,-4.28466,7.5,Spring,0.0375,22,4
Arctic Tern,58.58108,-3.79499,7.5,Spring,0.2574,34,6
Arctic Tern,58.58108,-3.55015,7.5,Spring,0.0253,95,11
Arctic Tern,58.58108,-3.30531,7.5,Spring,0.029,100,27
Arctic Tern,58.58108,-3.06047,7.5,Spring,0.2511,142,13
Arctic Tern,58.71622,-3.30531,7.5,Spring,0.0537,86,2
Arctic Tern,58.71622,-3.06047,7.5,Spring,0.0831,32,4
Arctic Tern,58.85135,-3.55015,7.5,Spring,0.0261,6,1
Arctic Tern,58.85135,-3.30531,7.5,Spring,0.1052,97,13
Arctic Tern,58.85135,-3.06047,7.5,Spring,0.1186,66,13
Arctic Tern,58.85135,-2.81564,7.5,Spring,0.1534,115,31
Arctic Tern,58.98649,-3.30531,7.5,Spring,0.0941,299,78
Arctic Tern,58.98649,-3.06047,7.5,Spring,0.2782,323,29
Arctic Tern,58.98649,-2.81564,7.5,Spring,0.3215,106,13
Arctic Tern,59.12162,-3.30531,7.5,Spring,0.3506,228,37
Arctic Tern,59.12162,-3.06047,7.5,Spring,0.3538,182,19
Arctic Tern,59.12162,-2.81564,7.5,Spring,0.2038,15,5
Arctic Tern,59.12162,-2.5708,7.5,Spring,0.2573,7,1
Arctic Tern,59.25676,-3.06047,7.5,Spring,0.1934,27,10
Arctic Tern,59.25676,-2.81564,7.5,Spring,0.3385,23,4
Arctic Tern,59.25676,-2.5708,7.5,Spring,0.3188,8,5
Arctic Tern,59.39189,-3.06047,7.5,Spring,0.1439,21,3
Arctic Tern,59.39189,-2.81564,7.5,Spring,0.1061,24,10
Arctic Tern,59.39189,-2.32596,7.5,Spring,0.1638,344,144
Arctic Tern,59.39189,-1.59145,7.5,Spring,0.0116,3,1
Arctic Tern,59.52703,-1.59145,7.5,Spring,0.2958,456,88
Arctic Tern,59.7973,-1.34661,7.5,Spring,0.2421,175,28
Arctic Tern,59.93243,-1.34661,7.5,Spring,0.4044,1629,390
Arctic Tern,59.93243,-1.10177,7.5,Spring,0.213,131,35
Arctic Tern,60.06757,-2.08112,7.5,Spring,0.2702,22,6
Arctic Tern,60.06757,-1.34661,7.5,Spring,0.3825,437,59
Arctic Tern,60.06757,-1.10177,7.5,Spring,0.2444,123,27
Arctic Tern,60.2027,-1.59145,7.5,Spring,0.3943,49,12
Arctic Tern,60.2027,-1.34661,7.5,Spring,0.3369,134,18
Arctic Tern,60.2027,-1.10177,7.5,Spring,0.3197,488,112
Arctic Tern,60.33784,-1.59145,7.5,Spring,0.2738,34,11
Arctic Tern,60.33784,-1.34661,7.5,Spring,0.3664,70,10
Arctic Tern,60.33784,-1.10177,7.5,Spring,0.357,26,5
Arctic Tern,60.33784,-0.85693,7.5,Spring,0.2588,5,2
Arctic Tern,60.47297,-1.59145,7.5,Spring,0.3943,71,21
Arctic Tern,60.47297,-1.34661,7.5,Spring,0.3968,52,9
Arctic Tern,60.47297,-1.10177,7.5,Spring,0.3481,58,19
Arctic Tern,60.47297,-0.85693,7.5,Spring,0.1689,26,6
Arctic Tern,60.60811,-1.34661,7.5,Spring,0.3905,24,4
Arctic Tern,60.60811,-1.10177,7.5,Spring,0.3822,33,1
Arctic Tern,60.60811,-0.85693,7.5,Spring,0.3213,78,26
Arctic Tern,60.74324,-1.10177,7.5,Spring,0.3617,20,4
Arctic Tern,60.74324,-0.85693,7.5,Spring,0.3258,385,73
Arctic Tern,60.87838,-0.85693,7.5,Spring,0.1101,114,12
Arctic Tern,54.93243,-3.06047,7.5,Summer,0.0036,41,1
Arctic Tern,55.06757,-5.26402,7.5,Summer,0.0023,23,2
Arctic Tern,55.33784,-4.77434,7.5,Summer,0.0019,137,1
Arctic Tern,55.47297,-5.75369,7.5,Summer,0.0097,39,4
Arctic Tern,55.47297,-4.77434,7.5,Summer,0.0017,450,39
Arctic Tern,55.47297,-4.5295,7.5,Summer,0.0015,794,13
Arctic Tern,55.60811,-6.24337,7.5,Summer,0.0229,83,1
Arctic Tern,55.60811,-4.77434,7.5,Summer,0.0021,3125,94
Arctic Tern,55.74324,-6.48821,7.5,Summer,0.1398,38,9
Arctic Tern,55.74324,-6.24337,7.5,Summer,0.007,63,5
Arctic Tern,55.74324,-5.75369,7.5,Summer,0.0082,17,1
Arctic Tern,55.74324,-5.26402,7.5,Summer,0.0031,32,1
Arctic Tern,55.74324,-4.03983,7.5,Summer,0.0016,219,1
Arctic Tern,55.87838,-6.24337,7.5,Summer,0.0678,94,10
Arctic Tern,55.87838,-5.99853,7.5,Summer,0.0135,21,2
Arctic Tern,55.87838,-5.50885,7.5,Summer,0.0024,48,2
Arctic Tern,55.87838,-4.77434,7.5,Summer,0.0017,45,1
Arctic Tern,55.87838,-4.5295,7.5,Summer,0.0015,292,1
Arctic Tern,55.87838,-3.06047,7.5,Summer,0.0018,1626,13
Arctic Tern,55.87838,-2.08112,7.5,Summer,0.0254,295,14
Arctic Tern,56.01351,-6.24337,7.5,Summer,0.0263,22,1
Arctic Tern,56.01351,-5.99853,7.5,Summer,0.0405,3,1
Arctic Tern,56.01351,-4.77434,7.5,Summer,0.036,128,1
Arctic Tern,56.01351,-3.30531,7.5,Summer,0.0085,2181,58
Arctic Tern,56.01351,-3.06047,7.5,Summer,0.0057,2396,95
Arctic Tern,56.01351,-2.81564,7.5,Summer,0.0146,786,30
Arctic Tern,56.01351,-2.5708,7.5,Summer,0.1083,613,36
Arctic Tern,56.01351,-2.32596,7.5,Summer,0.009,130,4
Arctic Tern,56.14865,-3.30531,7.5,Summer,0.0016,405,1
Arctic Tern,56.14865,-3.06047,7.5,Summer,0.0104,158,7
Arctic Tern,56.14865,-2.81564,7.5,Summer,0.0129,174,13
Arctic Tern,56.14865,-2.5708,7.5,Summer,0.0091,245,115
Arctic Tern,56.28378,-6.48821,7.5,Summer,0.043,238,14
Arctic Tern,56.28378,-6.24337,7.5,Summer,0.053,89,1
Arctic Tern,56.28378,-5.75369,7.5,Summer,0.0092,34,2
Arctic Tern,56.28378,-2.81564,7.5,Summer,0.0049,1122,21
Arctic Tern,56.28378,-2.5708,7.5,Summer,0.1312,524,131
Arctic Tern,56.28378,-1.34661,7.5,Summer,0.0259,3,1
Arctic Tern,56.41892,-6.97788,7.5,Summer,0.1051,37,18
Arctic Tern,56.41892,-6.48821,7.5,Summer,0.0261,1,1
Arctic Tern,56.41892,-6.24337,7.5,Summer,0.029,224,24
Arctic Tern,56.41892,-5.99853,7.5,Summer,0.0184,294,6
Arctic Tern,56.41892,-5.75369,7.5,Summer,0.0892,361,65
Arctic Tern,56.41892,-5.50885,7.5,Summer,0.0513,433,31
Arctic Tern,56.41892,-5.26402,7.5,Summer,0.0069,25,6
Arctic Tern,56.41892,-2.81564,7.5,Summer,0.0937,590,38
Arctic Tern,56.55405,-6.97788,7.5,Summer,0.1374,19,6
Arctic Tern,56.55405,-6.73304,7.5,Summer,0.0978,37,11
Arctic Tern,56.55405,-6.48821,7.5,Summer,0.1547,134,25
Arctic Tern,56.55405,-6.24337,7.5,Summer,0.0492,192,5
Arctic Tern,56.55405,-5.99853,7.5,Summer,0.0567,274,8
Arctic Tern,56.55405,-5.75369,7.5,Summer,0.0804,81,6
Arctic Tern,56.55405,-2.81564,7.5,Summer,0.0037,30,2
Arctic Tern,56.55405,-2.5708,7.5,Summer,0.0665,98,4
Arctic Tern,56.68919,-6.48821,7.5,Summer,0.1142,30,12
Arctic Tern,56.68919,-6.24337,7.5,Summer,0.0875,70,1
Arctic Tern,56.68919,-5.99853,7.5,Summer,0.0828,168,7
Arctic Tern,56.68919,-5.75369,7.5,Summer,0.0846,30,1
Arctic Tern,56.68919,-5.50885,7.5,Summer,0.0158,44,1
Arctic Tern,56.68919,-5.26402,7.5,Summer,0.0185,139,4
Arctic Tern,56.68919,-2.5708,7.5,Summer,0.0738,238,34
Arctic Tern,56.68919,-2.32596,7.5,Summer,0.0409,30,15
Arctic Tern,56.82432,-7.7124,7.5,Summer,0.0548,5,2
Arctic Tern,56.82432,-6.24337,7.5,Summer,0.1821,21,4
Arctic Tern,56.82432,-5.99853,7.5,Summer,0.089,11,1
Arctic Tern,56.82432,-5.75369,7.5,Summer,0.0437,93,10
Arctic Tern,56.82432,-2.32596,7.5,Summer,0.0656,71,5
Arctic Tern,56.95946,-7.46756,7.5,Summer,0.131,118,11
Arctic Tern,56.95946,-6.24337,7.5,Summer,0.1106,43,9
Arctic Tern,56.95946,-5.99853,7.5,Summer,0.1018,9,3
Arctic Tern,56.95946,-5.75369,7.5,Summer,0.0282,122,7
Arctic Tern,56.95946,-2.08112,7.5,Summer,0.026,272,6
Arctic Tern,57.09459,-7.46756,7.5,Summer,0.0761,86,15
Arctic Tern,57.09459,-7.22272,7.5,Summer,0.1733,41,4
Arctic Tern,57.09459,-6.48821,7.5,Summer,0.0533,39,5
Arctic Tern,57.09459,-6.24337,7.5,Summer,0.0399,7,1
Arctic Tern,57.09459,-5.99853,7.5,Summer,0.094,105,4
Arctic Tern,57.09459,-5.75369,7.5,Summer,0.066,94,3
Arctic Tern,57.09459,-2.08112,7.5,Summer,0.0895,1194,155
Arctic Tern,57.22973,-7.46756,7.5,Summer,0.3205,112,30
Arctic Tern,57.22973,-7.22272,7.5,Summer,0.1903,26,9
Arctic Tern,57.22973,-6.24337,7.5,Summer,0.0248,148,1
Arctic Tern,57.22973,-5.99853,7.5,Summer,0.0664,364,23
Arctic Tern,57.22973,-5.75369,7.5,Summer,0.0277,148,4
Arctic Tern,57.22973,-2.08112,7.5,Summer,0.0294,267,12
Arctic Tern,57.22973,-1.83628,7.5,Summer,0.0041,5,3
Arctic Tern,57.36486,-7.46756,7.5,Summer,0.0867,123,19
Arctic Tern,57.36486,-7.22272,7.5,Summer,0.1791,80,18
Arctic Tern,57.36486,-6.24337,7.5,Summer,0.0181,292,4
Arctic Tern,57.36486,-5.99853,7.5,Summer,0.0623,33,4
Arctic Tern,57.36486,-5.75369,7.5,Summer,0.0393,65,1
Arctic Tern,57.36486,-3.79499,7.5,Summer,0.0014,308,1
Arctic Tern,57.36486,-2.08112,7.5,Summer,0.0131,330,150
Arctic Tern,57.36486,-1.83628,7.5,Summer,0.0234,74,4
Arctic Tern,57.5,-7.46756,7.5,Summer,0.0763,165,39
Arctic Tern,57.5,-7.22272,7.5,Summer,0.1797,111,12
Arctic Tern,57.5,-6.73304,7.5,Summer,0.0291,402,6
Arctic Tern,57.5,-6.48821,7.5,Summer,0.0375,157,9
Arctic Tern,57.5,-6.24337,7.5,Summer,0.0154,189,1
Arctic Tern,57.5,-5.75369,7.5,Summer,0.0112,62,1
Arctic Tern,57.5,-4.28466,7.5,Summer,0.004,814,10
Arctic Tern,57.5,-4.03983,7.5,Summer,0.0026,626,4
Arctic Tern,57.5,-1.83628,7.5,Summer,0.02,107,1
Arctic Tern,57.63514,-7.46756,7.5,Summer,0.0878,350,85
Arctic Tern,57.63514,-7.22272,7.5,Summer,0.3736,116,35
Arctic Tern,57.63514,-6.97788,7.5,Summer,0.1717,9,6
Arctic Tern,57.63514,-6.73304,7.5,Summer,0.158,13,6
Arctic Tern,57.63514,-6.48821,7.5,Summer,0.1446,167,5
Arctic Tern,57.63514,-6.24337,7.5,Summer,0.1263,443,17
Arctic Tern,57.63514,-5.75369,7.5,Summer,0.1158,46,3
Arctic Tern,57.63514,-4.28466,7.5,Summer,0.1191,189,24
Arctic Tern,57.63514,-4.03983,7.5,Summer,0.1224,742,99
Arctic Tern,57.63514,-3.79499,7.5,Summer,0.0068,187,1
Arctic Tern,57.63514,-3.55015,7.5,Summer,0.0152,190,2
Arctic Tern,57.63514,-3.06047,7.5,Summer,0.0106,170,29
Arctic Tern,57.63514,-2.08112,7.5,Summer,0.0178,34,1
Arctic Tern,57.63514,-1.83628,7.5,Summer,0.0251,145,7
Arctic Tern,57.77027,-8.69175,7.5,Summer,0.0302,36,2
Arctic Tern,57.77027,-8.44691,7.5,Summer,0.0457,18,1
Arctic Tern,57.77027,-7.22272,7.5,Summer,0.2333,64,28
Arctic Tern,57.77027,-6.97788,7.5,Summer,0.2055,108,29
Arctic Tern,57.77027,-6.73304,7.5,Summer,0.1389,13,1
Arctic Tern,57.77027,-6.48821,7.5,Summer,0.0177,5,2
Arctic Tern,57.77027,-5.75369,7.5,Summer,0.0564,159,24
Arctic Tern,57.77027,-5.50885,7.5,Summer,0.0172,82,7
Arctic Tern,57.77027,-4.03983,7.5,Summer,0.0105,134,1
Arctic Tern,57.77027,-3.79499,7.5,Summer,0.0068,180,3
Arctic Tern,57.77027,-3.55015,7.5,Summer,0.0068,104,3
Arctic Tern,57.77027,-3.30531,7.5,Summer,0.0117,140,20
Arctic Tern,57.90541,-6.97788,7.5,Summer,0.1929,77,19
Arctic Tern,57.90541,-6.73304,7.5,Summer,0.1222,63,6
Arctic Tern,57.90541,-6.48821,7.5,Summer,0.0725,1,1
Arctic Tern,57.90541,-6.24337,7.5,Summer,0.0094,17,3
Arctic Tern,57.90541,-5.75369,7.5,Summer,0.0353,41,8
Arctic Tern,57.90541,-5.50885,7.5,Summer,0.0376,122,16
Arctic Tern,57.90541,-4.03983,7.5,Summer,0.0173,246,8
Arctic Tern,57.90541,-3.79499,7.5,Summer,0.0113,52,6
Arctic Tern,58.04054,-6.97788,7.5,Summer,0.1709,28,2
Arctic Tern,58.04054,-6.73304,7.5,Summer,0.1177,36,4
Arctic Tern,58.04054,-6.48821,7.5,Summer,0.0643,51,2
Arctic Tern,58.04054,-5.50885,7.5,Summer,0.0255,7,1
Arctic Tern,58.04054,-5.26402,7.5,Summer,0.0214,31,2
Arctic Tern,58.04054,-3.79499,7.5,Summer,0.0993,81,14
Arctic Tern,58.17568,-6.97788,7.5,Summer,0.0914,82,22
Arctic Tern,58.17568,-6.73304,7.5,Summer,0.2926,84,19
Arctic Tern,58.17568,-6.48821,7.5,Summer,0.0316,142,20
Arctic Tern,58.17568,-6.24337,7.5,Summer,0.2946,101,28
Arctic Tern,58.17568,-5.26402,7.5,Summer,0.0835,123,11
Arctic Tern,58.17568,-3.55015,7.5,Summer,0.0418,44,1
Arctic Tern,58.31081,-6.97788,7.5,Summer,0.0367,11,2
Arctic Tern,58.31081,-6.73304,7.5,Summer,0.2858,126,26
Arctic Tern,58.31081,-6.48821,7.5,Summer,0.0247,64,7
Arctic Tern,58.31081,-6.24337,7.5,Summer,0.34,163,37
Arctic Tern,58.31081,-5.26402,7.5,Summer,0.0257,70,8
Arctic Tern,58.31081,-5.01918,7.5,Summer,0.0078,40,3
Arctic Tern,58.44595,-6.48821,7.5,Summer,0.0669,19,2
Arctic Tern,58.44595,-6.24337,7.5,Summer,0.1926,130,44
Arctic Tern,58.44595,-5.26402,7.5,Summer,0.0158,94,44
Arctic Tern,58.44595,-5.01918,7.5,Summer,0.0197,54,1
Arctic Tern,58.44595,-4.5295,7.5,Summer,0.0724,33,1
Arctic Tern,58.44595,-3.06047,7.5,Summer,0.3071,74,16
Arctic Tern,58.58108,-6.24337,7.5,Summer,0.046,87,24
Arctic Tern,58.58108,-4.77434,7.5,Summer,0.2767,110,16
Arctic Tern,58.58108,-4.5295,7.5,Summer,0.2988,26,7
Arctic Tern,58.58108,-4.28466,7.5,Summer,0.0502,31,5
Arctic Tern,58.58108,-4.03983,7.5,Summer,0.3245,37,7
Arctic Tern,58.58108,-3.79499,7.5,Summer,0.3253,34,15
Arctic Tern,58.58108,-3.55015,7.5,Summer,0.042,117,34
Arctic Tern,58.58108,-3.30531,7.5,Summer,0.0433,172,66
Arctic Tern,58.58108,-3.06047,7.5,Summer,0.2986,174,20
Arctic Tern,58.71622,-3.30531,7.5,Summer,0.0523,103,6
Arctic Tern,58.71622,-3.06047,7.5,Summer,0.1123,37,9
Arctic Tern,58.85135,-3.55015,7.5,Summer,0.0294,10,1
Arctic Tern,58.85135,-3.30531,7.5,Summer,0.1774,113,9
Arctic Tern,58.85135,-3.06047,7.5,Summer,0.2135,70,33
Arctic Tern,58.85135,-2.81564,7.5,Summer,0.279,183,64
Arctic Tern,58.85135,-2.5708,7.5,Summer,0.0091,5,1
Arctic Tern,58.98649,-3.55015,7.5,Summer,0.009,1,1
Arctic Tern,58.98649,-3.30531,7.5,Summer,0.1594,530,178
Arctic Tern,58.98649,-3.06047,7.5,Summer,0.3521,416,73
Arctic Tern,58.98649,-2.81564,7.5,Summer,0.3773,119,29
Arctic Tern,59.12162,-4.5295,7.5,Summer,0.0182,1,1
Arctic Tern,59.12162,-3.30531,7.5,Summer,0.4093,447,97
Arctic Tern,59.12162,-3.06047,7.5,Summer,0.4128,316,36
Arctic Tern,59.12162,-2.81564,7.5,Summer,0.2769,13,3
Arctic Tern,59.12162,-2.5708,7.5,Summer,0.293,12,1
Arctic Tern,59.25676,-3.06047,7.5,Summer,0.2697,56,15
Arctic Tern,59.25676,-2.81564,7.5,Summer,0.4092,63,12
Arctic Tern,59.25676,-2.5708,7.5,Summer,0.4317,15,12
Arctic Tern,59.25676,-2.32596,7.5,Summer,0.2882,5,4
Arctic Tern,59.39189,-3.06047,7.5,Summer,0.1827,41,8
Arctic Tern,59.39189,-2.81564,7.5,Summer,0.1581,16,11
Arctic Tern,59.39189,-2.32596,7.5,Summer,0.2376,184,135
Arctic Tern,59.52703,-1.59145,7.5,Summer,0.4964,354,254
Arctic Tern,59.7973,-1.34661,7.5,Summer,0.3877,226,99
Arctic Tern,59.93243,-1.34661,7.5,Summer,0.5112,1489,906
Arctic Tern,59.93243,-1.10177,7.5,Summer,0.381,126,87
Arctic Tern,60.06757,-2.08112,7.5,Summer,0.3578,17,8
Arctic Tern,60.06757,-1.34661,7.5,Summer,0.5064,208,112
Arctic Tern,60.06757,-1.10177,7.5,Summer,0.4036,75,37
Arctic Tern,60.06757,-0.85693,7.5,Summer,0.0518,2,1
Arctic Tern,60.2027,-3.79499,7.5,Summer,0.0309,6,1
Arctic Tern,60.2027,-2.08112,7.5,Summer,0.3594,4,2
Arctic Tern,60.2027,-1.59145,7.5,Summer,0.4947,33,14
Arctic Tern,60.2027,-1.34661,7.5,Summer,0.5036,126,44
Arctic Tern,60.2027,-1.10177,7.5,Summer,0.4089,394,233
Arctic Tern,60.33784,-1.59145,7.5,Summer,0.3313,54,31
Arctic Tern,60.33784,-1.34661,7.5,Summer,0.4991,85,46
Arctic Tern,60.33784,-1.10177,7.5,Summer,0.5016,45,24
Arctic Tern,60.33784,-0.85693,7.5,Summer,0.4281,1,1
Arctic Tern,60.47297,-1.59145,7.5,Summer,0.5046,123,63
Arctic Tern,60.47297,-1.34661,7.5,Summer,0.4939,54,19
Arctic Tern,60.47297,-1.10177,7.5,Summer,0.4749,77,47
Arctic Tern,60.47297,-0.85693,7.5,Summer,0.283,10,8
Arctic Tern,60.60811,-1.34661,7.5,Summer,0.4939,30,11
Arctic Tern,60.60811,-1.10177,7.5,Summer,0.5047,58,23
Arctic Tern,60.60811,-0.85693,7.5,Summer,0.4573,218,120
Arctic Tern,60.74324,-1.10177,7.5,Summer,0.4942,31,9
Arctic Tern,60.74324,-0.85693,7.5,Summer,0.4641,401,203
Arctic Tern,60.87838,-1.83628,7.5,Summer,0.0244,1,1
Arctic Tern,60.87838,-0.85693,7.5,Summer,0.2308,127,34
Atlantic Puffin,54.7973,-5.01918,7.5,Autumn,0.0014,38,1
Atlantic Puffin,55.60811,-4.77434,7.5,Autumn,0.001,3758,16
Atlantic Puffin,55.87838,-3.06047,7.5,Autumn,0.0009,1429,1
Atlantic Puffin,55.87838,-2.32596,7.5,Autumn,0.0023,105,2
Atlantic Puffin,55.87838,-2.08112,7.5,Autumn,0.0095,169,10
Atlantic Puffin,56.01351,-3.30531,7.5,Autumn,0.0013,1675,1
Atlantic Puffin,56.01351,-3.06047,7.5,Autumn,0.0013,1856,3
Atlantic Puffin,56.01351,-2.81564,7.5,Autumn,0.0015,652,4
Atlantic Puffin,56.01351,-2.5708,7.5,Autumn,0.0022,447,5
Atlantic Puffin,56.01351,-2.32596,7.5,Autumn,0.0038,379,8
Atlantic Puffin,56.14865,-2.81564,7.5,Autumn,0.0015,81,2
Atlantic Puffin,56.14865,-2.5708,7.5,Autumn,0.0056,22,3
Atlantic Puffin,56.28378,-2.81564,7.5,Autumn,0.001,885,2
Atlantic Puffin,56.28378,-2.5708,7.5,Autumn,0.0071,604,84
Atlantic Puffin,56.41892,-2.81564,7.5,Autumn,0.0014,548,3
Atlantic Puffin,56.41892,-2.32596,7.5,Autumn,0.0041,2,2
Atlantic Puffin,56.41892,-1.83628,7.5,Autumn,0.0206,1,1
Atlantic Puffin,56.68919,-6.48821,7.5,Autumn,0.0068,4,1
Atlantic Puffin,56.68919,-2.5708,7.5,Autumn,0.0037,265,3
Atlantic Puffin,56.68919,-2.32596,7.5,Autumn,0.0071,26,2
Atlantic Puffin,56.95946,-2.08112,7.5,Autumn,0.0027,92,3
Atlantic Puffin,57.09459,-2.08112,7.5,Autumn,0.0033,1071,15
Atlantic Puffin,57.22973,-7.46756,7.5,Autumn,0.002,56,1
Atlantic Puffin,57.22973,-2.08112,7.5,Autumn,0.0018,282,2
Atlantic Puffin,57.36486,-6.73304,7.5,Autumn,0.0025,40,1
Atlantic Puffin,57.5,-6.73304,7.5,Autumn,0.0021,244,1
Atlantic Puffin,57.5,-4.03983,7.5,Autumn,0.0009,423,2
Atlantic Puffin,57.5,-1.34661,7.5,Autumn,0.0101,2,2
Atlantic Puffin,57.63514,-4.03983,7.5,Autumn,0.0012,581,1
Atlantic Puffin,57.63514,-3.79499,7.5,Autumn,0.0011,202,2
Atlantic Puffin,57.63514,-2.5708,7.5,Autumn,0.0025,29,1
Atlantic Puffin,57.63514,-2.08112,7.5,Autumn,0.0059,39,1
Atlantic Puffin,57.63514,-1.83628,7.5,Autumn,0.0054,165,1
Atlantic Puffin,57.77027,-8.69175,7.5,Autumn,0.0178,2,1
Atlantic Puffin,57.77027,-6.97788,7.5,Autumn,0.0034,28,1
Atlantic Puffin,57.77027,-3.55015,7.5,Autumn,0.0012,162,3
Atlantic Puffin,57.90541,-4.03983,7.5,Autumn,0.0014,167,2
Atlantic Puffin,58.04054,-3.79499,7.5,Autumn,0.002,34,1
Atlantic Puffin,58.04054,-2.08112,7.5,Autumn,0.0288,1,1
Atlantic Puffin,58.17568,-6.97788,7.5,Autumn,0.0021,67,1
Atlantic Puffin,58.17568,-3.55015,7.5,Autumn,0.0032,13,1
Atlantic Puffin,58.31081,-6.73304,7.5,Autumn,0.002,87,1
Atlantic Puffin,58.31081,-6.24337,7.5,Autumn,0.0014,117,1
Atlantic Puffin,58.44595,-3.06047,7.5,Autumn,0.0028,54,2
Atlantic Puffin,58.58108,-6.24337,7.5,Autumn,0.0032,58,3
Atlantic Puffin,58.58108,-4.03983,7.5,Autumn,0.0023,21,2
Atlantic Puffin,58.58108,-3.06047,7.5,Autumn,0.0027,95,3
Atlantic Puffin,58.71622,-3.30531,7.5,Autumn,0.0035,18,1
Atlantic Puffin,58.85135,-3.79499,7.5,Autumn,0.0033,1,1
Atlantic Puffin,58.85135,-3.06047,7.5,Autumn,0.0018,54,2
Atlantic Puffin,59.39189,-2.32596,7.5,Autumn,0.0231,327,18
Atlantic Puffin,59.52703,-1.59145,7.5,Autumn,0.0046,323,8
Atlantic Puffin,59.7973,-2.81564,7.5,Autumn,0.021,1,1
Atlantic Puffin,59.7973,-1.34661,7.5,Autumn,0.0043,168,3
Atlantic Puffin,59.93243,-1.34661,7.5,Autumn,0.0009,2628,2
Atlantic Puffin,60.33784,-0.85693,7.5,Autumn,0.0013,31,1
Atlantic Puffin,60.47297,-1.59145,7.5,Autumn,0.0017,176,1
Atlantic Puffin,60.47297,-0.85693,7.5,Autumn,0.0022,36,1
Atlantic Puffin,60.87838,-0.85693,7.5,Autumn,0.002,125,5
Atlantic Puffin,54.66216,-4.77434,7.5,Spring,0.003,75,9
Atlantic Puffin,54.93243,-5.26402,7.5,Spring,0.0129,4,2
Atlantic Puffin,55.06757,-5.26402,7.5,Spring,0.0173,20,2
Atlantic Puffin,55.2027,-5.01918,7.5,Spring,0.0044,21,4
Atlantic Puffin,55.33784,-4.77434,7.5,Spring,0.0031,92,1
Atlantic Puffin,55.47297,-5.01918,7.5,Spring,0.0023,71,3
Atlantic Puffin,55.47297,-4.77434,7.5,Spring,0.0025,561,1
Atlantic Puffin,55.60811,-4.77434,7.5,Spring,0.0017,3607,34
Atlantic Puffin,55.74324,-5.26402,7.5,Spring,0.0016,38,1
Atlantic Puffin,55.74324,-4.77434,7.5,Spring,0.0013,124,1
Atlantic Puffin,55.87838,-3.06047,7.5,Spring,0.0009,2165,3
Atlantic Puffin,55.87838,-2.32596,7.5,Spring,0.0022,169,6
Atlantic Puffin,55.87838,-2.08112,7.5,Spring,0.0648,288,15
Atlantic Puffin,56.01351,-3.30531,7.5,Spring,0.0044,2906,16
Atlantic Puffin,56.01351,-3.06047,7.5,Spring,0.002,2432,28
Atlantic Puffin,56.01351,-2.81564,7.5,Spring,0.0036,928,67
Atlantic Puffin,56.01351,-2.5708,7.5,Spring,0.0035,754,42
Atlantic Puffin,56.01351,-2.32596,7.5,Spring,0.0054,300,13
Atlantic Puffin,56.14865,-6.24337,7.5,Spring,0.0252,11,1
Atlantic Puffin,56.14865,-5.50885,7.5,Spring,0.0035,78,1
Atlantic Puffin,56.14865,-3.06047,7.5,Spring,0.0029,422,4
Atlantic Puffin,56.14865,-2.81564,7.5,Spring,0.0026,399,9
Atlantic Puffin,56.14865,-2.5708,7.5,Spring,0.216,243,230
Atlantic Puffin,56.28378,-6.48821,7.5,Spring,0.2398,342,8
Atlantic Puffin,56.28378,-6.24337,7.5,Spring,0.0055,133,1
Atlantic Puffin,56.28378,-2.81564,7.5,Spring,0.0011,1514,1
Atlantic Puffin,56.28378,-2.5708,7.5,Spring,0.4262,559,122
Atlantic Puffin,56.41892,-7.7124,7.5,Spring,0.181,1,1
Atlantic Puffin,56.41892,-6.48821,7.5,Spring,0.3271,4,2
Atlantic Puffin,56.41892,-6.24337,7.5,Spring,0.0115,177,87
Atlantic Puffin,56.41892,-5.99853,7.5,Spring,0.0046,401,1
Atlantic Puffin,56.41892,-5.75369,7.5,Spring,0.0027,385,1
Atlantic Puffin,56.41892,-5.50885,7.5,Spring,0.0017,396,2
Atlantic Puffin,56.55405,-6.97788,7.5,Spring,0.0756,33,1
Atlantic Puffin,56.55405,-6.73304,7.5,Spring,0.0212,34,2
Atlantic Puffin,56.55405,-6.48821,7.5,Spring,0.3493,149,130
Atlantic Puffin,56.55405,-6.24337,7.5,Spring,0.0139,182,4
Atlantic Puffin,56.55405,-5.99853,7.5,Spring,0.0051,283,2
Atlantic Puffin,56.55405,-5.26402,7.5,Spring,0.0026,50,1
Atlantic Puffin,56.55405,-2.5708,7.5,Spring,0.0818,109,6
Atlantic Puffin,56.68919,-6.48821,7.5,Spring,0.0516,42,3
Atlantic Puffin,56.68919,-6.24337,7.5,Spring,0.0164,84,8
Atlantic Puffin,56.68919,-5.99853,7.5,Spring,0.0039,205,1
Atlantic Puffin,56.68919,-5.26402,7.5,Spring,0.0021,113,1
Atlantic Puffin,56.82432,-7.7124,7.5,Spring,0.316,11,10
Atlantic Puffin,56.82432,-7.46756,7.5,Spring,0.1773,5,3
Atlantic Puffin,56.82432,-6.24337,7.5,Spring,0.0661,25,4
Atlantic Puffin,56.82432,-5.99853,7.5,Spring,0.0333,17,2
Atlantic Puffin,56.82432,-2.32596,7.5,Spring,0.0571,78,1
Atlantic Puffin,56.95946,-7.46756,7.5,Spring,0.0054,82,2
Atlantic Puffin,56.95946,-6.73304,7.5,Spring,0.2257,2,1
Atlantic Puffin,56.95946,-6.24337,7.5,Spring,0.0171,108,4
Atlantic Puffin,56.95946,-5.99853,7.5,Spring,0.0584,11,1
Atlantic Puffin,56.95946,-2.32596,7.5,Spring,0.0297,74,1
Atlantic Puffin,56.95946,-2.08112,7.5,Spring,0.01,269,58
Atlantic Puffin,57.09459,-7.22272,7.5,Spring,0.0053,65,1
Atlantic Puffin,57.09459,-6.48821,7.5,Spring,0.0671,30,11
Atlantic Puffin,57.09459,-5.75369,7.5,Spring,0.0039,50,1
Atlantic Puffin,57.09459,-2.08112,7.5,Spring,0.0211,1560,45
Atlantic Puffin,57.22973,-6.97788,7.5,Spring,0.185,1,1
Atlantic Puffin,57.22973,-6.48821,7.5,Spring,0.0766,23,1
Atlantic Puffin,57.22973,-5.75369,7.5,Spring,0.0107,159,1
Atlantic Puffin,57.22973,-2.08112,7.5,Spring,0.0166,488,1
Atlantic Puffin,57.22973,-1.83628,7.5,Spring,0.0077,6,2
Atlantic Puffin,57.36486,-6.97788,7.5,Spring,0.1611,1,1
Atlantic Puffin,57.36486,-6.73304,7.5,Spring,0.0078,87,7
Atlantic Puffin,57.36486,-6.24337,7.5,Spring,0.0073,242,2
Atlantic Puffin,57.36486,-1.83628,7.5,Spring,0.2039,69,3
Atlantic Puffin,57.5,-7.22272,7.5,Spring,0.0038,151,1
Atlantic Puffin,57.5,-6.73304,7.5,Spring,0.0071,445,7
Atlantic Puffin,57.5,-4.28466,7.5,Spring,0.0011,915,1
Atlantic Puffin,57.5,-4.03983,7.5,Spring,0.001,691,1
Atlantic Puffin,57.5,-1.83628,7.5,Spring,0.0597,128,61
Atlantic Puffin,57.5,-1.59145,7.5,Spring,0.0598,4,1
Atlantic Puffin,57.63514,-7.22272,7.5,Spring,0.0048,123,4
Atlantic Puffin,57.63514,-6.97788,7.5,Spring,0.1247,10,2
Atlantic Puffin,57.63514,-6.73304,7.5,Spring,0.2021,5,5
Atlantic Puffin,57.63514,-6.48821,7.5,Spring,0.2302,131,5
Atlantic Puffin,57.63514,-6.24337,7.5,Spring,0.0075,360,4
Atlantic Puffin,57.63514,-3.79499,7.5,Spring,0.0025,223,2
Atlantic Puffin,57.63514,-2.5708,7.5,Spring,0.0566,131,4
Atlantic Puffin,57.63514,-2.32596,7.5,Spring,0.0675,147,31
Atlantic Puffin,57.63514,-2.08112,7.5,Spring,0.0717,51,1
Atlantic Puffin,57.63514,-1.83628,7.5,Spring,0.0857,232,4
Atlantic Puffin,57.63514,-1.10177,7.5,Spring,0.078,1,1
Atlantic Puffin,57.77027,-8.69175,7.5,Spring,0.3807,65,36
Atlantic Puffin,57.77027,-8.44691,7.5,Spring,0.3124,23,15
Atlantic Puffin,57.77027,-7.95723,7.5,Spring,0.1964,1,1
Atlantic Puffin,57.77027,-7.22272,7.5,Spring,0.0866,66,1
Atlantic Puffin,57.77027,-6.97788,7.5,Spring,0.0326,68,1
Atlantic Puffin,57.77027,-6.73304,7.5,Spring,0.2266,10,5
Atlantic Puffin,57.77027,-3.55015,7.5,Spring,0.002,157,1
Atlantic Puffin,57.90541,-8.44691,7.5,Spring,0.2309,3,2
Atlantic Puffin,57.90541,-6.73304,7.5,Spring,0.0133,58,2
Atlantic Puffin,57.90541,-6.48821,7.5,Spring,0.1365,1,1
Atlantic Puffin,57.90541,-6.24337,7.5,Spring,0.1223,31,23
Atlantic Puffin,57.90541,-5.99853,7.5,Spring,0.08,1,1
Atlantic Puffin,57.90541,-5.75369,7.5,Spring,0.0275,31,3
Atlantic Puffin,57.90541,-5.50885,7.5,Spring,0.015,117,2
Atlantic Puffin,57.90541,-5.26402,7.5,Spring,0.0119,130,2
Atlantic Puffin,57.90541,-4.03983,7.5,Spring,0.0055,326,1
Atlantic Puffin,57.90541,-3.79499,7.5,Spring,0.0084,70,4
Atlantic Puffin,58.04054,-6.48821,7.5,Spring,0.0098,31,1
Atlantic Puffin,58.04054,-6.24337,7.5,Spring,0.0184,3,1
Atlantic Puffin,58.04054,-5.75369,7.5,Spring,0.0672,13,9
Atlantic Puffin,58.17568,-6.97788,7.5,Spring,0.0232,41,2
Atlantic Puffin,58.17568,-6.48821,7.5,Spring,0.0144,169,4
Atlantic Puffin,58.17568,-6.24337,7.5,Spring,0.0237,77,9
Atlantic Puffin,58.17568,-5.50885,7.5,Spring,0.0492,17,1
Atlantic Puffin,58.17568,-3.55015,7.5,Spring,0.0267,19,2
Atlantic Puffin,58.17568,-1.83628,7.5,Spring,0.1263,1,1
Atlantic Puffin,58.31081,-6.73304,7.5,Spring,0.0093,84,3
Atlantic Puffin,58.31081,-6.24337,7.5,Spring,0.0081,135,4
Atlantic Puffin,58.31081,-5.26402,7.5,Spring,0.0238,43,3
Atlantic Puffin,58.31081,-3.06047,7.5,Spring,0.0121,18,2
Atlantic Puffin,58.31081,-2.08112,7.5,Spring,0.041,5,3
Atlantic Puffin,58.31081,-1.83628,7.5,Spring,0.1045,1,1
Atlantic Puffin,58.44595,-5.26402,7.5,Spring,0.0327,89,62
Atlantic Puffin,58.44595,-3.06047,7.5,Spring,0.0359,87,7
Atlantic Puffin,58.44595,-2.32596,7.5,Spring,0.0269,4,2
Atlantic Puffin,58.58108,-6.24337,7.5,Spring,0.0577,71,1
Atlantic Puffin,58.58108,-4.77434,7.5,Spring,0.0338,149,5
Atlantic Puffin,58.58108,-4.03983,7.5,Spring,0.0683,19,9
Atlantic Puffin,58.58108,-3.79499,7.5,Spring,0.0697,34,8
Atlantic Puffin,58.58108,-3.55015,7.5,Spring,0.0165,95,2
Atlantic Puffin,58.58108,-3.30531,7.5,Spring,0.0237,100,1
Atlantic Puffin,58.58108,-3.06047,7.5,Spring,0.0603,142,22
Atlantic Puffin,58.58108,-2.32596,7.5,Spring,0.0284,3,1
Atlantic Puffin,58.71622,-3.55015,7.5,Spring,0.0396,6,5
Atlantic Puffin,58.71622,-3.30531,7.5,Spring,0.0199,86,42
Atlantic Puffin,58.71622,-3.06047,7.5,Spring,0.2712,32,5
Atlantic Puffin,58.85135,-3.55015,7.5,Spring,0.0907,6,5
Atlantic Puffin,58.85135,-3.30531,7.5,Spring,0.127,97,1
Atlantic Puffin,58.85135,-3.06047,7.5,Spring,0.0173,66,7
Atlantic Puffin,58.98649,-3.30531,7.5,Spring,0.0154,299,6
Atlantic Puffin,58.98649,-3.06047,7.5,Spring,0.0186,323,5
Atlantic Puffin,58.98649,-2.81564,7.5,Spring,0.0131,106,6
Atlantic Puffin,59.12162,-5.75369,7.5,Spring,0.1238,1,1
Atlantic Puffin,59.12162,-3.30531,7.5,Spring,0.1985,228,38
Atlantic Puffin,59.12162,-3.06047,7.5,Spring,0.0235,182,2
Atlantic Puffin,59.12162,-2.81564,7.5,Spring,0.0112,15,1
Atlantic Puffin,59.12162,-2.5708,7.5,Spring,0.5057,7,1
Atlantic Puffin,59.25676,-3.06047,7.5,Spring,0.3303,27,2
Atlantic Puffin,59.25676,-2.81564,7.5,Spring,0.4108,23,12
Atlantic Puffin,59.25676,-1.34661,7.5,Spring,0.1688,1,1
Atlantic Puffin,59.39189,-3.06047,7.5,Spring,0.2178,21,6
Atlantic Puffin,59.39189,-2.81564,7.5,Spring,0.1557,24,10
Atlantic Puffin,59.39189,-2.32596,7.5,Spring,0.1901,344,10
Atlantic Puffin,59.39189,-2.08112,7.5,Spring,0.0627,2,2
Atlantic Puffin,59.39189,-1.83628,7.5,Spring,0.1058,4,2
Atlantic Puffin,59.39189,-1.59145,7.5,Spring,0.1284,3,3
Atlantic Puffin,59.52703,-2.08112,7.5,Spring,0.1167,1,1
Atlantic Puffin,59.52703,-1.83628,7.5,Spring,0.1106,2,2
Atlantic Puffin,59.52703,-1.59145,7.5,Spring,0.5318,456,267
Atlantic Puffin,59.66216,-1.59145,7.5,Spring,0.1001,2,2
Atlantic Puffin,59.66216,-1.34661,7.5,Spring,0.064,2,2
Atlantic Puffin,59.7973,-1.34661,7.5,Spring,0.2338,175,116
Atlantic Puffin,59.93243,-2.32596,7.5,Spring,0.0674,1,1
Atlantic Puffin,59.93243,-1.34661,7.5,Spring,0.1728,1629,180
Atlantic Puffin,59.93243,-1.10177,7.5,Spring,0.0731,131,9
Atlantic Puffin,60.06757,-2.08112,7.5,Spring,0.1561,22,11
Atlantic Puffin,60.06757,-1.34661,7.5,Spring,0.016,437,6
Atlantic Puffin,60.06757,-1.10177,7.5,Spring,0.2727,123,9
Atlantic Puffin,60.2027,-1.59145,7.5,Spring,0.1405,49,3
Atlantic Puffin,60.2027,-1.10177,7.5,Spring,0.1022,488,40
Atlantic Puffin,60.33784,-1.59145,7.5,Spring,0.1658,34,1
Atlantic Puffin,60.33784,-1.34661,7.5,Spring,0.0659,70,3
Atlantic Puffin,60.33784,-1.10177,7.5,Spring,0.0698,26,3
Atlantic Puffin,60.47297,-1.59145,7.5,Spring,0.3393,71,15
Atlantic Puffin,60.47297,-1.34661,7.5,Spring,0.1924,52,2
Atlantic Puffin,60.47297,-1.10177,7.5,Spring,0.1687,58,3
Atlantic Puffin,60.47297,-0.85693,7.5,Spring,0.0982,26,10
Atlantic Puffin,60.60811,-1.34661,7.5,Spring,0.2893,24,1
Atlantic Puffin,60.60811,-1.10177,7.5,Spring,0.2246,33,2
Atlantic Puffin,60.60811,-0.85693,7.5,Spring,0.0385,78,8
Atlantic Puffin,60.74324,-0.85693,7.5,Spring,0.018,385,3
Atlantic Puffin,60.87838,-0.85693,7.5,Spring,0.0471,114,47
Atlantic Puffin,54.66216,-5.26402,7.5,Summer,0.0282,2,2
Atlantic Puffin,54.66216,-4.77434,7.5,Summer,0.0028,43,8
Atlantic Puffin,54.7973,-3.79499,7.5,Summer,0.0019,22,1
Atlantic Puffin,54.93243,-5.01918,7.5,Summer,0.002,74,1
Atlantic Puffin,55.06757,-5.26402,7.5,Summer,0.0138,23,1
Atlantic Puffin,55.2027,-5.75369,7.5,Summer,0.0199,2,2
Atlantic Puffin,55.2027,-5.01918,7.5,Summer,0.0044,17,4
Atlantic Puffin,55.47297,-6.48821,7.5,Summer,0.0749,1,1
Atlantic Puffin,55.47297,-4.77434,7.5,Summer,0.0021,450,1
Atlantic Puffin,55.60811,-5.01918,7.5,Summer,0.0016,24,1
Atlantic Puffin,55.60811,-4.77434,7.5,Summer,0.0013,3125,12
Atlantic Puffin,55.74324,-5.99853,7.5,Summer,0.0015,12,1
Atlantic Puffin,55.87838,-6.73304,7.5,Summer,0.0561,1,1
Atlantic Puffin,55.87838,-4.77434,7.5,Summer,0.0012,45,1
Atlantic Puffin,55.87838,-3.06047,7.5,Summer,0.001,1626,5
Atlantic Puffin,55.87838,-2.08112,7.5,Summer,0.0596,295,36
Atlantic Puffin,56.01351,-5.99853,7.5,Summer,0.0031,3,1
Atlantic Puffin,56.01351,-3.30531,7.5,Summer,0.0163,2181,40
Atlantic Puffin,56.01351,-3.06047,7.5,Summer,0.0038,2396,62
Atlantic Puffin,56.01351,-2.81564,7.5,Summer,0.0057,786,122
Atlantic Puffin,56.01351,-2.5708,7.5,Summer,0.0038,613,80
Atlantic Puffin,56.01351,-2.32596,7.5,Summer,0.0071,130,6
Atlantic Puffin,56.14865,-5.50885,7.5,Summer,0.0033,74,1
Atlantic Puffin,56.14865,-3.06047,7.5,Summer,0.0077,158,4
Atlantic Puffin,56.14865,-2.81564,7.5,Summer,0.0084,174,16
Atlantic Puffin,56.14865,-2.5708,7.5,Summer,0.2923,245,218
Atlantic Puffin,56.28378,-8.69175,7.5,Summer,0.1781,1,1
Atlantic Puffin,56.28378,-6.48821,7.5,Summer,0.1942,238,3
Atlantic Puffin,56.28378,-2.81564,7.5,Summer,0.0014,1122,6
Atlantic Puffin,56.28378,-2.5708,7.5,Summer,0.4769,524,235
Atlantic Puffin,56.41892,-6.97788,7.5,Summer,0.0516,37,1
Atlantic Puffin,56.41892,-6.48821,7.5,Summer,0.2931,1,1
Atlantic Puffin,56.41892,-6.24337,7.5,Summer,0.01,224,119
Atlantic Puffin,56.41892,-5.50885,7.5,Summer,0.0014,433,1
Atlantic Puffin,56.55405,-6.73304,7.5,Summer,0.0161,37,1
Atlantic Puffin,56.55405,-6.48821,7.5,Summer,0.347,134,124
Atlantic Puffin,56.55405,-6.24337,7.5,Summer,0.0131,192,2
Atlantic Puffin,56.55405,-2.5708,7.5,Summer,0.1625,98,16
Atlantic Puffin,56.68919,-6.48821,7.5,Summer,0.0458,30,5
Atlantic Puffin,56.68919,-6.24337,7.5,Summer,0.0194,70,7
Atlantic Puffin,56.68919,-5.01918,7.5,Summer,0.0018,304,1
Atlantic Puffin,56.68919,-2.32596,7.5,Summer,0.0724,30,3
Atlantic Puffin,56.82432,-7.7124,7.5,Summer,0.3064,5,4
Atlantic Puffin,56.82432,-7.22272,7.5,Summer,0.207,2,2
Atlantic Puffin,56.82432,-6.73304,7.5,Summer,0.1925,5,2
Atlantic Puffin,56.82432,-6.24337,7.5,Summer,0.0876,21,3
Atlantic Puffin,56.82432,-5.99853,7.5,Summer,0.0334,11,2
Atlantic Puffin,56.82432,-2.32596,7.5,Summer,0.08,71,4
Atlantic Puffin,56.95946,-7.46756,7.5,Summer,0.0049,118,2
Atlantic Puffin,56.95946,-7.22272,7.5,Summer,0.1142,1,1
Atlantic Puffin,56.95946,-5.99853,7.5,Summer,0.0806,9,2
Atlantic Puffin,56.95946,-5.75369,7.5,Summer,0.0078,122,1
Atlantic Puffin,56.95946,-2.32596,7.5,Summer,0.0619,53,6
Atlantic Puffin,56.95946,-2.08112,7.5,Summer,0.0236,272,99
Atlantic Puffin,57.09459,-7.22272,7.5,Summer,0.0047,41,1
Atlantic Puffin,57.09459,-6.97788,7.5,Summer,0.1879,1,1
Atlantic Puffin,57.09459,-6.48821,7.5,Summer,0.0597,39,16
Atlantic Puffin,57.09459,-6.24337,7.5,Summer,0.0494,7,1
Atlantic Puffin,57.09459,-5.99853,7.5,Summer,0.005,105,2
Atlantic Puffin,57.09459,-5.75369,7.5,Summer,0.0044,94,2
Atlantic Puffin,57.09459,-2.08112,7.5,Summer,0.0605,1194,125
Atlantic Puffin,57.09459,-1.83628,7.5,Summer,0.0273,2,1
Atlantic Puffin,57.22973,-6.97788,7.5,Summer,0.1639,1,1
Atlantic Puffin,57.22973,-2.08112,7.5,Summer,0.0428,267,1
Atlantic Puffin,57.22973,-1.83628,7.5,Summer,0.0136,5,1
Atlantic Puffin,57.36486,-7.46756,7.5,Summer,0.0117,123,1
Atlantic Puffin,57.36486,-6.73304,7.5,Summer,0.0065,94,6
Atlantic Puffin,57.36486,-5.99853,7.5,Summer,0.0038,33,1
Atlantic Puffin,57.36486,-2.08112,7.5,Summer,0.0456,330,1
Atlantic Puffin,57.36486,-1.83628,7.5,Summer,0.2744,74,9
Atlantic Puffin,57.5,-6.73304,7.5,Summer,0.0063,402,11
Atlantic Puffin,57.5,-4.03983,7.5,Summer,0.0011,626,1
Atlantic Puffin,57.5,-1.83628,7.5,Summer,0.0657,107,49
Atlantic Puffin,57.63514,-7.46756,7.5,Summer,0.0042,350,1
Atlantic Puffin,57.63514,-7.22272,7.5,Summer,0.0047,116,1
Atlantic Puffin,57.63514,-6.97788,7.5,Summer,0.1097,9,5
Atlantic Puffin,57.63514,-6.73304,7.5,Summer,0.1925,13,10
Atlantic Puffin,57.63514,-6.48821,7.5,Summer,0.2361,167,6
Atlantic Puffin,57.63514,-6.24337,7.5,Summer,0.0085,443,3
Atlantic Puffin,57.63514,-4.03983,7.5,Summer,0.0018,742,4
Atlantic Puffin,57.63514,-2.32596,7.5,Summer,0.0737,124,31
Atlantic Puffin,57.77027,-8.69175,7.5,Summer,0.3348,36,16
Atlantic Puffin,57.77027,-8.44691,7.5,Summer,0.2673,18,11
Atlantic Puffin,57.77027,-6.97788,7.5,Summer,0.0323,108,1
Atlantic Puffin,57.77027,-6.73304,7.5,Summer,0.2477,13,6
Atlantic Puffin,57.77027,-6.48821,7.5,Summer,0.2423,5,4
Atlantic Puffin,57.77027,-6.24337,7.5,Summer,0.0775,14,4
Atlantic Puffin,57.77027,-5.75369,7.5,Summer,0.0119,159,1
Atlantic Puffin,57.77027,-5.50885,7.5,Summer,0.0164,82,1
Atlantic Puffin,57.77027,-4.03983,7.5,Summer,0.0054,134,1
Atlantic Puffin,57.77027,-3.79499,7.5,Summer,0.0048,180,1
Atlantic Puffin,57.77027,-3.55015,7.5,Summer,0.0025,104,1
Atlantic Puffin,57.77027,-1.83628,7.5,Summer,0.0719,2,1
Atlantic Puffin,57.90541,-6.97788,7.5,Summer,0.0131,77,1
Atlantic Puffin,57.90541,-6.73304,7.5,Summer,0.0141,63,1
Atlantic Puffin,57.90541,-6.24337,7.5,Summer,0.1359,17,16
Atlantic Puffin,57.90541,-5.75369,7.5,Summer,0.037,41,7
Atlantic Puffin,57.90541,-5.50885,7.5,Summer,0.0157,122,1
Atlantic Puffin,57.90541,-5.26402,7.5,Summer,0.0154,175,2
Atlantic Puffin,57.90541,-3.79499,7.5,Summer,0.0096,52,9
Atlantic Puffin,58.04054,-7.46756,7.5,Summer,0.0799,1,1
Atlantic Puffin,58.04054,-6.24337,7.5,Summer,0.0336,1,1
Atlantic Puffin,58.04054,-5.75369,7.5,Summer,0.0831,27,16
Atlantic Puffin,58.04054,-3.79499,7.5,Summer,0.0104,81,1
Atlantic Puffin,58.17568,-7.22272,7.5,Summer,0.0993,2,1
Atlantic Puffin,58.17568,-6.97788,7.5,Summer,0.028,82,3
Atlantic Puffin,58.17568,-6.48821,7.5,Summer,0.0144,142,4
Atlantic Puffin,58.17568,-6.24337,7.5,Summer,0.0122,101,8
Atlantic Puffin,58.17568,-5.75369,7.5,Summer,0.0716,5,3
Atlantic Puffin,58.17568,-5.50885,7.5,Summer,0.0625,27,8
Atlantic Puffin,58.17568,-5.26402,7.5,Summer,0.019,123,2
Atlantic Puffin,58.17568,-3.55015,7.5,Summer,0.0329,44,1
Atlantic Puffin,58.17568,-3.30531,7.5,Summer,0.1467,48,18
Atlantic Puffin,58.31081,-7.46756,7.5,Summer,0.062,1,1
Atlantic Puffin,58.31081,-6.73304,7.5,Summer,0.0102,126,5
Atlantic Puffin,58.31081,-6.24337,7.5,Summer,0.0088,163,13
Atlantic Puffin,58.31081,-5.26402,7.5,Summer,0.0276,70,8
Atlantic Puffin,58.31081,-3.30531,7.5,Summer,0.0367,52,4
Atlantic Puffin,58.44595,-6.24337,7.5,Summer,0.0282,130,1
Atlantic Puffin,58.44595,-5.26402,7.5,Summer,0.0328,94,57
Atlantic Puffin,58.44595,-5.01918,7.5,Summer,0.0153,54,2
Atlantic Puffin,58.44595,-3.06047,7.5,Summer,0.0961,74,11
Atlantic Puffin,58.58108,-6.24337,7.5,Summer,0.082,87,9
Atlantic Puffin,58.58108,-5.01918,7.5,Summer,0.0221,8,2
Atlantic Puffin,58.58108,-4.77434,7.5,Summer,0.0473,110,7
Atlantic Puffin,58.58108,-4.5295,7.5,Summer,0.0406,26,2
Atlantic Puffin,58.58108,-4.03983,7.5,Summer,0.0946,37,14
Atlantic Puffin,58.58108,-3.79499,7.5,Summer,0.0632,34,6
Atlantic Puffin,58.58108,-3.55015,7.5,Summer,0.022,117,6
Atlantic Puffin,58.58108,-3.30531,7.5,Summer,0.0424,172,6
Atlantic Puffin,58.58108,-3.06047,7.5,Summer,0.1404,174,58
Atlantic Puffin,58.71622,-3.55015,7.5,Summer,0.0595,6,5
Atlantic Puffin,58.71622,-3.30531,7.5,Summer,0.038,103,64
Atlantic Puffin,58.71622,-3.06047,7.5,Summer,0.34,37,9
Atlantic Puffin,58.85135,-3.55015,7.5,Summer,0.1119,10,5
Atlantic Puffin,58.85135,-3.30531,7.5,Summer,0.2254,113,7
Atlantic Puffin,58.85135,-3.06047,7.5,Summer,0.0364,70,11
Atlantic Puffin,58.85135,-2.5708,7.5,Summer,0.0369,5,3
Atlantic Puffin,58.98649,-3.55015,7.5,Summer,0.0705,1,1
Atlantic Puffin,58.98649,-3.30531,7.5,Summer,0.0369,530,22
Atlantic Puffin,58.98649,-3.06047,7.5,Summer,0.0422,416,12
Atlantic Puffin,58.98649,-2.81564,7.5,Summer,0.0255,119,15
Atlantic Puffin,58.98649,-2.5708,7.5,Summer,0.1284,2,1
Atlantic Puffin,59.12162,-6.24337,7.5,Summer,0.2249,2,1
Atlantic Puffin,59.12162,-5.75369,7.5,Summer,0.2222,4,4
Atlantic Puffin,59.12162,-4.5295,7.5,Summer,0.0517,1,1
Atlantic Puffin,59.12162,-3.30531,7.5,Summer,0.3292,447,128
Atlantic Puffin,59.12162,-3.06047,7.5,Summer,0.0378,316,10
Atlantic Puffin,59.12162,-2.81564,7.5,Summer,0.0163,13,1
Atlantic Puffin,59.12162,-2.5708,7.5,Summer,0.5512,12,1
Atlantic Puffin,59.25676,-3.06047,7.5,Summer,0.4316,56,13
Atlantic Puffin,59.25676,-2.81564,7.5,Summer,0.4887,63,24
Atlantic Puffin,59.25676,-1.59145,7.5,Summer,0.196,1,1
Atlantic Puffin,59.39189,-3.06047,7.5,Summer,0.253,41,20
Atlantic Puffin,59.39189,-2.81564,7.5,Summer,0.1883,16,7
Atlantic Puffin,59.39189,-2.32596,7.5,Summer,0.2921,184,19
Atlantic Puffin,59.39189,-1.59145,7.5,Summer,0.1714,5,2
Atlantic Puffin,59.52703,-1.59145,7.5,Summer,0.5984,354,291
Atlantic Puffin,59.7973,-1.34661,7.5,Summer,0.3456,226,190
Atlantic Puffin,59.93243,-1.34661,7.5,Summer,0.3665,1489,393
Atlantic Puffin,59.93243,-1.10177,7.5,Summer,0.1409,126,25
Atlantic Puffin,60.06757,-2.08112,7.5,Summer,0.268,17,9
Atlantic Puffin,60.06757,-1.34661,7.5,Summer,0.0727,208,15
Atlantic Puffin,60.06757,-1.10177,7.5,Summer,0.2743,75,11
Atlantic Puffin,60.06757,-0.85693,7.5,Summer,0.054,2,1
Atlantic Puffin,60.2027,-2.08112,7.5,Summer,0.2592,4,2
Atlantic Puffin,60.2027,-1.59145,7.5,Summer,0.3821,33,3
Atlantic Puffin,60.2027,-1.34661,7.5,Summer,0.0798,126,1
Atlantic Puffin,60.2027,-1.10177,7.5,Summer,0.0939,394,55
Atlantic Puffin,60.33784,-1.59145,7.5,Summer,0.3802,54,7
Atlantic Puffin,60.33784,-1.34661,7.5,Summer,0.264,85,2
Atlantic Puffin,60.33784,-1.10177,7.5,Summer,0.1231,45,7
Atlantic Puffin,60.47297,-1.59145,7.5,Summer,0.5151,123,40
Atlantic Puffin,60.47297,-1.34661,7.5,Summer,0.3772,54,3
Atlantic Puffin,60.47297,-1.10177,7.5,Summer,0.3126,77,13
Atlantic Puffin,60.47297,-0.85693,7.5,Summer,0.1325,10,3
Atlantic Puffin,60.60811,-1.34661,7.5,Summer,0.4519,30,2
Atlantic Puffin,60.60811,-1.10177,7.5,Summer,0.3796,58,1
Atlantic Puffin,60.60811,-0.85693,7.5,Summer,0.0622,218,24
Atlantic Puffin,60.74324,-1.59145,7.5,Summer,0.0966,1,1
Atlantic Puffin,60.74324,-1.10177,7.5,Summer,0.3063,31,1
Atlantic Puffin,60.74324,-0.85693,7.5,Summer,0.0253,401,28
Atlantic Puffin,60.87838,-1.83628,7.5,Summer,0.1437,1,1
Atlantic Puffin,60.87838,-0.85693,7.5,Summer,0.0521,127,75
Atlantic Puffin,55.60811,-4.77434,7.5,Winter,0.001,4222,5
Atlantic Puffin,55.87838,-4.77434,7.5,Winter,0.001,20,1
Atlantic Puffin,55.87838,-3.06047,7.5,Winter,0.0009,1773,4
Atlantic Puffin,55.87838,-2.32596,7.5,Winter,0.0013,71,1
Atlantic Puffin,55.87838,-2.08112,7.5,Winter,0.0206,65,2
Atlantic Puffin,56.01351,-3.30531,7.5,Winter,0.0016,2000,3
Atlantic Puffin,56.01351,-3.06047,7.5,Winter,0.0015,1585,4
Atlantic Puffin,56.01351,-2.81564,7.5,Winter,0.0016,874,7
Atlantic Puffin,56.01351,-2.5708,7.5,Winter,0.0026,643,5
Atlantic Puffin,56.01351,-2.32596,7.5,Winter,0.0018,144,8
Atlantic Puffin,56.14865,-3.06047,7.5,Winter,0.0024,302,7
Atlantic Puffin,56.14865,-2.81564,7.5,Winter,0.0018,219,2
Atlantic Puffin,56.28378,-2.81564,7.5,Winter,0.001,1177,4
Atlantic Puffin,56.28378,-2.5708,7.5,Winter,0.0227,333,34
Atlantic Puffin,56.68919,-2.5708,7.5,Winter,0.002,202,1
Atlantic Puffin,56.95946,-2.08112,7.5,Winter,0.0017,42,1
Atlantic Puffin,57.09459,-2.08112,7.5,Winter,0.0025,1022,5
Atlantic Puffin,57.22973,-2.08112,7.5,Winter,0.0018,305,1
Atlantic Puffin,57.63514,-2.08112,7.5,Winter,0.0015,57,2
Atlantic Puffin,57.63514,-1.83628,7.5,Winter,0.0016,140,3
Atlantic Puffin,57.77027,-3.30531,7.5,Winter,0.0016,185,1
Atlantic Puffin,57.90541,-3.79499,7.5,Winter,0.0022,17,1
Atlantic Puffin,58.04054,-3.79499,7.5,Winter,0.0028,38,1
Atlantic Puffin,58.17568,-3.55015,7.5,Winter,0.0055,14,1
Atlantic Puffin,58.31081,-3.06047,7.5,Winter,0.0045,4,1
Atlantic Puffin,58.58108,-3.79499,7.5,Winter,0.0102,15,2
Atlantic Puffin,58.98649,-2.81564,7.5,Winter,0.0021,12,1
Atlantic Puffin,59.7973,-1.34661,7.5,Winter,0.0019,30,1
Atlantic Puffin,60.33784,-1.59145,7.5,Winter,0.0017,9,1
Atlantic Puffin,60.74324,-0.85693,7.5,Winter,0.0014,280,1
Atlantic Puffin,60.87838,-0.85693,7.5,Winter,0.0034,32,1
Barn Swallow,54.66216,-5.01918,7.5,Autumn,0.2129,21,11
Barn Swallow,54.66216,-4.77434,7.5,Autumn,0.2004,22,13
Barn Swallow,54.66216,-4.5295,7.5,Autumn,0.1683,5,3
Barn Swallow,54.66216,-4.28466,7.5,Autumn,0.1469,8,3
Barn Swallow,54.7973,-5.01918,7.5,Autumn,0.2317,38,19
Barn Swallow,54.7973,-4.5295,7.5,Autumn,0.1391,46,10
Barn Swallow,54.7973,-4.03983,7.5,Autumn,0.1972,8,1
Barn Swallow,54.93243,-5.01918,7.5,Autumn,0.1367,93,10
Barn Swallow,54.93243,-4.5295,7.5,Autumn,0.1153,19,3
Barn Swallow,54.93243,-4.28466,7.5,Autumn,0.1178,30,4
Barn Swallow,54.93243,-4.03983,7.5,Autumn,0.144,53,13
Barn Swallow,54.93243,-3.79499,7.5,Autumn,0.1298,92,35
Barn Swallow,54.93243,-3.55015,7.5,Autumn,0.1617,239,34
Barn Swallow,54.93243,-3.30531,7.5,Autumn,0.1648,26,2
Barn Swallow,54.93243,-3.06047,7.5,Autumn,0.176,46,21
Barn Swallow,55.06757,-5.26402,7.5,Autumn,0.1154,16,2
Barn Swallow,55.06757,-5.01918,7.5,Autumn,0.1526,27,13
Barn Swallow,55.06757,-4.77434,7.5,Autumn,0.1262,7,5
Barn Swallow,55.06757,-4.5295,7.5,Autumn,0.1296,13,2
Barn Swallow,55.06757,-4.03983,7.5,Autumn,0.1497,42,12
Barn Swallow,55.06757,-3.79499,7.5,Autumn,0.1368,21,2
Barn Swallow,55.06757,-3.55015,7.5,Autumn,0.101,165,25
Barn Swallow,55.06757,-3.30531,7.5,Autumn,0.1437,30,2
Barn Swallow,55.06757,-3.06047,7.5,Autumn,0.1804,13,6
Barn Swallow,55.2027,-4.77434,7.5,Autumn,0.121,17,1
Barn Swallow,55.2027,-4.28466,7.5,Autumn,0.1064,1,1
Barn Swallow,55.2027,-3.30531,7.5,Autumn,0.1304,21,7
Barn Swallow,55.33784,-5.75369,7.5,Autumn,0.1126,8,3
Barn Swallow,55.33784,-5.50885,7.5,Autumn,0.1135,7,2
Barn Swallow,55.33784,-4.77434,7.5,Autumn,0.1146,125,9
Barn Swallow,55.33784,-4.5295,7.5,Autumn,0.1165,6,3
Barn Swallow,55.33784,-4.28466,7.5,Autumn,0.1218,22,4
Barn Swallow,55.33784,-3.55015,7.5,Autumn,0.103,19,1
Barn Swallow,55.33784,-3.30531,7.5,Autumn,0.0996,6,1
Barn Swallow,55.33784,-2.5708,7.5,Autumn,0.133,2,1
Barn Swallow,55.47297,-5.75369,7.5,Autumn,0.1195,16,6
Barn Swallow,55.47297,-5.50885,7.5,Autumn,0.1373,19,3
Barn Swallow,55.47297,-5.26402,7.5,Autumn,0.1142,50,8
Barn Swallow,55.47297,-5.01918,7.5,Autumn,0.1137,41,9
Barn Swallow,55.47297,-4.77434,7.5,Autumn,0.1048,581,56
Barn Swallow,55.47297,-4.5295,7.5,Autumn,0.0798,1154,114
Barn Swallow,55.47297,-4.28466,7.5,Autumn,0.1173,12,2
Barn Swallow,55.47297,-3.55015,7.5,Autumn,0.0841,23,9
Barn Swallow,55.47297,-3.30531,7.5,Autumn,0.0881,22,12
Barn Swallow,55.47297,-2.81564,7.5,Autumn,0.1217,43,3
Barn Swallow,55.47297,-2.5708,7.5,Autumn,0.1335,31,12
Barn Swallow,55.60811,-6.24337,7.5,Autumn,0.1179,96,15
Barn Swallow,55.60811,-5.99853,7.5,Autumn,0.1043,6,1
Barn Swallow,55.60811,-5.75369,7.5,Autumn,0.1073,11,1
Barn Swallow,55.60811,-5.50885,7.5,Autumn,0.1267,5,2
Barn Swallow,55.60811,-5.26402,7.5,Autumn,0.1039,81,9
Barn Swallow,55.60811,-5.01918,7.5,Autumn,0.1095,20,4
Barn Swallow,55.60811,-4.77434,7.5,Autumn,0.1137,3758,196
Barn Swallow,55.60811,-4.5295,7.5,Autumn,0.0465,21393,1676
Barn Swallow,55.60811,-4.28466,7.5,Autumn,0.1061,7,1
Barn Swallow,55.60811,-4.03983,7.5,Autumn,0.0987,4,1
Barn Swallow,55.60811,-3.79499,7.5,Autumn,0.0983,26,5
Barn Swallow,55.60811,-3.55015,7.5,Autumn,0.0989,48,8
Barn Swallow,55.60811,-3.30531,7.5,Autumn,0.0972,58,7
Barn Swallow,55.60811,-2.81564,7.5,Autumn,0.0657,83,10
Barn Swallow,55.60811,-2.5708,7.5,Autumn,0.1363,19,2
Barn Swallow,55.60811,-2.32596,7.5,Autumn,0.1486,28,4
Barn Swallow,55.74324,-6.48821,7.5,Autumn,0.1129,54,5
Barn Swallow,55.74324,-6.24337,7.5,Autumn,0.0984,173,10
Barn Swallow,55.74324,-5.75369,7.5,Autumn,0.1003,3,1
Barn Swallow,55.74324,-5.26402,7.5,Autumn,0.1126,34,2
Barn Swallow,55.74324,-5.01918,7.5,Autumn,0.115,76,5
Barn Swallow,55.74324,-4.77434,7.5,Autumn,0.1064,71,2
Barn Swallow,55.74324,-4.5295,7.5,Autumn,0.1043,278,13
Barn Swallow,55.74324,-4.28466,7.5,Autumn,0.0865,566,22
Barn Swallow,55.74324,-4.03983,7.5,Autumn,0.0704,208,19
Barn Swallow,55.74324,-3.79499,7.5,Autumn,0.1081,18,4
Barn Swallow,55.74324,-3.55015,7.5,Autumn,0.1099,38,8
Barn Swallow,55.74324,-3.30531,7.5,Autumn,0.1208,26,7
Barn Swallow,55.74324,-3.06047,7.5,Autumn,0.1541,165,34
Barn Swallow,55.74324,-2.81564,7.5,Autumn,0.1446,10,1
Barn Swallow,55.74324,-2.5708,7.5,Autumn,0.1484,3,1
Barn Swallow,55.74324,-2.32596,7.5,Autumn,0.1555,14,7
Barn Swallow,55.87838,-6.48821,7.5,Autumn,0.0964,4,2
Barn Swallow,55.87838,-6.24337,7.5,Autumn,0.1111,142,21
Barn Swallow,55.87838,-5.99853,7.5,Autumn,0.1065,20,8
Barn Swallow,55.87838,-5.50885,7.5,Autumn,0.1085,16,1
Barn Swallow,55.87838,-5.26402,7.5,Autumn,0.1217,14,4
Barn Swallow,55.87838,-5.01918,7.5,Autumn,0.1266,16,1
Barn Swallow,55.87838,-4.77434,7.5,Autumn,0.0855,36,7
Barn Swallow,55.87838,-4.5295,7.5,Autumn,0.0907,297,12
Barn Swallow,55.87838,-4.28466,7.5,Autumn,0.0323,1614,32
Barn Swallow,55.87838,-4.03983,7.5,Autumn,0.0477,110,2
Barn Swallow,55.87838,-3.79499,7.5,Autumn,0.1175,50,8
Barn Swallow,55.87838,-3.55015,7.5,Autumn,0.0449,74,17
Barn Swallow,55.87838,-3.30531,7.5,Autumn,0.1208,892,64
Barn Swallow,55.87838,-3.06047,7.5,Autumn,0.14,1429,200
Barn Swallow,55.87838,-2.81564,7.5,Autumn,0.159,104,15
Barn Swallow,55.87838,-2.5708,7.5,Autumn,0.1533,13,1
Barn Swallow,55.87838,-2.32596,7.5,Autumn,0.1574,105,37
Barn Swallow,55.87838,-2.08112,7.5,Autumn,0.1504,169,32
Barn Swallow,56.01351,-6.24337,7.5,Autumn,0.1117,25,4
Barn Swallow,56.01351,-5.75369,7.5,Autumn,0.1266,10,4
Barn Swallow,56.01351,-5.50885,7.5,Autumn,0.1111,48,5
Barn Swallow,56.01351,-5.26402,7.5,Autumn,0.1158,7,1
Barn Swallow,56.01351,-5.01918,7.5,Autumn,0.1178,72,14
Barn Swallow,56.01351,-4.77434,7.5,Autumn,0.1064,77,9
Barn Swallow,56.01351,-4.5295,7.5,Autumn,0.1194,132,20
Barn Swallow,56.01351,-4.28466,7.5,Autumn,0.1133,26,2
Barn Swallow,56.01351,-4.03983,7.5,Autumn,0.1096,27,10
Barn Swallow,56.01351,-3.79499,7.5,Autumn,0.0525,285,40
Barn Swallow,56.01351,-3.55015,7.5,Autumn,0.1444,300,35
Barn Swallow,56.01351,-3.30531,7.5,Autumn,0.1283,1675,92
Barn Swallow,56.01351,-3.06047,7.5,Autumn,0.1374,1856,319
Barn Swallow,56.01351,-2.81564,7.5,Autumn,0.1535,652,80
Barn Swallow,56.01351,-2.5708,7.5,Autumn,0.1378,447,50
Barn Swallow,56.01351,-2.32596,7.5,Autumn,0.1597,379,77
Barn Swallow,56.14865,-6.24337,7.5,Autumn,0.1037,9,3
Barn Swallow,56.14865,-5.50885,7.5,Autumn,0.126,29,6
Barn Swallow,56.14865,-5.01918,7.5,Autumn,0.1198,7,1
Barn Swallow,56.14865,-4.77434,7.5,Autumn,0.1206,53,12
Barn Swallow,56.14865,-4.5295,7.5,Autumn,0.1212,103,23
Barn Swallow,56.14865,-4.28466,7.5,Autumn,0.1118,31,3
Barn Swallow,56.14865,-4.03983,7.5,Autumn,0.1126,176,30
Barn Swallow,56.14865,-3.79499,7.5,Autumn,0.1305,274,49
Barn Swallow,56.14865,-3.55015,7.5,Autumn,0.1232,52,6
Barn Swallow,56.14865,-3.30531,7.5,Autumn,0.1246,374,55
Barn Swallow,56.14865,-3.06047,7.5,Autumn,0.131,103,12
Barn Swallow,56.14865,-2.81564,7.5,Autumn,0.1622,81,21
Barn Swallow,56.14865,-2.5708,7.5,Autumn,0.1525,22,11
Barn Swallow,56.28378,-6.48821,7.5,Autumn,0.098,55,10
Barn Swallow,56.28378,-6.24337,7.5,Autumn,0.1116,22,4
Barn Swallow,56.28378,-5.99853,7.5,Autumn,0.1143,9,2
Barn Swallow,56.28378,-5.50885,7.5,Autumn,0.1352,4,1
Barn Swallow,56.28378,-5.26402,7.5,Autumn,0.1161,2,1
Barn Swallow,56.28378,-5.01918,7.5,Autumn,0.1192,23,7
Barn Swallow,56.28378,-4.77434,7.5,Autumn,0.1138,22,7
Barn Swallow,56.28378,-4.5295,7.5,Autumn,0.1118,7,1
Barn Swallow,56.28378,-4.28466,7.5,Autumn,0.1022,38,4
Barn Swallow,56.28378,-4.03983,7.5,Autumn,0.1238,18,4
Barn Swallow,56.28378,-3.79499,7.5,Autumn,0.1224,75,11
Barn Swallow,56.28378,-3.55015,7.5,Autumn,0.1226,13,2
Barn Swallow,56.28378,-3.30531,7.5,Autumn,0.1266,77,15
Barn Swallow,56.28378,-3.06047,7.5,Autumn,0.1478,309,56
Barn Swallow,56.28378,-2.81564,7.5,Autumn,0.155,885,124
Barn Swallow,56.28378,-2.5708,7.5,Autumn,0.139,604,117
Barn Swallow,56.41892,-6.24337,7.5,Autumn,0.0968,6,1
Barn Swallow,56.41892,-5.99853,7.5,Autumn,0.1068,72,13
Barn Swallow,56.41892,-5.75369,7.5,Autumn,0.1268,123,16
Barn Swallow,56.41892,-5.50885,7.5,Autumn,0.0766,147,7
Barn Swallow,56.41892,-5.26402,7.5,Autumn,0.1153,5,3
Barn Swallow,56.41892,-4.77434,7.5,Autumn,0.1009,25,2
Barn Swallow,56.41892,-4.5295,7.5,Autumn,0.0964,10,2
Barn Swallow,56.41892,-4.28466,7.5,Autumn,0.0859,69,9
Barn Swallow,56.41892,-4.03983,7.5,Autumn,0.0927,23,2
Barn Swallow,56.41892,-3.79499,7.5,Autumn,0.1027,24,2
Barn Swallow,56.41892,-3.55015,7.5,Autumn,0.1108,96,6
Barn Swallow,56.41892,-3.30531,7.5,Autumn,0.1104,131,22
Barn Swallow,56.41892,-3.06047,7.5,Autumn,0.1248,363,4
Barn Swallow,56.41892,-2.81564,7.5,Autumn,0.1688,548,105
Barn Swallow,56.55405,-6.97788,7.5,Autumn,0.0846,27,1
Barn Swallow,56.55405,-6.73304,7.5,Autumn,0.0998,6,1
Barn Swallow,56.55405,-6.24337,7.5,Autumn,0.0943,64,3
Barn Swallow,56.55405,-5.99853,7.5,Autumn,0.1113,81,15
Barn Swallow,56.55405,-5.75369,7.5,Autumn,0.1203,70,9
Barn Swallow,56.55405,-5.50885,7.5,Autumn,0.1111,22,6
Barn Swallow,56.55405,-4.03983,7.5,Autumn,0.0728,32,1
Barn Swallow,56.55405,-3.55015,7.5,Autumn,0.1135,128,10
Barn Swallow,56.55405,-3.30531,7.5,Autumn,0.1204,23,6
Barn Swallow,56.55405,-2.81564,7.5,Autumn,0.1525,26,3
Barn Swallow,56.55405,-2.5708,7.5,Autumn,0.1544,60,7
Barn Swallow,56.68919,-6.48821,7.5,Autumn,0.1135,4,1
Barn Swallow,56.68919,-6.24337,7.5,Autumn,0.1098,44,3
Barn Swallow,56.68919,-5.99853,7.5,Autumn,0.1179,45,2
Barn Swallow,56.68919,-5.75369,7.5,Autumn,0.1226,30,1
Barn Swallow,56.68919,-5.50885,7.5,Autumn,0.1103,20,9
Barn Swallow,56.68919,-5.26402,7.5,Autumn,0.1246,49,3
Barn Swallow,56.68919,-5.01918,7.5,Autumn,0.1149,142,7
Barn Swallow,56.68919,-4.77434,7.5,Autumn,0.1107,22,5
Barn Swallow,56.68919,-4.03983,7.5,Autumn,0.0679,22,4
Barn Swallow,56.68919,-3.79499,7.5,Autumn,0.0848,146,11
Barn Swallow,56.68919,-3.55015,7.5,Autumn,0.0872,9,1
Barn Swallow,56.68919,-3.30531,7.5,Autumn,0.1,28,2
Barn Swallow,56.68919,-3.06047,7.5,Autumn,0.1386,95,27
Barn Swallow,56.68919,-2.81564,7.5,Autumn,0.1497,37,6
Barn Swallow,56.68919,-2.5708,7.5,Autumn,0.1467,265,44
Barn Swallow,56.68919,-2.32596,7.5,Autumn,0.15,26,15
Barn Swallow,56.82432,-5.99853,7.5,Autumn,0.0957,2,2
Barn Swallow,56.82432,-5.75369,7.5,Autumn,0.1005,36,1
Barn Swallow,56.82432,-5.50885,7.5,Autumn,0.1034,63,7
Barn Swallow,56.82432,-5.26402,7.5,Autumn,0.1032,9,1
Barn Swallow,56.82432,-5.01918,7.5,Autumn,0.0742,127,12
Barn Swallow,56.82432,-4.77434,7.5,Autumn,0.1063,6,1
Barn Swallow,56.82432,-3.79499,7.5,Autumn,0.0619,22,1
Barn Swallow,56.82432,-3.30531,7.5,Autumn,0.0832,52,4
Barn Swallow,56.82432,-3.06047,7.5,Autumn,0.1064,6,2
Barn Swallow,56.82432,-2.5708,7.5,Autumn,0.1387,79,9
Barn Swallow,56.82432,-2.32596,7.5,Autumn,0.1532,51,8
Barn Swallow,56.95946,-5.75369,7.5,Autumn,0.0941,105,9
Barn Swallow,56.95946,-5.01918,7.5,Autumn,0.1023,16,2
Barn Swallow,56.95946,-4.77434,7.5,Autumn,0.1004,9,1
Barn Swallow,56.95946,-4.5295,7.5,Autumn,0.0842,23,3
Barn Swallow,56.95946,-3.55015,7.5,Autumn,0.0581,22,2
Barn Swallow,56.95946,-3.30531,7.5,Autumn,0.0582,46,2
Barn Swallow,56.95946,-3.06047,7.5,Autumn,0.0984,12,2
Barn Swallow,56.95946,-2.5708,7.5,Autumn,0.1327,12,1
Barn Swallow,56.95946,-2.32596,7.5,Autumn,0.1521,29,8
Barn Swallow,56.95946,-2.08112,7.5,Autumn,0.1495,92,22
Barn Swallow,57.09459,-5.99853,7.5,Autumn,0.1119,37,1
Barn Swallow,57.09459,-5.75369,7.5,Autumn,0.1129,33,3
Barn Swallow,57.09459,-5.50885,7.5,Autumn,0.111,1,1
Barn Swallow,57.09459,-4.77434,7.5,Autumn,0.0856,37,6
Barn Swallow,57.09459,-4.28466,7.5,Autumn,0.0798,3,1
Barn Swallow,57.09459,-4.03983,7.5,Autumn,0.0845,242,47
Barn Swallow,57.09459,-3.79499,7.5,Autumn,0.0605,105,7
Barn Swallow,57.09459,-3.06047,7.5,Autumn,0.07,41,2
Barn Swallow,57.09459,-2.81564,7.5,Autumn,0.1149,64,17
Barn Swallow,57.09459,-2.32596,7.5,Autumn,0.143,56,4
Barn Swallow,57.09459,-2.08112,7.5,Autumn,0.1376,1071,159
Barn Swallow,57.22973,-7.46756,7.5,Autumn,0.0982,56,7
Barn Swallow,57.22973,-6.24337,7.5,Autumn,0.0814,53,2
Barn Swallow,57.22973,-5.99853,7.5,Autumn,0.1066,170,22
Barn Swallow,57.22973,-5.75369,7.5,Autumn,0.0913,61,5
Barn Swallow,57.22973,-5.50885,7.5,Autumn,0.1119,94,6
Barn Swallow,57.22973,-4.5295,7.5,Autumn,0.0866,23,1
Barn Swallow,57.22973,-4.03983,7.5,Autumn,0.0964,90,9
Barn Swallow,57.22973,-3.79499,7.5,Autumn,0.0832,655,49
Barn Swallow,57.22973,-3.55015,7.5,Autumn,0.0768,169,17
Barn Swallow,57.22973,-3.30531,7.5,Autumn,0.0645,35,2
Barn Swallow,57.22973,-2.81564,7.5,Autumn,0.1149,21,8
Barn Swallow,57.22973,-2.5708,7.5,Autumn,0.1268,12,4
Barn Swallow,57.22973,-2.32596,7.5,Autumn,0.1375,8,1
Barn Swallow,57.22973,-2.08112,7.5,Autumn,0.1327,282,19
Barn Swallow,57.36486,-7.46756,7.5,Autumn,0.0826,73,8
Barn Swallow,57.36486,-6.73304,7.5,Autumn,0.0955,40,4
Barn Swallow,57.36486,-6.48821,7.5,Autumn,0.1008,31,4
Barn Swallow,57.36486,-6.24337,7.5,Autumn,0.0836,155,6
Barn Swallow,57.36486,-5.99853,7.5,Autumn,0.117,26,2
Barn Swallow,57.36486,-5.75369,7.5,Autumn,0.1082,43,1
Barn Swallow,57.36486,-5.50885,7.5,Autumn,0.1154,30,4
Barn Swallow,57.36486,-4.77434,7.5,Autumn,0.0851,26,3
Barn Swallow,57.36486,-4.5295,7.5,Autumn,0.1089,158,27
Barn Swallow,57.36486,-4.28466,7.5,Autumn,0.1067,108,13
Barn Swallow,57.36486,-4.03983,7.5,Autumn,0.1139,23,2
Barn Swallow,57.36486,-3.79499,7.5,Autumn,0.1027,98,9
Barn Swallow,57.36486,-3.55015,7.5,Autumn,0.0889,167,15
Barn Swallow,57.36486,-2.81564,7.5,Autumn,0.1127,4,2
Barn Swallow,57.36486,-2.5708,7.5,Autumn,0.1153,46,9
Barn Swallow,57.36486,-2.32596,7.5,Autumn,0.1328,10,1
Barn Swallow,57.36486,-2.08112,7.5,Autumn,0.1427,200,27
Barn Swallow,57.36486,-1.83628,7.5,Autumn,0.1382,66,8
Barn Swallow,57.5,-7.46756,7.5,Autumn,0.084,50,1
Barn Swallow,57.5,-7.22272,7.5,Autumn,0.1029,14,3
Barn Swallow,57.5,-6.73304,7.5,Autumn,0.1099,244,37
Barn Swallow,57.5,-6.48821,7.5,Autumn,0.097,64,2
Barn Swallow,57.5,-6.24337,7.5,Autumn,0.0856,77,2
Barn Swallow,57.5,-5.75369,7.5,Autumn,0.0922,50,11
Barn Swallow,57.5,-4.77434,7.5,Autumn,0.0989,4,1
Barn Swallow,57.5,-4.5295,7.5,Autumn,0.1186,80,15
Barn Swallow,57.5,-4.28466,7.5,Autumn,0.0813,562,67
Barn Swallow,57.5,-4.03983,7.5,Autumn,0.1269,423,71
Barn Swallow,57.5,-3.55015,7.5,Autumn,0.1142,12,1
Barn Swallow,57.5,-3.30531,7.5,Autumn,0.1153,33,1
Barn Swallow,57.5,-3.06047,7.5,Autumn,0.1326,14,2
Barn Swallow,57.5,-2.08112,7.5,Autumn,0.1292,32,5
Barn Swallow,57.5,-1.83628,7.5,Autumn,0.1306,45,10
Barn Swallow,57.63514,-7.46756,7.5,Autumn,0.0999,72,11
Barn Swallow,57.63514,-7.22272,7.5,Autumn,0.1101,32,2
Barn Swallow,57.63514,-6.48821,7.5,Autumn,0.0916,42,3
Barn Swallow,57.63514,-6.24337,7.5,Autumn,0.1149,184,32
Barn Swallow,57.63514,-5.50885,7.5,Autumn,0.0891,11,2
Barn Swallow,57.63514,-5.01918,7.5,Autumn,0.093,9,1
Barn Swallow,57.63514,-4.77434,7.5,Autumn,0.0988,9,1
Barn Swallow,57.63514,-4.5295,7.5,Autumn,0.1203,83,14
Barn Swallow,57.63514,-4.28466,7.5,Autumn,0.1511,93,12
Barn Swallow,57.63514,-4.03983,7.5,Autumn,0.1637,581,115
Barn Swallow,57.63514,-3.79499,7.5,Autumn,0.1231,202,46
Barn Swallow,57.63514,-3.55015,7.5,Autumn,0.1333,283,24
Barn Swallow,57.63514,-3.30531,7.5,Autumn,0.0636,151,17
Barn Swallow,57.63514,-3.06047,7.5,Autumn,0.1471,109,17
Barn Swallow,57.63514,-2.81564,7.5,Autumn,0.1445,40,2
Barn Swallow,57.63514,-2.32596,7.5,Autumn,0.1427,32,4
Barn Swallow,57.63514,-2.08112,7.5,Autumn,0.1336,39,3
Barn Swallow,57.63514,-1.83628,7.5,Autumn,0.1196,165,36
Barn Swallow,57.77027,-7.22272,7.5,Autumn,0.0865,18,1
Barn Swallow,57.77027,-5.75369,7.5,Autumn,0.0961,55,8
Barn Swallow,57.77027,-5.50885,7.5,Autumn,0.0972,25,1
Barn Swallow,57.77027,-5.01918,7.5,Autumn,0.096,22,2
Barn Swallow,57.77027,-4.28466,7.5,Autumn,0.1113,4,1
Barn Swallow,57.77027,-4.03983,7.5,Autumn,0.1297,104,23
Barn Swallow,57.77027,-3.79499,7.5,Autumn,0.1208,172,49
Barn Swallow,57.77027,-3.55015,7.5,Autumn,0.1249,162,19
Barn Swallow,57.77027,-3.30531,7.5,Autumn,0.1262,202,29
Barn Swallow,57.90541,-5.26402,7.5,Autumn,0.118,101,8
Barn Swallow,57.90541,-4.77434,7.5,Autumn,0.0951,2,1
Barn Swallow,57.90541,-4.5295,7.5,Autumn,0.1088,32,8
Barn Swallow,57.90541,-4.28466,7.5,Autumn,0.118,86,14
Barn Swallow,57.90541,-4.03983,7.5,Autumn,0.1289,167,26
Barn Swallow,57.90541,-3.79499,7.5,Autumn,0.1289,76,20
Barn Swallow,58.04054,-5.50885,7.5,Autumn,0.0968,2,1
Barn Swallow,58.04054,-4.5295,7.5,Autumn,0.0969,24,3
Barn Swallow,58.04054,-4.28466,7.5,Autumn,0.0943,19,1
Barn Swallow,58.04054,-4.03983,7.5,Autumn,0.1033,14,2
Barn Swallow,58.04054,-3.79499,7.5,Autumn,0.1477,34,8
Barn Swallow,58.17568,-6.73304,7.5,Autumn,0.1073,14,3
Barn Swallow,58.17568,-6.48821,7.5,Autumn,0.0908,64,7
Barn Swallow,58.17568,-6.24337,7.5,Autumn,0.1168,72,1
Barn Swallow,58.17568,-5.26402,7.5,Autumn,0.1055,50,4
Barn Swallow,58.17568,-3.55015,7.5,Autumn,0.1317,13,4
Barn Swallow,58.31081,-6.97788,7.5,Autumn,0.0865,8,1
Barn Swallow,58.31081,-6.73304,7.5,Autumn,0.1082,87,5
Barn Swallow,58.31081,-6.48821,7.5,Autumn,0.1006,22,2
Barn Swallow,58.31081,-6.24337,7.5,Autumn,0.1103,117,9
Barn Swallow,58.31081,-5.26402,7.5,Autumn,0.0968,10,2
Barn Swallow,58.31081,-5.01918,7.5,Autumn,0.0994,7,1
Barn Swallow,58.31081,-4.03983,7.5,Autumn,0.103,4,1
Barn Swallow,58.31081,-3.79499,7.5,Autumn,0.1118,14,3
Barn Swallow,58.31081,-3.30531,7.5,Autumn,0.1345,14,3
Barn Swallow,58.44595,-6.24337,7.5,Autumn,0.0993,109,8
Barn Swallow,58.44595,-4.77434,7.5,Autumn,0.1245,2,2
Barn Swallow,58.44595,-3.79499,7.5,Autumn,0.1237,8,1
Barn Swallow,58.44595,-3.55015,7.5,Autumn,0.1224,4,2
Barn Swallow,58.44595,-3.30531,7.5,Autumn,0.1286,3,1
Barn Swallow,58.44595,-3.06047,7.5,Autumn,0.145,54,14
Barn Swallow,58.58108,-6.24337,7.5,Autumn,0.0943,58,1
Barn Swallow,58.58108,-4.77434,7.5,Autumn,0.1313,66,15
Barn Swallow,58.58108,-4.03983,7.5,Autumn,0.1636,21,1
Barn Swallow,58.58108,-3.79499,7.5,Autumn,0.1688,9,1
Barn Swallow,58.58108,-3.55015,7.5,Autumn,0.0819,31,8
Barn Swallow,58.58108,-3.30531,7.5,Autumn,0.1404,53,8
Barn Swallow,58.58108,-3.06047,7.5,Autumn,0.1549,95,7
Barn Swallow,58.71622,-3.55015,7.5,Autumn,0.132,4,4
Barn Swallow,58.71622,-3.30531,7.5,Autumn,0.1313,18,1
Barn Swallow,58.71622,-3.06047,7.5,Autumn,0.1455,35,6
Barn Swallow,58.71622,-2.81564,7.5,Autumn,0.1524,5,3
Barn Swallow,58.85135,-3.30531,7.5,Autumn,0.1484,14,6
Barn Swallow,58.85135,-3.06047,7.5,Autumn,0.1612,54,8
Barn Swallow,58.85135,-2.81564,7.5,Autumn,0.1706,100,20
Barn Swallow,58.98649,-3.30531,7.5,Autumn,0.1552,157,40
Barn Swallow,58.98649,-3.06047,7.5,Autumn,0.1473,134,23
Barn Swallow,58.98649,-2.81564,7.5,Autumn,0.1839,98,53
Barn Swallow,59.12162,-3.30531,7.5,Autumn,0.1879,100,30
Barn Swallow,59.12162,-3.06047,7.5,Autumn,0.1947,80,13
Barn Swallow,59.12162,-2.81564,7.5,Autumn,0.1717,4,1
Barn Swallow,59.12162,-2.5708,7.5,Autumn,0.1613,41,3
Barn Swallow,59.25676,-2.81564,7.5,Autumn,0.179,2,1
Barn Swallow,59.25676,-2.5708,7.5,Autumn,0.1734,8,5
Barn Swallow,59.25676,-2.32596,7.5,Autumn,0.1573,3,1
Barn Swallow,59.39189,-2.32596,7.5,Autumn,0.1032,327,89
Barn Swallow,59.52703,-1.59145,7.5,Autumn,0.1028,323,103
Barn Swallow,59.7973,-1.34661,7.5,Autumn,0.1269,168,9
Barn Swallow,59.93243,-1.34661,7.5,Autumn,0.1373,2628,383
Barn Swallow,59.93243,-1.10177,7.5,Autumn,0.0697,77,6
Barn Swallow,60.06757,-4.03983,7.5,Autumn,0.0545,7,1
Barn Swallow,60.06757,-2.08112,7.5,Autumn,0.0583,16,4
Barn Swallow,60.06757,-1.34661,7.5,Autumn,0.0377,907,62
Barn Swallow,60.06757,-1.10177,7.5,Autumn,0.0358,253,13
Barn Swallow,60.2027,-1.59145,7.5,Autumn,0.0447,63,2
Barn Swallow,60.2027,-1.34661,7.5,Autumn,0.0432,500,10
Barn Swallow,60.2027,-1.10177,7.5,Autumn,0.0332,824,25
Barn Swallow,60.33784,-1.59145,7.5,Autumn,0.0371,107,1
Barn Swallow,60.33784,-1.34661,7.5,Autumn,0.0609,397,30
Barn Swallow,60.33784,-1.10177,7.5,Autumn,0.036,219,5
Barn Swallow,60.33784,-0.85693,7.5,Autumn,0.0405,31,2
Barn Swallow,60.47297,-1.59145,7.5,Autumn,0.0404,176,9
Barn Swallow,60.47297,-1.34661,7.5,Autumn,0.0375,240,2
Barn Swallow,60.47297,-1.10177,7.5,Autumn,0.0311,149,2
Barn Swallow,60.47297,-0.85693,7.5,Autumn,0.0395,36,1
Barn Swallow,60.60811,-0.85693,7.5,Autumn,0.0359,32,1
Barn Swallow,60.74324,-0.85693,7.5,Autumn,0.0419,798,44
Barn Swallow,60.87838,-0.85693,7.5,Autumn,0.0845,125,5
Barn Swallow,54.66216,-5.01918,7.5,Spring,0.3725,17,12
Barn Swallow,54.66216,-4.77434,7.5,Spring,0.3571,75,55
Barn Swallow,54.66216,-4.28466,7.5,Spring,0.3511,9,5
Barn Swallow,54.7973,-5.26402,7.5,Spring,0.3329,4,1
Barn Swallow,54.7973,-5.01918,7.5,Spring,0.3779,84,36
Barn Swallow,54.7973,-4.77434,7.5,Spring,0.353,11,2
Barn Swallow,54.7973,-4.5295,7.5,Spring,0.3503,51,21
Barn Swallow,54.7973,-4.28466,7.5,Spring,0.3468,23,11
Barn Swallow,54.7973,-4.03983,7.5,Spring,0.3728,114,21
Barn Swallow,54.7973,-3.79499,7.5,Spring,0.3456,19,10
Barn Swallow,54.93243,-5.26402,7.5,Spring,0.3377,4,1
Barn Swallow,54.93243,-5.01918,7.5,Spring,0.3672,134,38
Barn Swallow,54.93243,-4.77434,7.5,Spring,0.3546,32,20
Barn Swallow,54.93243,-4.5295,7.5,Spring,0.3466,64,26
Barn Swallow,54.93243,-4.28466,7.5,Spring,0.342,37,11
Barn Swallow,54.93243,-4.03983,7.5,Spring,0.3526,118,48
Barn Swallow,54.93243,-3.79499,7.5,Spring,0.3273,108,41
Barn Swallow,54.93243,-3.55015,7.5,Spring,0.3171,256,72
Barn Swallow,54.93243,-3.30531,7.5,Spring,0.3518,36,9
Barn Swallow,54.93243,-3.06047,7.5,Spring,0.3366,53,26
Barn Swallow,55.06757,-5.26402,7.5,Spring,0.3311,20,6
Barn Swallow,55.06757,-5.01918,7.5,Spring,0.3629,15,2
Barn Swallow,55.06757,-4.77434,7.5,Spring,0.3483,8,7
Barn Swallow,55.06757,-4.5295,7.5,Spring,0.3344,70,23
Barn Swallow,55.06757,-4.28466,7.5,Spring,0.3269,28,4
Barn Swallow,55.06757,-4.03983,7.5,Spring,0.334,73,24
Barn Swallow,55.06757,-3.79499,7.5,Spring,0.2946,21,1
Barn Swallow,55.06757,-3.55015,7.5,Spring,0.2158,243,51
Barn Swallow,55.06757,-3.30531,7.5,Spring,0.3066,79,17
Barn Swallow,55.06757,-3.06047,7.5,Spring,0.3181,32,7
Barn Swallow,55.2027,-5.01918,7.5,Spring,0.3486,21,2
Barn Swallow,55.2027,-4.77434,7.5,Spring,0.3567,32,14
Barn Swallow,55.2027,-4.5295,7.5,Spring,0.3462,42,1
Barn Swallow,55.2027,-4.28466,7.5,Spring,0.327,17,6
Barn Swallow,55.2027,-4.03983,7.5,Spring,0.3216,25,10
Barn Swallow,55.2027,-3.79499,7.5,Spring,0.3108,36,8
Barn Swallow,55.2027,-3.55015,7.5,Spring,0.3074,7,1
Barn Swallow,55.2027,-3.30531,7.5,Spring,0.3359,75,40
Barn Swallow,55.2027,-3.06047,7.5,Spring,0.3198,49,16
Barn Swallow,55.2027,-2.81564,7.5,Spring,0.2951,29,8
Barn Swallow,55.33784,-5.75369,7.5,Spring,0.3314,19,5
Barn Swallow,55.33784,-5.50885,7.5,Spring,0.3404,4,2
Barn Swallow,55.33784,-4.77434,7.5,Spring,0.3165,92,36
Barn Swallow,55.33784,-4.5295,7.5,Spring,0.3147,62,8
Barn Swallow,55.33784,-4.28466,7.5,Spring,0.3271,147,57
Barn Swallow,55.33784,-4.03983,7.5,Spring,0.3014,11,2
Barn Swallow,55.33784,-3.79499,7.5,Spring,0.2833,69,23
Barn Swallow,55.33784,-3.55015,7.5,Spring,0.3055,100,24
Barn Swallow,55.33784,-3.30531,7.5,Spring,0.2803,18,1
Barn Swallow,55.33784,-3.06047,7.5,Spring,0.2867,2,1
Barn Swallow,55.33784,-2.81564,7.5,Spring,0.2829,9,1
Barn Swallow,55.33784,-2.5708,7.5,Spring,0.2688,10,3
Barn Swallow,55.47297,-5.75369,7.5,Spring,0.3314,50,13
Barn Swallow,55.47297,-5.50885,7.5,Spring,0.3612,29,7
Barn Swallow,55.47297,-5.26402,7.5,Spring,0.3427,53,14
Barn Swallow,55.47297,-5.01918,7.5,Spring,0.3421,71,32
Barn Swallow,55.47297,-4.77434,7.5,Spring,0.2676,561,51
Barn Swallow,55.47297,-4.5295,7.5,Spring,0.2423,1120,188
Barn Swallow,55.47297,-4.28466,7.5,Spring,0.3106,36,12
Barn Swallow,55.47297,-3.79499,7.5,Spring,0.2893,119,27
Barn Swallow,55.47297,-3.55015,7.5,Spring,0.2406,116,33
Barn Swallow,55.47297,-3.30531,7.5,Spring,0.29,66,32
Barn Swallow,55.47297,-3.06047,7.5,Spring,0.2711,13,1
Barn Swallow,55.47297,-2.81564,7.5,Spring,0.261,51,7
Barn Swallow,55.47297,-2.5708,7.5,Spring,0.2629,52,9
Barn Swallow,55.47297,-2.32596,7.5,Spring,0.2916,5,1
Barn Swallow,55.60811,-6.24337,7.5,Spring,0.3411,237,75
Barn Swallow,55.60811,-5.99853,7.5,Spring,0.2838,16,4
Barn Swallow,55.60811,-5.75369,7.5,Spring,0.3173,34,7
Barn Swallow,55.60811,-5.50885,7.5,Spring,0.3539,16,4
Barn Swallow,55.60811,-5.26402,7.5,Spring,0.3157,166,63
Barn Swallow,55.60811,-5.01918,7.5,Spring,0.3252,34,12
Barn Swallow,55.60811,-4.77434,7.5,Spring,0.2927,3607,297
Barn Swallow,55.60811,-4.5295,7.5,Spring,0.1509,21683,3404
Barn Swallow,55.60811,-4.28466,7.5,Spring,0.2786,65,4
Barn Swallow,55.60811,-4.03983,7.5,Spring,0.2713,18,6
Barn Swallow,55.60811,-3.79499,7.5,Spring,0.2835,38,8
Barn Swallow,55.60811,-3.55015,7.5,Spring,0.2877,77,27
Barn Swallow,55.60811,-3.30531,7.5,Spring,0.2824,97,30
Barn Swallow,55.60811,-3.06047,7.5,Spring,0.2839,58,26
Barn Swallow,55.60811,-2.81564,7.5,Spring,0.199,127,32
Barn Swallow,55.60811,-2.5708,7.5,Spring,0.2756,64,10
Barn Swallow,55.60811,-2.32596,7.5,Spring,0.3033,44,11
Barn Swallow,55.74324,-6.48821,7.5,Spring,0.3169,81,16
Barn Swallow,55.74324,-6.24337,7.5,Spring,0.2953,131,22
Barn Swallow,55.74324,-5.99853,7.5,Spring,0.3092,27,5
Barn Swallow,55.74324,-5.75369,7.5,Spring,0.3007,3418,40
Barn Swallow,55.74324,-5.50885,7.5,Spring,0.3281,40,11
Barn Swallow,55.74324,-5.26402,7.5,Spring,0.3314,38,15
Barn Swallow,55.74324,-5.01918,7.5,Spring,0.3463,108,35
Barn Swallow,55.74324,-4.77434,7.5,Spring,0.3101,124,18
Barn Swallow,55.74324,-4.5295,7.5,Spring,0.2847,468,148
Barn Swallow,55.74324,-4.28466,7.5,Spring,0.2451,998,126
Barn Swallow,55.74324,-4.03983,7.5,Spring,0.2165,315,42
Barn Swallow,55.74324,-3.79499,7.5,Spring,0.2693,52,16
Barn Swallow,55.74324,-3.55015,7.5,Spring,0.2809,38,15
Barn Swallow,55.74324,-3.30531,7.5,Spring,0.3021,64,19
Barn Swallow,55.74324,-3.06047,7.5,Spring,0.3046,398,95
Barn Swallow,55.74324,-2.81564,7.5,Spring,0.2949,30,3
Barn Swallow,55.74324,-2.5708,7.5,Spring,0.3062,11,4
Barn Swallow,55.74324,-2.32596,7.5,Spring,0.3164,14,3
Barn Swallow,55.74324,-2.08112,7.5,Spring,0.303,42,8
Barn Swallow,55.87838,-6.48821,7.5,Spring,0.2332,24,10
Barn Swallow,55.87838,-6.24337,7.5,Spring,0.3353,110,34
Barn Swallow,55.87838,-5.99853,7.5,Spring,0.3023,48,20
Barn Swallow,55.87838,-5.75369,7.5,Spring,0.2997,3,2
Barn Swallow,55.87838,-5.50885,7.5,Spring,0.3001,30,8
Barn Swallow,55.87838,-5.26402,7.5,Spring,0.3306,41,12
Barn Swallow,55.87838,-5.01918,7.5,Spring,0.3216,56,22
Barn Swallow,55.87838,-4.77434,7.5,Spring,0.215,59,10
Barn Swallow,55.87838,-4.5295,7.5,Spring,0.221,458,39
Barn Swallow,55.87838,-4.28466,7.5,Spring,0.0756,2168,124
Barn Swallow,55.87838,-4.03983,7.5,Spring,0.09,258,28
Barn Swallow,55.87838,-3.79499,7.5,Spring,0.2591,47,11
Barn Swallow,55.87838,-3.55015,7.5,Spring,0.084,219,31
Barn Swallow,55.87838,-3.30531,7.5,Spring,0.2518,2071,220
Barn Swallow,55.87838,-3.06047,7.5,Spring,0.2693,2165,379
Barn Swallow,55.87838,-2.81564,7.5,Spring,0.3079,239,40
Barn Swallow,55.87838,-2.5708,7.5,Spring,0.3178,232,52
Barn Swallow,55.87838,-2.32596,7.5,Spring,0.3213,169,58
Barn Swallow,55.87838,-2.08112,7.5,Spring,0.35,288,126
Barn Swallow,56.01351,-6.24337,7.5,Spring,0.3411,34,19
Barn Swallow,56.01351,-5.99853,7.5,Spring,0.3494,11,9
Barn Swallow,56.01351,-5.75369,7.5,Spring,0.3412,19,10
Barn Swallow,56.01351,-5.50885,7.5,Spring,0.3161,97,34
Barn Swallow,56.01351,-5.26402,7.5,Spring,0.3167,45,11
Barn Swallow,56.01351,-5.01918,7.5,Spring,0.2987,167,52
Barn Swallow,56.01351,-4.77434,7.5,Spring,0.2456,189,28
Barn Swallow,56.01351,-4.5295,7.5,Spring,0.2887,435,124
Barn Swallow,56.01351,-4.28466,7.5,Spring,0.2785,175,38
Barn Swallow,56.01351,-4.03983,7.5,Spring,0.2418,39,6
Barn Swallow,56.01351,-3.79499,7.5,Spring,0.1304,421,122
Barn Swallow,56.01351,-3.55015,7.5,Spring,0.2581,493,80
Barn Swallow,56.01351,-3.30531,7.5,Spring,0.2545,2906,217
Barn Swallow,56.01351,-3.06047,7.5,Spring,0.2756,2432,510
Barn Swallow,56.01351,-2.81564,7.5,Spring,0.332,928,243
Barn Swallow,56.01351,-2.5708,7.5,Spring,0.3736,754,228
Barn Swallow,56.01351,-2.32596,7.5,Spring,0.3468,300,128
Barn Swallow,56.14865,-6.24337,7.5,Spring,0.2916,11,4
Barn Swallow,56.14865,-5.50885,7.5,Spring,0.3381,78,33
Barn Swallow,56.14865,-5.26402,7.5,Spring,0.3185,28,11
Barn Swallow,56.14865,-5.01918,7.5,Spring,0.315,25,7
Barn Swallow,56.14865,-4.77434,7.5,Spring,0.3097,77,22
Barn Swallow,56.14865,-4.5295,7.5,Spring,0.3052,234,73
Barn Swallow,56.14865,-4.28466,7.5,Spring,0.2915,180,42
Barn Swallow,56.14865,-4.03983,7.5,Spring,0.2591,535,106
Barn Swallow,56.14865,-3.79499,7.5,Spring,0.2761,695,175
Barn Swallow,56.14865,-3.55015,7.5,Spring,0.265,219,43
Barn Swallow,56.14865,-3.30531,7.5,Spring,0.2645,652,199
Barn Swallow,56.14865,-3.06047,7.5,Spring,0.2726,422,107
Barn Swallow,56.14865,-2.81564,7.5,Spring,0.332,399,140
Barn Swallow,56.14865,-2.5708,7.5,Spring,0.3368,243,84
Barn Swallow,56.28378,-6.48821,7.5,Spring,0.2213,342,172
Barn Swallow,56.28378,-6.24337,7.5,Spring,0.347,133,49
Barn Swallow,56.28378,-5.99853,7.5,Spring,0.3225,21,8
Barn Swallow,56.28378,-5.75369,7.5,Spring,0.3078,17,5
Barn Swallow,56.28378,-5.50885,7.5,Spring,0.3322,44,18
Barn Swallow,56.28378,-5.26402,7.5,Spring,0.3031,4,2
Barn Swallow,56.28378,-5.01918,7.5,Spring,0.3172,58,26
Barn Swallow,56.28378,-4.77434,7.5,Spring,0.3136,86,29
Barn Swallow,56.28378,-4.5295,7.5,Spring,0.3042,56,18
Barn Swallow,56.28378,-4.28466,7.5,Spring,0.2917,269,67
Barn Swallow,56.28378,-4.03983,7.5,Spring,0.2892,43,8
Barn Swallow,56.28378,-3.79499,7.5,Spring,0.2936,106,21
Barn Swallow,56.28378,-3.55015,7.5,Spring,0.2823,32,6
Barn Swallow,56.28378,-3.30531,7.5,Spring,0.2841,146,37
Barn Swallow,56.28378,-3.06047,7.5,Spring,0.2905,546,151
Barn Swallow,56.28378,-2.81564,7.5,Spring,0.333,1514,374
Barn Swallow,56.28378,-2.5708,7.5,Spring,0.3683,559,209
Barn Swallow,56.41892,-6.97788,7.5,Spring,0.1945,28,9
Barn Swallow,56.41892,-6.24337,7.5,Spring,0.2872,177,36
Barn Swallow,56.41892,-5.99853,7.5,Spring,0.3049,401,83
Barn Swallow,56.41892,-5.75369,7.5,Spring,0.3194,385,130
Barn Swallow,56.41892,-5.50885,7.5,Spring,0.1764,396,52
Barn Swallow,56.41892,-5.26402,7.5,Spring,0.2941,39,4
Barn Swallow,56.41892,-5.01918,7.5,Spring,0.3017,73,32
Barn Swallow,56.41892,-4.77434,7.5,Spring,0.2921,54,18
Barn Swallow,56.41892,-4.5295,7.5,Spring,0.2853,40,11
Barn Swallow,56.41892,-4.28466,7.5,Spring,0.2741,86,31
Barn Swallow,56.41892,-4.03983,7.5,Spring,0.2772,122,27
Barn Swallow,56.41892,-3.79499,7.5,Spring,0.2758,80,12
Barn Swallow,56.41892,-3.55015,7.5,Spring,0.2566,238,38
Barn Swallow,56.41892,-3.30531,7.5,Spring,0.2639,261,64
Barn Swallow,56.41892,-3.06047,7.5,Spring,0.2702,540,51
Barn Swallow,56.41892,-2.81564,7.5,Spring,0.3268,655,161
Barn Swallow,56.55405,-6.97788,7.5,Spring,0.1832,33,5
Barn Swallow,56.55405,-6.73304,7.5,Spring,0.2391,34,8
Barn Swallow,56.55405,-6.48821,7.5,Spring,0.197,149,6
Barn Swallow,56.55405,-6.24337,7.5,Spring,0.2754,182,49
Barn Swallow,56.55405,-5.99853,7.5,Spring,0.3027,283,75
Barn Swallow,56.55405,-5.75369,7.5,Spring,0.3069,158,36
Barn Swallow,56.55405,-5.50885,7.5,Spring,0.2871,85,44
Barn Swallow,56.55405,-5.26402,7.5,Spring,0.3088,50,14
Barn Swallow,56.55405,-4.77434,7.5,Spring,0.2902,40,8
Barn Swallow,56.55405,-4.5295,7.5,Spring,0.263,2,1
Barn Swallow,56.55405,-4.28466,7.5,Spring,0.2384,17,5
Barn Swallow,56.55405,-4.03983,7.5,Spring,0.2291,55,11
Barn Swallow,56.55405,-3.79499,7.5,Spring,0.2683,74,19
Barn Swallow,56.55405,-3.55015,7.5,Spring,0.2692,294,82
Barn Swallow,56.55405,-3.30531,7.5,Spring,0.2742,54,10
Barn Swallow,56.55405,-3.06047,7.5,Spring,0.2783,50,13
Barn Swallow,56.55405,-2.81564,7.5,Spring,0.3041,55,12
Barn Swallow,56.55405,-2.5708,7.5,Spring,0.3252,109,20
Barn Swallow,56.68919,-6.73304,7.5,Spring,0.1692,4,1
Barn Swallow,56.68919,-6.48821,7.5,Spring,0.2609,42,16
Barn Swallow,56.68919,-6.24337,7.5,Spring,0.2885,84,18
Barn Swallow,56.68919,-5.99853,7.5,Spring,0.2909,205,30
Barn Swallow,56.68919,-5.75369,7.5,Spring,0.2929,96,14
Barn Swallow,56.68919,-5.50885,7.5,Spring,0.284,74,13
Barn Swallow,56.68919,-5.26402,7.5,Spring,0.2845,113,32
Barn Swallow,56.68919,-5.01918,7.5,Spring,0.2742,215,22
Barn Swallow,56.68919,-4.77434,7.5,Spring,0.2803,29,6
Barn Swallow,56.68919,-4.5295,7.5,Spring,0.2697,10,2
Barn Swallow,56.68919,-4.03983,7.5,Spring,0.2157,46,9
Barn Swallow,56.68919,-3.79499,7.5,Spring,0.2392,290,65
Barn Swallow,56.68919,-3.55015,7.5,Spring,0.2608,26,11
Barn Swallow,56.68919,-3.30531,7.5,Spring,0.2679,83,20
Barn Swallow,56.68919,-3.06047,7.5,Spring,0.2832,181,48
Barn Swallow,56.68919,-2.81564,7.5,Spring,0.3059,111,23
Barn Swallow,56.68919,-2.5708,7.5,Spring,0.3175,253,54
Barn Swallow,56.68919,-2.32596,7.5,Spring,0.3207,22,5
Barn Swallow,56.82432,-7.46756,7.5,Spring,0.2056,5,4
Barn Swallow,56.82432,-6.24337,7.5,Spring,0.2414,25,9
Barn Swallow,56.82432,-5.99853,7.5,Spring,0.2593,17,3
Barn Swallow,56.82432,-5.75369,7.5,Spring,0.2722,83,18
Barn Swallow,56.82432,-5.50885,7.5,Spring,0.274,86,20
Barn Swallow,56.82432,-5.26402,7.5,Spring,0.2574,28,1
Barn Swallow,56.82432,-5.01918,7.5,Spring,0.2322,256,35
Barn Swallow,56.82432,-4.77434,7.5,Spring,0.276,30,9
Barn Swallow,56.82432,-4.28466,7.5,Spring,0.2398,17,4
Barn Swallow,56.82432,-4.03983,7.5,Spring,0.2054,45,9
Barn Swallow,56.82432,-3.79499,7.5,Spring,0.1943,59,16
Barn Swallow,56.82432,-3.55015,7.5,Spring,0.1853,19,1
Barn Swallow,56.82432,-3.30531,7.5,Spring,0.214,111,17
Barn Swallow,56.82432,-3.06047,7.5,Spring,0.2359,25,10
Barn Swallow,56.82432,-2.81564,7.5,Spring,0.2943,10,1
Barn Swallow,56.82432,-2.5708,7.5,Spring,0.3152,127,41
Barn Swallow,56.82432,-2.32596,7.5,Spring,0.3344,78,22
Barn Swallow,56.95946,-7.46756,7.5,Spring,0.2585,82,18
Barn Swallow,56.95946,-6.73304,7.5,Spring,0.1768,2,1
Barn Swallow,56.95946,-6.24337,7.5,Spring,0.2746,108,33
Barn Swallow,56.95946,-5.99853,7.5,Spring,0.245,11,1
Barn Swallow,56.95946,-5.75369,7.5,Spring,0.254,175,43
Barn Swallow,56.95946,-5.01918,7.5,Spring,0.2656,46,13
Barn Swallow,56.95946,-4.77434,7.5,Spring,0.2761,11,2
Barn Swallow,56.95946,-4.5295,7.5,Spring,0.2709,55,23
Barn Swallow,56.95946,-4.28466,7.5,Spring,0.2202,91,25
Barn Swallow,56.95946,-3.79499,7.5,Spring,0.1799,7,2
Barn Swallow,56.95946,-3.55015,7.5,Spring,0.1747,57,17
Barn Swallow,56.95946,-3.30531,7.5,Spring,0.1776,107,13
Barn Swallow,56.95946,-3.06047,7.5,Spring,0.2125,23,2
Barn Swallow,56.95946,-2.81564,7.5,Spring,0.2913,10,4
Barn Swallow,56.95946,-2.5708,7.5,Spring,0.3154,21,6
Barn Swallow,56.95946,-2.32596,7.5,Spring,0.3194,74,23
Barn Swallow,56.95946,-2.08112,7.5,Spring,0.3178,269,91
Barn Swallow,57.09459,-7.46756,7.5,Spring,0.2038,60,18
Barn Swallow,57.09459,-7.22272,7.5,Spring,0.212,65,6
Barn Swallow,57.09459,-6.48821,7.5,Spring,0.1895,30,14
Barn Swallow,57.09459,-5.99853,7.5,Spring,0.2719,100,12
Barn Swallow,57.09459,-5.75369,7.5,Spring,0.2753,50,15
Barn Swallow,57.09459,-4.77434,7.5,Spring,0.2636,114,40
Barn Swallow,57.09459,-4.5295,7.5,Spring,0.1853,8,1
Barn Swallow,57.09459,-4.28466,7.5,Spring,0.1943,5,1
Barn Swallow,57.09459,-4.03983,7.5,Spring,0.1841,709,149
Barn Swallow,57.09459,-3.79499,7.5,Spring,0.1348,375,33
Barn Swallow,57.09459,-3.55015,7.5,Spring,0.1287,433,21
Barn Swallow,57.09459,-3.30531,7.5,Spring,0.1462,78,4
Barn Swallow,57.09459,-3.06047,7.5,Spring,0.1655,69,9
Barn Swallow,57.09459,-2.81564,7.5,Spring,0.2469,188,51
Barn Swallow,57.09459,-2.5708,7.5,Spring,0.3113,64,16
Barn Swallow,57.09459,-2.32596,7.5,Spring,0.3032,89,14
Barn Swallow,57.09459,-2.08112,7.5,Spring,0.3395,1560,399
Barn Swallow,57.22973,-7.46756,7.5,Spring,0.2562,214,58
Barn Swallow,57.22973,-7.22272,7.5,Spring,0.1861,50,3
Barn Swallow,57.22973,-6.48821,7.5,Spring,0.184,23,6
Barn Swallow,57.22973,-6.24337,7.5,Spring,0.2166,115,7
Barn Swallow,57.22973,-5.99853,7.5,Spring,0.2654,315,67
Barn Swallow,57.22973,-5.75369,7.5,Spring,0.2353,159,24
Barn Swallow,57.22973,-5.50885,7.5,Spring,0.2708,128,22
Barn Swallow,57.22973,-5.26402,7.5,Spring,0.2391,5,1
Barn Swallow,57.22973,-5.01918,7.5,Spring,0.2334,41,8
Barn Swallow,57.22973,-4.77434,7.5,Spring,0.1927,34,10
Barn Swallow,57.22973,-4.5295,7.5,Spring,0.2492,45,9
Barn Swallow,57.22973,-4.28466,7.5,Spring,0.2535,11,2
Barn Swallow,57.22973,-4.03983,7.5,Spring,0.2501,252,55
Barn Swallow,57.22973,-3.79499,7.5,Spring,0.2255,2240,272
Barn Swallow,57.22973,-3.55015,7.5,Spring,0.1232,560,69
Barn Swallow,57.22973,-3.30531,7.5,Spring,0.1452,123,30
Barn Swallow,57.22973,-3.06047,7.5,Spring,0.1695,10,9
Barn Swallow,57.22973,-2.81564,7.5,Spring,0.2289,24,6
Barn Swallow,57.22973,-2.5708,7.5,Spring,0.2959,20,6
Barn Swallow,57.22973,-2.32596,7.5,Spring,0.2963,52,10
Barn Swallow,57.22973,-2.08112,7.5,Spring,0.3012,488,77
Barn Swallow,57.36486,-7.46756,7.5,Spring,0.2047,199,29
Barn Swallow,57.36486,-7.22272,7.5,Spring,0.197,119,5
Barn Swallow,57.36486,-6.73304,7.5,Spring,0.2107,87,2
Barn Swallow,57.36486,-6.48821,7.5,Spring,0.2463,77,10
Barn Swallow,57.36486,-6.24337,7.5,Spring,0.2125,242,25
Barn Swallow,57.36486,-5.99853,7.5,Spring,0.2579,41,3
Barn Swallow,57.36486,-5.75369,7.5,Spring,0.2695,69,16
Barn Swallow,57.36486,-5.50885,7.5,Spring,0.2773,59,7
Barn Swallow,57.36486,-5.01918,7.5,Spring,0.2318,15,4
Barn Swallow,57.36486,-4.77434,7.5,Spring,0.2495,86,26
Barn Swallow,57.36486,-4.5295,7.5,Spring,0.2653,272,72
Barn Swallow,57.36486,-4.28466,7.5,Spring,0.2596,333,68
Barn Swallow,57.36486,-4.03983,7.5,Spring,0.2581,118,15
Barn Swallow,57.36486,-3.79499,7.5,Spring,0.2512,407,35
Barn Swallow,57.36486,-3.55015,7.5,Spring,0.2424,445,48
Barn Swallow,57.36486,-3.30531,7.5,Spring,0.2522,43,15
Barn Swallow,57.36486,-2.81564,7.5,Spring,0.2687,14,2
Barn Swallow,57.36486,-2.5708,7.5,Spring,0.2894,25,12
Barn Swallow,57.36486,-2.32596,7.5,Spring,0.3024,30,16
Barn Swallow,57.36486,-2.08112,7.5,Spring,0.3123,274,81
Barn Swallow,57.36486,-1.83628,7.5,Spring,0.3066,69,16
Barn Swallow,57.5,-7.46756,7.5,Spring,0.2004,266,76
Barn Swallow,57.5,-7.22272,7.5,Spring,0.2144,151,22
Barn Swallow,57.5,-6.73304,7.5,Spring,0.1923,445,58
Barn Swallow,57.5,-6.48821,7.5,Spring,0.2356,129,13
Barn Swallow,57.5,-6.24337,7.5,Spring,0.2103,165,16
Barn Swallow,57.5,-5.75369,7.5,Spring,0.2188,47,16
Barn Swallow,57.5,-5.50885,7.5,Spring,0.2277,38,8
Barn Swallow,57.5,-5.01918,7.5,Spring,0.2299,14,1
Barn Swallow,57.5,-4.77434,7.5,Spring,0.2646,7,2
Barn Swallow,57.5,-4.5295,7.5,Spring,0.2634,192,38
Barn Swallow,57.5,-4.28466,7.5,Spring,0.2648,915,212
Barn Swallow,57.5,-4.03983,7.5,Spring,0.263,691,193
Barn Swallow,57.5,-3.79499,7.5,Spring,0.2586,39,8
Barn Swallow,57.5,-3.55015,7.5,Spring,0.2602,26,5
Barn Swallow,57.5,-3.30531,7.5,Spring,0.2663,49,16
Barn Swallow,57.5,-3.06047,7.5,Spring,0.2855,32,6
Barn Swallow,57.5,-2.81564,7.5,Spring,0.3005,26,7
Barn Swallow,57.5,-2.32596,7.5,Spring,0.2906,43,11
Barn Swallow,57.5,-2.08112,7.5,Spring,0.2933,46,9
Barn Swallow,57.5,-1.83628,7.5,Spring,0.3035,128,32
Barn Swallow,57.63514,-7.46756,7.5,Spring,0.2415,489,158
Barn Swallow,57.63514,-7.22272,7.5,Spring,0.1926,123,10
Barn Swallow,57.63514,-6.48821,7.5,Spring,0.1878,131,23
Barn Swallow,57.63514,-6.24337,7.5,Spring,0.272,360,59
Barn Swallow,57.63514,-5.75369,7.5,Spring,0.2724,56,38
Barn Swallow,57.63514,-5.50885,7.5,Spring,0.2139,19,6
Barn Swallow,57.63514,-5.26402,7.5,Spring,0.2295,54,6
Barn Swallow,57.63514,-5.01918,7.5,Spring,0.2351,22,7
Barn Swallow,57.63514,-4.77434,7.5,Spring,0.2597,38,7
Barn Swallow,57.63514,-4.5295,7.5,Spring,0.2689,168,46
Barn Swallow,57.63514,-4.28466,7.5,Spring,0.2839,160,24
Barn Swallow,57.63514,-4.03983,7.5,Spring,0.2899,569,136
Barn Swallow,57.63514,-3.79499,7.5,Spring,0.2595,223,35
Barn Swallow,57.63514,-3.55015,7.5,Spring,0.2552,328,37
Barn Swallow,57.63514,-3.30531,7.5,Spring,0.1909,232,65
Barn Swallow,57.63514,-3.06047,7.5,Spring,0.2818,167,61
Barn Swallow,57.63514,-2.81564,7.5,Spring,0.3071,87,13
Barn Swallow,57.63514,-2.5708,7.5,Spring,0.3202,131,24
Barn Swallow,57.63514,-2.32596,7.5,Spring,0.3349,147,62
Barn Swallow,57.63514,-2.08112,7.5,Spring,0.322,51,10
Barn Swallow,57.63514,-1.83628,7.5,Spring,0.3221,232,127
Barn Swallow,57.77027,-8.69175,7.5,Spring,0.1754,65,20
Barn Swallow,57.77027,-8.44691,7.5,Spring,0.1768,23,5
Barn Swallow,57.77027,-7.22272,7.5,Spring,0.1602,66,10
Barn Swallow,57.77027,-6.97788,7.5,Spring,0.1588,68,3
Barn Swallow,57.77027,-5.75369,7.5,Spring,0.2402,131,31
Barn Swallow,57.77027,-5.50885,7.5,Spring,0.2279,84,21
Barn Swallow,57.77027,-5.01918,7.5,Spring,0.2303,49,10
Barn Swallow,57.77027,-4.28466,7.5,Spring,0.2606,40,10
Barn Swallow,57.77027,-4.03983,7.5,Spring,0.2648,201,55
Barn Swallow,57.77027,-3.79499,7.5,Spring,0.2573,199,70
Barn Swallow,57.77027,-3.55015,7.5,Spring,0.2584,157,30
Barn Swallow,57.77027,-3.30531,7.5,Spring,0.2639,165,21
Barn Swallow,57.77027,-2.81564,7.5,Spring,0.299,41,9
Barn Swallow,57.90541,-6.97788,7.5,Spring,0.1755,91,4
Barn Swallow,57.90541,-6.73304,7.5,Spring,0.1815,58,4
Barn Swallow,57.90541,-5.75369,7.5,Spring,0.2418,31,3
Barn Swallow,57.90541,-5.50885,7.5,Spring,0.2416,117,23
Barn Swallow,57.90541,-5.26402,7.5,Spring,0.2656,130,20
Barn Swallow,57.90541,-4.5295,7.5,Spring,0.244,18,6
Barn Swallow,57.90541,-4.28466,7.5,Spring,0.2476,115,13
Barn Swallow,57.90541,-4.03983,7.5,Spring,0.245,326,64
Barn Swallow,57.90541,-3.79499,7.5,Spring,0.2407,70,26
Barn Swallow,58.04054,-7.22272,7.5,Spring,0.1533,4,1
Barn Swallow,58.04054,-6.48821,7.5,Spring,0.199,31,3
Barn Swallow,58.04054,-5.50885,7.5,Spring,0.2359,6,1
Barn Swallow,58.04054,-4.5295,7.5,Spring,0.2377,61,18
Barn Swallow,58.04054,-4.28466,7.5,Spring,0.2355,55,7
Barn Swallow,58.04054,-4.03983,7.5,Spring,0.2358,61,12
Barn Swallow,58.04054,-3.79499,7.5,Spring,0.2656,75,24
Barn Swallow,58.17568,-6.97788,7.5,Spring,0.1621,41,2
Barn Swallow,58.17568,-6.73304,7.5,Spring,0.1916,86,14
Barn Swallow,58.17568,-6.48821,7.5,Spring,0.1887,169,10
Barn Swallow,58.17568,-6.24337,7.5,Spring,0.2599,77,12
Barn Swallow,58.17568,-5.26402,7.5,Spring,0.2511,130,17
Barn Swallow,58.17568,-5.01918,7.5,Spring,0.2112,28,1
Barn Swallow,58.17568,-4.5295,7.5,Spring,0.221,9,1
Barn Swallow,58.17568,-4.03983,7.5,Spring,0.2361,8,6
Barn Swallow,58.17568,-3.79499,7.5,Spring,0.232,13,5
Barn Swallow,58.17568,-3.55015,7.5,Spring,0.2474,19,7
Barn Swallow,58.17568,-1.83628,7.5,Spring,0.1723,1,1
Barn Swallow,58.31081,-6.73304,7.5,Spring,0.1826,84,14
Barn Swallow,58.31081,-6.48821,7.5,Spring,0.193,58,10
Barn Swallow,58.31081,-6.24337,7.5,Spring,0.2642,135,26
Barn Swallow,58.31081,-5.26402,7.5,Spring,0.2243,43,6
Barn Swallow,58.31081,-5.01918,7.5,Spring,0.2225,43,2
Barn Swallow,58.31081,-4.77434,7.5,Spring,0.2196,1,1
Barn Swallow,58.31081,-4.5295,7.5,Spring,0.2317,14,9
Barn Swallow,58.31081,-4.03983,7.5,Spring,0.2361,3,1
Barn Swallow,58.31081,-3.79499,7.5,Spring,0.2537,31,18
Barn Swallow,58.31081,-3.55015,7.5,Spring,0.2555,14,1
Barn Swallow,58.31081,-3.30531,7.5,Spring,0.2656,19,5
Barn Swallow,58.31081,-3.06047,7.5,Spring,0.2762,18,1
Barn Swallow,58.44595,-6.48821,7.5,Spring,0.1927,12,3
Barn Swallow,58.44595,-6.24337,7.5,Spring,0.2469,106,34
Barn Swallow,58.44595,-5.26402,7.5,Spring,0.2237,89,16
Barn Swallow,58.44595,-5.01918,7.5,Spring,0.2539,31,4
Barn Swallow,58.44595,-4.5295,7.5,Spring,0.2626,28,9
Barn Swallow,58.44595,-4.03983,7.5,Spring,0.2596,1,1
Barn Swallow,58.44595,-3.55015,7.5,Spring,0.2543,11,1
Barn Swallow,58.44595,-3.30531,7.5,Spring,0.2625,21,4
Barn Swallow,58.44595,-3.06047,7.5,Spring,0.2677,87,30
Barn Swallow,58.44595,0.36726,7.5,Spring,0.1454,2,2
Barn Swallow,58.58108,-6.24337,7.5,Spring,0.222,71,13
Barn Swallow,58.58108,-4.77434,7.5,Spring,0.2649,149,51
Barn Swallow,58.58108,-4.5295,7.5,Spring,0.2793,1,1
Barn Swallow,58.58108,-4.28466,7.5,Spring,0.248,22,7
Barn Swallow,58.58108,-4.03983,7.5,Spring,0.2859,19,10
Barn Swallow,58.58108,-3.79499,7.5,Spring,0.2777,34,9
Barn Swallow,58.58108,-3.55015,7.5,Spring,0.2463,95,27
Barn Swallow,58.58108,-3.30531,7.5,Spring,0.2663,100,20
Barn Swallow,58.58108,-3.06047,7.5,Spring,0.2849,142,41
Barn Swallow,58.71622,-3.30531,7.5,Spring,0.262,86,27
Barn Swallow,58.71622,-3.06047,7.5,Spring,0.2786,32,14
Barn Swallow,58.85135,-3.30531,7.5,Spring,0.269,97,14
Barn Swallow,58.85135,-3.06047,7.5,Spring,0.2763,66,24
Barn Swallow,58.85135,-2.81564,7.5,Spring,0.3041,115,32
Barn Swallow,58.98649,-3.30531,7.5,Spring,0.2634,299,59
Barn Swallow,58.98649,-3.06047,7.5,Spring,0.2776,323,72
Barn Swallow,58.98649,-2.81564,7.5,Spring,0.3016,106,52
Barn Swallow,59.12162,-3.30531,7.5,Spring,0.2801,228,64
Barn Swallow,59.12162,-3.06047,7.5,Spring,0.2822,182,31
Barn Swallow,59.12162,-2.81564,7.5,Spring,0.2859,15,2
Barn Swallow,59.12162,-2.5708,7.5,Spring,0.2987,7,2
Barn Swallow,59.25676,-3.06047,7.5,Spring,0.2715,27,15
Barn Swallow,59.25676,-2.81564,7.5,Spring,0.3037,23,1
Barn Swallow,59.25676,-2.5708,7.5,Spring,0.3069,8,2
Barn Swallow,59.39189,-3.06047,7.5,Spring,0.253,21,4
Barn Swallow,59.39189,-2.81564,7.5,Spring,0.28,24,8
Barn Swallow,59.39189,-2.32596,7.5,Spring,0.2774,344,186
Barn Swallow,59.52703,-1.59145,7.5,Spring,0.1788,456,199
Barn Swallow,59.7973,-1.34661,7.5,Spring,0.2168,175,29
Barn Swallow,59.93243,-1.34661,7.5,Spring,0.1641,1629,262
Barn Swallow,59.93243,-1.10177,7.5,Spring,0.1082,131,2
Barn Swallow,60.06757,-2.08112,7.5,Spring,0.1275,22,6
Barn Swallow,60.06757,-1.34661,7.5,Spring,0.0643,437,48
Barn Swallow,60.06757,-1.10177,7.5,Spring,0.0836,123,7
Barn Swallow,60.2027,-1.59145,7.5,Spring,0.0889,49,4
Barn Swallow,60.2027,-1.34661,7.5,Spring,0.0665,134,9
Barn Swallow,60.2027,-1.10177,7.5,Spring,0.0839,488,29
Barn Swallow,60.33784,-1.59145,7.5,Spring,0.0687,34,2
Barn Swallow,60.33784,-1.10177,7.5,Spring,0.0488,26,1
Barn Swallow,60.47297,-1.59145,7.5,Spring,0.0668,71,5
Barn Swallow,60.47297,-1.10177,7.5,Spring,0.065,58,2
Barn Swallow,60.47297,-0.85693,7.5,Spring,0.1015,26,7
Barn Swallow,60.60811,-1.34661,7.5,Spring,0.0665,24,4
Barn Swallow,60.60811,-0.85693,7.5,Spring,0.1069,78,7
Barn Swallow,60.74324,-1.10177,7.5,Spring,0.045,20,1
Barn Swallow,60.74324,-0.85693,7.5,Spring,0.1176,385,36
Barn Swallow,60.87838,-0.85693,7.5,Spring,0.1525,114,13
Barn Swallow,54.66216,-5.01918,7.5,Summer,0.4239,12,5
Barn Swallow,54.66216,-4.77434,7.5,Summer,0.4452,43,26
Barn Swallow,54.66216,-4.28466,7.5,Summer,0.5011,11,6
Barn Swallow,54.7973,-5.01918,7.5,Summer,0.5173,55,27
Barn Swallow,54.7973,-4.77434,7.5,Summer,0.4771,8,3
Barn Swallow,54.7973,-4.5295,7.5,Summer,0.5039,34,23
Barn Swallow,54.7973,-4.28466,7.5,Summer,0.5256,27,14
Barn Swallow,54.7973,-4.03983,7.5,Summer,0.5586,46,22
Barn Swallow,54.7973,-3.79499,7.5,Summer,0.5539,22,14
Barn Swallow,54.93243,-5.26402,7.5,Summer,0.4113,2,1
Barn Swallow,54.93243,-5.01918,7.5,Summer,0.5202,74,25
Barn Swallow,54.93243,-4.77434,7.5,Summer,0.4672,13,9
Barn Swallow,54.93243,-4.5295,7.5,Summer,0.4878,52,24
Barn Swallow,54.93243,-4.28466,7.5,Summer,0.5309,35,20
Barn Swallow,54.93243,-4.03983,7.5,Summer,0.5525,106,62
Barn Swallow,54.93243,-3.79499,7.5,Summer,0.5545,76,66
Barn Swallow,54.93243,-3.55015,7.5,Summer,0.5725,171,102
Barn Swallow,54.93243,-3.30531,7.5,Summer,0.5671,22,17
Barn Swallow,54.93243,-3.06047,7.5,Summer,0.5644,41,33
Barn Swallow,55.06757,-5.26402,7.5,Summer,0.4125,23,9
Barn Swallow,55.06757,-5.01918,7.5,Summer,0.5283,12,5
Barn Swallow,55.06757,-4.77434,7.5,Summer,0.496,10,9
Barn Swallow,55.06757,-4.5295,7.5,Summer,0.516,44,19
Barn Swallow,55.06757,-4.28466,7.5,Summer,0.5199,16,7
Barn Swallow,55.06757,-4.03983,7.5,Summer,0.5501,63,45
Barn Swallow,55.06757,-3.79499,7.5,Summer,0.5552,17,9
Barn Swallow,55.06757,-3.55015,7.5,Summer,0.442,192,82
Barn Swallow,55.06757,-3.30531,7.5,Summer,0.5581,52,16
Barn Swallow,55.06757,-3.06047,7.5,Summer,0.5603,13,8
Barn Swallow,55.2027,-5.01918,7.5,Summer,0.462,17,4
Barn Swallow,55.2027,-4.77434,7.5,Summer,0.4989,30,14
Barn Swallow,55.2027,-4.28466,7.5,Summer,0.5301,23,18
Barn Swallow,55.2027,-4.03983,7.5,Summer,0.5425,23,20
Barn Swallow,55.2027,-3.79499,7.5,Summer,0.5554,14,5
Barn Swallow,55.2027,-3.55015,7.5,Summer,0.5574,9,8
Barn Swallow,55.2027,-3.30531,7.5,Summer,0.5588,58,38
Barn Swallow,55.2027,-3.06047,7.5,Summer,0.5553,22,11
Barn Swallow,55.2027,-2.81564,7.5,Summer,0.553,13,6
Barn Swallow,55.2027,-2.5708,7.5,Summer,0.5432,1,1
Barn Swallow,55.33784,-5.75369,7.5,Summer,0.4493,17,8
Barn Swallow,55.33784,-5.50885,7.5,Summer,0.4977,14,8
Barn Swallow,55.33784,-4.77434,7.5,Summer,0.513,137,58
Barn Swallow,55.33784,-4.5295,7.5,Summer,0.5368,7,5
Barn Swallow,55.33784,-4.28466,7.5,Summer,0.5379,47,31
Barn Swallow,55.33784,-4.03983,7.5,Summer,0.5146,3,1
Barn Swallow,55.33784,-3.79499,7.5,Summer,0.507,22,14
Barn Swallow,55.33784,-3.55015,7.5,Summer,0.5396,45,21
Barn Swallow,55.33784,-3.30531,7.5,Summer,0.5039,14,4
Barn Swallow,55.33784,-3.06047,7.5,Summer,0.5088,1,1
Barn Swallow,55.33784,-2.81564,7.5,Summer,0.5419,2,1
Barn Swallow,55.33784,-2.5708,7.5,Summer,0.5173,8,2
Barn Swallow,55.47297,-5.75369,7.5,Summer,0.4908,39,16
Barn Swallow,55.47297,-5.50885,7.5,Summer,0.5264,25,8
Barn Swallow,55.47297,-5.26402,7.5,Summer,0.5093,20,13
Barn Swallow,55.47297,-5.01918,7.5,Summer,0.4865,38,18
Barn Swallow,55.47297,-4.77434,7.5,Summer,0.4617,450,125
Barn Swallow,55.47297,-4.5295,7.5,Summer,0.5065,794,346
Barn Swallow,55.47297,-4.28466,7.5,Summer,0.5399,34,21
Barn Swallow,55.47297,-4.03983,7.5,Summer,0.5364,5,2
Barn Swallow,55.47297,-3.79499,7.5,Summer,0.4934,96,39
Barn Swallow,55.47297,-3.55015,7.5,Summer,0.4227,88,34
Barn Swallow,55.47297,-3.30531,7.5,Summer,0.4775,63,41
Barn Swallow,55.47297,-3.06047,7.5,Summer,0.4627,3,2
Barn Swallow,55.47297,-2.81564,7.5,Summer,0.4751,11,6
Barn Swallow,55.47297,-2.5708,7.5,Summer,0.5364,29,16
Barn Swallow,55.47297,-2.32596,7.5,Summer,0.5532,3,2
Barn Swallow,55.60811,-6.24337,7.5,Summer,0.4904,83,35
Barn Swallow,55.60811,-5.99853,7.5,Summer,0.3495,10,4
Barn Swallow,55.60811,-5.75369,7.5,Summer,0.4407,15,4
Barn Swallow,55.60811,-5.50885,7.5,Summer,0.5214,12,4
Barn Swallow,55.60811,-5.26402,7.5,Summer,0.4412,104,52
Barn Swallow,55.60811,-5.01918,7.5,Summer,0.4499,24,3
Barn Swallow,55.60811,-4.77434,7.5,Summer,0.5165,3125,774
Barn Swallow,55.60811,-4.5295,7.5,Summer,0.3256,27860,10296
Barn Swallow,55.60811,-4.28466,7.5,Summer,0.5259,20,5
Barn Swallow,55.60811,-4.03983,7.5,Summer,0.5275,5,3
Barn Swallow,55.60811,-3.79499,7.5,Summer,0.5078,38,14
Barn Swallow,55.60811,-3.55015,7.5,Summer,0.5019,78,53
Barn Swallow,55.60811,-3.30531,7.5,Summer,0.4829,49,27
Barn Swallow,55.60811,-3.06047,7.5,Summer,0.5538,83,35
Barn Swallow,55.60811,-2.81564,7.5,Summer,0.3629,109,54
Barn Swallow,55.60811,-2.5708,7.5,Summer,0.5333,41,22
Barn Swallow,55.60811,-2.32596,7.5,Summer,0.5545,20,7
Barn Swallow,55.74324,-6.48821,7.5,Summer,0.4957,38,21
Barn Swallow,55.74324,-6.24337,7.5,Summer,0.3729,63,19
Barn Swallow,55.74324,-5.99853,7.5,Summer,0.4715,12,4
Barn Swallow,55.74324,-5.75369,7.5,Summer,0.4002,17,7
Barn Swallow,55.74324,-5.50885,7.5,Summer,0.4763,42,23
Barn Swallow,55.74324,-5.26402,7.5,Summer,0.516,32,17
Barn Swallow,55.74324,-5.01918,7.5,Summer,0.5025,93,41
Barn Swallow,55.74324,-4.77434,7.5,Summer,0.4965,62,15
Barn Swallow,55.74324,-4.5295,7.5,Summer,0.5215,277,118
Barn Swallow,55.74324,-4.28466,7.5,Summer,0.5134,507,133
Barn Swallow,55.74324,-4.03983,7.5,Summer,0.4478,219,54
Barn Swallow,55.74324,-3.79499,7.5,Summer,0.5299,20,8
Barn Swallow,55.74324,-3.55015,7.5,Summer,0.5374,24,17
Barn Swallow,55.74324,-3.30531,7.5,Summer,0.5414,29,21
Barn Swallow,55.74324,-3.06047,7.5,Summer,0.5601,133,90
Barn Swallow,55.74324,-2.81564,7.5,Summer,0.5606,18,10
Barn Swallow,55.74324,-2.5708,7.5,Summer,0.5619,14,5
Barn Swallow,55.74324,-2.32596,7.5,Summer,0.5533,10,6
Barn Swallow,55.74324,-2.08112,7.5,Summer,0.5479,40,22
Barn Swallow,55.87838,-6.48821,7.5,Summer,0.2803,11,11
Barn Swallow,55.87838,-6.24337,7.5,Summer,0.5207,94,66
Barn Swallow,55.87838,-5.99853,7.5,Summer,0.4141,21,10
Barn Swallow,55.87838,-5.75369,7.5,Summer,0.4203,7,5
Barn Swallow,55.87838,-5.50885,7.5,Summer,0.4632,48,31
Barn Swallow,55.87838,-5.26402,7.5,Summer,0.5237,24,15
Barn Swallow,55.87838,-5.01918,7.5,Summer,0.5068,15,4
Barn Swallow,55.87838,-4.77434,7.5,Summer,0.444,45,12
Barn Swallow,55.87838,-4.5295,7.5,Summer,0.4988,292,57
Barn Swallow,55.87838,-4.28466,7.5,Summer,0.1693,1378,144
Barn Swallow,55.87838,-4.03983,7.5,Summer,0.1864,131,16
Barn Swallow,55.87838,-3.79499,7.5,Summer,0.5179,42,22
Barn Swallow,55.87838,-3.55015,7.5,Summer,0.185,134,54
Barn Swallow,55.87838,-3.30531,7.5,Summer,0.5238,1184,284
Barn Swallow,55.87838,-3.06047,7.5,Summer,0.5538,1626,598
Barn Swallow,55.87838,-2.81564,7.5,Summer,0.5578,98,53
Barn Swallow,55.87838,-2.5708,7.5,Summer,0.5542,109,55
Barn Swallow,55.87838,-2.32596,7.5,Summer,0.5553,75,52
Barn Swallow,55.87838,-2.08112,7.5,Summer,0.5658,295,191
Barn Swallow,56.01351,-6.24337,7.5,Summer,0.5162,22,9
Barn Swallow,56.01351,-5.99853,7.5,Summer,0.5168,3,2
Barn Swallow,56.01351,-5.75369,7.5,Summer,0.5234,13,8
Barn Swallow,56.01351,-5.50885,7.5,Summer,0.4882,37,14
Barn Swallow,56.01351,-5.26402,7.5,Summer,0.5018,22,9
Barn Swallow,56.01351,-5.01918,7.5,Summer,0.4566,85,42
Barn Swallow,56.01351,-4.77434,7.5,Summer,0.4881,128,40
Barn Swallow,56.01351,-4.5295,7.5,Summer,0.5108,279,106
Barn Swallow,56.01351,-4.28466,7.5,Summer,0.509,90,30
Barn Swallow,56.01351,-4.03983,7.5,Summer,0.5182,53,21
Barn Swallow,56.01351,-3.79499,7.5,Summer,0.2491,365,195
Barn Swallow,56.01351,-3.55015,7.5,Summer,0.5478,266,108
Barn Swallow,56.01351,-3.30531,7.5,Summer,0.5229,2181,329
Barn Swallow,56.01351,-3.06047,7.5,Summer,0.5382,2396,1106
Barn Swallow,56.01351,-2.81564,7.5,Summer,0.5473,786,365
Barn Swallow,56.01351,-2.5708,7.5,Summer,0.5687,613,317
Barn Swallow,56.01351,-2.32596,7.5,Summer,0.535,130,110
Barn Swallow,56.14865,-6.24337,7.5,Summer,0.3429,6,2
Barn Swallow,56.14865,-5.75369,7.5,Summer,0.519,5,1
Barn Swallow,56.14865,-5.50885,7.5,Summer,0.5191,74,42
Barn Swallow,56.14865,-5.26402,7.5,Summer,0.5001,28,16
Barn Swallow,56.14865,-5.01918,7.5,Summer,0.4687,10,5
Barn Swallow,56.14865,-4.77434,7.5,Summer,0.4967,98,33
Barn Swallow,56.14865,-4.5295,7.5,Summer,0.5019,225,105
Barn Swallow,56.14865,-4.28466,7.5,Summer,0.5093,111,44
Barn Swallow,56.14865,-4.03983,7.5,Summer,0.5142,349,130
Barn Swallow,56.14865,-3.79499,7.5,Summer,0.5197,328,179
Barn Swallow,56.14865,-3.55015,7.5,Summer,0.526,114,55
Barn Swallow,56.14865,-3.30531,7.5,Summer,0.5269,405,286
Barn Swallow,56.14865,-3.06047,7.5,Summer,0.533,158,75
Barn Swallow,56.14865,-2.81564,7.5,Summer,0.5507,174,86
Barn Swallow,56.14865,-2.5708,7.5,Summer,0.5452,245,151
Barn Swallow,56.28378,-8.69175,7.5,Summer,0.2288,1,1
Barn Swallow,56.28378,-6.48821,7.5,Summer,0.242,238,143
Barn Swallow,56.28378,-6.24337,7.5,Summer,0.4956,89,41
Barn Swallow,56.28378,-5.99853,7.5,Summer,0.4613,3,1
Barn Swallow,56.28378,-5.75369,7.5,Summer,0.4349,34,8
Barn Swallow,56.28378,-5.50885,7.5,Summer,0.518,51,18
Barn Swallow,56.28378,-5.26402,7.5,Summer,0.4626,19,9
Barn Swallow,56.28378,-5.01918,7.5,Summer,0.4579,74,35
Barn Swallow,56.28378,-4.77434,7.5,Summer,0.48,90,35
Barn Swallow,56.28378,-4.5295,7.5,Summer,0.4904,49,17
Barn Swallow,56.28378,-4.28466,7.5,Summer,0.4987,205,70
Barn Swallow,56.28378,-4.03983,7.5,Summer,0.5198,8,6
Barn Swallow,56.28378,-3.79499,7.5,Summer,0.5199,77,41
Barn Swallow,56.28378,-3.55015,7.5,Summer,0.5256,35,15
Barn Swallow,56.28378,-3.30531,7.5,Summer,0.5295,90,59
Barn Swallow,56.28378,-3.06047,7.5,Summer,0.5504,322,182
Barn Swallow,56.28378,-2.81564,7.5,Summer,0.5545,1122,661
Barn Swallow,56.28378,-2.5708,7.5,Summer,0.5514,524,200
Barn Swallow,56.28378,-1.34661,7.5,Summer,0.2627,3,1
Barn Swallow,56.41892,-6.97788,7.5,Summer,0.156,37,23
Barn Swallow,56.41892,-6.24337,7.5,Summer,0.288,224,32
Barn Swallow,56.41892,-5.99853,7.5,Summer,0.366,294,82
Barn Swallow,56.41892,-5.75369,7.5,Summer,0.482,361,162
Barn Swallow,56.41892,-5.50885,7.5,Summer,0.2751,433,71
Barn Swallow,56.41892,-5.26402,7.5,Summer,0.4299,25,4
Barn Swallow,56.41892,-5.01918,7.5,Summer,0.3832,33,17
Barn Swallow,56.41892,-4.77434,7.5,Summer,0.4382,64,19
Barn Swallow,56.41892,-4.5295,7.5,Summer,0.4631,45,18
Barn Swallow,56.41892,-4.28466,7.5,Summer,0.4654,97,53
Barn Swallow,56.41892,-4.03983,7.5,Summer,0.4743,50,25
Barn Swallow,56.41892,-3.79499,7.5,Summer,0.5054,78,31
Barn Swallow,56.41892,-3.55015,7.5,Summer,0.5153,110,41
Barn Swallow,56.41892,-3.30531,7.5,Summer,0.5068,198,91
Barn Swallow,56.41892,-3.06047,7.5,Summer,0.5233,357,40
Barn Swallow,56.41892,-2.81564,7.5,Summer,0.5678,590,282
Barn Swallow,56.55405,-6.97788,7.5,Summer,0.1431,19,10
Barn Swallow,56.55405,-6.73304,7.5,Summer,0.4211,37,21
Barn Swallow,56.55405,-6.48821,7.5,Summer,0.1506,134,10
Barn Swallow,56.55405,-6.24337,7.5,Summer,0.294,192,76
Barn Swallow,56.55405,-5.99853,7.5,Summer,0.4377,274,103
Barn Swallow,56.55405,-5.75369,7.5,Summer,0.4474,81,23
Barn Swallow,56.55405,-5.50885,7.5,Summer,0.4289,37,19
Barn Swallow,56.55405,-5.26402,7.5,Summer,0.4801,36,12
Barn Swallow,56.55405,-4.77434,7.5,Summer,0.4381,50,11
Barn Swallow,56.55405,-4.5295,7.5,Summer,0.4589,1,1
Barn Swallow,56.55405,-4.28466,7.5,Summer,0.4378,36,13
Barn Swallow,56.55405,-4.03983,7.5,Summer,0.4691,49,28
Barn Swallow,56.55405,-3.79499,7.5,Summer,0.4557,45,15
Barn Swallow,56.55405,-3.55015,7.5,Summer,0.511,287,129
Barn Swallow,56.55405,-3.30531,7.5,Summer,0.5159,47,20
Barn Swallow,56.55405,-3.06047,7.5,Summer,0.5304,31,15
Barn Swallow,56.55405,-2.81564,7.5,Summer,0.544,30,13
Barn Swallow,56.55405,-2.5708,7.5,Summer,0.5309,98,47
Barn Swallow,56.68919,-6.48821,7.5,Summer,0.4145,30,13
Barn Swallow,56.68919,-6.24337,7.5,Summer,0.4235,70,21
Barn Swallow,56.68919,-5.99853,7.5,Summer,0.4396,168,61
Barn Swallow,56.68919,-5.75369,7.5,Summer,0.4548,30,8
Barn Swallow,56.68919,-5.50885,7.5,Summer,0.4416,44,24
Barn Swallow,56.68919,-5.26402,7.5,Summer,0.4585,139,41
Barn Swallow,56.68919,-5.01918,7.5,Summer,0.4204,304,67
Barn Swallow,56.68919,-4.77434,7.5,Summer,0.4389,34,5
Barn Swallow,56.68919,-4.5295,7.5,Summer,0.4778,12,4
Barn Swallow,56.68919,-4.28466,7.5,Summer,0.4484,18,7
Barn Swallow,56.68919,-4.03983,7.5,Summer,0.4106,50,23
Barn Swallow,56.68919,-3.79499,7.5,Summer,0.3889,268,85
Barn Swallow,56.68919,-3.55015,7.5,Summer,0.4543,12,6
Barn Swallow,56.68919,-3.30531,7.5,Summer,0.4931,40,26
Barn Swallow,56.68919,-3.06047,7.5,Summer,0.5205,142,83
Barn Swallow,56.68919,-2.81564,7.5,Summer,0.5325,56,27
Barn Swallow,56.68919,-2.5708,7.5,Summer,0.5296,238,141
Barn Swallow,56.68919,-2.32596,7.5,Summer,0.5283,30,21
Barn Swallow,56.82432,-6.24337,7.5,Summer,0.2308,21,10
Barn Swallow,56.82432,-5.99853,7.5,Summer,0.2837,11,2
Barn Swallow,56.82432,-5.75369,7.5,Summer,0.4082,93,33
Barn Swallow,56.82432,-5.50885,7.5,Summer,0.3887,78,31
Barn Swallow,56.82432,-5.26402,7.5,Summer,0.3278,33,8
Barn Swallow,56.82432,-5.01918,7.5,Summer,0.2862,276,86
Barn Swallow,56.82432,-4.77434,7.5,Summer,0.4396,22,6
Barn Swallow,56.82432,-4.28466,7.5,Summer,0.4574,15,9
Barn Swallow,56.82432,-4.03983,7.5,Summer,0.4005,25,9
Barn Swallow,56.82432,-3.79499,7.5,Summer,0.3256,56,19
Barn Swallow,56.82432,-3.55015,7.5,Summer,0.3403,25,7
Barn Swallow,56.82432,-3.30531,7.5,Summer,0.4285,104,33
Barn Swallow,56.82432,-3.06047,7.5,Summer,0.4469,27,18
Barn Swallow,56.82432,-2.81564,7.5,Summer,0.5245,11,9
Barn Swallow,56.82432,-2.5708,7.5,Summer,0.5257,78,52
Barn Swallow,56.82432,-2.32596,7.5,Summer,0.5436,71,37
Barn Swallow,56.95946,-7.46756,7.5,Summer,0.261,118,12
Barn Swallow,56.95946,-6.24337,7.5,Summer,0.3921,43,19
Barn Swallow,56.95946,-5.99853,7.5,Summer,0.2602,9,4
Barn Swallow,56.95946,-5.75369,7.5,Summer,0.3241,122,35
Barn Swallow,56.95946,-5.26402,7.5,Summer,0.3877,6,4
Barn Swallow,56.95946,-5.01918,7.5,Summer,0.3583,48,9
Barn Swallow,56.95946,-4.77434,7.5,Summer,0.4399,11,4
Barn Swallow,56.95946,-4.5295,7.5,Summer,0.4444,28,19
Barn Swallow,56.95946,-4.28466,7.5,Summer,0.4161,75,24
Barn Swallow,56.95946,-3.79499,7.5,Summer,0.3133,2,2
Barn Swallow,56.95946,-3.55015,7.5,Summer,0.3175,70,18
Barn Swallow,56.95946,-3.30531,7.5,Summer,0.3592,105,20
Barn Swallow,56.95946,-2.81564,7.5,Summer,0.5074,64,45
Barn Swallow,56.95946,-2.5708,7.5,Summer,0.5277,21,6
Barn Swallow,56.95946,-2.32596,7.5,Summer,0.5343,53,27
Barn Swallow,56.95946,-2.08112,7.5,Summer,0.5352,272,126
Barn Swallow,57.09459,-7.46756,7.5,Summer,0.1157,86,23
Barn Swallow,57.09459,-7.22272,7.5,Summer,0.3363,41,11
Barn Swallow,57.09459,-6.48821,7.5,Summer,0.1602,39,21
Barn Swallow,57.09459,-5.99853,7.5,Summer,0.4372,105,38
Barn Swallow,57.09459,-5.75369,7.5,Summer,0.4361,94,32
Barn Swallow,57.09459,-5.50885,7.5,Summer,0.4313,6,1
Barn Swallow,57.09459,-5.01918,7.5,Summer,0.3568,33,1
Barn Swallow,57.09459,-4.77434,7.5,Summer,0.4351,136,64
Barn Swallow,57.09459,-4.5295,7.5,Summer,0.3741,16,2
Barn Swallow,57.09459,-4.28466,7.5,Summer,0.4068,7,2
Barn Swallow,57.09459,-4.03983,7.5,Summer,0.3975,526,196
Barn Swallow,57.09459,-3.79499,7.5,Summer,0.2236,311,40
Barn Swallow,57.09459,-3.55015,7.5,Summer,0.2048,315,29
Barn Swallow,57.09459,-3.30531,7.5,Summer,0.2431,90,39
Barn Swallow,57.09459,-3.06047,7.5,Summer,0.2039,80,8
Barn Swallow,57.09459,-2.81564,7.5,Summer,0.4255,84,37
Barn Swallow,57.09459,-2.5708,7.5,Summer,0.5297,32,13
Barn Swallow,57.09459,-2.32596,7.5,Summer,0.5387,68,30
Barn Swallow,57.09459,-2.08112,7.5,Summer,0.5538,1194,555
Barn Swallow,57.22973,-7.46756,7.5,Summer,0.3026,112,36
Barn Swallow,57.22973,-6.48821,7.5,Summer,0.1343,21,10
Barn Swallow,57.22973,-6.24337,7.5,Summer,0.1884,148,13
Barn Swallow,57.22973,-5.99853,7.5,Summer,0.3721,364,109
Barn Swallow,57.22973,-5.75369,7.5,Summer,0.2673,148,31
Barn Swallow,57.22973,-5.50885,7.5,Summer,0.3988,171,47
Barn Swallow,57.22973,-5.01918,7.5,Summer,0.3254,28,5
Barn Swallow,57.22973,-4.77434,7.5,Summer,0.394,35,20
Barn Swallow,57.22973,-4.5295,7.5,Summer,0.4441,77,19
Barn Swallow,57.22973,-4.03983,7.5,Summer,0.4761,133,56
Barn Swallow,57.22973,-3.79499,7.5,Summer,0.4023,1932,398
Barn Swallow,57.22973,-3.55015,7.5,Summer,0.2834,441,158
Barn Swallow,57.22973,-3.30531,7.5,Summer,0.3262,128,50
Barn Swallow,57.22973,-3.06047,7.5,Summer,0.336,7,3
Barn Swallow,57.22973,-2.81564,7.5,Summer,0.4239,22,11
Barn Swallow,57.22973,-2.5708,7.5,Summer,0.5139,23,14
Barn Swallow,57.22973,-2.32596,7.5,Summer,0.541,9,6
Barn Swallow,57.22973,-2.08112,7.5,Summer,0.5343,267,95
Barn Swallow,57.36486,-7.46756,7.5,Summer,0.1301,123,37
Barn Swallow,57.36486,-7.22272,7.5,Summer,0.3153,80,8
Barn Swallow,57.36486,-6.73304,7.5,Summer,0.3524,94,19
Barn Swallow,57.36486,-6.48821,7.5,Summer,0.3852,93,30
Barn Swallow,57.36486,-6.24337,7.5,Summer,0.163,292,28
Barn Swallow,57.36486,-5.99853,7.5,Summer,0.4095,33,8
Barn Swallow,57.36486,-5.75369,7.5,Summer,0.3815,65,18
Barn Swallow,57.36486,-5.50885,7.5,Summer,0.4284,51,21
Barn Swallow,57.36486,-5.01918,7.5,Summer,0.3058,3,1
Barn Swallow,57.36486,-4.77434,7.5,Summer,0.4215,58,23
Barn Swallow,57.36486,-4.5295,7.5,Summer,0.5052,222,108
Barn Swallow,57.36486,-4.28466,7.5,Summer,0.5062,264,103
Barn Swallow,57.36486,-4.03983,7.5,Summer,0.512,86,34
Barn Swallow,57.36486,-3.79499,7.5,Summer,0.4827,308,103
Barn Swallow,57.36486,-3.55015,7.5,Summer,0.4655,381,92
Barn Swallow,57.36486,-3.30531,7.5,Summer,0.4398,71,34
Barn Swallow,57.36486,-3.06047,7.5,Summer,0.4641,14,6
Barn Swallow,57.36486,-2.81564,7.5,Summer,0.4815,7,3
Barn Swallow,57.36486,-2.5708,7.5,Summer,0.4863,84,76
Barn Swallow,57.36486,-2.32596,7.5,Summer,0.519,37,21
Barn Swallow,57.36486,-2.08112,7.5,Summer,0.5263,330,167
Barn Swallow,57.36486,-1.83628,7.5,Summer,0.4983,74,19
Barn Swallow,57.5,-7.46756,7.5,Summer,0.1303,165,29
Barn Swallow,57.5,-7.22272,7.5,Summer,0.3457,111,23
Barn Swallow,57.5,-6.73304,7.5,Summer,0.3716,402,136
Barn Swallow,57.5,-6.48821,7.5,Summer,0.3652,157,46
Barn Swallow,57.5,-6.24337,7.5,Summer,0.1644,189,44
Barn Swallow,57.5,-5.99853,7.5,Summer,0.4075,4,2
Barn Swallow,57.5,-5.75369,7.5,Summer,0.2146,62,25
Barn Swallow,57.5,-5.50885,7.5,Summer,0.2411,59,19
Barn Swallow,57.5,-5.26402,7.5,Summer,0.2951,15,3
Barn Swallow,57.5,-5.01918,7.5,Summer,0.3207,8,2
Barn Swallow,57.5,-4.77434,7.5,Summer,0.4246,6,3
Barn Swallow,57.5,-4.5295,7.5,Summer,0.5044,186,61
Barn Swallow,57.5,-4.28466,7.5,Summer,0.4832,814,321
Barn Swallow,57.5,-4.03983,7.5,Summer,0.5092,626,332
Barn Swallow,57.5,-3.79499,7.5,Summer,0.4873,60,24
Barn Swallow,57.5,-3.55015,7.5,Summer,0.5074,9,2
Barn Swallow,57.5,-3.30531,7.5,Summer,0.5112,48,18
Barn Swallow,57.5,-3.06047,7.5,Summer,0.5195,11,3
Barn Swallow,57.5,-2.81564,7.5,Summer,0.5163,19,4
Barn Swallow,57.5,-2.5708,7.5,Summer,0.5099,11,1
Barn Swallow,57.5,-2.32596,7.5,Summer,0.507,17,12
Barn Swallow,57.5,-2.08112,7.5,Summer,0.5025,41,14
Barn Swallow,57.5,-1.83628,7.5,Summer,0.4986,107,55
Barn Swallow,57.63514,-7.46756,7.5,Summer,0.3069,350,138
Barn Swallow,57.63514,-7.22272,7.5,Summer,0.3368,116,15
Barn Swallow,57.63514,-6.73304,7.5,Summer,0.1439,13,1
Barn Swallow,57.63514,-6.48821,7.5,Summer,0.1575,167,43
Barn Swallow,57.63514,-6.24337,7.5,Summer,0.4058,443,121
Barn Swallow,57.63514,-5.75369,7.5,Summer,0.4227,46,20
Barn Swallow,57.63514,-5.50885,7.5,Summer,0.2195,49,3
Barn Swallow,57.63514,-5.26402,7.5,Summer,0.2893,100,21
Barn Swallow,57.63514,-5.01918,7.5,Summer,0.2888,27,10
Barn Swallow,57.63514,-4.77434,7.5,Summer,0.4001,32,4
Barn Swallow,57.63514,-4.5295,7.5,Summer,0.4867,173,65
Barn Swallow,57.63514,-4.28466,7.5,Summer,0.5427,189,82
Barn Swallow,57.63514,-4.03983,7.5,Summer,0.546,742,392
Barn Swallow,57.63514,-3.79499,7.5,Summer,0.4798,187,88
Barn Swallow,57.63514,-3.55015,7.5,Summer,0.5105,190,80
Barn Swallow,57.63514,-3.30531,7.5,Summer,0.3214,127,45
Barn Swallow,57.63514,-3.06047,7.5,Summer,0.5172,170,72
Barn Swallow,57.63514,-2.81564,7.5,Summer,0.5134,26,11
Barn Swallow,57.63514,-2.5708,7.5,Summer,0.5171,33,10
Barn Swallow,57.63514,-2.32596,7.5,Summer,0.5092,124,59
Barn Swallow,57.63514,-2.08112,7.5,Summer,0.4948,34,7
Barn Swallow,57.63514,-1.83628,7.5,Summer,0.489,145,103
Barn Swallow,57.77027,-8.69175,7.5,Summer,0.0929,36,1
Barn Swallow,57.77027,-7.22272,7.5,Summer,0.1358,64,5
Barn Swallow,57.77027,-6.97788,7.5,Summer,0.155,108,15
Barn Swallow,57.77027,-6.24337,7.5,Summer,0.2039,14,4
Barn Swallow,57.77027,-5.75369,7.5,Summer,0.2886,159,39
Barn Swallow,57.77027,-5.50885,7.5,Summer,0.2395,82,19
Barn Swallow,57.77027,-5.26402,7.5,Summer,0.243,1,1
Barn Swallow,57.77027,-5.01918,7.5,Summer,0.2735,41,13
Barn Swallow,57.77027,-4.28466,7.5,Summer,0.475,33,19
Barn Swallow,57.77027,-4.03983,7.5,Summer,0.4833,134,77
Barn Swallow,57.77027,-3.79499,7.5,Summer,0.4738,180,150
Barn Swallow,57.77027,-3.55015,7.5,Summer,0.4851,104,40
Barn Swallow,57.77027,-3.30531,7.5,Summer,0.4882,140,54
Barn Swallow,57.77027,-2.81564,7.5,Summer,0.5039,24,7
Barn Swallow,57.77027,-1.83628,7.5,Summer,0.4079,2,1
Barn Swallow,57.90541,-6.97788,7.5,Summer,0.2142,77,4
Barn Swallow,57.90541,-6.73304,7.5,Summer,0.2598,63,3
Barn Swallow,57.90541,-5.75369,7.5,Summer,0.2915,41,6
Barn Swallow,57.90541,-5.50885,7.5,Summer,0.3368,122,32
Barn Swallow,57.90541,-5.26402,7.5,Summer,0.414,175,55
Barn Swallow,57.90541,-5.01918,7.5,Summer,0.2776,18,4
Barn Swallow,57.90541,-4.77434,7.5,Summer,0.3526,11,1
Barn Swallow,57.90541,-4.5295,7.5,Summer,0.4392,28,6
Barn Swallow,57.90541,-4.28466,7.5,Summer,0.4591,66,40
Barn Swallow,57.90541,-4.03983,7.5,Summer,0.4641,246,86
Barn Swallow,57.90541,-3.79499,7.5,Summer,0.4451,52,19
Barn Swallow,58.04054,-6.73304,7.5,Summer,0.2499,36,1
Barn Swallow,58.04054,-6.48821,7.5,Summer,0.177,51,2
Barn Swallow,58.04054,-5.50885,7.5,Summer,0.2799,7,2
Barn Swallow,58.04054,-5.26402,7.5,Summer,0.2592,31,7
Barn Swallow,58.04054,-5.01918,7.5,Summer,0.242,24,4
Barn Swallow,58.04054,-4.77434,7.5,Summer,0.3178,10,1
Barn Swallow,58.04054,-4.5295,7.5,Summer,0.4278,45,20
Barn Swallow,58.04054,-4.28466,7.5,Summer,0.4262,26,8
Barn Swallow,58.04054,-4.03983,7.5,Summer,0.4248,57,19
Barn Swallow,58.04054,-3.79499,7.5,Summer,0.4723,81,26
Barn Swallow,58.17568,-6.97788,7.5,Summer,0.1667,82,3
Barn Swallow,58.17568,-6.73304,7.5,Summer,0.2892,84,26
Barn Swallow,58.17568,-6.48821,7.5,Summer,0.1594,142,11
Barn Swallow,58.17568,-6.24337,7.5,Summer,0.3677,101,30
Barn Swallow,58.17568,-5.50885,7.5,Summer,0.2713,27,3
Barn Swallow,58.17568,-5.26402,7.5,Summer,0.3573,123,44
Barn Swallow,58.17568,-5.01918,7.5,Summer,0.2413,52,15
Barn Swallow,58.17568,-4.77434,7.5,Summer,0.3017,4,1
Barn Swallow,58.17568,-4.5295,7.5,Summer,0.3741,7,1
Barn Swallow,58.17568,-3.79499,7.5,Summer,0.4292,23,6
Barn Swallow,58.17568,-3.55015,7.5,Summer,0.4494,44,22
Barn Swallow,58.17568,-3.30531,7.5,Summer,0.4593,48,4
Barn Swallow,58.31081,-6.73304,7.5,Summer,0.2943,126,31
Barn Swallow,58.31081,-6.48821,7.5,Summer,0.1711,64,4
Barn Swallow,58.31081,-6.24337,7.5,Summer,0.3691,163,37
Barn Swallow,58.31081,-5.50885,7.5,Summer,0.2704,6,1
Barn Swallow,58.31081,-5.26402,7.5,Summer,0.2607,70,28
Barn Swallow,58.31081,-5.01918,7.5,Summer,0.2519,40,7
Barn Swallow,58.31081,-4.28466,7.5,Summer,0.4306,20,10
Barn Swallow,58.31081,-4.03983,7.5,Summer,0.4499,14,1
Barn Swallow,58.31081,-3.79499,7.5,Summer,0.4601,47,23
Barn Swallow,58.31081,-3.55015,7.5,Summer,0.4591,4,1
Barn Swallow,58.31081,-3.30531,7.5,Summer,0.483,52,20
Barn Swallow,58.31081,-3.06047,7.5,Summer,0.495,6,3
Barn Swallow,58.44595,-6.48821,7.5,Summer,0.1597,19,3
Barn Swallow,58.44595,-6.24337,7.5,Summer,0.2553,130,46
Barn Swallow,58.44595,-5.26402,7.5,Summer,0.2449,94,28
Barn Swallow,58.44595,-5.01918,7.5,Summer,0.4073,54,20
Barn Swallow,58.44595,-4.77434,7.5,Summer,0.4325,11,1
Barn Swallow,58.44595,-4.5295,7.5,Summer,0.4515,33,10
Barn Swallow,58.44595,-4.28466,7.5,Summer,0.4432,27,9
Barn Swallow,58.44595,-3.79499,7.5,Summer,0.4748,16,6
Barn Swallow,58.44595,-3.55015,7.5,Summer,0.4794,5,2
Barn Swallow,58.44595,-3.30531,7.5,Summer,0.4797,6,3
Barn Swallow,58.44595,-3.06047,7.5,Summer,0.4699,74,38
Barn Swallow,58.58108,-6.24337,7.5,Summer,0.2037,87,12
Barn Swallow,58.58108,-5.01918,7.5,Summer,0.3998,8,1
Barn Swallow,58.58108,-4.77434,7.5,Summer,0.4348,110,43
Barn Swallow,58.58108,-4.5295,7.5,Summer,0.4738,26,15
Barn Swallow,58.58108,-4.28466,7.5,Summer,0.4558,31,15
Barn Swallow,58.58108,-4.03983,7.5,Summer,0.5028,37,18
Barn Swallow,58.58108,-3.79499,7.5,Summer,0.5196,34,9
Barn Swallow,58.58108,-3.55015,7.5,Summer,0.4148,117,62
Barn Swallow,58.58108,-3.30531,7.5,Summer,0.4804,172,98
Barn Swallow,58.58108,-3.06047,7.5,Summer,0.5046,174,58
Barn Swallow,58.71622,-3.30531,7.5,Summer,0.4685,103,37
Barn Swallow,58.71622,-3.06047,7.5,Summer,0.4757,37,13
Barn Swallow,58.71622,-2.81564,7.5,Summer,0.494,3,2
Barn Swallow,58.85135,-3.30531,7.5,Summer,0.4668,113,18
Barn Swallow,58.85135,-3.06047,7.5,Summer,0.4873,70,40
Barn Swallow,58.85135,-2.81564,7.5,Summer,0.501,183,68
Barn Swallow,58.98649,-3.30531,7.5,Summer,0.4734,530,184
Barn Swallow,58.98649,-3.06047,7.5,Summer,0.46,416,120
Barn Swallow,58.98649,-2.81564,7.5,Summer,0.4921,119,62
Barn Swallow,59.12162,-3.30531,7.5,Summer,0.4733,447,180
Barn Swallow,59.12162,-3.06047,7.5,Summer,0.4854,316,100
Barn Swallow,59.12162,-2.81564,7.5,Summer,0.4972,13,6
Barn Swallow,59.12162,-2.5708,7.5,Summer,0.4817,12,6
Barn Swallow,59.25676,-3.06047,7.5,Summer,0.47,56,29
Barn Swallow,59.25676,-2.81564,7.5,Summer,0.4943,63,26
Barn Swallow,59.25676,-2.5708,7.5,Summer,0.4956,15,5
Barn Swallow,59.25676,-2.32596,7.5,Summer,0.5009,5,2
Barn Swallow,59.39189,-3.06047,7.5,Summer,0.4514,41,10
Barn Swallow,59.39189,-2.81564,7.5,Summer,0.4714,16,11
Barn Swallow,59.39189,-2.32596,7.5,Summer,0.4345,184,135
Barn Swallow,59.52703,-1.59145,7.5,Summer,0.2659,354,222
Barn Swallow,59.7973,-1.34661,7.5,Summer,0.2672,226,38
Barn Swallow,59.93243,-1.34661,7.5,Summer,0.2917,1489,426
Barn Swallow,59.93243,-1.10177,7.5,Summer,0.1574,126,6
Barn Swallow,60.06757,-2.08112,7.5,Summer,0.1894,17,1
Barn Swallow,60.06757,-1.34661,7.5,Summer,0.0681,208,67
Barn Swallow,60.06757,-1.10177,7.5,Summer,0.08,75,6
Barn Swallow,60.2027,-2.08112,7.5,Summer,0.1717,4,4
Barn Swallow,60.2027,-1.59145,7.5,Summer,0.0891,33,1
Barn Swallow,60.2027,-1.34661,7.5,Summer,0.0734,126,8
Barn Swallow,60.2027,-1.10177,7.5,Summer,0.073,394,28
Barn Swallow,60.33784,-1.59145,7.5,Summer,0.0808,54,4
Barn Swallow,60.33784,-1.34661,7.5,Summer,0.0787,85,3
Barn Swallow,60.47297,-1.59145,7.5,Summer,0.0658,123,4
Barn Swallow,60.47297,-1.34661,7.5,Summer,0.0924,54,2
Barn Swallow,60.47297,-1.10177,7.5,Summer,0.0572,77,2
Barn Swallow,60.47297,-0.85693,7.5,Summer,0.0608,10,2
Barn Swallow,60.60811,-1.10177,7.5,Summer,0.0537,58,4
Barn Swallow,60.60811,-0.85693,7.5,Summer,0.0544,218,10
Barn Swallow,60.74324,-0.85693,7.5,Summer,0.0539,401,57
Barn Swallow,60.87838,-0.85693,7.5,Summer,0.079,127,9
Barn Swallow,55.47297,-4.77434,7.5,Winter,0.0212,596,7
Barn Swallow,60.33784,-1.59145,7.5,Winter,0.0212,9,1
Black Guillemot,54.66216,-5.01918,7.5,Autumn,0.0064,21,1
Black Guillemot,54.7973,-5.01918,7.5,Autumn,0.0095,38,1
Black Guillemot,54.7973,-4.5295,7.5,Autumn,0.0024,46,1
Black Guillemot,54.93243,-5.01918,7.5,Autumn,0.0117,93,12
Black Guillemot,54.93243,-4.28466,7.5,Autumn,0.002,30,1
Black Guillemot,55.2027,-4.77434,7.5,Autumn,0.0049,17,1
Black Guillemot,55.33784,-5.50885,7.5,Autumn,0.0117,7,6
Black Guillemot,55.33784,-4.77434,7.5,Autumn,0.0131,125,3
Black Guillemot,55.47297,-5.75369,7.5,Autumn,0.014,16,2
Black Guillemot,55.47297,-5.50885,7.5,Autumn,0.0516,19,7
Black Guillemot,55.47297,-5.01918,7.5,Autumn,0.0175,41,3
Black Guillemot,55.47297,-4.77434,7.5,Autumn,0.007,581,5
Black Guillemot,55.47297,-4.5295,7.5,Autumn,0.0015,1154,3
Black Guillemot,55.60811,-5.75369,7.5,Autumn,0.0141,11,2
Black Guillemot,55.60811,-5.26402,7.5,Autumn,0.0204,81,7
Black Guillemot,55.60811,-5.01918,7.5,Autumn,0.0266,20,5
Black Guillemot,55.60811,-4.77434,7.5,Autumn,0.0167,3758,254
Black Guillemot,55.74324,-6.24337,7.5,Autumn,0.0074,173,8
Black Guillemot,55.74324,-5.50885,7.5,Autumn,0.0154,28,9
Black Guillemot,55.74324,-5.26402,7.5,Autumn,0.0281,34,1
Black Guillemot,55.74324,-5.01918,7.5,Autumn,0.1731,76,6
Black Guillemot,55.74324,-4.77434,7.5,Autumn,0.009,71,4
Black Guillemot,55.87838,-5.50885,7.5,Autumn,0.0093,16,5
Black Guillemot,55.87838,-5.01918,7.5,Autumn,0.1391,16,3
Black Guillemot,55.87838,-4.77434,7.5,Autumn,0.0085,36,4
Black Guillemot,55.87838,-3.06047,7.5,Autumn,0.0016,1429,4
Black Guillemot,55.87838,-2.08112,7.5,Autumn,0.0033,169,1
Black Guillemot,56.01351,-6.24337,7.5,Autumn,0.0097,25,1
Black Guillemot,56.01351,-5.50885,7.5,Autumn,0.0076,48,1
Black Guillemot,56.01351,-5.26402,7.5,Autumn,0.0132,7,1
Black Guillemot,56.01351,-5.01918,7.5,Autumn,0.0069,72,23
Black Guillemot,56.01351,-4.77434,7.5,Autumn,0.0935,77,12
Black Guillemot,56.01351,-3.06047,7.5,Autumn,0.0016,1856,23
Black Guillemot,56.01351,-2.81564,7.5,Autumn,0.0019,652,3
Black Guillemot,56.14865,-5.75369,7.5,Autumn,0.1057,3,1
Black Guillemot,56.14865,-4.77434,7.5,Autumn,0.005,53,2
Black Guillemot,56.14865,-2.81564,7.5,Autumn,0.0016,81,1
Black Guillemot,56.28378,-6.24337,7.5,Autumn,0.043,22,1
Black Guillemot,56.28378,-2.5708,7.5,Autumn,0.0035,604,19
Black Guillemot,56.41892,-6.97788,7.5,Autumn,0.0177,2,1
Black Guillemot,56.41892,-5.99853,7.5,Autumn,0.0083,72,9
Black Guillemot,56.41892,-5.75369,7.5,Autumn,0.1136,123,4
Black Guillemot,56.41892,-5.50885,7.5,Autumn,0.143,147,27
Black Guillemot,56.55405,-6.24337,7.5,Autumn,0.0075,64,2
Black Guillemot,56.55405,-5.99853,7.5,Autumn,0.0191,81,3
Black Guillemot,56.55405,-5.75369,7.5,Autumn,0.0773,70,5
Black Guillemot,56.55405,-5.50885,7.5,Autumn,0.032,22,3
Black Guillemot,56.55405,-2.5708,7.5,Autumn,0.002,60,1
Black Guillemot,56.68919,-5.99853,7.5,Autumn,0.0245,45,1
Black Guillemot,56.68919,-5.26402,7.5,Autumn,0.0192,49,1
Black Guillemot,56.68919,-2.5708,7.5,Autumn,0.0017,265,1
Black Guillemot,56.82432,-7.22272,7.5,Autumn,0.0833,2,2
Black Guillemot,56.82432,-6.24337,7.5,Autumn,0.054,6,1
Black Guillemot,56.82432,-5.99853,7.5,Autumn,0.0313,2,2
Black Guillemot,56.82432,-5.75369,7.5,Autumn,0.0164,36,4
Black Guillemot,56.82432,-5.26402,7.5,Autumn,0.0094,9,1
Black Guillemot,56.82432,-2.32596,7.5,Autumn,0.0023,51,2
Black Guillemot,56.95946,-7.46756,7.5,Autumn,0.024,26,2
Black Guillemot,56.95946,-6.24337,7.5,Autumn,0.0209,68,2
Black Guillemot,56.95946,-5.75369,7.5,Autumn,0.0073,105,22
Black Guillemot,56.95946,-2.32596,7.5,Autumn,0.0018,29,1
Black Guillemot,56.95946,-2.08112,7.5,Autumn,0.0024,92,3
Black Guillemot,57.09459,-7.46756,7.5,Autumn,0.0395,14,2
Black Guillemot,57.09459,-6.48821,7.5,Autumn,0.0181,1,1
Black Guillemot,57.09459,-6.24337,7.5,Autumn,0.0212,5,1
Black Guillemot,57.09459,-5.99853,7.5,Autumn,0.1628,37,5
Black Guillemot,57.09459,-5.75369,7.5,Autumn,0.028,33,1
Black Guillemot,57.09459,-2.08112,7.5,Autumn,0.0056,1071,13
Black Guillemot,57.22973,-7.46756,7.5,Autumn,0.0112,56,1
Black Guillemot,57.22973,-6.24337,7.5,Autumn,0.0097,53,1
Black Guillemot,57.22973,-5.99853,7.5,Autumn,0.0284,170,16
Black Guillemot,57.22973,-5.75369,7.5,Autumn,0.0133,61,7
Black Guillemot,57.22973,-5.50885,7.5,Autumn,0.018,94,2
Black Guillemot,57.36486,-7.22272,7.5,Autumn,0.0194,22,1
Black Guillemot,57.36486,-6.24337,7.5,Autumn,0.0088,155,7
Black Guillemot,57.36486,-5.99853,7.5,Autumn,0.149,26,5
Black Guillemot,57.36486,-5.75369,7.5,Autumn,0.021,43,5
Black Guillemot,57.36486,-2.08112,7.5,Autumn,0.0019,200,2
Black Guillemot,57.5,-7.46756,7.5,Autumn,0.0174,50,1
Black Guillemot,57.5,-6.73304,7.5,Autumn,0.0607,244,11
Black Guillemot,57.5,-6.24337,7.5,Autumn,0.0077,77,1
Black Guillemot,57.5,-5.99853,7.5,Autumn,0.1327,2,2
Black Guillemot,57.5,-5.75369,7.5,Autumn,0.0079,50,9
Black Guillemot,57.5,-4.28466,7.5,Autumn,0.0018,562,5
Black Guillemot,57.5,-4.03983,7.5,Autumn,0.0017,423,3
Black Guillemot,57.5,-1.83628,7.5,Autumn,0.0026,45,1
Black Guillemot,57.63514,-7.46756,7.5,Autumn,0.0069,72,2
Black Guillemot,57.63514,-6.73304,7.5,Autumn,0.0513,2,1
Black Guillemot,57.63514,-6.48821,7.5,Autumn,0.0309,42,3
Black Guillemot,57.63514,-6.24337,7.5,Autumn,0.0705,184,8
Black Guillemot,57.63514,-5.75369,7.5,Autumn,0.1108,3,1
Black Guillemot,57.63514,-4.28466,7.5,Autumn,0.0073,93,1
Black Guillemot,57.63514,-4.03983,7.5,Autumn,0.0182,581,41
Black Guillemot,57.63514,-3.79499,7.5,Autumn,0.0025,202,7
Black Guillemot,57.63514,-3.55015,7.5,Autumn,0.0029,283,12
Black Guillemot,57.63514,-3.06047,7.5,Autumn,0.0027,109,1
Black Guillemot,57.63514,-2.81564,7.5,Autumn,0.0022,40,1
Black Guillemot,57.63514,-2.32596,7.5,Autumn,0.0026,32,1
Black Guillemot,57.63514,-2.08112,7.5,Autumn,0.0026,39,2
Black Guillemot,57.63514,-1.83628,7.5,Autumn,0.0028,165,1
Black Guillemot,57.77027,-7.22272,7.5,Autumn,0.0918,18,2
Black Guillemot,57.77027,-6.97788,7.5,Autumn,0.0701,28,3
Black Guillemot,57.77027,-5.75369,7.5,Autumn,0.0506,55,4
Black Guillemot,57.77027,-3.79499,7.5,Autumn,0.0151,172,29
Black Guillemot,57.77027,-3.55015,7.5,Autumn,0.0167,162,11
Black Guillemot,57.77027,-3.30531,7.5,Autumn,0.0128,202,1
Black Guillemot,57.90541,-6.97788,7.5,Autumn,0.0322,32,2
Black Guillemot,57.90541,-6.24337,7.5,Autumn,0.0581,5,2
Black Guillemot,57.90541,-5.50885,7.5,Autumn,0.0561,58,11
Black Guillemot,57.90541,-5.26402,7.5,Autumn,0.042,101,1
Black Guillemot,57.90541,-4.03983,7.5,Autumn,0.008,167,2
Black Guillemot,57.90541,-3.79499,7.5,Autumn,0.0146,76,12
Black Guillemot,58.04054,-6.48821,7.5,Autumn,0.0296,5,1
Black Guillemot,58.04054,-5.75369,7.5,Autumn,0.0203,3,1
Black Guillemot,58.04054,-5.50885,7.5,Autumn,0.0467,2,1
Black Guillemot,58.04054,-5.26402,7.5,Autumn,0.0233,6,1
Black Guillemot,58.04054,-3.79499,7.5,Autumn,0.0129,34,2
Black Guillemot,58.17568,-6.97788,7.5,Autumn,0.0357,67,4
Black Guillemot,58.17568,-6.73304,7.5,Autumn,0.0505,14,2
Black Guillemot,58.17568,-6.48821,7.5,Autumn,0.0208,64,2
Black Guillemot,58.17568,-6.24337,7.5,Autumn,0.0685,72,8
Black Guillemot,58.17568,-5.50885,7.5,Autumn,0.0306,8,1
Black Guillemot,58.17568,-3.55015,7.5,Autumn,0.0429,13,2
Black Guillemot,58.31081,-6.97788,7.5,Autumn,0.0373,8,1
Black Guillemot,58.31081,-6.73304,7.5,Autumn,0.0301,87,4
Black Guillemot,58.31081,-6.24337,7.5,Autumn,0.0911,117,7
Black Guillemot,58.31081,-5.26402,7.5,Autumn,0.021,10,1
Black Guillemot,58.31081,-3.30531,7.5,Autumn,0.0424,14,1
Black Guillemot,58.44595,-3.06047,7.5,Autumn,0.2368,54,12
Black Guillemot,58.44595,-2.81564,7.5,Autumn,0.0286,1,1
Black Guillemot,58.58108,-6.24337,7.5,Autumn,0.0307,58,3
Black Guillemot,58.58108,-4.77434,7.5,Autumn,0.0638,66,3
Black Guillemot,58.58108,-4.03983,7.5,Autumn,0.1318,21,3
Black Guillemot,58.58108,-3.79499,7.5,Autumn,0.0837,9,1
Black Guillemot,58.58108,-3.55015,7.5,Autumn,0.0278,31,4
Black Guillemot,58.58108,-3.30531,7.5,Autumn,0.0358,53,4
Black Guillemot,58.58108,-3.06047,7.5,Autumn,0.1819,95,11
Black Guillemot,58.71622,-3.55015,7.5,Autumn,0.0207,4,4
Black Guillemot,58.71622,-3.06047,7.5,Autumn,0.1346,35,1
Black Guillemot,58.71622,-2.81564,7.5,Autumn,0.1295,5,3
Black Guillemot,58.85135,-3.30531,7.5,Autumn,0.0661,14,7
Black Guillemot,58.85135,-3.06047,7.5,Autumn,0.1362,54,18
Black Guillemot,58.85135,-2.81564,7.5,Autumn,0.1664,100,13
Black Guillemot,58.98649,-3.30531,7.5,Autumn,0.0332,157,10
Black Guillemot,58.98649,-3.06047,7.5,Autumn,0.1765,134,10
Black Guillemot,58.98649,-2.81564,7.5,Autumn,0.1363,98,9
Black Guillemot,59.12162,-3.30531,7.5,Autumn,0.1066,100,1
Black Guillemot,59.12162,-3.06047,7.5,Autumn,0.2519,80,19
Black Guillemot,59.12162,-2.81564,7.5,Autumn,0.196,4,3
Black Guillemot,59.12162,-2.5708,7.5,Autumn,0.1767,41,10
Black Guillemot,59.25676,-2.81564,7.5,Autumn,0.2015,2,1
Black Guillemot,59.39189,-2.81564,7.5,Autumn,0.1282,11,6
Black Guillemot,59.39189,-2.32596,7.5,Autumn,0.1658,327,43
Black Guillemot,59.52703,-1.59145,7.5,Autumn,0.2962,323,179
Black Guillemot,59.7973,-1.34661,7.5,Autumn,0.1342,168,21
Black Guillemot,59.93243,-1.34661,7.5,Autumn,0.1232,2628,431
Black Guillemot,59.93243,-1.10177,7.5,Autumn,0.1367,77,18
Black Guillemot,59.93243,-0.85693,7.5,Autumn,0.0876,4,2
Black Guillemot,60.06757,-2.08112,7.5,Autumn,0.1562,16,7
Black Guillemot,60.06757,-1.34661,7.5,Autumn,0.2757,907,151
Black Guillemot,60.06757,-1.10177,7.5,Autumn,0.2046,253,53
Black Guillemot,60.2027,-2.08112,7.5,Autumn,0.1388,3,2
Black Guillemot,60.2027,-1.59145,7.5,Autumn,0.0942,63,5
Black Guillemot,60.2027,-1.34661,7.5,Autumn,0.2161,500,57
Black Guillemot,60.2027,-1.10177,7.5,Autumn,0.0929,824,232
Black Guillemot,60.33784,-1.59145,7.5,Autumn,0.0821,107,21
Black Guillemot,60.33784,-1.34661,7.5,Autumn,0.1494,397,27
Black Guillemot,60.33784,-1.10177,7.5,Autumn,0.3118,219,38
Black Guillemot,60.33784,-0.85693,7.5,Autumn,0.1661,31,4
Black Guillemot,60.47297,-1.59145,7.5,Autumn,0.2812,176,28
Black Guillemot,60.47297,-1.34661,7.5,Autumn,0.2015,240,25
Black Guillemot,60.47297,-1.10177,7.5,Autumn,0.1877,149,36
Black Guillemot,60.47297,-0.85693,7.5,Autumn,0.2486,36,10
Black Guillemot,60.60811,-1.34661,7.5,Autumn,0.1911,63,5
Black Guillemot,60.60811,-1.10177,7.5,Autumn,0.3539,106,10
Black Guillemot,60.60811,-0.85693,7.5,Autumn,0.139,32,4
Black Guillemot,60.74324,-1.10177,7.5,Autumn,0.1914,54,9
Black Guillemot,60.74324,-0.85693,7.5,Autumn,0.0798,798,75
Black Guillemot,60.87838,-0.85693,7.5,Autumn,0.0327,125,10
Black Guillemot,54.66216,-4.77434,7.5,Spring,0.0071,75,39
Black Guillemot,54.7973,-5.26402,7.5,Spring,0.0528,4,2
Black Guillemot,54.7973,-5.01918,7.5,Spring,0.0346,84,27
Black Guillemot,54.7973,-3.79499,7.5,Spring,0.0025,19,6
Black Guillemot,54.93243,-5.26402,7.5,Spring,0.0626,4,1
Black Guillemot,54.93243,-5.01918,7.5,Spring,0.0363,134,30
Black Guillemot,54.93243,-4.28466,7.5,Spring,0.0018,37,1
Black Guillemot,55.06757,-5.26402,7.5,Spring,0.0896,20,7
Black Guillemot,55.2027,-5.01918,7.5,Spring,0.0289,21,4
Black Guillemot,55.2027,-4.77434,7.5,Spring,0.0069,32,9
Black Guillemot,55.33784,-4.77434,7.5,Spring,0.0193,92,1
Black Guillemot,55.47297,-5.75369,7.5,Spring,0.0609,50,3
Black Guillemot,55.47297,-5.50885,7.5,Spring,0.1878,29,5
Black Guillemot,55.47297,-5.26402,7.5,Spring,0.0319,53,8
Black Guillemot,55.47297,-5.01918,7.5,Spring,0.0321,71,14
Black Guillemot,55.47297,-4.77434,7.5,Spring,0.007,561,12
Black Guillemot,55.47297,-4.5295,7.5,Spring,0.0015,1120,15
Black Guillemot,55.60811,-6.24337,7.5,Spring,0.1661,237,41
Black Guillemot,55.60811,-5.75369,7.5,Spring,0.0785,34,3
Black Guillemot,55.60811,-5.50885,7.5,Spring,0.184,16,3
Black Guillemot,55.60811,-5.26402,7.5,Spring,0.0538,166,16
Black Guillemot,55.60811,-5.01918,7.5,Spring,0.0548,34,9
Black Guillemot,55.60811,-4.77434,7.5,Spring,0.0267,3607,535
Black Guillemot,55.74324,-6.48821,7.5,Spring,0.1931,81,8
Black Guillemot,55.74324,-6.24337,7.5,Spring,0.0472,131,7
Black Guillemot,55.74324,-5.99853,7.5,Spring,0.0787,27,9
Black Guillemot,55.74324,-5.75369,7.5,Spring,0.1418,3418,3
Black Guillemot,55.74324,-5.50885,7.5,Spring,0.0393,40,24
Black Guillemot,55.74324,-5.26402,7.5,Spring,0.0645,38,6
Black Guillemot,55.74324,-5.01918,7.5,Spring,0.3199,108,23
Black Guillemot,55.74324,-4.77434,7.5,Spring,0.0129,124,19
Black Guillemot,55.87838,-6.24337,7.5,Spring,0.1904,110,7
Black Guillemot,55.87838,-5.99853,7.5,Spring,0.1127,48,13
Black Guillemot,55.87838,-5.50885,7.5,Spring,0.0187,30,13
Black Guillemot,55.87838,-5.26402,7.5,Spring,0.0624,41,8
Black Guillemot,55.87838,-5.01918,7.5,Spring,0.2453,56,10
Black Guillemot,55.87838,-4.77434,7.5,Spring,0.0075,59,9
Black Guillemot,55.87838,-4.5295,7.5,Spring,0.0015,458,4
Black Guillemot,56.01351,-6.24337,7.5,Spring,0.0609,34,2
Black Guillemot,56.01351,-5.50885,7.5,Spring,0.0136,97,1
Black Guillemot,56.01351,-5.26402,7.5,Spring,0.024,45,1
Black Guillemot,56.01351,-5.01918,7.5,Spring,0.0089,167,35
Black Guillemot,56.01351,-4.77434,7.5,Spring,0.1395,189,33
Black Guillemot,56.01351,-3.30531,7.5,Spring,0.0016,2906,1
Black Guillemot,56.01351,-3.06047,7.5,Spring,0.0015,2432,5
Black Guillemot,56.14865,-6.24337,7.5,Spring,0.0738,11,1
Black Guillemot,56.14865,-5.50885,7.5,Spring,0.0358,78,13
Black Guillemot,56.14865,-5.01918,7.5,Spring,0.0096,25,5
Black Guillemot,56.14865,-4.77434,7.5,Spring,0.0067,77,4
Black Guillemot,56.14865,-3.06047,7.5,Spring,0.0016,422,1
Black Guillemot,56.14865,-2.81564,7.5,Spring,0.0016,399,7
Black Guillemot,56.28378,-6.48821,7.5,Spring,0.2052,342,20
Black Guillemot,56.28378,-6.24337,7.5,Spring,0.1289,133,1
Black Guillemot,56.28378,-5.99853,7.5,Spring,0.0182,21,2
Black Guillemot,56.28378,-5.75369,7.5,Spring,0.013,17,2
Black Guillemot,56.28378,-5.50885,7.5,Spring,0.1257,44,4
Black Guillemot,56.28378,-5.01918,7.5,Spring,0.0088,58,5
Black Guillemot,56.28378,-2.5708,7.5,Spring,0.004,559,6
Black Guillemot,56.41892,-6.97788,7.5,Spring,0.0977,28,2
Black Guillemot,56.41892,-6.48821,7.5,Spring,0.222,4,2
Black Guillemot,56.41892,-6.24337,7.5,Spring,0.0144,177,77
Black Guillemot,56.41892,-5.99853,7.5,Spring,0.0137,401,43
Black Guillemot,56.41892,-5.75369,7.5,Spring,0.219,385,42
Black Guillemot,56.41892,-5.50885,7.5,Spring,0.2951,396,197
Black Guillemot,56.41892,-5.01918,7.5,Spring,0.004,73,1
Black Guillemot,56.55405,-6.73304,7.5,Spring,0.2301,34,2
Black Guillemot,56.55405,-6.48821,7.5,Spring,0.3292,149,52
Black Guillemot,56.55405,-6.24337,7.5,Spring,0.0206,182,13
Black Guillemot,56.55405,-5.99853,7.5,Spring,0.0376,283,11
Black Guillemot,56.55405,-5.75369,7.5,Spring,0.1769,158,9
Black Guillemot,56.55405,-5.50885,7.5,Spring,0.0588,85,27
Black Guillemot,56.55405,-5.26402,7.5,Spring,0.2503,50,8
Black Guillemot,56.68919,-6.48821,7.5,Spring,0.2393,42,7
Black Guillemot,56.68919,-6.24337,7.5,Spring,0.2405,84,20
Black Guillemot,56.68919,-5.99853,7.5,Spring,0.0605,205,9
Black Guillemot,56.68919,-5.26402,7.5,Spring,0.0459,113,37
Black Guillemot,56.68919,-5.01918,7.5,Spring,0.0127,215,2
Black Guillemot,56.82432,-7.7124,7.5,Spring,0.1951,11,6
Black Guillemot,56.82432,-7.46756,7.5,Spring,0.2075,5,3
Black Guillemot,56.82432,-6.24337,7.5,Spring,0.3697,25,9
Black Guillemot,56.82432,-5.99853,7.5,Spring,0.1903,17,3
Black Guillemot,56.82432,-5.75369,7.5,Spring,0.0335,83,9
Black Guillemot,56.82432,-5.26402,7.5,Spring,0.0084,28,1
Black Guillemot,56.82432,-5.01918,7.5,Spring,0.0028,256,21
Black Guillemot,56.95946,-7.46756,7.5,Spring,0.0986,82,18
Black Guillemot,56.95946,-6.73304,7.5,Spring,0.1605,2,1
Black Guillemot,56.95946,-6.24337,7.5,Spring,0.1906,108,35
Black Guillemot,56.95946,-5.75369,7.5,Spring,0.0138,175,23
Black Guillemot,56.95946,-2.08112,7.5,Spring,0.0026,269,22
Black Guillemot,57.09459,-7.46756,7.5,Spring,0.0644,60,8
Black Guillemot,57.09459,-7.22272,7.5,Spring,0.106,65,4
Black Guillemot,57.09459,-6.48821,7.5,Spring,0.087,30,13
Black Guillemot,57.09459,-5.99853,7.5,Spring,0.2634,100,20
Black Guillemot,57.09459,-5.75369,7.5,Spring,0.0696,50,6
Black Guillemot,57.09459,-2.08112,7.5,Spring,0.0088,1560,62
Black Guillemot,57.22973,-7.22272,7.5,Spring,0.1062,50,23
Black Guillemot,57.22973,-6.97788,7.5,Spring,0.1431,1,1
Black Guillemot,57.22973,-6.48821,7.5,Spring,0.097,23,2
Black Guillemot,57.22973,-6.24337,7.5,Spring,0.0485,115,9
Black Guillemot,57.22973,-5.99853,7.5,Spring,0.1259,315,6
Black Guillemot,57.22973,-5.75369,7.5,Spring,0.053,159,16
Black Guillemot,57.22973,-5.50885,7.5,Spring,0.0456,128,1
Black Guillemot,57.36486,-7.22272,7.5,Spring,0.0733,119,7
Black Guillemot,57.36486,-6.73304,7.5,Spring,0.1143,87,45
Black Guillemot,57.36486,-6.48821,7.5,Spring,0.2022,77,6
Black Guillemot,57.36486,-6.24337,7.5,Spring,0.0335,242,32
Black Guillemot,57.36486,-5.99853,7.5,Spring,0.2828,41,10
Black Guillemot,57.36486,-5.75369,7.5,Spring,0.0762,69,4
Black Guillemot,57.36486,-5.50885,7.5,Spring,0.1866,59,8
Black Guillemot,57.36486,-1.83628,7.5,Spring,0.003,69,1
Black Guillemot,57.5,-7.7124,7.5,Spring,0.0901,1,1
Black Guillemot,57.5,-7.46756,7.5,Spring,0.0234,266,1
Black Guillemot,57.5,-7.22272,7.5,Spring,0.1325,151,5
Black Guillemot,57.5,-6.73304,7.5,Spring,0.3059,445,78
Black Guillemot,57.5,-6.48821,7.5,Spring,0.0533,129,9
Black Guillemot,57.5,-6.24337,7.5,Spring,0.0246,165,4
Black Guillemot,57.5,-5.99853,7.5,Spring,0.2908,6,2
Black Guillemot,57.5,-5.75369,7.5,Spring,0.0201,47,11
Black Guillemot,57.5,-4.03983,7.5,Spring,0.0017,691,1
Black Guillemot,57.5,-1.83628,7.5,Spring,0.0028,128,3
Black Guillemot,57.63514,-7.46756,7.5,Spring,0.0106,489,23
Black Guillemot,57.63514,-7.22272,7.5,Spring,0.1873,123,23
Black Guillemot,57.63514,-6.97788,7.5,Spring,0.1137,10,6
Black Guillemot,57.63514,-6.73304,7.5,Spring,0.1718,5,1
Black Guillemot,57.63514,-6.48821,7.5,Spring,0.1375,131,51
Black Guillemot,57.63514,-6.24337,7.5,Spring,0.2718,360,66
Black Guillemot,57.63514,-5.75369,7.5,Spring,0.2423,56,7
Black Guillemot,57.63514,-4.28466,7.5,Spring,0.0057,160,1
Black Guillemot,57.63514,-4.03983,7.5,Spring,0.0129,569,40
Black Guillemot,57.63514,-3.79499,7.5,Spring,0.0025,223,4
Black Guillemot,57.63514,-3.55015,7.5,Spring,0.0027,328,1
Black Guillemot,57.63514,-3.06047,7.5,Spring,0.0028,167,2
Black Guillemot,57.63514,-2.81564,7.5,Spring,0.0022,87,22
Black Guillemot,57.63514,-2.5708,7.5,Spring,0.0023,131,28
Black Guillemot,57.63514,-2.32596,7.5,Spring,0.003,147,12
Black Guillemot,57.63514,-2.08112,7.5,Spring,0.0029,51,6
Black Guillemot,57.77027,-8.69175,7.5,Spring,0.0992,65,8
Black Guillemot,57.77027,-8.44691,7.5,Spring,0.0951,23,4
Black Guillemot,57.77027,-7.22272,7.5,Spring,0.2197,66,18
Black Guillemot,57.77027,-6.97788,7.5,Spring,0.1604,68,8
Black Guillemot,57.77027,-6.73304,7.5,Spring,0.17,10,2
Black Guillemot,57.77027,-6.24337,7.5,Spring,0.1265,7,3
Black Guillemot,57.77027,-5.75369,7.5,Spring,0.1021,131,11
Black Guillemot,57.77027,-5.50885,7.5,Spring,0.0761,84,2
Black Guillemot,57.77027,-3.79499,7.5,Spring,0.0169,199,3
Black Guillemot,57.77027,-3.55015,7.5,Spring,0.0184,157,6
Black Guillemot,57.77027,-3.30531,7.5,Spring,0.014,165,3
Black Guillemot,57.77027,-2.81564,7.5,Spring,0.104,41,29
Black Guillemot,57.90541,-6.97788,7.5,Spring,0.1437,91,6
Black Guillemot,57.90541,-6.73304,7.5,Spring,0.0952,58,5
Black Guillemot,57.90541,-6.24337,7.5,Spring,0.0912,31,14
Black Guillemot,57.90541,-5.75369,7.5,Spring,0.0814,31,13
Black Guillemot,57.90541,-5.50885,7.5,Spring,0.121,117,32
Black Guillemot,57.90541,-5.26402,7.5,Spring,0.1365,130,17
Black Guillemot,57.90541,-5.01918,7.5,Spring,0.0094,7,1
Black Guillemot,57.90541,-4.03983,7.5,Spring,0.0084,326,4
Black Guillemot,57.90541,-3.79499,7.5,Spring,0.0174,70,31
Black Guillemot,58.04054,-6.97788,7.5,Spring,0.1412,23,4
Black Guillemot,58.04054,-6.48821,7.5,Spring,0.0482,31,1
Black Guillemot,58.04054,-5.50885,7.5,Spring,0.0977,6,3
Black Guillemot,58.04054,-5.26402,7.5,Spring,0.0485,24,2
Black Guillemot,58.04054,-3.79499,7.5,Spring,0.0194,75,3
Black Guillemot,58.17568,-6.97788,7.5,Spring,0.0888,41,19
Black Guillemot,58.17568,-6.73304,7.5,Spring,0.1606,86,22
Black Guillemot,58.17568,-6.48821,7.5,Spring,0.0311,169,38
Black Guillemot,58.17568,-6.24337,7.5,Spring,0.1329,77,9
Black Guillemot,58.17568,-5.50885,7.5,Spring,0.0628,17,5
Black Guillemot,58.17568,-5.26402,7.5,Spring,0.0672,130,5
Black Guillemot,58.17568,-3.55015,7.5,Spring,0.0798,19,6
Black Guillemot,58.31081,-6.97788,7.5,Spring,0.0933,33,14
Black Guillemot,58.31081,-6.73304,7.5,Spring,0.3174,84,12
Black Guillemot,58.31081,-6.48821,7.5,Spring,0.0445,58,12
Black Guillemot,58.31081,-6.24337,7.5,Spring,0.2714,135,22
Black Guillemot,58.31081,-5.26402,7.5,Spring,0.0608,43,8
Black Guillemot,58.31081,-5.01918,7.5,Spring,0.0169,43,5
Black Guillemot,58.31081,-3.55015,7.5,Spring,0.0116,14,4
Black Guillemot,58.31081,-3.30531,7.5,Spring,0.0892,19,5
Black Guillemot,58.31081,-3.06047,7.5,Spring,0.1185,18,4
Black Guillemot,58.31081,-1.83628,7.5,Spring,0.0341,1,1
Black Guillemot,58.44595,-6.48821,7.5,Spring,0.0698,12,1
Black Guillemot,58.44595,-6.24337,7.5,Spring,0.0752,106,12
Black Guillemot,58.44595,-5.26402,7.5,Spring,0.0385,89,48
Black Guillemot,58.44595,-5.01918,7.5,Spring,0.1671,31,4
Black Guillemot,58.44595,-4.77434,7.5,Spring,0.2309,4,1
Black Guillemot,58.44595,-3.06047,7.5,Spring,0.3344,87,26
Black Guillemot,58.58108,-6.24337,7.5,Spring,0.0884,71,26
Black Guillemot,58.58108,-4.77434,7.5,Spring,0.2825,149,33
Black Guillemot,58.58108,-4.28466,7.5,Spring,0.0435,22,1
Black Guillemot,58.58108,-4.03983,7.5,Spring,0.2757,19,7
Black Guillemot,58.58108,-3.79499,7.5,Spring,0.2193,34,7
Black Guillemot,58.58108,-3.55015,7.5,Spring,0.054,95,30
Black Guillemot,58.58108,-3.30531,7.5,Spring,0.0575,100,8
Black Guillemot,58.58108,-3.06047,7.5,Spring,0.3973,142,48
Black Guillemot,58.71622,-3.55015,7.5,Spring,0.0255,6,2
Black Guillemot,58.71622,-3.30531,7.5,Spring,0.0845,86,16
Black Guillemot,58.71622,-3.06047,7.5,Spring,0.2817,32,9
Black Guillemot,58.85135,-3.55015,7.5,Spring,0.1005,6,2
Black Guillemot,58.85135,-3.30531,7.5,Spring,0.1257,97,25
Black Guillemot,58.85135,-3.06047,7.5,Spring,0.2329,66,25
Black Guillemot,58.85135,-2.81564,7.5,Spring,0.3136,115,24
Black Guillemot,58.98649,-3.30531,7.5,Spring,0.0602,299,28
Black Guillemot,58.98649,-3.06047,7.5,Spring,0.3077,323,43
Black Guillemot,58.98649,-2.81564,7.5,Spring,0.2645,106,30
Black Guillemot,59.12162,-5.75369,7.5,Spring,0.0317,1,1
Black Guillemot,59.12162,-3.30531,7.5,Spring,0.2542,228,26
Black Guillemot,59.12162,-3.06047,7.5,Spring,0.3509,182,24
Black Guillemot,59.12162,-2.81564,7.5,Spring,0.3016,15,8
Black Guillemot,59.12162,-2.5708,7.5,Spring,0.3609,7,1
Black Guillemot,59.25676,-3.06047,7.5,Spring,0.3009,27,7
Black Guillemot,59.25676,-2.81564,7.5,Spring,0.3819,23,8
Black Guillemot,59.25676,-1.34661,7.5,Spring,0.0575,1,1
Black Guillemot,59.39189,-3.06047,7.5,Spring,0.2518,21,2
Black Guillemot,59.39189,-2.81564,7.5,Spring,0.2245,24,13
Black Guillemot,59.39189,-2.32596,7.5,Spring,0.2254,344,176
Black Guillemot,59.52703,-1.59145,7.5,Spring,0.4923,456,298
Black Guillemot,59.7973,-1.34661,7.5,Spring,0.2287,175,62
Black Guillemot,59.93243,-1.34661,7.5,Spring,0.2501,1629,555
Black Guillemot,59.93243,-1.10177,7.5,Spring,0.1789,131,52
Black Guillemot,60.06757,-2.08112,7.5,Spring,0.286,22,12
Black Guillemot,60.06757,-1.34661,7.5,Spring,0.3511,437,126
Black Guillemot,60.06757,-1.10177,7.5,Spring,0.3552,123,61
Black Guillemot,60.2027,-1.59145,7.5,Spring,0.2279,49,21
Black Guillemot,60.2027,-1.34661,7.5,Spring,0.2454,134,6
Black Guillemot,60.2027,-1.10177,7.5,Spring,0.1443,488,206
Black Guillemot,60.33784,-1.59145,7.5,Spring,0.2937,34,12
Black Guillemot,60.33784,-1.34661,7.5,Spring,0.2664,70,13
Black Guillemot,60.33784,-1.10177,7.5,Spring,0.4134,26,11
Black Guillemot,60.33784,-0.85693,7.5,Spring,0.2877,5,2
Black Guillemot,60.47297,-1.59145,7.5,Spring,0.436,71,21
Black Guillemot,60.47297,-1.34661,7.5,Spring,0.2903,52,10
Black Guillemot,60.47297,-1.10177,7.5,Spring,0.3266,58,27
Black Guillemot,60.47297,-0.85693,7.5,Spring,0.3051,26,20
Black Guillemot,60.60811,-1.34661,7.5,Spring,0.3754,24,6
Black Guillemot,60.60811,-1.10177,7.5,Spring,0.489,33,4
Black Guillemot,60.60811,-0.85693,7.5,Spring,0.2499,78,27
Black Guillemot,60.74324,-1.10177,7.5,Spring,0.3848,20,10
Black Guillemot,60.74324,-0.85693,7.5,Spring,0.2021,385,101
Black Guillemot,60.87838,-0.85693,7.5,Spring,0.081,114,22
Black Guillemot,54.66216,-4.77434,7.5,Summer,0.008,43,17
Black Guillemot,54.7973,-5.01918,7.5,Summer,0.0316,55,23
Black Guillemot,54.7973,-4.28466,7.5,Summer,0.0022,27,1
Black Guillemot,54.7973,-3.79499,7.5,Summer,0.0025,22,2
Black Guillemot,54.93243,-5.26402,7.5,Summer,0.0606,2,1
Black Guillemot,54.93243,-5.01918,7.5,Summer,0.032,74,13
Black Guillemot,55.06757,-5.26402,7.5,Summer,0.0978,23,5
Black Guillemot,55.06757,-5.01918,7.5,Summer,0.1239,12,3
Black Guillemot,55.2027,-5.01918,7.5,Summer,0.0369,17,5
Black Guillemot,55.2027,-4.77434,7.5,Summer,0.0085,30,4
Black Guillemot,55.33784,-5.50885,7.5,Summer,0.0495,14,3
Black Guillemot,55.33784,-4.77434,7.5,Summer,0.0202,137,3
Black Guillemot,55.47297,-5.50885,7.5,Summer,0.1657,25,6
Black Guillemot,55.47297,-5.26402,7.5,Summer,0.033,20,5
Black Guillemot,55.47297,-5.01918,7.5,Summer,0.0461,38,2
Black Guillemot,55.47297,-4.77434,7.5,Summer,0.0099,450,11
Black Guillemot,55.47297,-4.5295,7.5,Summer,0.0015,794,9
Black Guillemot,55.60811,-6.24337,7.5,Summer,0.1342,83,11
Black Guillemot,55.60811,-5.99853,7.5,Summer,0.138,10,1
Black Guillemot,55.60811,-5.75369,7.5,Summer,0.0895,15,3
Black Guillemot,55.60811,-5.50885,7.5,Summer,0.1553,12,2
Black Guillemot,55.60811,-5.26402,7.5,Summer,0.0566,104,5
Black Guillemot,55.60811,-5.01918,7.5,Summer,0.0621,24,5
Black Guillemot,55.60811,-4.77434,7.5,Summer,0.0264,3125,524
Black Guillemot,55.74324,-6.48821,7.5,Summer,0.1758,38,3
Black Guillemot,55.74324,-6.24337,7.5,Summer,0.0504,63,4
Black Guillemot,55.74324,-5.99853,7.5,Summer,0.0815,12,2
Black Guillemot,55.74324,-5.75369,7.5,Summer,0.1568,17,5
Black Guillemot,55.74324,-5.50885,7.5,Summer,0.0482,42,11
Black Guillemot,55.74324,-5.26402,7.5,Summer,0.0609,32,3
Black Guillemot,55.74324,-5.01918,7.5,Summer,0.2743,93,17
Black Guillemot,55.74324,-4.77434,7.5,Summer,0.0156,62,4
Black Guillemot,55.87838,-6.24337,7.5,Summer,0.1505,94,5
Black Guillemot,55.87838,-5.99853,7.5,Summer,0.1157,21,2
Black Guillemot,55.87838,-5.75369,7.5,Summer,0.0786,7,1
Black Guillemot,55.87838,-5.50885,7.5,Summer,0.0203,48,21
Black Guillemot,55.87838,-5.26402,7.5,Summer,0.055,24,3
Black Guillemot,55.87838,-5.01918,7.5,Summer,0.2042,15,3
Black Guillemot,55.87838,-4.77434,7.5,Summer,0.0086,45,6
Black Guillemot,55.87838,-3.06047,7.5,Summer,0.0015,1626,1
Black Guillemot,55.87838,-2.08112,7.5,Summer,0.0034,295,1
Black Guillemot,56.01351,-6.24337,7.5,Summer,0.0527,22,1
Black Guillemot,56.01351,-5.99853,7.5,Summer,0.1717,3,2
Black Guillemot,56.01351,-5.75369,7.5,Summer,0.0425,13,1
Black Guillemot,56.01351,-5.26402,7.5,Summer,0.0237,22,1
Black Guillemot,56.01351,-5.01918,7.5,Summer,0.0088,85,25
Black Guillemot,56.01351,-4.77434,7.5,Summer,0.1286,128,22
Black Guillemot,56.01351,-3.06047,7.5,Summer,0.0015,2396,18
Black Guillemot,56.01351,-2.81564,7.5,Summer,0.002,786,5
Black Guillemot,56.01351,-2.5708,7.5,Summer,0.0024,613,1
Black Guillemot,56.14865,-6.24337,7.5,Summer,0.0713,6,1
Black Guillemot,56.14865,-5.50885,7.5,Summer,0.0332,74,5
Black Guillemot,56.14865,-5.26402,7.5,Summer,0.0232,28,1
Black Guillemot,56.14865,-4.77434,7.5,Summer,0.0067,98,4
Black Guillemot,56.28378,-6.48821,7.5,Summer,0.1809,238,7
Black Guillemot,56.28378,-6.24337,7.5,Summer,0.1211,89,1
Black Guillemot,56.28378,-5.99853,7.5,Summer,0.0202,3,1
Black Guillemot,56.28378,-5.75369,7.5,Summer,0.0139,34,11
Black Guillemot,56.28378,-5.01918,7.5,Summer,0.0087,74,4
Black Guillemot,56.28378,-2.81564,7.5,Summer,0.0016,1122,1
Black Guillemot,56.28378,-2.5708,7.5,Summer,0.0038,524,4
Black Guillemot,56.41892,-6.48821,7.5,Summer,0.1798,1,1
Black Guillemot,56.41892,-6.24337,7.5,Summer,0.0165,224,100
Black Guillemot,56.41892,-5.99853,7.5,Summer,0.0165,294,16
Black Guillemot,56.41892,-5.75369,7.5,Summer,0.1699,361,33
Black Guillemot,56.41892,-5.50885,7.5,Summer,0.2681,433,177
Black Guillemot,56.55405,-6.97788,7.5,Summer,0.1506,19,2
Black Guillemot,56.55405,-6.48821,7.5,Summer,0.3371,134,65
Black Guillemot,56.55405,-6.24337,7.5,Summer,0.0247,192,15
Black Guillemot,56.55405,-5.99853,7.5,Summer,0.0394,274,23
Black Guillemot,56.55405,-5.75369,7.5,Summer,0.1574,81,9
Black Guillemot,56.55405,-5.50885,7.5,Summer,0.0519,37,8
Black Guillemot,56.55405,-5.26402,7.5,Summer,0.2145,36,1
Black Guillemot,56.55405,-2.5708,7.5,Summer,0.0022,98,1
Black Guillemot,56.68919,-6.48821,7.5,Summer,0.2126,30,4
Black Guillemot,56.68919,-6.24337,7.5,Summer,0.2007,70,6
Black Guillemot,56.68919,-5.99853,7.5,Summer,0.0563,168,11
Black Guillemot,56.68919,-5.50885,7.5,Summer,0.0377,44,2
Black Guillemot,56.68919,-5.26402,7.5,Summer,0.0361,139,27
Black Guillemot,56.68919,-5.01918,7.5,Summer,0.011,304,1
Black Guillemot,56.68919,-2.5708,7.5,Summer,0.0018,238,1
Black Guillemot,56.82432,-7.7124,7.5,Summer,0.1971,5,3
Black Guillemot,56.82432,-6.73304,7.5,Summer,0.1073,5,3
Black Guillemot,56.82432,-6.24337,7.5,Summer,0.3596,21,9
Black Guillemot,56.82432,-5.99853,7.5,Summer,0.206,11,5
Black Guillemot,56.82432,-5.75369,7.5,Summer,0.0381,93,9
Black Guillemot,56.82432,-5.50885,7.5,Summer,0.0081,78,1
Black Guillemot,56.82432,-5.01918,7.5,Summer,0.0025,276,10
Black Guillemot,56.95946,-7.46756,7.5,Summer,0.0871,118,21
Black Guillemot,56.95946,-7.22272,7.5,Summer,0.3318,1,1
Black Guillemot,56.95946,-6.24337,7.5,Summer,0.1804,43,15
Black Guillemot,56.95946,-5.99853,7.5,Summer,0.2702,9,2
Black Guillemot,56.95946,-5.75369,7.5,Summer,0.0164,122,18
Black Guillemot,56.95946,-2.32596,7.5,Summer,0.002,53,2
Black Guillemot,56.95946,-2.08112,7.5,Summer,0.0028,272,25
Black Guillemot,57.09459,-7.46756,7.5,Summer,0.0681,86,14
Black Guillemot,57.09459,-7.22272,7.5,Summer,0.1011,41,14
Black Guillemot,57.09459,-6.48821,7.5,Summer,0.0986,39,23
Black Guillemot,57.09459,-6.24337,7.5,Summer,0.1383,7,4
Black Guillemot,57.09459,-5.99853,7.5,Summer,0.2367,105,12
Black Guillemot,57.09459,-5.75369,7.5,Summer,0.0685,94,11
Black Guillemot,57.09459,-5.50885,7.5,Summer,0.0413,6,1
Black Guillemot,57.09459,-2.08112,7.5,Summer,0.0085,1194,58
Black Guillemot,57.22973,-7.46756,7.5,Summer,0.0244,112,1
Black Guillemot,57.22973,-7.22272,7.5,Summer,0.1133,26,9
Black Guillemot,57.22973,-6.48821,7.5,Summer,0.0992,21,2
Black Guillemot,57.22973,-6.24337,7.5,Summer,0.0469,148,10
Black Guillemot,57.22973,-5.99853,7.5,Summer,0.123,364,9
Black Guillemot,57.22973,-5.75369,7.5,Summer,0.0563,148,7
Black Guillemot,57.22973,-4.5295,7.5,Summer,0.0015,77,1
Black Guillemot,57.36486,-7.46756,7.5,Summer,0.027,123,2
Black Guillemot,57.36486,-7.22272,7.5,Summer,0.0802,80,6
Black Guillemot,57.36486,-6.73304,7.5,Summer,0.119,94,43
Black Guillemot,57.36486,-6.48821,7.5,Summer,0.1795,93,11
Black Guillemot,57.36486,-6.24337,7.5,Summer,0.0372,292,13
Black Guillemot,57.36486,-5.99853,7.5,Summer,0.2455,33,6
Black Guillemot,57.36486,-5.75369,7.5,Summer,0.0813,65,1
Black Guillemot,57.36486,-1.83628,7.5,Summer,0.0029,74,1
Black Guillemot,57.5,-7.46756,7.5,Summer,0.0241,165,1
Black Guillemot,57.5,-7.22272,7.5,Summer,0.122,111,8
Black Guillemot,57.5,-6.73304,7.5,Summer,0.2804,402,80
Black Guillemot,57.5,-6.48821,7.5,Summer,0.0551,157,9
Black Guillemot,57.5,-6.24337,7.5,Summer,0.027,189,5
Black Guillemot,57.5,-5.99853,7.5,Summer,0.2502,4,2
Black Guillemot,57.5,-5.75369,7.5,Summer,0.022,62,9
Black Guillemot,57.5,-4.28466,7.5,Summer,0.0017,814,2
Black Guillemot,57.5,-4.03983,7.5,Summer,0.0017,626,2
Black Guillemot,57.5,-1.83628,7.5,Summer,0.0026,107,1
Black Guillemot,57.63514,-7.46756,7.5,Summer,0.0124,350,13
Black Guillemot,57.63514,-7.22272,7.5,Summer,0.1775,116,11
Black Guillemot,57.63514,-6.97788,7.5,Summer,0.1218,9,2
Black Guillemot,57.63514,-6.73304,7.5,Summer,0.192,13,6
Black Guillemot,57.63514,-6.48821,7.5,Summer,0.1597,167,32
Black Guillemot,57.63514,-6.24337,7.5,Summer,0.2391,443,59
Black Guillemot,57.63514,-5.75369,7.5,Summer,0.2168,46,5
Black Guillemot,57.63514,-4.28466,7.5,Summer,0.0059,189,4
Black Guillemot,57.63514,-4.03983,7.5,Summer,0.0136,742,34
Black Guillemot,57.63514,-3.79499,7.5,Summer,0.0026,187,1
Black Guillemot,57.63514,-3.55015,7.5,Summer,0.0025,190,1
Black Guillemot,57.63514,-3.06047,7.5,Summer,0.0028,170,1
Black Guillemot,57.63514,-2.81564,7.5,Summer,0.0022,26,8
Black Guillemot,57.63514,-2.5708,7.5,Summer,0.0024,33,2
Black Guillemot,57.63514,-2.32596,7.5,Summer,0.0031,124,11
Black Guillemot,57.77027,-8.69175,7.5,Summer,0.0883,36,8
Black Guillemot,57.77027,-8.44691,7.5,Summer,0.0809,18,5
Black Guillemot,57.77027,-7.22272,7.5,Summer,0.2086,64,16
Black Guillemot,57.77027,-6.97788,7.5,Summer,0.1593,108,25
Black Guillemot,57.77027,-6.73304,7.5,Summer,0.1762,13,2
Black Guillemot,57.77027,-6.48821,7.5,Summer,0.0792,5,2
Black Guillemot,57.77027,-6.24337,7.5,Summer,0.1325,14,8
Black Guillemot,57.77027,-5.75369,7.5,Summer,0.1121,159,14
Black Guillemot,57.77027,-5.50885,7.5,Summer,0.0776,82,2
Black Guillemot,57.77027,-4.03983,7.5,Summer,0.0187,134,3
Black Guillemot,57.77027,-3.79499,7.5,Summer,0.0181,180,22
Black Guillemot,57.77027,-3.55015,7.5,Summer,0.0192,104,6
Black Guillemot,57.77027,-3.30531,7.5,Summer,0.0145,140,2
Black Guillemot,57.77027,-2.81564,7.5,Summer,0.0992,24,17
Black Guillemot,57.90541,-6.97788,7.5,Summer,0.1372,77,5
Black Guillemot,57.90541,-6.73304,7.5,Summer,0.0873,63,1
Black Guillemot,57.90541,-6.24337,7.5,Summer,0.107,17,10
Black Guillemot,57.90541,-5.75369,7.5,Summer,0.0895,41,12
Black Guillemot,57.90541,-5.50885,7.5,Summer,0.1216,122,28
Black Guillemot,57.90541,-5.26402,7.5,Summer,0.1002,175,5
Black Guillemot,57.90541,-3.79499,7.5,Summer,0.0173,52,18
Black Guillemot,58.04054,-7.22272,7.5,Summer,0.1126,1,1
Black Guillemot,58.04054,-6.73304,7.5,Summer,0.0959,36,1
Black Guillemot,58.04054,-6.48821,7.5,Summer,0.0534,51,2
Black Guillemot,58.04054,-6.24337,7.5,Summer,0.0828,1,1
Black Guillemot,58.04054,-5.75369,7.5,Summer,0.0327,27,11
Black Guillemot,58.04054,-5.50885,7.5,Summer,0.1171,7,2
Black Guillemot,58.04054,-5.26402,7.5,Summer,0.0496,31,7
Black Guillemot,58.04054,-3.79499,7.5,Summer,0.0235,81,5
Black Guillemot,58.17568,-6.97788,7.5,Summer,0.0957,82,34
Black Guillemot,58.17568,-6.73304,7.5,Summer,0.1594,84,15
Black Guillemot,58.17568,-6.48821,7.5,Summer,0.028,142,20
Black Guillemot,58.17568,-6.24337,7.5,Summer,0.1304,101,18
Black Guillemot,58.17568,-5.75369,7.5,Summer,0.0355,5,1
Black Guillemot,58.17568,-5.50885,7.5,Summer,0.0646,27,18
Black Guillemot,58.17568,-5.26402,7.5,Summer,0.0686,123,14
Black Guillemot,58.17568,-3.55015,7.5,Summer,0.0704,44,7
Black Guillemot,58.17568,-3.30531,7.5,Summer,0.0306,48,4
Black Guillemot,58.31081,-6.97788,7.5,Summer,0.0983,11,5
Black Guillemot,58.31081,-6.73304,7.5,Summer,0.3122,126,35
Black Guillemot,58.31081,-6.48821,7.5,Summer,0.0476,64,11
Black Guillemot,58.31081,-6.24337,7.5,Summer,0.2746,163,29
Black Guillemot,58.31081,-5.50885,7.5,Summer,0.0471,6,1
Black Guillemot,58.31081,-5.26402,7.5,Summer,0.0699,70,10
Black Guillemot,58.31081,-5.01918,7.5,Summer,0.0163,40,2
Black Guillemot,58.31081,-3.30531,7.5,Summer,0.0904,52,17
Black Guillemot,58.31081,-3.06047,7.5,Summer,0.1196,6,1
Black Guillemot,58.44595,-6.24337,7.5,Summer,0.0763,130,22
Black Guillemot,58.44595,-5.26402,7.5,Summer,0.0399,94,52
Black Guillemot,58.44595,-5.01918,7.5,Summer,0.1345,54,4
Black Guillemot,58.44595,-4.77434,7.5,Summer,0.1906,11,1
Black Guillemot,58.44595,-3.06047,7.5,Summer,0.3658,74,30
Black Guillemot,58.58108,-6.24337,7.5,Summer,0.0909,87,39
Black Guillemot,58.58108,-4.77434,7.5,Summer,0.2351,110,9
Black Guillemot,58.58108,-4.5295,7.5,Summer,0.2228,26,9
Black Guillemot,58.58108,-4.28466,7.5,Summer,0.0538,31,11
Black Guillemot,58.58108,-4.03983,7.5,Summer,0.2777,37,16
Black Guillemot,58.58108,-3.79499,7.5,Summer,0.1755,34,2
Black Guillemot,58.58108,-3.55015,7.5,Summer,0.0546,117,47
Black Guillemot,58.58108,-3.30531,7.5,Summer,0.06,172,23
Black Guillemot,58.58108,-3.06047,7.5,Summer,0.4241,174,51
Black Guillemot,58.71622,-3.55015,7.5,Summer,0.0277,6,3
Black Guillemot,58.71622,-3.30531,7.5,Summer,0.0926,103,10
Black Guillemot,58.71622,-3.06047,7.5,Summer,0.2834,37,14
Black Guillemot,58.71622,-2.81564,7.5,Summer,0.2852,3,1
Black Guillemot,58.85135,-3.55015,7.5,Summer,0.1037,10,7
Black Guillemot,58.85135,-3.30531,7.5,Summer,0.1373,113,22
Black Guillemot,58.85135,-3.06047,7.5,Summer,0.2332,70,25
Black Guillemot,58.85135,-2.81564,7.5,Summer,0.3198,183,36
Black Guillemot,58.85135,-2.5708,7.5,Summer,0.0582,5,2
Black Guillemot,58.98649,-3.55015,7.5,Summer,0.0138,1,1
Black Guillemot,58.98649,-3.30531,7.5,Summer,0.0623,530,73
Black Guillemot,58.98649,-3.06047,7.5,Summer,0.3602,416,79
Black Guillemot,58.98649,-2.81564,7.5,Summer,0.3115,119,52
Black Guillemot,59.12162,-5.75369,7.5,Summer,0.0292,4,2
Black Guillemot,59.12162,-4.5295,7.5,Summer,0.0113,1,1
Black Guillemot,59.12162,-3.30531,7.5,Summer,0.2424,447,72
Black Guillemot,59.12162,-3.06047,7.5,Summer,0.364,316,58
Black Guillemot,59.12162,-2.81564,7.5,Summer,0.3025,13,6
Black Guillemot,59.12162,-2.5708,7.5,Summer,0.3812,12,3
Black Guillemot,59.25676,-3.06047,7.5,Summer,0.2872,56,12
Black Guillemot,59.25676,-2.81564,7.5,Summer,0.3894,63,22
Black Guillemot,59.25676,-2.5708,7.5,Summer,0.3672,15,4
Black Guillemot,59.25676,-2.32596,7.5,Summer,0.2529,5,2
Black Guillemot,59.39189,-3.06047,7.5,Summer,0.2475,41,12
Black Guillemot,59.39189,-2.81564,7.5,Summer,0.2197,16,7
Black Guillemot,59.39189,-2.32596,7.5,Summer,0.1999,184,75
Black Guillemot,59.52703,-1.59145,7.5,Summer,0.4833,354,276
Black Guillemot,59.7973,-1.34661,7.5,Summer,0.2024,226,82
Black Guillemot,59.93243,-1.34661,7.5,Summer,0.2829,1489,524
Black Guillemot,59.93243,-1.10177,7.5,Summer,0.1896,126,65
Black Guillemot,60.06757,-2.08112,7.5,Summer,0.2473,17,5
Black Guillemot,60.06757,-1.34661,7.5,Summer,0.4282,208,48
Black Guillemot,60.06757,-1.10177,7.5,Summer,0.3371,75,29
Black Guillemot,60.2027,-2.08112,7.5,Summer,0.2406,4,3
Black Guillemot,60.2027,-1.59145,7.5,Summer,0.2178,33,9
Black Guillemot,60.2027,-1.34661,7.5,Summer,0.2912,126,13
Black Guillemot,60.2027,-1.10177,7.5,Summer,0.1215,394,178
Black Guillemot,60.33784,-1.59145,7.5,Summer,0.2252,54,20
Black Guillemot,60.33784,-1.34661,7.5,Summer,0.2964,85,11
Black Guillemot,60.33784,-1.10177,7.5,Summer,0.4055,45,11
Black Guillemot,60.47297,-1.59145,7.5,Summer,0.452,123,34
Black Guillemot,60.47297,-1.34661,7.5,Summer,0.2821,54,9
Black Guillemot,60.47297,-1.10177,7.5,Summer,0.2739,77,34
Black Guillemot,60.47297,-0.85693,7.5,Summer,0.2675,10,7
Black Guillemot,60.60811,-1.34661,7.5,Summer,0.3974,30,4
Black Guillemot,60.60811,-1.10177,7.5,Summer,0.468,58,9
Black Guillemot,60.60811,-0.85693,7.5,Summer,0.1866,218,59
Black Guillemot,60.74324,-1.10177,7.5,Summer,0.3467,31,4
Black Guillemot,60.74324,-0.85693,7.5,Summer,0.1287,401,61
Black Guillemot,60.87838,-0.85693,7.5,Summer,0.0532,127,29
Black Guillemot,54.66216,-4.77434,7.5,Winter,0.0063,12,3
Black Guillemot,54.7973,-5.01918,7.5,Winter,0.0243,27,4
Black Guillemot,54.93243,-5.01918,7.5,Winter,0.0212,90,24
Black Guillemot,55.06757,-5.01918,7.5,Winter,0.0958,14,1
Black Guillemot,55.33784,-4.77434,7.5,Winter,0.0105,114,4
Black Guillemot,55.47297,-5.75369,7.5,Winter,0.0453,36,3
Black Guillemot,55.47297,-5.50885,7.5,Winter,0.1591,15,9
Black Guillemot,55.47297,-5.26402,7.5,Winter,0.0163,10,2
Black Guillemot,55.47297,-4.77434,7.5,Winter,0.0058,596,7
Black Guillemot,55.47297,-4.5295,7.5,Winter,0.0015,1316,7
Black Guillemot,55.60811,-6.24337,7.5,Winter,0.0847,95,8
Black Guillemot,55.60811,-5.75369,7.5,Winter,0.0536,25,9
Black Guillemot,55.60811,-5.26402,7.5,Winter,0.0305,26,3
Black Guillemot,55.60811,-4.77434,7.5,Winter,0.0129,4222,318
Black Guillemot,55.74324,-6.48821,7.5,Winter,0.1257,93,3
Black Guillemot,55.74324,-6.24337,7.5,Winter,0.0271,265,14
Black Guillemot,55.74324,-5.99853,7.5,Winter,0.0605,16,4
Black Guillemot,55.74324,-5.75369,7.5,Winter,0.0786,761,2
Black Guillemot,55.74324,-5.50885,7.5,Winter,0.0237,43,20
Black Guillemot,55.74324,-5.01918,7.5,Winter,0.3083,103,5
Black Guillemot,55.74324,-4.77434,7.5,Winter,0.0088,99,4
Black Guillemot,55.87838,-6.24337,7.5,Winter,0.1199,204,5
Black Guillemot,55.87838,-5.99853,7.5,Winter,0.0867,16,9
Black Guillemot,55.87838,-5.50885,7.5,Winter,0.0142,28,23
Black Guillemot,55.87838,-5.26402,7.5,Winter,0.0367,17,1
Black Guillemot,55.87838,-5.01918,7.5,Winter,0.1971,15,4
Black Guillemot,55.87838,-4.77434,7.5,Winter,0.0067,20,5
Black Guillemot,55.87838,-4.5295,7.5,Winter,0.0015,384,1
Black Guillemot,56.01351,-5.50885,7.5,Winter,0.0111,25,1
Black Guillemot,56.01351,-5.26402,7.5,Winter,0.015,33,2
Black Guillemot,56.01351,-5.01918,7.5,Winter,0.0068,105,29
Black Guillemot,56.01351,-4.77434,7.5,Winter,0.0968,80,15
Black Guillemot,56.01351,-3.30531,7.5,Winter,0.0016,2000,8
Black Guillemot,56.01351,-3.06047,7.5,Winter,0.0015,1585,1
Black Guillemot,56.01351,-2.81564,7.5,Winter,0.0018,874,1
Black Guillemot,56.14865,-5.01918,7.5,Winter,0.0069,7,1
Black Guillemot,56.14865,-3.06047,7.5,Winter,0.0016,302,2
Black Guillemot,56.14865,-2.81564,7.5,Winter,0.0016,219,2
Black Guillemot,56.28378,-6.24337,7.5,Winter,0.1089,4,2
Black Guillemot,56.28378,-5.01918,7.5,Winter,0.0064,7,1
Black Guillemot,56.28378,-2.81564,7.5,Winter,0.0016,1177,2
Black Guillemot,56.28378,-2.5708,7.5,Winter,0.0039,333,22
Black Guillemot,56.41892,-5.99853,7.5,Winter,0.0119,10,1
Black Guillemot,56.41892,-5.75369,7.5,Winter,0.1554,18,2
Black Guillemot,56.41892,-5.50885,7.5,Winter,0.2069,66,11
Black Guillemot,56.68919,-6.24337,7.5,Winter,0.1185,13,1
Black Guillemot,56.68919,-5.26402,7.5,Winter,0.0256,14,3
Black Guillemot,56.68919,-5.01918,7.5,Winter,0.0084,14,1
Black Guillemot,56.82432,-5.75369,7.5,Winter,0.0189,29,4
Black Guillemot,56.82432,-5.01918,7.5,Winter,0.0028,42,2
Black Guillemot,56.95946,-6.24337,7.5,Winter,0.1018,45,8
Black Guillemot,56.95946,-5.75369,7.5,Winter,0.0096,18,4
Black Guillemot,57.09459,-5.99853,7.5,Winter,0.2162,8,1
Black Guillemot,57.09459,-5.75369,7.5,Winter,0.0473,11,1
Black Guillemot,57.22973,-5.99853,7.5,Winter,0.0819,81,4
Black Guillemot,57.22973,-5.75369,7.5,Winter,0.0264,16,1
Black Guillemot,57.36486,-6.24337,7.5,Winter,0.0209,51,3
Black Guillemot,57.36486,-5.99853,7.5,Winter,0.2284,9,6
Black Guillemot,57.5,-6.73304,7.5,Winter,0.2214,244,30
Black Guillemot,57.5,-5.75369,7.5,Winter,0.0158,7,3
Black Guillemot,57.5,-4.03983,7.5,Winter,0.0016,511,1
Black Guillemot,57.5,-1.83628,7.5,Winter,0.0022,27,2
Black Guillemot,57.63514,-7.22272,7.5,Winter,0.1201,6,2
Black Guillemot,57.63514,-6.48821,7.5,Winter,0.0704,11,4
Black Guillemot,57.63514,-6.24337,7.5,Winter,0.1645,95,8
Black Guillemot,57.63514,-4.03983,7.5,Winter,0.0166,354,41
Black Guillemot,57.63514,-3.79499,7.5,Winter,0.0032,297,16
Black Guillemot,57.63514,-3.55015,7.5,Winter,0.0026,318,5
Black Guillemot,57.63514,-2.5708,7.5,Winter,0.0022,9,1
Black Guillemot,57.63514,-2.08112,7.5,Winter,0.0024,57,4
Black Guillemot,57.63514,-1.83628,7.5,Winter,0.0027,140,2
Black Guillemot,57.77027,-6.73304,7.5,Winter,0.1041,5,4
Black Guillemot,57.77027,-5.75369,7.5,Winter,0.0766,31,8
Black Guillemot,57.77027,-5.50885,7.5,Winter,0.0636,19,9
Black Guillemot,57.77027,-3.79499,7.5,Winter,0.0133,153,2
Black Guillemot,57.77027,-3.55015,7.5,Winter,0.0141,140,11
Black Guillemot,57.90541,-6.73304,7.5,Winter,0.0712,1,1
Black Guillemot,57.90541,-6.24337,7.5,Winter,0.07,89,10
Black Guillemot,57.90541,-5.50885,7.5,Winter,0.096,41,9
Black Guillemot,57.90541,-5.26402,7.5,Winter,0.0919,35,3
Black Guillemot,57.90541,-3.79499,7.5,Winter,0.0131,17,6
Black Guillemot,58.04054,-3.79499,7.5,Winter,0.0156,38,3
Black Guillemot,58.17568,-6.48821,7.5,Winter,0.0256,51,9
Black Guillemot,58.17568,-6.24337,7.5,Winter,0.1265,54,6
Black Guillemot,58.31081,-6.73304,7.5,Winter,0.1751,11,1
Black Guillemot,58.31081,-6.24337,7.5,Winter,0.1698,53,1
Black Guillemot,58.31081,-3.30531,7.5,Winter,0.0775,8,3
Black Guillemot,58.31081,-3.06047,7.5,Winter,0.0725,4,1
Black Guillemot,58.44595,-3.06047,7.5,Winter,0.266,32,12
Black Guillemot,58.58108,-4.77434,7.5,Winter,0.1453,27,1
Black Guillemot,58.58108,-4.03983,7.5,Winter,0.1752,3,1
Black Guillemot,58.58108,-3.79499,7.5,Winter,0.1469,15,7
Black Guillemot,58.58108,-3.55015,7.5,Winter,0.0377,57,27
Black Guillemot,58.58108,-3.30531,7.5,Winter,0.0473,39,2
Black Guillemot,58.58108,-3.06047,7.5,Winter,0.2902,30,2
Black Guillemot,58.71622,-3.30531,7.5,Winter,0.0737,10,2
Black Guillemot,58.71622,-3.06047,7.5,Winter,0.1671,2,1
Black Guillemot,58.85135,-3.30531,7.5,Winter,0.1026,3,1
Black Guillemot,58.85135,-3.06047,7.5,Winter,0.146,16,6
Black Guillemot,58.85135,-2.81564,7.5,Winter,0.2063,28,7
Black Guillemot,58.98649,-3.06047,7.5,Winter,0.2785,31,2
Black Guillemot,58.98649,-2.81564,7.5,Winter,0.2404,12,1
Black Guillemot,59.12162,-3.30531,7.5,Winter,0.1489,15,1
Black Guillemot,59.12162,-3.06047,7.5,Winter,0.2391,28,4
Black Guillemot,59.25676,-2.81564,7.5,Winter,0.2505,3,1
Black Guillemot,59.25676,-2.5708,7.5,Winter,0.2302,15,2
Black Guillemot,59.39189,-2.32596,7.5,Winter,0.1511,15,5
Black Guillemot,59.52703,-1.59145,7.5,Winter,0.4357,87,16
Black Guillemot,59.7973,-1.34661,7.5,Winter,0.1545,30,8
Black Guillemot,59.93243,-1.34661,7.5,Winter,0.1896,905,257
Black Guillemot,59.93243,-1.10177,7.5,Winter,0.1389,48,4
Black Guillemot,60.06757,-2.08112,7.5,Winter,0.1749,7,2
Black Guillemot,60.06757,-1.34661,7.5,Winter,0.3338,290,75
Black Guillemot,60.06757,-1.10177,7.5,Winter,0.2493,96,43
Black Guillemot,60.2027,-2.08112,7.5,Winter,0.1671,3,2
Black Guillemot,60.2027,-1.59145,7.5,Winter,0.1326,8,2
Black Guillemot,60.2027,-1.34661,7.5,Winter,0.2295,47,2
Black Guillemot,60.2027,-1.10177,7.5,Winter,0.1051,254,101
Black Guillemot,60.33784,-1.59145,7.5,Winter,0.1627,9,3
Black Guillemot,60.33784,-1.34661,7.5,Winter,0.2319,23,3
Black Guillemot,60.33784,-1.10177,7.5,Winter,0.3864,18,13
Black Guillemot,60.47297,-1.34661,7.5,Winter,0.226,17,3
Black Guillemot,60.47297,-1.10177,7.5,Winter,0.272,13,8
Black Guillemot,60.47297,-0.85693,7.5,Winter,0.2636,1,1
Black Guillemot,60.60811,-1.10177,7.5,Winter,0.4527,50,5
Black Guillemot,60.60811,-0.85693,7.5,Winter,0.2213,4,2
Black Guillemot,60.74324,-1.10177,7.5,Winter,0.3435,15,1
Black Guillemot,60.74324,-0.85693,7.5,Winter,0.1646,280,70
Black Guillemot,60.87838,-0.85693,7.5,Winter,0.069,32,11
Common Cuckoo,55.87838,-2.32596,7.5,Autumn,0.0016,105,2
Common Cuckoo,56.01351,-3.06047,7.5,Autumn,0.0015,1856,1
Common Cuckoo,56.95946,-3.30531,7.5,Autumn,0.0018,46,1
Common Cuckoo,57.22973,-3.30531,7.5,Autumn,0.0017,35,1
Common Cuckoo,57.36486,-2.08112,7.5,Autumn,0.0016,200,1
Common Cuckoo,57.63514,-4.5295,7.5,Autumn,0.002,83,1
Common Cuckoo,57.77027,-3.79499,7.5,Autumn,0.0015,172,1
Common Cuckoo,59.39189,-2.32596,7.5,Autumn,0.0016,327,1
Common Cuckoo,54.7973,-4.5295,7.5,Spring,0.0262,51,1
Common Cuckoo,54.7973,-4.28466,7.5,Spring,0.0264,23,2
Common Cuckoo,54.7973,-3.79499,7.5,Spring,0.0242,19,5
Common Cuckoo,54.93243,-5.01918,7.5,Spring,0.1156,134,4
Common Cuckoo,54.93243,-4.77434,7.5,Spring,0.2272,32,11
Common Cuckoo,54.93243,-4.5295,7.5,Spring,0.2132,64,14
Common Cuckoo,54.93243,-4.28466,7.5,Spring,0.2312,37,13
Common Cuckoo,54.93243,-4.03983,7.5,Spring,0.135,118,3
Common Cuckoo,54.93243,-3.79499,7.5,Spring,0.071,108,11
Common Cuckoo,54.93243,-3.55015,7.5,Spring,0.0126,256,5
Common Cuckoo,55.06757,-4.77434,7.5,Spring,0.2296,8,6
Common Cuckoo,55.06757,-4.5295,7.5,Spring,0.2559,70,27
Common Cuckoo,55.06757,-4.28466,7.5,Spring,0.2508,28,8
Common Cuckoo,55.06757,-4.03983,7.5,Spring,0.1823,73,10
Common Cuckoo,55.06757,-3.79499,7.5,Spring,0.0636,21,5
Common Cuckoo,55.06757,-3.55015,7.5,Spring,0.0033,243,7
Common Cuckoo,55.06757,-3.06047,7.5,Spring,0.0312,32,1
Common Cuckoo,55.2027,-4.77434,7.5,Spring,0.1604,32,1
Common Cuckoo,55.2027,-4.5295,7.5,Spring,0.2141,42,2
Common Cuckoo,55.2027,-4.28466,7.5,Spring,0.1945,17,5
Common Cuckoo,55.2027,-4.03983,7.5,Spring,0.1304,25,2
Common Cuckoo,55.2027,-3.79499,7.5,Spring,0.1107,36,4
Common Cuckoo,55.2027,-3.55015,7.5,Spring,0.0441,7,1
Common Cuckoo,55.2027,-3.06047,7.5,Spring,0.1661,49,11
Common Cuckoo,55.2027,-2.81564,7.5,Spring,0.1047,29,6
Common Cuckoo,55.33784,-5.75369,7.5,Spring,0.1361,19,3
Common Cuckoo,55.33784,-4.5295,7.5,Spring,0.0483,62,2
Common Cuckoo,55.33784,-4.28466,7.5,Spring,0.2397,147,22
Common Cuckoo,55.33784,-4.03983,7.5,Spring,0.1664,11,2
Common Cuckoo,55.33784,-3.79499,7.5,Spring,0.1632,69,9
Common Cuckoo,55.33784,-3.30531,7.5,Spring,0.1286,18,1
Common Cuckoo,55.47297,-5.75369,7.5,Spring,0.1597,50,2
Common Cuckoo,55.47297,-5.50885,7.5,Spring,0.195,29,1
Common Cuckoo,55.47297,-5.26402,7.5,Spring,0.255,53,17
Common Cuckoo,55.47297,-5.01918,7.5,Spring,0.1113,71,7
Common Cuckoo,55.47297,-4.5295,7.5,Spring,0.0035,1120,1
Common Cuckoo,55.47297,-3.79499,7.5,Spring,0.1188,119,2
Common Cuckoo,55.47297,-3.55015,7.5,Spring,0.0815,116,3
Common Cuckoo,55.47297,-3.30531,7.5,Spring,0.0718,66,1
Common Cuckoo,55.60811,-6.24337,7.5,Spring,0.2294,237,30
Common Cuckoo,55.60811,-5.99853,7.5,Spring,0.1437,16,4
Common Cuckoo,55.60811,-5.50885,7.5,Spring,0.2077,16,2
Common Cuckoo,55.60811,-5.26402,7.5,Spring,0.2186,166,36
Common Cuckoo,55.60811,-5.01918,7.5,Spring,0.146,34,2
Common Cuckoo,55.60811,-4.77434,7.5,Spring,0.0308,3607,1
Common Cuckoo,55.60811,-4.5295,7.5,Spring,0.0024,21683,4
Common Cuckoo,55.60811,-4.28466,7.5,Spring,0.1295,65,3
Common Cuckoo,55.60811,-3.55015,7.5,Spring,0.0911,77,2
Common Cuckoo,55.60811,-3.30531,7.5,Spring,0.1136,97,5
Common Cuckoo,55.60811,-3.06047,7.5,Spring,0.0277,58,6
Common Cuckoo,55.60811,-2.81564,7.5,Spring,0.0026,127,3
Common Cuckoo,55.74324,-6.48821,7.5,Spring,0.124,81,8
Common Cuckoo,55.74324,-6.24337,7.5,Spring,0.1819,131,14
Common Cuckoo,55.74324,-5.99853,7.5,Spring,0.2051,27,4
Common Cuckoo,55.74324,-5.75369,7.5,Spring,0.1183,3418,1
Common Cuckoo,55.74324,-5.50885,7.5,Spring,0.2058,40,2
Common Cuckoo,55.74324,-5.26402,7.5,Spring,0.2147,38,11
Common Cuckoo,55.74324,-5.01918,7.5,Spring,0.0881,108,1
Common Cuckoo,55.74324,-4.77434,7.5,Spring,0.0807,124,5
Common Cuckoo,55.74324,-4.5295,7.5,Spring,0.0827,468,4
Common Cuckoo,55.74324,-4.28466,7.5,Spring,0.0259,998,28
Common Cuckoo,55.74324,-4.03983,7.5,Spring,0.0046,315,3
Common Cuckoo,55.74324,-3.79499,7.5,Spring,0.112,52,1
Common Cuckoo,55.74324,-3.55015,7.5,Spring,0.0669,38,7
Common Cuckoo,55.74324,-3.30531,7.5,Spring,0.1241,64,1
Common Cuckoo,55.74324,-3.06047,7.5,Spring,0.1431,398,33
Common Cuckoo,55.87838,-6.48821,7.5,Spring,0.1668,24,3
Common Cuckoo,55.87838,-6.24337,7.5,Spring,0.2246,110,20
Common Cuckoo,55.87838,-5.99853,7.5,Spring,0.2213,48,17
Common Cuckoo,55.87838,-5.75369,7.5,Spring,0.2162,3,1
Common Cuckoo,55.87838,-5.50885,7.5,Spring,0.1973,30,3
Common Cuckoo,55.87838,-5.26402,7.5,Spring,0.2363,41,8
Common Cuckoo,55.87838,-5.01918,7.5,Spring,0.1588,56,6
Common Cuckoo,55.87838,-4.77434,7.5,Spring,0.0626,59,13
Common Cuckoo,55.87838,-4.5295,7.5,Spring,0.0046,458,6
Common Cuckoo,55.87838,-4.28466,7.5,Spring,0.0021,2168,2
Common Cuckoo,55.87838,-4.03983,7.5,Spring,0.0023,258,3
Common Cuckoo,55.87838,-3.79499,7.5,Spring,0.0987,47,2
Common Cuckoo,55.87838,-3.55015,7.5,Spring,0.0031,219,5
Common Cuckoo,55.87838,-3.30531,7.5,Spring,0.0229,2071,53
Common Cuckoo,55.87838,-3.06047,7.5,Spring,0.007,2165,4
Common Cuckoo,55.87838,-2.81564,7.5,Spring,0.0196,239,1
Common Cuckoo,55.87838,-2.5708,7.5,Spring,0.143,232,29
Common Cuckoo,55.87838,-2.32596,7.5,Spring,0.0121,169,3
Common Cuckoo,55.87838,-2.08112,7.5,Spring,0.0033,288,1
Common Cuckoo,56.01351,-6.24337,7.5,Spring,0.2475,34,16
Common Cuckoo,56.01351,-5.99853,7.5,Spring,0.2415,11,8
Common Cuckoo,56.01351,-5.75369,7.5,Spring,0.2244,19,5
Common Cuckoo,56.01351,-5.50885,7.5,Spring,0.251,97,6
Common Cuckoo,56.01351,-5.26402,7.5,Spring,0.2409,45,14
Common Cuckoo,56.01351,-5.01918,7.5,Spring,0.2262,167,45
Common Cuckoo,56.01351,-4.77434,7.5,Spring,0.0231,189,17
Common Cuckoo,56.01351,-4.5295,7.5,Spring,0.0827,435,42
Common Cuckoo,56.01351,-4.28466,7.5,Spring,0.1133,175,17
Common Cuckoo,56.01351,-4.03983,7.5,Spring,0.0102,39,2
Common Cuckoo,56.01351,-3.79499,7.5,Spring,0.0026,421,3
Common Cuckoo,56.01351,-3.55015,7.5,Spring,0.0035,493,2
Common Cuckoo,56.01351,-3.30531,7.5,Spring,0.0042,2906,4
Common Cuckoo,56.01351,-3.06047,7.5,Spring,0.0046,2432,11
Common Cuckoo,56.01351,-2.81564,7.5,Spring,0.0046,928,3
Common Cuckoo,56.01351,-2.5708,7.5,Spring,0.0032,754,7
Common Cuckoo,56.14865,-6.24337,7.5,Spring,0.2556,11,6
Common Cuckoo,56.14865,-5.50885,7.5,Spring,0.279,78,26
Common Cuckoo,56.14865,-5.26402,7.5,Spring,0.2809,28,9
Common Cuckoo,56.14865,-5.01918,7.5,Spring,0.2758,25,6
Common Cuckoo,56.14865,-4.77434,7.5,Spring,0.2565,77,5
Common Cuckoo,56.14865,-4.5295,7.5,Spring,0.2474,234,56
Common Cuckoo,56.14865,-4.28466,7.5,Spring,0.2253,180,24
Common Cuckoo,56.14865,-4.03983,7.5,Spring,0.017,535,18
Common Cuckoo,56.14865,-3.79499,7.5,Spring,0.0083,695,21
Common Cuckoo,56.14865,-3.55015,7.5,Spring,0.0184,219,9
Common Cuckoo,56.14865,-3.30531,7.5,Spring,0.0111,652,7
Common Cuckoo,56.14865,-2.81564,7.5,Spring,0.0045,399,1
Common Cuckoo,56.28378,-6.48821,7.5,Spring,0.1726,342,57
Common Cuckoo,56.28378,-6.24337,7.5,Spring,0.2567,133,40
Common Cuckoo,56.28378,-5.99853,7.5,Spring,0.2846,21,5
Common Cuckoo,56.28378,-5.75369,7.5,Spring,0.2628,17,1
Common Cuckoo,56.28378,-5.50885,7.5,Spring,0.239,44,12
Common Cuckoo,56.28378,-5.26402,7.5,Spring,0.2681,4,2
Common Cuckoo,56.28378,-5.01918,7.5,Spring,0.2842,58,6
Common Cuckoo,56.28378,-4.77434,7.5,Spring,0.2693,86,31
Common Cuckoo,56.28378,-4.5295,7.5,Spring,0.2664,56,17
Common Cuckoo,56.28378,-4.28466,7.5,Spring,0.2622,269,37
Common Cuckoo,56.28378,-4.03983,7.5,Spring,0.1983,43,21
Common Cuckoo,56.28378,-3.79499,7.5,Spring,0.1282,106,3
Common Cuckoo,56.28378,-3.30531,7.5,Spring,0.0146,146,9
Common Cuckoo,56.28378,-3.06047,7.5,Spring,0.0084,546,2
Common Cuckoo,56.28378,-2.81564,7.5,Spring,0.0058,1514,2
Common Cuckoo,56.28378,-2.5708,7.5,Spring,0.0029,559,3
Common Cuckoo,56.41892,-6.97788,7.5,Spring,0.2566,28,2
Common Cuckoo,56.41892,-6.24337,7.5,Spring,0.2813,177,10
Common Cuckoo,56.41892,-5.99853,7.5,Spring,0.2864,401,70
Common Cuckoo,56.41892,-5.75369,7.5,Spring,0.2693,385,109
Common Cuckoo,56.41892,-5.50885,7.5,Spring,0.0831,396,24
Common Cuckoo,56.41892,-5.26402,7.5,Spring,0.2734,39,5
Common Cuckoo,56.41892,-5.01918,7.5,Spring,0.2786,73,17
Common Cuckoo,56.41892,-4.77434,7.5,Spring,0.2816,54,10
Common Cuckoo,56.41892,-4.5295,7.5,Spring,0.2721,40,6
Common Cuckoo,56.41892,-4.28466,7.5,Spring,0.2334,86,23
Common Cuckoo,56.41892,-4.03983,7.5,Spring,0.2111,122,25
Common Cuckoo,56.41892,-3.79499,7.5,Spring,0.1453,80,9
Common Cuckoo,56.41892,-3.55015,7.5,Spring,0.0171,238,1
Common Cuckoo,56.41892,-3.30531,7.5,Spring,0.0048,261,1
Common Cuckoo,56.55405,-6.73304,7.5,Spring,0.2779,34,2
Common Cuckoo,56.55405,-6.48821,7.5,Spring,0.1963,149,1
Common Cuckoo,56.55405,-6.24337,7.5,Spring,0.2848,182,28
Common Cuckoo,56.55405,-5.99853,7.5,Spring,0.2815,283,37
Common Cuckoo,56.55405,-5.75369,7.5,Spring,0.2307,158,54
Common Cuckoo,56.55405,-5.50885,7.5,Spring,0.2666,85,18
Common Cuckoo,56.55405,-5.26402,7.5,Spring,0.2583,50,15
Common Cuckoo,56.55405,-5.01918,7.5,Spring,0.2846,7,3
Common Cuckoo,56.55405,-4.77434,7.5,Spring,0.2818,40,9
Common Cuckoo,56.55405,-4.5295,7.5,Spring,0.2465,2,1
Common Cuckoo,56.55405,-4.28466,7.5,Spring,0.2136,17,5
Common Cuckoo,56.55405,-4.03983,7.5,Spring,0.181,55,5
Common Cuckoo,56.55405,-3.79499,7.5,Spring,0.173,74,10
Common Cuckoo,56.55405,-3.55015,7.5,Spring,0.0505,294,16
Common Cuckoo,56.55405,-3.06047,7.5,Spring,0.0097,50,1
Common Cuckoo,56.68919,-6.48821,7.5,Spring,0.26,42,15
Common Cuckoo,56.68919,-6.24337,7.5,Spring,0.284,84,18
Common Cuckoo,56.68919,-5.99853,7.5,Spring,0.2861,205,22
Common Cuckoo,56.68919,-5.75369,7.5,Spring,0.2704,96,23
Common Cuckoo,56.68919,-5.50885,7.5,Spring,0.2817,74,17
Common Cuckoo,56.68919,-5.26402,7.5,Spring,0.2769,113,20
Common Cuckoo,56.68919,-5.01918,7.5,Spring,0.2547,215,31
Common Cuckoo,56.68919,-4.77434,7.5,Spring,0.2748,29,4
Common Cuckoo,56.68919,-4.5295,7.5,Spring,0.2578,10,1
Common Cuckoo,56.68919,-4.03983,7.5,Spring,0.1609,46,5
Common Cuckoo,56.68919,-3.79499,7.5,Spring,0.1594,290,11
Common Cuckoo,56.68919,-3.55015,7.5,Spring,0.1415,26,6
Common Cuckoo,56.68919,-3.30531,7.5,Spring,0.1347,83,12
Common Cuckoo,56.68919,-3.06047,7.5,Spring,0.0694,181,7
Common Cuckoo,56.82432,-7.7124,7.5,Spring,0.0201,11,1
Common Cuckoo,56.82432,-6.24337,7.5,Spring,0.2358,25,4
Common Cuckoo,56.82432,-5.99853,7.5,Spring,0.2771,17,3
Common Cuckoo,56.82432,-5.75369,7.5,Spring,0.269,83,36
Common Cuckoo,56.82432,-5.50885,7.5,Spring,0.2807,86,8
Common Cuckoo,56.82432,-5.26402,7.5,Spring,0.1922,28,5
Common Cuckoo,56.82432,-5.01918,7.5,Spring,0.1541,256,37
Common Cuckoo,56.82432,-4.77434,7.5,Spring,0.2542,30,7
Common Cuckoo,56.82432,-4.5295,7.5,Spring,0.2628,3,1
Common Cuckoo,56.82432,-4.28466,7.5,Spring,0.2454,17,3
Common Cuckoo,56.82432,-4.03983,7.5,Spring,0.1852,45,9
Common Cuckoo,56.82432,-3.79499,7.5,Spring,0.1768,59,2
Common Cuckoo,56.82432,-3.55015,7.5,Spring,0.1546,19,1
Common Cuckoo,56.82432,-3.30531,7.5,Spring,0.2194,111,3
Common Cuckoo,56.82432,-3.06047,7.5,Spring,0.1954,25,4
Common Cuckoo,56.82432,-2.81564,7.5,Spring,0.148,10,5
Common Cuckoo,56.95946,-7.46756,7.5,Spring,0.2867,82,21
Common Cuckoo,56.95946,-6.24337,7.5,Spring,0.3048,108,68
Common Cuckoo,56.95946,-5.99853,7.5,Spring,0.2423,11,1
Common Cuckoo,56.95946,-5.75369,7.5,Spring,0.2754,175,35
Common Cuckoo,56.95946,-5.26402,7.5,Spring,0.2739,6,3
Common Cuckoo,56.95946,-5.01918,7.5,Spring,0.2547,46,15
Common Cuckoo,56.95946,-4.77434,7.5,Spring,0.2709,11,3
Common Cuckoo,56.95946,-4.5295,7.5,Spring,0.2249,55,15
Common Cuckoo,56.95946,-4.28466,7.5,Spring,0.2432,91,14
Common Cuckoo,56.95946,-3.79499,7.5,Spring,0.1828,7,2
Common Cuckoo,56.95946,-3.55015,7.5,Spring,0.149,57,15
Common Cuckoo,56.95946,-3.30531,7.5,Spring,0.1231,107,9
Common Cuckoo,56.95946,-3.06047,7.5,Spring,0.1981,23,3
Common Cuckoo,56.95946,-2.81564,7.5,Spring,0.1699,10,1
Common Cuckoo,56.95946,-2.5708,7.5,Spring,0.0974,21,5
Common Cuckoo,56.95946,-2.08112,7.5,Spring,0.0076,269,1
Common Cuckoo,57.09459,-7.46756,7.5,Spring,0.1895,60,15
Common Cuckoo,57.09459,-7.22272,7.5,Spring,0.2962,65,11
Common Cuckoo,57.09459,-6.48821,7.5,Spring,0.2946,30,14
Common Cuckoo,57.09459,-6.24337,7.5,Spring,0.2984,5,3
Common Cuckoo,57.09459,-5.99853,7.5,Spring,0.28,100,18
Common Cuckoo,57.09459,-5.75369,7.5,Spring,0.2769,50,12
Common Cuckoo,57.09459,-5.50885,7.5,Spring,0.274,2,1
Common Cuckoo,57.09459,-5.01918,7.5,Spring,0.2772,19,5
Common Cuckoo,57.09459,-4.77434,7.5,Spring,0.2348,114,8
Common Cuckoo,57.09459,-4.5295,7.5,Spring,0.2053,8,1
Common Cuckoo,57.09459,-4.03983,7.5,Spring,0.2172,709,62
Common Cuckoo,57.09459,-3.79499,7.5,Spring,0.2069,375,55
Common Cuckoo,57.09459,-3.55015,7.5,Spring,0.1305,433,34
Common Cuckoo,57.09459,-3.30531,7.5,Spring,0.1268,78,1
Common Cuckoo,57.09459,-3.06047,7.5,Spring,0.1021,69,2
Common Cuckoo,57.09459,-2.81564,7.5,Spring,0.1378,188,53
Common Cuckoo,57.09459,-2.5708,7.5,Spring,0.0749,64,3
Common Cuckoo,57.09459,-2.32596,7.5,Spring,0.0066,89,1
Common Cuckoo,57.09459,-2.08112,7.5,Spring,0.0024,1560,1
Common Cuckoo,57.22973,-7.46756,7.5,Spring,0.2701,214,26
Common Cuckoo,57.22973,-7.22272,7.5,Spring,0.3067,50,37
Common Cuckoo,57.22973,-6.48821,7.5,Spring,0.259,23,10
Common Cuckoo,57.22973,-6.24337,7.5,Spring,0.3065,115,38
Common Cuckoo,57.22973,-5.99853,7.5,Spring,0.3059,315,83
Common Cuckoo,57.22973,-5.75369,7.5,Spring,0.2766,159,34
Common Cuckoo,57.22973,-5.50885,7.5,Spring,0.2917,128,15
Common Cuckoo,57.22973,-5.26402,7.5,Spring,0.2835,5,5
Common Cuckoo,57.22973,-5.01918,7.5,Spring,0.2829,41,15
Common Cuckoo,57.22973,-4.77434,7.5,Spring,0.2409,34,6
Common Cuckoo,57.22973,-4.5295,7.5,Spring,0.2282,45,1
Common Cuckoo,57.22973,-4.28466,7.5,Spring,0.2454,11,2
Common Cuckoo,57.22973,-4.03983,7.5,Spring,0.2256,252,26
Common Cuckoo,57.22973,-3.79499,7.5,Spring,0.1858,2240,299
Common Cuckoo,57.22973,-3.55015,7.5,Spring,0.1927,560,35
Common Cuckoo,57.22973,-3.30531,7.5,Spring,0.1776,123,11
Common Cuckoo,57.22973,-2.81564,7.5,Spring,0.1124,24,1
Common Cuckoo,57.22973,-2.5708,7.5,Spring,0.0776,20,2
Common Cuckoo,57.22973,-2.08112,7.5,Spring,0.0032,488,1
Common Cuckoo,57.36486,-7.46756,7.5,Spring,0.2679,199,12
Common Cuckoo,57.36486,-7.22272,7.5,Spring,0.3025,119,48
Common Cuckoo,57.36486,-6.73304,7.5,Spring,0.303,87,1
Common Cuckoo,57.36486,-6.48821,7.5,Spring,0.3002,77,25
Common Cuckoo,57.36486,-6.24337,7.5,Spring,0.3003,242,46
Common Cuckoo,57.36486,-5.99853,7.5,Spring,0.2915,41,9
Common Cuckoo,57.36486,-5.75369,7.5,Spring,0.289,69,16
Common Cuckoo,57.36486,-5.50885,7.5,Spring,0.2953,59,7
Common Cuckoo,57.36486,-5.01918,7.5,Spring,0.2919,15,8
Common Cuckoo,57.36486,-4.77434,7.5,Spring,0.2677,86,31
Common Cuckoo,57.36486,-4.5295,7.5,Spring,0.2359,272,27
Common Cuckoo,57.36486,-4.28466,7.5,Spring,0.1965,333,71
Common Cuckoo,57.36486,-4.03983,7.5,Spring,0.1266,118,6
Common Cuckoo,57.36486,-3.79499,7.5,Spring,0.2099,407,81
Common Cuckoo,57.36486,-3.55015,7.5,Spring,0.1676,445,31
Common Cuckoo,57.36486,-3.30531,7.5,Spring,0.1678,43,10
Common Cuckoo,57.36486,-3.06047,7.5,Spring,0.176,5,1
Common Cuckoo,57.36486,-2.81564,7.5,Spring,0.1257,14,2
Common Cuckoo,57.36486,-2.5708,7.5,Spring,0.076,25,2
Common Cuckoo,57.36486,-2.08112,7.5,Spring,0.0113,274,6
Common Cuckoo,57.5,-7.46756,7.5,Spring,0.2339,266,30
Common Cuckoo,57.5,-7.22272,7.5,Spring,0.299,151,45
Common Cuckoo,57.5,-6.73304,7.5,Spring,0.2947,445,125
Common Cuckoo,57.5,-6.48821,7.5,Spring,0.3049,129,17
Common Cuckoo,57.5,-6.24337,7.5,Spring,0.2948,165,36
Common Cuckoo,57.5,-5.99853,7.5,Spring,0.2887,6,2
Common Cuckoo,57.5,-5.75369,7.5,Spring,0.2812,47,13
Common Cuckoo,57.5,-5.50885,7.5,Spring,0.3049,38,4
Common Cuckoo,57.5,-5.26402,7.5,Spring,0.2989,21,4
Common Cuckoo,57.5,-5.01918,7.5,Spring,0.2811,14,4
Common Cuckoo,57.5,-4.77434,7.5,Spring,0.269,7,1
Common Cuckoo,57.5,-4.5295,7.5,Spring,0.1905,192,15
Common Cuckoo,57.5,-4.28466,7.5,Spring,0.0045,915,15
Common Cuckoo,57.5,-4.03983,7.5,Spring,0.0315,691,7
Common Cuckoo,57.5,-3.79499,7.5,Spring,0.1248,39,7
Common Cuckoo,57.5,-3.55015,7.5,Spring,0.0766,26,4
Common Cuckoo,57.5,-3.30531,7.5,Spring,0.0615,49,4
Common Cuckoo,57.5,-3.06047,7.5,Spring,0.073,32,4
Common Cuckoo,57.5,-2.81564,7.5,Spring,0.0785,26,1
Common Cuckoo,57.5,-2.08112,7.5,Spring,0.0229,46,2
Common Cuckoo,57.63514,-7.46756,7.5,Spring,0.2702,489,75
Common Cuckoo,57.63514,-7.22272,7.5,Spring,0.2965,123,39
Common Cuckoo,57.63514,-6.97788,7.5,Spring,0.2676,10,5
Common Cuckoo,57.63514,-6.48821,7.5,Spring,0.2843,131,21
Common Cuckoo,57.63514,-6.24337,7.5,Spring,0.2905,360,58
Common Cuckoo,57.63514,-5.75369,7.5,Spring,0.2839,56,22
Common Cuckoo,57.63514,-5.50885,7.5,Spring,0.2954,19,7
Common Cuckoo,57.63514,-5.26402,7.5,Spring,0.2813,54,18
Common Cuckoo,57.63514,-5.01918,7.5,Spring,0.2844,22,2
Common Cuckoo,57.63514,-4.77434,7.5,Spring,0.269,38,2
Common Cuckoo,57.63514,-4.5295,7.5,Spring,0.2132,168,11
Common Cuckoo,57.63514,-4.28466,7.5,Spring,0.0429,160,3
Common Cuckoo,57.63514,-4.03983,7.5,Spring,0.0164,569,4
Common Cuckoo,57.63514,-3.55015,7.5,Spring,0.0148,328,1
Common Cuckoo,57.63514,-2.81564,7.5,Spring,0.0156,87,1
Common Cuckoo,57.63514,-1.83628,7.5,Spring,0.0098,232,6
Common Cuckoo,57.77027,-8.69175,7.5,Spring,0.0117,65,1
Common Cuckoo,57.77027,-7.22272,7.5,Spring,0.2849,66,7
Common Cuckoo,57.77027,-6.97788,7.5,Spring,0.2936,68,16
Common Cuckoo,57.77027,-6.73304,7.5,Spring,0.2388,10,3
Common Cuckoo,57.77027,-6.24337,7.5,Spring,0.2221,7,2
Common Cuckoo,57.77027,-5.75369,7.5,Spring,0.2801,131,41
Common Cuckoo,57.77027,-5.50885,7.5,Spring,0.2796,84,19
Common Cuckoo,57.77027,-5.01918,7.5,Spring,0.2791,49,8
Common Cuckoo,57.77027,-4.28466,7.5,Spring,0.2463,40,6
Common Cuckoo,57.77027,-4.03983,7.5,Spring,0.0806,201,4
Common Cuckoo,57.90541,-6.97788,7.5,Spring,0.2834,91,16
Common Cuckoo,57.90541,-6.73304,7.5,Spring,0.27,58,13
Common Cuckoo,57.90541,-5.75369,7.5,Spring,0.2742,31,3
Common Cuckoo,57.90541,-5.50885,7.5,Spring,0.3001,117,21
Common Cuckoo,57.90541,-5.26402,7.5,Spring,0.295,130,32
Common Cuckoo,57.90541,-4.77434,7.5,Spring,0.2776,3,2
Common Cuckoo,57.90541,-4.5295,7.5,Spring,0.2699,18,12
Common Cuckoo,57.90541,-4.28466,7.5,Spring,0.2582,115,21
Common Cuckoo,57.90541,-4.03983,7.5,Spring,0.1058,326,17
Common Cuckoo,58.04054,-7.22272,7.5,Spring,0.1766,4,1
Common Cuckoo,58.04054,-6.97788,7.5,Spring,0.2709,23,11
Common Cuckoo,58.04054,-6.73304,7.5,Spring,0.2702,42,24
Common Cuckoo,58.04054,-6.48821,7.5,Spring,0.2565,31,15
Common Cuckoo,58.04054,-5.26402,7.5,Spring,0.3034,24,7
Common Cuckoo,58.04054,-5.01918,7.5,Spring,0.3066,23,11
Common Cuckoo,58.04054,-4.5295,7.5,Spring,0.2847,61,19
Common Cuckoo,58.04054,-4.28466,7.5,Spring,0.2845,55,13
Common Cuckoo,58.04054,-4.03983,7.5,Spring,0.2292,61,12
Common Cuckoo,58.04054,-3.79499,7.5,Spring,0.0892,75,4
Common Cuckoo,58.17568,-6.97788,7.5,Spring,0.273,41,10
Common Cuckoo,58.17568,-6.73304,7.5,Spring,0.2566,86,21
Common Cuckoo,58.17568,-6.48821,7.5,Spring,0.093,169,18
Common Cuckoo,58.17568,-6.24337,7.5,Spring,0.0933,77,2
Common Cuckoo,58.17568,-5.50885,7.5,Spring,0.2628,17,1
Common Cuckoo,58.17568,-5.26402,7.5,Spring,0.3039,130,27
Common Cuckoo,58.17568,-5.01918,7.5,Spring,0.3002,28,5
Common Cuckoo,58.17568,-4.5295,7.5,Spring,0.2675,9,3
Common Cuckoo,58.17568,-4.03983,7.5,Spring,0.2418,8,5
Common Cuckoo,58.17568,-3.79499,7.5,Spring,0.2294,13,7
Common Cuckoo,58.17568,-3.55015,7.5,Spring,0.0617,19,1
Common Cuckoo,58.31081,-6.97788,7.5,Spring,0.1725,33,2
Common Cuckoo,58.31081,-6.73304,7.5,Spring,0.261,84,12
Common Cuckoo,58.31081,-6.48821,7.5,Spring,0.1537,58,8
Common Cuckoo,58.31081,-6.24337,7.5,Spring,0.2317,135,26
Common Cuckoo,58.31081,-5.26402,7.5,Spring,0.2878,43,17
Common Cuckoo,58.31081,-5.01918,7.5,Spring,0.3004,43,15
Common Cuckoo,58.31081,-4.77434,7.5,Spring,0.2866,1,1
Common Cuckoo,58.31081,-4.5295,7.5,Spring,0.2882,14,8
Common Cuckoo,58.31081,-4.28466,7.5,Spring,0.2724,7,2
Common Cuckoo,58.31081,-4.03983,7.5,Spring,0.2353,3,1
Common Cuckoo,58.31081,-3.79499,7.5,Spring,0.2136,31,11
Common Cuckoo,58.31081,-3.55015,7.5,Spring,0.1126,14,1
Common Cuckoo,58.31081,-3.30531,7.5,Spring,0.0641,19,5
Common Cuckoo,58.31081,-3.06047,7.5,Spring,0.0402,18,1
Common Cuckoo,58.44595,-6.48821,7.5,Spring,0.1909,12,1
Common Cuckoo,58.44595,-6.24337,7.5,Spring,0.2486,106,8
Common Cuckoo,58.44595,-5.26402,7.5,Spring,0.2769,89,33
Common Cuckoo,58.44595,-5.01918,7.5,Spring,0.2719,31,14
Common Cuckoo,58.44595,-4.77434,7.5,Spring,0.2423,4,1
Common Cuckoo,58.44595,-4.5295,7.5,Spring,0.2346,28,8
Common Cuckoo,58.44595,-4.28466,7.5,Spring,0.2718,8,5
Common Cuckoo,58.44595,-4.03983,7.5,Spring,0.2081,1,1
Common Cuckoo,58.44595,-3.79499,7.5,Spring,0.1442,4,1
Common Cuckoo,58.44595,-3.55015,7.5,Spring,0.0591,11,2
Common Cuckoo,58.44595,-3.30531,7.5,Spring,0.0817,21,3
Common Cuckoo,58.44595,-3.06047,7.5,Spring,0.0046,87,3
Common Cuckoo,58.58108,-4.77434,7.5,Spring,0.0431,149,16
Common Cuckoo,58.58108,-4.5295,7.5,Spring,0.0518,1,1
Common Cuckoo,58.58108,-4.03983,7.5,Spring,0.0319,19,4
Common Cuckoo,58.58108,-3.79499,7.5,Spring,0.0156,34,6
Common Cuckoo,58.58108,-3.06047,7.5,Spring,0.0215,142,8
Common Cuckoo,58.85135,-3.30531,7.5,Spring,0.0629,97,10
Common Cuckoo,58.85135,-3.06047,7.5,Spring,0.0528,66,2
Common Cuckoo,58.98649,-3.30531,7.5,Spring,0.0377,299,1
Common Cuckoo,58.98649,-3.06047,7.5,Spring,0.0211,323,27
Common Cuckoo,59.12162,-3.06047,7.5,Spring,0.0185,182,21
Common Cuckoo,59.12162,-2.81564,7.5,Spring,0.0133,15,1
Common Cuckoo,59.39189,-3.06047,7.5,Spring,0.0153,21,1
Common Cuckoo,59.39189,-2.32596,7.5,Spring,0.0048,344,5
Common Cuckoo,59.52703,-1.59145,7.5,Spring,0.0023,456,22
Common Cuckoo,59.93243,-1.34661,7.5,Spring,0.0028,1629,9
Common Cuckoo,60.06757,-1.34661,7.5,Spring,0.0043,437,2
Common Cuckoo,60.06757,-1.10177,7.5,Spring,0.0066,123,1
Common Cuckoo,60.2027,-1.34661,7.5,Spring,0.0042,134,12
Common Cuckoo,60.2027,-1.10177,7.5,Spring,0.0034,488,1
Common Cuckoo,60.33784,-1.34661,7.5,Spring,0.0037,70,2
Common Cuckoo,54.7973,-4.03983,7.5,Summer,0.0069,46,2
Common Cuckoo,54.93243,-4.77434,7.5,Summer,0.0733,13,4
Common Cuckoo,54.93243,-4.5295,7.5,Summer,0.0308,52,2
Common Cuckoo,54.93243,-4.28466,7.5,Summer,0.0253,35,1
Common Cuckoo,54.93243,-3.55015,7.5,Summer,0.0053,171,3
Common Cuckoo,54.93243,-3.06047,7.5,Summer,0.0139,41,1
Common Cuckoo,55.06757,-5.01918,7.5,Summer,0.0556,12,1
Common Cuckoo,55.06757,-4.77434,7.5,Summer,0.0805,10,5
Common Cuckoo,55.06757,-4.5295,7.5,Summer,0.0505,44,2
Common Cuckoo,55.06757,-4.03983,7.5,Summer,0.0245,63,1
Common Cuckoo,55.06757,-3.55015,7.5,Summer,0.0023,192,2
Common Cuckoo,55.2027,-3.55015,7.5,Summer,0.0194,9,2
Common Cuckoo,55.2027,-3.06047,7.5,Summer,0.0601,22,2
Common Cuckoo,55.2027,-2.81564,7.5,Summer,0.049,13,2
Common Cuckoo,55.33784,-5.75369,7.5,Summer,0.0704,17,2
Common Cuckoo,55.33784,-5.50885,7.5,Summer,0.0702,14,1
Common Cuckoo,55.33784,-4.5295,7.5,Summer,0.0118,7,1
Common Cuckoo,55.33784,-4.28466,7.5,Summer,0.0242,47,2
Common Cuckoo,55.33784,-3.79499,7.5,Summer,0.0361,22,1
Common Cuckoo,55.33784,-3.55015,7.5,Summer,0.0398,45,2
Common Cuckoo,55.33784,-2.5708,7.5,Summer,0.0194,8,1
Common Cuckoo,55.47297,-5.26402,7.5,Summer,0.0443,20,1
Common Cuckoo,55.47297,-4.28466,7.5,Summer,0.026,34,2
Common Cuckoo,55.47297,-3.79499,7.5,Summer,0.0201,96,2
Common Cuckoo,55.60811,-6.24337,7.5,Summer,0.0729,83,2
Common Cuckoo,55.60811,-5.50885,7.5,Summer,0.0774,12,1
Common Cuckoo,55.60811,-5.26402,7.5,Summer,0.0702,104,4
Common Cuckoo,55.60811,-4.5295,7.5,Summer,0.0019,27860,3
Common Cuckoo,55.60811,-3.79499,7.5,Summer,0.0174,38,1
Common Cuckoo,55.60811,-3.06047,7.5,Summer,0.0104,83,3
Common Cuckoo,55.60811,-2.81564,7.5,Summer,0.0025,109,1
Common Cuckoo,55.74324,-6.48821,7.5,Summer,0.0604,38,2
Common Cuckoo,55.74324,-6.24337,7.5,Summer,0.0642,63,1
Common Cuckoo,55.74324,-5.50885,7.5,Summer,0.0771,42,1
Common Cuckoo,55.74324,-5.26402,7.5,Summer,0.0478,32,3
Common Cuckoo,55.74324,-5.01918,7.5,Summer,0.0105,93,1
Common Cuckoo,55.74324,-4.5295,7.5,Summer,0.0112,277,1
Common Cuckoo,55.74324,-3.55015,7.5,Summer,0.0176,24,4
Common Cuckoo,55.74324,-3.06047,7.5,Summer,0.0314,133,11
Common Cuckoo,55.87838,-6.48821,7.5,Summer,0.0653,11,1
Common Cuckoo,55.87838,-6.24337,7.5,Summer,0.0832,94,5
Common Cuckoo,55.87838,-5.99853,7.5,Summer,0.0793,21,3
Common Cuckoo,55.87838,-5.50885,7.5,Summer,0.0648,48,2
Common Cuckoo,55.87838,-4.77434,7.5,Summer,0.0053,45,5
Common Cuckoo,55.87838,-4.5295,7.5,Summer,0.0022,292,1
Common Cuckoo,55.87838,-3.79499,7.5,Summer,0.0147,42,1
Common Cuckoo,55.87838,-3.55015,7.5,Summer,0.0024,134,7
Common Cuckoo,55.87838,-3.30531,7.5,Summer,0.0069,1184,12
Common Cuckoo,55.87838,-3.06047,7.5,Summer,0.0056,1626,3
Common Cuckoo,55.87838,-2.81564,7.5,Summer,0.0099,98,1
Common Cuckoo,55.87838,-2.5708,7.5,Summer,0.0278,109,8
Common Cuckoo,55.87838,-2.32596,7.5,Summer,0.0155,75,4
Common Cuckoo,55.87838,-2.08112,7.5,Summer,0.0042,295,1
Common Cuckoo,56.01351,-6.24337,7.5,Summer,0.0897,22,6
Common Cuckoo,56.01351,-5.99853,7.5,Summer,0.0681,3,3
Common Cuckoo,56.01351,-5.75369,7.5,Summer,0.0731,13,1
Common Cuckoo,56.01351,-5.50885,7.5,Summer,0.0717,37,2
Common Cuckoo,56.01351,-5.01918,7.5,Summer,0.0388,85,6
Common Cuckoo,56.01351,-4.77434,7.5,Summer,0.0049,128,2
Common Cuckoo,56.01351,-4.5295,7.5,Summer,0.0155,279,10
Common Cuckoo,56.01351,-4.28466,7.5,Summer,0.0229,90,6
Common Cuckoo,56.01351,-4.03983,7.5,Summer,0.0053,53,3
Common Cuckoo,56.01351,-3.55015,7.5,Summer,0.0035,266,1
Common Cuckoo,56.01351,-3.30531,7.5,Summer,0.0041,2181,4
Common Cuckoo,56.01351,-3.06047,7.5,Summer,0.0042,2396,10
Common Cuckoo,56.01351,-2.81564,7.5,Summer,0.005,786,2
Common Cuckoo,56.01351,-2.5708,7.5,Summer,0.0038,613,1
Common Cuckoo,56.01351,-2.32596,7.5,Summer,0.0109,130,2
Common Cuckoo,56.14865,-5.50885,7.5,Summer,0.0632,74,5
Common Cuckoo,56.14865,-5.01918,7.5,Summer,0.0599,10,1
Common Cuckoo,56.14865,-4.5295,7.5,Summer,0.0314,225,5
Common Cuckoo,56.14865,-4.28466,7.5,Summer,0.024,111,6
Common Cuckoo,56.14865,-4.03983,7.5,Summer,0.0065,349,2
Common Cuckoo,56.14865,-3.79499,7.5,Summer,0.0039,328,2
Common Cuckoo,56.14865,-2.5708,7.5,Summer,0.0105,245,6
Common Cuckoo,56.28378,-6.48821,7.5,Summer,0.0538,238,15
Common Cuckoo,56.28378,-6.24337,7.5,Summer,0.0455,89,5
Common Cuckoo,56.28378,-5.75369,7.5,Summer,0.0415,34,1
Common Cuckoo,56.28378,-5.50885,7.5,Summer,0.0329,51,2
Common Cuckoo,56.28378,-5.01918,7.5,Summer,0.0573,74,1
Common Cuckoo,56.28378,-4.77434,7.5,Summer,0.0498,90,8
Common Cuckoo,56.28378,-4.5295,7.5,Summer,0.0405,49,2
Common Cuckoo,56.28378,-4.28466,7.5,Summer,0.0434,205,3
Common Cuckoo,56.28378,-4.03983,7.5,Summer,0.0275,8,1
Common Cuckoo,56.28378,-3.30531,7.5,Summer,0.008,90,2
Common Cuckoo,56.28378,-3.06047,7.5,Summer,0.0064,322,1
Common Cuckoo,56.28378,-2.81564,7.5,Summer,0.007,1122,3
Common Cuckoo,56.28378,-2.5708,7.5,Summer,0.0044,524,3
Common Cuckoo,56.41892,-6.24337,7.5,Summer,0.0695,224,6
Common Cuckoo,56.41892,-5.99853,7.5,Summer,0.0724,294,22
Common Cuckoo,56.41892,-5.75369,7.5,Summer,0.0406,361,13
Common Cuckoo,56.41892,-5.50885,7.5,Summer,0.0044,433,4
Common Cuckoo,56.41892,-5.01918,7.5,Summer,0.0556,33,2
Common Cuckoo,56.41892,-4.28466,7.5,Summer,0.0415,97,2
Common Cuckoo,56.41892,-4.03983,7.5,Summer,0.0538,50,9
Common Cuckoo,56.41892,-3.79499,7.5,Summer,0.0311,78,1
Common Cuckoo,56.41892,-3.55015,7.5,Summer,0.0104,110,2
Common Cuckoo,56.41892,-3.30531,7.5,Summer,0.0043,198,2
Common Cuckoo,56.41892,-2.81564,7.5,Summer,0.0037,590,4
Common Cuckoo,56.55405,-6.73304,7.5,Summer,0.0861,37,4
Common Cuckoo,56.55405,-6.48821,7.5,Summer,0.0581,134,1
Common Cuckoo,56.55405,-6.24337,7.5,Summer,0.0751,192,10
Common Cuckoo,56.55405,-5.99853,7.5,Summer,0.0825,274,7
Common Cuckoo,56.55405,-5.75369,7.5,Summer,0.0206,81,1
Common Cuckoo,56.55405,-5.50885,7.5,Summer,0.0375,37,2
Common Cuckoo,56.55405,-5.26402,7.5,Summer,0.0206,36,3
Common Cuckoo,56.55405,-5.01918,7.5,Summer,0.0649,4,1
Common Cuckoo,56.55405,-4.77434,7.5,Summer,0.0548,50,2
Common Cuckoo,56.55405,-4.28466,7.5,Summer,0.0411,36,6
Common Cuckoo,56.55405,-4.03983,7.5,Summer,0.039,49,4
Common Cuckoo,56.55405,-3.79499,7.5,Summer,0.0662,45,5
Common Cuckoo,56.55405,-3.55015,7.5,Summer,0.0184,287,6
Common Cuckoo,56.68919,-6.48821,7.5,Summer,0.032,30,5
Common Cuckoo,56.68919,-6.24337,7.5,Summer,0.0827,70,4
Common Cuckoo,56.68919,-5.99853,7.5,Summer,0.0793,168,2
Common Cuckoo,56.68919,-5.50885,7.5,Summer,0.0619,44,2
Common Cuckoo,56.68919,-5.26402,7.5,Summer,0.0385,139,4
Common Cuckoo,56.68919,-5.01918,7.5,Summer,0.0259,304,4
Common Cuckoo,56.68919,-4.77434,7.5,Summer,0.0373,34,2
Common Cuckoo,56.68919,-4.28466,7.5,Summer,0.0427,18,6
Common Cuckoo,56.68919,-4.03983,7.5,Summer,0.0271,50,1
Common Cuckoo,56.68919,-3.79499,7.5,Summer,0.0355,268,5
Common Cuckoo,56.68919,-3.30531,7.5,Summer,0.0423,40,7
Common Cuckoo,56.68919,-3.06047,7.5,Summer,0.0142,142,3
Common Cuckoo,56.68919,-2.81564,7.5,Summer,0.0122,56,1
Common Cuckoo,56.68919,-2.5708,7.5,Summer,0.0083,238,2
Common Cuckoo,56.82432,-5.99853,7.5,Summer,0.0618,11,2
Common Cuckoo,56.82432,-5.75369,7.5,Summer,0.0643,93,5
Common Cuckoo,56.82432,-5.26402,7.5,Summer,0.0109,33,1
Common Cuckoo,56.82432,-5.01918,7.5,Summer,0.0068,276,3
Common Cuckoo,56.82432,-4.28466,7.5,Summer,0.0405,15,1
Common Cuckoo,56.82432,-3.30531,7.5,Summer,0.0458,104,1
Common Cuckoo,56.82432,-3.06047,7.5,Summer,0.053,27,4
Common Cuckoo,56.82432,-2.81564,7.5,Summer,0.032,11,4
Common Cuckoo,56.95946,-7.46756,7.5,Summer,0.0543,118,16
Common Cuckoo,56.95946,-6.24337,7.5,Summer,0.1143,43,2
Common Cuckoo,56.95946,-5.99853,7.5,Summer,0.0594,9,1
Common Cuckoo,56.95946,-5.75369,7.5,Summer,0.058,122,3
Common Cuckoo,56.95946,-5.01918,7.5,Summer,0.037,48,2
Common Cuckoo,56.95946,-4.28466,7.5,Summer,0.0306,75,2
Common Cuckoo,56.95946,-3.79499,7.5,Summer,0.0365,2,1
Common Cuckoo,56.95946,-3.55015,7.5,Summer,0.0392,70,12
Common Cuckoo,56.95946,-3.30531,7.5,Summer,0.0328,105,5
Common Cuckoo,56.95946,-3.06047,7.5,Summer,0.0489,26,1
Common Cuckoo,56.95946,-2.81564,7.5,Summer,0.0484,64,5
Common Cuckoo,56.95946,-2.5708,7.5,Summer,0.018,21,2
Common Cuckoo,56.95946,-2.32596,7.5,Summer,0.0089,53,1
Common Cuckoo,56.95946,-2.08112,7.5,Summer,0.0088,272,6
Common Cuckoo,57.09459,-7.22272,7.5,Summer,0.0848,41,3
Common Cuckoo,57.09459,-6.48821,7.5,Summer,0.0879,39,3
Common Cuckoo,57.09459,-5.99853,7.5,Summer,0.0643,105,6
Common Cuckoo,57.09459,-5.75369,7.5,Summer,0.059,94,1
Common Cuckoo,57.09459,-5.50885,7.5,Summer,0.0544,6,1
Common Cuckoo,57.09459,-5.01918,7.5,Summer,0.0521,33,4
Common Cuckoo,57.09459,-4.77434,7.5,Summer,0.0365,136,3
Common Cuckoo,57.09459,-4.03983,7.5,Summer,0.0365,526,19
Common Cuckoo,57.09459,-3.79499,7.5,Summer,0.0292,311,11
Common Cuckoo,57.09459,-3.55015,7.5,Summer,0.0325,315,6
Common Cuckoo,57.09459,-3.30531,7.5,Summer,0.0312,90,1
Common Cuckoo,57.09459,-3.06047,7.5,Summer,0.0285,80,5
Common Cuckoo,57.09459,-2.81564,7.5,Summer,0.0346,84,8
Common Cuckoo,57.09459,-2.32596,7.5,Summer,0.0095,68,1
Common Cuckoo,57.09459,-2.08112,7.5,Summer,0.0027,1194,6
Common Cuckoo,57.22973,-7.46756,7.5,Summer,0.0282,112,9
Common Cuckoo,57.22973,-7.22272,7.5,Summer,0.1721,26,12
Common Cuckoo,57.22973,-6.48821,7.5,Summer,0.1332,21,4
Common Cuckoo,57.22973,-6.24337,7.5,Summer,0.137,148,13
Common Cuckoo,57.22973,-5.99853,7.5,Summer,0.1463,364,20
Common Cuckoo,57.22973,-5.75369,7.5,Summer,0.1073,148,10
Common Cuckoo,57.22973,-5.01918,7.5,Summer,0.0786,28,2
Common Cuckoo,57.22973,-4.77434,7.5,Summer,0.0514,35,1
Common Cuckoo,57.22973,-4.5295,7.5,Summer,0.0561,77,5
Common Cuckoo,57.22973,-4.03983,7.5,Summer,0.0649,133,11
Common Cuckoo,57.22973,-3.79499,7.5,Summer,0.0548,1932,97
Common Cuckoo,57.22973,-3.55015,7.5,Summer,0.0604,441,28
Common Cuckoo,57.22973,-3.30531,7.5,Summer,0.0438,128,10
Common Cuckoo,57.22973,-2.08112,7.5,Summer,0.0041,267,2
Common Cuckoo,57.36486,-7.46756,7.5,Summer,0.0424,123,4
Common Cuckoo,57.36486,-7.22272,7.5,Summer,0.1735,80,22
Common Cuckoo,57.36486,-6.48821,7.5,Summer,0.1542,93,4
Common Cuckoo,57.36486,-6.24337,7.5,Summer,0.1326,292,9
Common Cuckoo,57.36486,-5.99853,7.5,Summer,0.112,33,3
Common Cuckoo,57.36486,-5.75369,7.5,Summer,0.1463,65,9
Common Cuckoo,57.36486,-5.50885,7.5,Summer,0.1176,51,2
Common Cuckoo,57.36486,-5.01918,7.5,Summer,0.0899,3,1
Common Cuckoo,57.36486,-4.5295,7.5,Summer,0.0431,222,6
Common Cuckoo,57.36486,-4.28466,7.5,Summer,0.0467,264,19
Common Cuckoo,57.36486,-4.03983,7.5,Summer,0.0345,86,9
Common Cuckoo,57.36486,-3.79499,7.5,Summer,0.1113,308,83
Common Cuckoo,57.36486,-3.55015,7.5,Summer,0.0897,381,16
Common Cuckoo,57.36486,-3.30531,7.5,Summer,0.0482,71,11
Common Cuckoo,57.36486,-3.06047,7.5,Summer,0.0434,14,2
Common Cuckoo,57.36486,-2.5708,7.5,Summer,0.011,84,1
Common Cuckoo,57.36486,-1.83628,7.5,Summer,0.0053,74,2
Common Cuckoo,57.5,-7.46756,7.5,Summer,0.0381,165,3
Common Cuckoo,57.5,-7.22272,7.5,Summer,0.1597,111,16
Common Cuckoo,57.5,-6.73304,7.5,Summer,0.167,402,52
Common Cuckoo,57.5,-6.48821,7.5,Summer,0.1719,157,7
Common Cuckoo,57.5,-6.24337,7.5,Summer,0.1335,189,12
Common Cuckoo,57.5,-5.99853,7.5,Summer,0.1187,4,1
Common Cuckoo,57.5,-5.75369,7.5,Summer,0.1393,62,3
Common Cuckoo,57.5,-5.50885,7.5,Summer,0.1412,59,1
Common Cuckoo,57.5,-5.26402,7.5,Summer,0.1339,15,3
Common Cuckoo,57.5,-5.01918,7.5,Summer,0.0868,8,2
Common Cuckoo,57.5,-4.77434,7.5,Summer,0.0785,6,1
Common Cuckoo,57.5,-4.5295,7.5,Summer,0.0324,186,2
Common Cuckoo,57.5,-4.28466,7.5,Summer,0.0036,814,7
Common Cuckoo,57.5,-4.03983,7.5,Summer,0.0141,626,1
Common Cuckoo,57.63514,-7.46756,7.5,Summer,0.0448,350,24
Common Cuckoo,57.63514,-7.22272,7.5,Summer,0.1721,116,14
Common Cuckoo,57.63514,-6.97788,7.5,Summer,0.148,9,1
Common Cuckoo,57.63514,-6.48821,7.5,Summer,0.1332,167,12
Common Cuckoo,57.63514,-6.24337,7.5,Summer,0.1265,443,26
Common Cuckoo,57.63514,-5.75369,7.5,Summer,0.1452,46,7
Common Cuckoo,57.63514,-5.50885,7.5,Summer,0.1347,49,3
Common Cuckoo,57.63514,-5.26402,7.5,Summer,0.128,100,12
Common Cuckoo,57.63514,-5.01918,7.5,Summer,0.0836,27,1
Common Cuckoo,57.63514,-4.5295,7.5,Summer,0.0312,173,7
Common Cuckoo,57.63514,-4.03983,7.5,Summer,0.0045,742,1
Common Cuckoo,57.63514,-2.81564,7.5,Summer,0.0116,26,1
Common Cuckoo,57.77027,-7.22272,7.5,Summer,0.1426,64,3
Common Cuckoo,57.77027,-6.97788,7.5,Summer,0.1376,108,10
Common Cuckoo,57.77027,-6.73304,7.5,Summer,0.103,13,2
Common Cuckoo,57.77027,-5.75369,7.5,Summer,0.1327,159,7
Common Cuckoo,57.77027,-5.50885,7.5,Summer,0.1362,82,3
Common Cuckoo,57.77027,-5.01918,7.5,Summer,0.1201,41,4
Common Cuckoo,57.77027,-4.28466,7.5,Summer,0.0765,33,1
Common Cuckoo,57.90541,-6.97788,7.5,Summer,0.1131,77,2
Common Cuckoo,57.90541,-6.73304,7.5,Summer,0.1208,63,7
Common Cuckoo,57.90541,-6.48821,7.5,Summer,0.1087,1,1
Common Cuckoo,57.90541,-5.50885,7.5,Summer,0.1374,122,11
Common Cuckoo,57.90541,-5.26402,7.5,Summer,0.1356,175,23
Common Cuckoo,57.90541,-5.01918,7.5,Summer,0.1342,18,1
Common Cuckoo,57.90541,-4.77434,7.5,Summer,0.1114,11,1
Common Cuckoo,57.90541,-4.5295,7.5,Summer,0.0768,28,1
Common Cuckoo,57.90541,-4.28466,7.5,Summer,0.0776,66,5
Common Cuckoo,57.90541,-4.03983,7.5,Summer,0.0617,246,2
Common Cuckoo,58.04054,-6.97788,7.5,Summer,0.1123,28,7
Common Cuckoo,58.04054,-6.73304,7.5,Summer,0.1218,36,5
Common Cuckoo,58.04054,-6.48821,7.5,Summer,0.0667,51,2
Common Cuckoo,58.04054,-5.26402,7.5,Summer,0.1561,31,2
Common Cuckoo,58.04054,-5.01918,7.5,Summer,0.1557,24,2
Common Cuckoo,58.04054,-4.77434,7.5,Summer,0.1244,10,2
Common Cuckoo,58.04054,-4.5295,7.5,Summer,0.1125,45,6
Common Cuckoo,58.04054,-4.03983,7.5,Summer,0.1114,57,4
Common Cuckoo,58.04054,-3.79499,7.5,Summer,0.054,81,2
Common Cuckoo,58.17568,-6.97788,7.5,Summer,0.1148,82,3
Common Cuckoo,58.17568,-6.73304,7.5,Summer,0.0714,84,13
Common Cuckoo,58.17568,-6.48821,7.5,Summer,0.0322,142,8
Common Cuckoo,58.17568,-6.24337,7.5,Summer,0.0202,101,2
Common Cuckoo,58.17568,-5.26402,7.5,Summer,0.1473,123,21
Common Cuckoo,58.17568,-5.01918,7.5,Summer,0.1543,52,12
Common Cuckoo,58.17568,-4.77434,7.5,Summer,0.1464,4,1
Common Cuckoo,58.17568,-3.79499,7.5,Summer,0.1034,23,4
Common Cuckoo,58.17568,-3.55015,7.5,Summer,0.0527,44,2
Common Cuckoo,58.31081,-6.97788,7.5,Summer,0.0788,11,1
Common Cuckoo,58.31081,-6.73304,7.5,Summer,0.0695,126,4
Common Cuckoo,58.31081,-6.48821,7.5,Summer,0.0563,64,5
Common Cuckoo,58.31081,-6.24337,7.5,Summer,0.0289,163,8
Common Cuckoo,58.31081,-5.26402,7.5,Summer,0.1383,70,6
Common Cuckoo,58.31081,-5.01918,7.5,Summer,0.1495,40,6
Common Cuckoo,58.31081,-4.28466,7.5,Summer,0.1078,20,4
Common Cuckoo,58.31081,-4.03983,7.5,Summer,0.1092,14,1
Common Cuckoo,58.31081,-3.79499,7.5,Summer,0.1161,47,14
Common Cuckoo,58.31081,-3.06047,7.5,Summer,0.0154,6,1
Common Cuckoo,58.44595,-6.24337,7.5,Summer,0.0616,130,2
Common Cuckoo,58.44595,-5.26402,7.5,Summer,0.1371,94,7
Common Cuckoo,58.44595,-5.01918,7.5,Summer,0.1152,54,13
Common Cuckoo,58.44595,-4.5295,7.5,Summer,0.102,33,4
Common Cuckoo,58.44595,-4.28466,7.5,Summer,0.0976,27,10
Common Cuckoo,58.44595,-3.79499,7.5,Summer,0.0461,16,2
Common Cuckoo,58.44595,-3.55015,7.5,Summer,0.0275,5,1
Common Cuckoo,58.58108,-4.77434,7.5,Summer,0.0403,110,10
Common Cuckoo,58.58108,-4.5295,7.5,Summer,0.0492,26,4
Common Cuckoo,58.58108,-4.03983,7.5,Summer,0.049,37,7
Common Cuckoo,58.58108,-3.55015,7.5,Summer,0.0055,117,2
Common Cuckoo,58.58108,-3.06047,7.5,Summer,0.0064,174,4
Common Cuckoo,58.71622,-3.30531,7.5,Summer,0.0234,103,1
Common Cuckoo,58.85135,-3.30531,7.5,Summer,0.0313,113,19
Common Cuckoo,58.98649,-3.06047,7.5,Summer,0.006,416,11
Common Cuckoo,58.98649,-2.81564,7.5,Summer,0.0041,119,4
Common Cuckoo,59.12162,-3.06047,7.5,Summer,0.0054,316,25
Common Cuckoo,59.39189,-2.32596,7.5,Summer,0.0063,184,1
Common Cuckoo,59.52703,-1.59145,7.5,Summer,0.0031,354,2
Common Cuckoo,59.93243,-1.34661,7.5,Summer,0.003,1489,4
Common Cuckoo,60.2027,-1.34661,7.5,Summer,0.0042,126,7
Common Cuckoo,60.2027,-1.10177,7.5,Summer,0.003,394,2
Common Cuckoo,60.33784,-1.34661,7.5,Summer,0.0073,85,1
Common Cuckoo,60.47297,-1.34661,7.5,Summer,0.0051,54,2
Common Cuckoo,60.74324,-0.85693,7.5,Summer,0.0046,401,2
Common Kingfisher,54.7973,-4.5295,7.5,Autumn,0.0027,46,2
Common Kingfisher,54.7973,-4.03983,7.5,Autumn,0.0161,8,1
Common Kingfisher,54.93243,-4.28466,7.5,Autumn,0.0117,30,2
Common Kingfisher,54.93243,-4.03983,7.5,Autumn,0.0201,53,2
Common Kingfisher,54.93243,-3.79499,7.5,Autumn,0.0257,92,1
Common Kingfisher,54.93243,-3.55015,7.5,Autumn,0.0297,239,3
Common Kingfisher,54.93243,-3.30531,7.5,Autumn,0.0287,26,2
Common Kingfisher,54.93243,-3.06047,7.5,Autumn,0.0234,46,2
Common Kingfisher,55.06757,-3.55015,7.5,Autumn,0.0786,165,7
Common Kingfisher,55.06757,-3.30531,7.5,Autumn,0.0483,30,1
Common Kingfisher,55.2027,-3.30531,7.5,Autumn,0.0473,21,1
Common Kingfisher,55.33784,-4.77434,7.5,Autumn,0.0169,125,2
Common Kingfisher,55.47297,-4.77434,7.5,Autumn,0.0111,581,7
Common Kingfisher,55.47297,-4.5295,7.5,Autumn,0.0364,1154,18
Common Kingfisher,55.47297,-4.28466,7.5,Autumn,0.0337,12,1
Common Kingfisher,55.47297,-2.81564,7.5,Autumn,0.0461,43,7
Common Kingfisher,55.60811,-5.26402,7.5,Autumn,0.0109,81,1
Common Kingfisher,55.60811,-5.01918,7.5,Autumn,0.0167,20,1
Common Kingfisher,55.60811,-4.77434,7.5,Autumn,0.0241,3758,22
Common Kingfisher,55.60811,-4.5295,7.5,Autumn,0.0417,21393,2
Common Kingfisher,55.60811,-3.79499,7.5,Autumn,0.0311,26,1
Common Kingfisher,55.60811,-3.30531,7.5,Autumn,0.0245,58,6
Common Kingfisher,55.60811,-2.81564,7.5,Autumn,0.0443,83,8
Common Kingfisher,55.60811,-2.5708,7.5,Autumn,0.0481,19,1
Common Kingfisher,55.60811,-2.32596,7.5,Autumn,0.027,28,2
Common Kingfisher,55.74324,-5.50885,7.5,Autumn,0.0022,28,2
Common Kingfisher,55.74324,-5.26402,7.5,Autumn,0.0173,34,1
Common Kingfisher,55.74324,-5.01918,7.5,Autumn,0.0173,76,1
Common Kingfisher,55.74324,-4.77434,7.5,Autumn,0.0303,71,3
Common Kingfisher,55.74324,-4.5295,7.5,Autumn,0.0387,278,14
Common Kingfisher,55.74324,-4.28466,7.5,Autumn,0.0679,566,9
Common Kingfisher,55.74324,-4.03983,7.5,Autumn,0.0782,208,21
Common Kingfisher,55.74324,-3.79499,7.5,Autumn,0.0562,18,1
Common Kingfisher,55.74324,-3.06047,7.5,Autumn,0.0721,165,4
Common Kingfisher,55.87838,-4.5295,7.5,Autumn,0.0452,297,4
Common Kingfisher,55.87838,-4.28466,7.5,Autumn,0.0794,1614,45
Common Kingfisher,55.87838,-4.03983,7.5,Autumn,0.077,110,3
Common Kingfisher,55.87838,-3.55015,7.5,Autumn,0.0913,74,5
Common Kingfisher,55.87838,-3.30531,7.5,Autumn,0.0769,892,32
Common Kingfisher,55.87838,-3.06047,7.5,Autumn,0.0755,1429,49
Common Kingfisher,55.87838,-2.81564,7.5,Autumn,0.0819,104,1
Common Kingfisher,55.87838,-2.32596,7.5,Autumn,0.0197,105,2
Common Kingfisher,55.87838,-2.08112,7.5,Autumn,0.0085,169,1
Common Kingfisher,56.01351,-5.50885,7.5,Autumn,0.0127,48,4
Common Kingfisher,56.01351,-5.01918,7.5,Autumn,0.0156,72,22
Common Kingfisher,56.01351,-4.77434,7.5,Autumn,0.0246,77,1
Common Kingfisher,56.01351,-4.28466,7.5,Autumn,0.0402,26,1
Common Kingfisher,56.01351,-4.03983,7.5,Autumn,0.0709,27,6
Common Kingfisher,56.01351,-3.79499,7.5,Autumn,0.0747,285,5
Common Kingfisher,56.01351,-3.55015,7.5,Autumn,0.0881,300,11
Common Kingfisher,56.01351,-3.30531,7.5,Autumn,0.0937,1675,133
Common Kingfisher,56.01351,-3.06047,7.5,Autumn,0.0538,1856,53
Common Kingfisher,56.01351,-2.81564,7.5,Autumn,0.0622,652,14
Common Kingfisher,56.01351,-2.5708,7.5,Autumn,0.048,447,30
Common Kingfisher,56.01351,-2.32596,7.5,Autumn,0.004,379,4
Common Kingfisher,56.14865,-4.77434,7.5,Autumn,0.0218,53,3
Common Kingfisher,56.14865,-4.5295,7.5,Autumn,0.0244,103,2
Common Kingfisher,56.14865,-4.03983,7.5,Autumn,0.0698,176,14
Common Kingfisher,56.14865,-3.79499,7.5,Autumn,0.0619,274,4
Common Kingfisher,56.14865,-3.30531,7.5,Autumn,0.0906,374,17
Common Kingfisher,56.14865,-3.06047,7.5,Autumn,0.0828,103,2
Common Kingfisher,56.14865,-2.81564,7.5,Autumn,0.0562,81,3
Common Kingfisher,56.28378,-5.01918,7.5,Autumn,0.0124,23,1
Common Kingfisher,56.28378,-4.28466,7.5,Autumn,0.021,38,2
Common Kingfisher,56.28378,-3.79499,7.5,Autumn,0.0318,75,1
Common Kingfisher,56.28378,-3.30531,7.5,Autumn,0.0897,77,1
Common Kingfisher,56.28378,-3.06047,7.5,Autumn,0.0841,309,9
Common Kingfisher,56.28378,-2.81564,7.5,Autumn,0.0436,885,20
Common Kingfisher,56.28378,-2.5708,7.5,Autumn,0.0321,604,7
Common Kingfisher,56.41892,-5.75369,7.5,Autumn,0.0097,123,5
Common Kingfisher,56.41892,-5.01918,7.5,Autumn,0.0117,16,1
Common Kingfisher,56.41892,-4.03983,7.5,Autumn,0.019,23,2
Common Kingfisher,56.41892,-3.55015,7.5,Autumn,0.0693,96,3
Common Kingfisher,56.41892,-3.30531,7.5,Autumn,0.0688,131,13
Common Kingfisher,56.41892,-3.06047,7.5,Autumn,0.077,363,3
Common Kingfisher,56.41892,-2.81564,7.5,Autumn,0.0678,548,60
Common Kingfisher,56.55405,-3.55015,7.5,Autumn,0.0348,128,2
Common Kingfisher,56.55405,-3.30531,7.5,Autumn,0.0484,23,2
Common Kingfisher,56.55405,-2.81564,7.5,Autumn,0.0865,26,1
Common Kingfisher,56.55405,-2.5708,7.5,Autumn,0.0428,60,1
Common Kingfisher,56.68919,-5.01918,7.5,Autumn,0.0065,142,1
Common Kingfisher,56.68919,-3.79499,7.5,Autumn,0.0158,146,3
Common Kingfisher,56.68919,-3.30531,7.5,Autumn,0.031,28,1
Common Kingfisher,56.68919,-3.06047,7.5,Autumn,0.046,95,7
Common Kingfisher,56.68919,-2.81564,7.5,Autumn,0.0434,37,3
Common Kingfisher,56.68919,-2.5708,7.5,Autumn,0.035,265,45
Common Kingfisher,56.68919,-2.32596,7.5,Autumn,0.0079,26,2
Common Kingfisher,56.82432,-5.75369,7.5,Autumn,0.0032,36,2
Common Kingfisher,56.82432,-5.01918,7.5,Autumn,0.0027,127,1
Common Kingfisher,56.82432,-2.5708,7.5,Autumn,0.0146,79,4
Common Kingfisher,57.09459,-4.03983,7.5,Autumn,0.0028,242,2
Common Kingfisher,57.09459,-2.5708,7.5,Autumn,0.0261,23,2
Common Kingfisher,57.09459,-2.32596,7.5,Autumn,0.0585,56,4
Common Kingfisher,57.09459,-2.08112,7.5,Autumn,0.05,1071,8
Common Kingfisher,57.22973,-4.5295,7.5,Autumn,0.0047,23,1
Common Kingfisher,57.22973,-3.79499,7.5,Autumn,0.0033,655,1
Common Kingfisher,57.22973,-2.08112,7.5,Autumn,0.0386,282,25
Common Kingfisher,57.36486,-6.24337,7.5,Autumn,0.0013,155,1
Common Kingfisher,57.36486,-4.5295,7.5,Autumn,0.0038,158,1
Common Kingfisher,57.36486,-3.55015,7.5,Autumn,0.0077,167,2
Common Kingfisher,57.36486,-2.5708,7.5,Autumn,0.0273,46,1
Common Kingfisher,57.36486,-2.32596,7.5,Autumn,0.0226,10,1
Common Kingfisher,57.36486,-2.08112,7.5,Autumn,0.0354,200,6
Common Kingfisher,57.5,-4.28466,7.5,Autumn,0.0212,562,39
Common Kingfisher,57.5,-2.08112,7.5,Autumn,0.023,32,2
Common Kingfisher,57.63514,-4.5295,7.5,Autumn,0.0025,83,4
Common Kingfisher,57.63514,-4.03983,7.5,Autumn,0.0036,581,1
Common Kingfisher,57.63514,-3.55015,7.5,Autumn,0.0091,283,4
Common Kingfisher,57.63514,-3.30531,7.5,Autumn,0.0156,151,4
Common Kingfisher,57.63514,-3.06047,7.5,Autumn,0.0164,109,8
Common Kingfisher,57.63514,-1.83628,7.5,Autumn,0.002,165,2
Common Kingfisher,57.90541,-4.28466,7.5,Autumn,0.0014,86,2
Common Kingfisher,58.58108,-3.30531,7.5,Autumn,0.0018,53,1
Common Kingfisher,60.33784,-1.34661,7.5,Autumn,0.0012,397,2
Common Kingfisher,54.7973,-4.5295,7.5,Spring,0.0021,51,1
Common Kingfisher,54.93243,-4.28466,7.5,Spring,0.0056,37,1
Common Kingfisher,54.93243,-4.03983,7.5,Spring,0.0061,118,3
Common Kingfisher,54.93243,-3.55015,7.5,Spring,0.004,256,1
Common Kingfisher,55.06757,-3.55015,7.5,Spring,0.048,243,8
Common Kingfisher,55.2027,-2.81564,7.5,Spring,0.0161,29,2
Common Kingfisher,55.47297,-4.5295,7.5,Spring,0.0194,1120,2
Common Kingfisher,55.47297,-4.28466,7.5,Spring,0.0224,36,5
Common Kingfisher,55.47297,-3.30531,7.5,Spring,0.004,66,4
Common Kingfisher,55.47297,-2.5708,7.5,Spring,0.0289,52,1
Common Kingfisher,55.60811,-4.77434,7.5,Spring,0.0043,3607,9
Common Kingfisher,55.60811,-4.5295,7.5,Spring,0.0222,21683,5
Common Kingfisher,55.60811,-3.30531,7.5,Spring,0.0047,97,1
Common Kingfisher,55.60811,-3.06047,7.5,Spring,0.0197,58,3
Common Kingfisher,55.60811,-2.5708,7.5,Spring,0.0186,64,2
Common Kingfisher,55.74324,-4.5295,7.5,Spring,0.0166,468,1
Common Kingfisher,55.74324,-4.28466,7.5,Spring,0.0458,998,2
Common Kingfisher,55.74324,-4.03983,7.5,Spring,0.0533,315,20
Common Kingfisher,55.74324,-3.79499,7.5,Spring,0.0401,52,2
Common Kingfisher,55.74324,-3.30531,7.5,Spring,0.0323,64,2
Common Kingfisher,55.74324,-3.06047,7.5,Spring,0.0373,398,2
Common Kingfisher,55.74324,-2.08112,7.5,Spring,0.0413,42,7
Common Kingfisher,55.87838,-4.5295,7.5,Spring,0.025,458,1
Common Kingfisher,55.87838,-4.28466,7.5,Spring,0.0842,2168,52
Common Kingfisher,55.87838,-4.03983,7.5,Spring,0.0541,258,6
Common Kingfisher,55.87838,-3.55015,7.5,Spring,0.0952,219,2
Common Kingfisher,55.87838,-3.30531,7.5,Spring,0.0441,2071,36
Common Kingfisher,55.87838,-3.06047,7.5,Spring,0.0286,2165,9
Common Kingfisher,55.87838,-2.81564,7.5,Spring,0.0357,239,2
Common Kingfisher,55.87838,-2.08112,7.5,Spring,0.0025,288,1
Common Kingfisher,56.01351,-5.50885,7.5,Spring,0.0022,97,1
Common Kingfisher,56.01351,-5.01918,7.5,Spring,0.0026,167,3
Common Kingfisher,56.01351,-4.77434,7.5,Spring,0.0031,189,1
Common Kingfisher,56.01351,-4.5295,7.5,Spring,0.0193,435,5
Common Kingfisher,56.01351,-4.03983,7.5,Spring,0.0564,39,2
Common Kingfisher,56.01351,-3.79499,7.5,Spring,0.0589,421,3
Common Kingfisher,56.01351,-3.55015,7.5,Spring,0.0098,493,5
Common Kingfisher,56.01351,-3.30531,7.5,Spring,0.0477,2906,95
Common Kingfisher,56.01351,-3.06047,7.5,Spring,0.0244,2432,12
Common Kingfisher,56.01351,-2.81564,7.5,Spring,0.0213,928,15
Common Kingfisher,56.01351,-2.5708,7.5,Spring,0.0034,754,5
Common Kingfisher,56.14865,-5.26402,7.5,Spring,0.002,28,1
Common Kingfisher,56.14865,-4.5295,7.5,Spring,0.0092,234,2
Common Kingfisher,56.14865,-4.28466,7.5,Spring,0.0237,180,2
Common Kingfisher,56.14865,-4.03983,7.5,Spring,0.0618,535,12
Common Kingfisher,56.14865,-3.79499,7.5,Spring,0.0611,695,25
Common Kingfisher,56.14865,-3.55015,7.5,Spring,0.0537,219,2
Common Kingfisher,56.14865,-3.30531,7.5,Spring,0.0661,652,10
Common Kingfisher,56.14865,-3.06047,7.5,Spring,0.0282,422,4
Common Kingfisher,56.28378,-5.01918,7.5,Spring,0.002,58,1
Common Kingfisher,56.28378,-4.28466,7.5,Spring,0.0054,269,3
Common Kingfisher,56.28378,-3.79499,7.5,Spring,0.0186,106,1
Common Kingfisher,56.28378,-3.30531,7.5,Spring,0.0364,146,3
Common Kingfisher,56.28378,-3.06047,7.5,Spring,0.0213,546,1
Common Kingfisher,56.28378,-2.81564,7.5,Spring,0.015,1514,9
Common Kingfisher,56.41892,-3.79499,7.5,Spring,0.0209,80,2
Common Kingfisher,56.41892,-3.55015,7.5,Spring,0.0429,238,9
Common Kingfisher,56.41892,-3.30531,7.5,Spring,0.0435,261,10
Common Kingfisher,56.41892,-2.81564,7.5,Spring,0.0079,655,18
Common Kingfisher,56.55405,-5.99853,7.5,Spring,0.0016,283,2
Common Kingfisher,56.55405,-3.55015,7.5,Spring,0.0199,294,6
Common Kingfisher,56.55405,-3.30531,7.5,Spring,0.0203,54,3
Common Kingfisher,56.68919,-2.5708,7.5,Spring,0.0068,253,5
Common Kingfisher,56.68919,-2.32596,7.5,Spring,0.0082,22,2
Common Kingfisher,56.82432,-2.32596,7.5,Spring,0.0049,78,1
Common Kingfisher,57.09459,-4.03983,7.5,Spring,0.002,709,3
Common Kingfisher,57.09459,-2.5708,7.5,Spring,0.0051,64,1
Common Kingfisher,57.09459,-2.32596,7.5,Spring,0.0141,89,1
Common Kingfisher,57.09459,-2.08112,7.5,Spring,0.0031,1560,6
Common Kingfisher,57.22973,-3.79499,7.5,Spring,0.0022,2240,2
Common Kingfisher,57.22973,-3.55015,7.5,Spring,0.0013,560,15
Common Kingfisher,57.22973,-2.5708,7.5,Spring,0.0044,20,1
Common Kingfisher,57.22973,-2.32596,7.5,Spring,0.011,52,1
Common Kingfisher,57.22973,-2.08112,7.5,Spring,0.007,488,2
Common Kingfisher,57.36486,-4.77434,7.5,Spring,0.0018,86,1
Common Kingfisher,57.36486,-4.5295,7.5,Spring,0.0029,272,3
Common Kingfisher,57.36486,-4.28466,7.5,Spring,0.0067,333,1
Common Kingfisher,57.36486,-3.55015,7.5,Spring,0.0024,445,3
Common Kingfisher,57.5,-4.28466,7.5,Spring,0.0039,915,11
Common Kingfisher,57.63514,-4.03983,7.5,Spring,0.0017,569,1
Common Kingfisher,57.63514,-3.55015,7.5,Spring,0.0033,328,2
Common Kingfisher,57.63514,-3.30531,7.5,Spring,0.0058,232,1
Common Kingfisher,57.63514,-3.06047,7.5,Spring,0.0037,167,2
Common Kingfisher,54.7973,-4.03983,7.5,Summer,0.009,46,2
Common Kingfisher,54.93243,-5.01918,7.5,Summer,0.0014,74,2
Common Kingfisher,54.93243,-4.03983,7.5,Summer,0.0187,106,5
Common Kingfisher,54.93243,-3.06047,7.5,Summer,0.0134,41,1
Common Kingfisher,55.06757,-3.79499,7.5,Summer,0.0403,17,1
Common Kingfisher,55.06757,-3.55015,7.5,Summer,0.0558,192,4
Common Kingfisher,55.06757,-3.30531,7.5,Summer,0.0379,52,1
Common Kingfisher,55.2027,-4.03983,7.5,Summer,0.0131,23,1
Common Kingfisher,55.2027,-3.79499,7.5,Summer,0.0308,14,1
Common Kingfisher,55.33784,-4.77434,7.5,Summer,0.0103,137,3
Common Kingfisher,55.47297,-4.77434,7.5,Summer,0.0092,450,4
Common Kingfisher,55.47297,-4.5295,7.5,Summer,0.0336,794,11
Common Kingfisher,55.47297,-4.28466,7.5,Summer,0.0299,34,2
Common Kingfisher,55.47297,-2.5708,7.5,Summer,0.0395,29,3
Common Kingfisher,55.60811,-5.26402,7.5,Summer,0.0036,104,2
Common Kingfisher,55.60811,-4.77434,7.5,Summer,0.0135,3125,15
Common Kingfisher,55.60811,-4.5295,7.5,Summer,0.0388,27860,4
Common Kingfisher,55.60811,-3.79499,7.5,Summer,0.0253,38,3
Common Kingfisher,55.60811,-2.81564,7.5,Summer,0.0248,109,5
Common Kingfisher,55.60811,-2.5708,7.5,Summer,0.0411,41,2
Common Kingfisher,55.74324,-6.24337,7.5,Summer,0.0012,63,1
Common Kingfisher,55.74324,-4.77434,7.5,Summer,0.013,62,1
Common Kingfisher,55.74324,-4.5295,7.5,Summer,0.034,277,8
Common Kingfisher,55.74324,-4.28466,7.5,Summer,0.0624,507,2
Common Kingfisher,55.74324,-4.03983,7.5,Summer,0.0814,219,27
Common Kingfisher,55.74324,-3.55015,7.5,Summer,0.0615,24,1
Common Kingfisher,55.74324,-3.06047,7.5,Summer,0.0462,133,2
Common Kingfisher,55.74324,-2.81564,7.5,Summer,0.0587,18,1
Common Kingfisher,55.74324,-2.08112,7.5,Summer,0.0163,40,7
Common Kingfisher,55.87838,-4.5295,7.5,Summer,0.0401,292,1
Common Kingfisher,55.87838,-4.28466,7.5,Summer,0.0675,1378,31
Common Kingfisher,55.87838,-4.03983,7.5,Summer,0.0778,131,3
Common Kingfisher,55.87838,-3.30531,7.5,Summer,0.0661,1184,32
Common Kingfisher,55.87838,-3.06047,7.5,Summer,0.0617,1626,32
Common Kingfisher,55.87838,-2.08112,7.5,Summer,0.0023,295,2
Common Kingfisher,56.01351,-5.50885,7.5,Summer,0.0043,37,2
Common Kingfisher,56.01351,-5.01918,7.5,Summer,0.006,85,6
Common Kingfisher,56.01351,-4.77434,7.5,Summer,0.014,128,1
Common Kingfisher,56.01351,-4.5295,7.5,Summer,0.0221,279,1
Common Kingfisher,56.01351,-3.79499,7.5,Summer,0.044,365,1
Common Kingfisher,56.01351,-3.55015,7.5,Summer,0.0314,266,1
Common Kingfisher,56.01351,-3.30531,7.5,Summer,0.0415,2181,41
Common Kingfisher,56.01351,-3.06047,7.5,Summer,0.0309,2396,30
Common Kingfisher,56.01351,-2.81564,7.5,Summer,0.0306,786,12
Common Kingfisher,56.01351,-2.5708,7.5,Summer,0.015,613,6
Common Kingfisher,56.14865,-5.50885,7.5,Summer,0.0028,74,1
Common Kingfisher,56.14865,-4.5295,7.5,Summer,0.0185,225,4
Common Kingfisher,56.14865,-4.28466,7.5,Summer,0.0292,111,2
Common Kingfisher,56.14865,-4.03983,7.5,Summer,0.045,349,1
Common Kingfisher,56.14865,-3.79499,7.5,Summer,0.0386,328,7
Common Kingfisher,56.14865,-3.30531,7.5,Summer,0.0499,405,1
Common Kingfisher,56.14865,-3.06047,7.5,Summer,0.0446,158,11
Common Kingfisher,56.14865,-2.81564,7.5,Summer,0.0286,174,1
Common Kingfisher,56.28378,-4.5295,7.5,Summer,0.0218,49,1
Common Kingfisher,56.28378,-4.28466,7.5,Summer,0.0182,205,14
Common Kingfisher,56.28378,-3.06047,7.5,Summer,0.0485,322,4
Common Kingfisher,56.28378,-2.81564,7.5,Summer,0.0263,1122,7
Common Kingfisher,56.28378,-2.5708,7.5,Summer,0.0098,524,4
Common Kingfisher,56.41892,-5.50885,7.5,Summer,0.0022,433,1
Common Kingfisher,56.41892,-5.26402,7.5,Summer,0.0036,25,1
Common Kingfisher,56.41892,-4.03983,7.5,Summer,0.0145,50,1
Common Kingfisher,56.41892,-3.55015,7.5,Summer,0.0444,110,4
Common Kingfisher,56.41892,-3.30531,7.5,Summer,0.0461,198,2
Common Kingfisher,56.41892,-2.81564,7.5,Summer,0.0202,590,34
Common Kingfisher,56.55405,-6.24337,7.5,Summer,0.0013,192,1
Common Kingfisher,56.55405,-3.55015,7.5,Summer,0.0262,287,4
Common Kingfisher,56.55405,-3.30531,7.5,Summer,0.0323,47,6
Common Kingfisher,56.68919,-5.01918,7.5,Summer,0.003,304,1
Common Kingfisher,56.68919,-4.03983,7.5,Summer,0.0022,50,1
Common Kingfisher,56.68919,-3.79499,7.5,Summer,0.0088,268,2
Common Kingfisher,56.68919,-2.5708,7.5,Summer,0.0187,238,24
Common Kingfisher,56.68919,-2.32596,7.5,Summer,0.0108,30,2
Common Kingfisher,56.82432,-2.5708,7.5,Summer,0.006,78,1
Common Kingfisher,57.09459,-4.03983,7.5,Summer,0.0028,526,1
Common Kingfisher,57.09459,-3.06047,7.5,Summer,0.0016,80,1
Common Kingfisher,57.09459,-2.5708,7.5,Summer,0.0061,32,1
Common Kingfisher,57.09459,-2.32596,7.5,Summer,0.0131,68,1
Common Kingfisher,57.09459,-2.08112,7.5,Summer,0.0106,1194,7
Common Kingfisher,57.22973,-3.79499,7.5,Summer,0.003,1932,12
Common Kingfisher,57.22973,-2.08112,7.5,Summer,0.0107,267,4
Common Kingfisher,57.36486,-4.5295,7.5,Summer,0.0025,222,1
Common Kingfisher,57.36486,-4.28466,7.5,Summer,0.0054,264,1
Common Kingfisher,57.36486,-3.30531,7.5,Summer,0.0034,71,1
Common Kingfisher,57.36486,-2.08112,7.5,Summer,0.0075,330,2
Common Kingfisher,57.5,-4.28466,7.5,Summer,0.0092,814,9
Common Kingfisher,57.5,-4.03983,7.5,Summer,0.0036,626,2
Common Kingfisher,57.5,-3.79499,7.5,Summer,0.0022,60,1
Common Kingfisher,57.63514,-4.03983,7.5,Summer,0.0023,742,4
Common Kingfisher,57.63514,-3.79499,7.5,Summer,0.002,187,1
Common Kingfisher,57.63514,-3.30531,7.5,Summer,0.0104,127,2
Common Kingfisher,57.63514,-3.06047,7.5,Summer,0.0045,170,6
Common Kingfisher,57.77027,-3.30531,7.5,Summer,0.0016,140,1
Common Kingfisher,58.31081,-5.01918,7.5,Summer,0.0014,40,1
Common Kingfisher,59.52703,-1.59145,7.5,Summer,0.0012,354,3
Common Kingfisher,60.2027,-1.34661,7.5,Summer,0.0012,126,1
Common Kingfisher,54.7973,-4.77434,7.5,Winter,0.0026,8,2
Common Kingfisher,54.7973,-4.5295,7.5,Winter,0.0033,47,1
Common Kingfisher,54.93243,-4.28466,7.5,Winter,0.0114,45,2
Common Kingfisher,54.93243,-4.03983,7.5,Winter,0.017,59,1
Common Kingfisher,54.93243,-3.79499,7.5,Winter,0.0246,69,1
Common Kingfisher,54.93243,-3.55015,7.5,Winter,0.0346,289,4
Common Kingfisher,55.06757,-3.55015,7.5,Winter,0.0775,173,8
Common Kingfisher,55.06757,-3.30531,7.5,Winter,0.0411,37,3
Common Kingfisher,55.33784,-4.77434,7.5,Winter,0.0195,114,3
Common Kingfisher,55.33784,-4.28466,7.5,Winter,0.0229,67,1
Common Kingfisher,55.47297,-4.77434,7.5,Winter,0.0118,596,4
Common Kingfisher,55.47297,-4.5295,7.5,Winter,0.0354,1316,14
Common Kingfisher,55.47297,-2.81564,7.5,Winter,0.033,75,2
Common Kingfisher,55.47297,-2.5708,7.5,Winter,0.0301,52,1
Common Kingfisher,55.60811,-5.26402,7.5,Winter,0.009,26,4
Common Kingfisher,55.60811,-4.77434,7.5,Winter,0.0244,4222,24
Common Kingfisher,55.60811,-4.5295,7.5,Winter,0.0395,17240,5
Common Kingfisher,55.60811,-2.81564,7.5,Winter,0.0293,95,2
Common Kingfisher,55.60811,-2.5708,7.5,Winter,0.0357,20,1
Common Kingfisher,55.74324,-5.50885,7.5,Winter,0.002,43,1
Common Kingfisher,55.74324,-4.77434,7.5,Winter,0.0226,99,3
Common Kingfisher,55.74324,-4.5295,7.5,Winter,0.0327,329,9
Common Kingfisher,55.74324,-4.28466,7.5,Winter,0.0666,631,3
Common Kingfisher,55.74324,-4.03983,7.5,Winter,0.0722,253,25
Common Kingfisher,55.74324,-3.06047,7.5,Winter,0.0383,248,3
Common Kingfisher,55.87838,-5.50885,7.5,Winter,0.007,28,1
Common Kingfisher,55.87838,-4.77434,7.5,Winter,0.015,20,1
Common Kingfisher,55.87838,-4.5295,7.5,Winter,0.0457,384,4
Common Kingfisher,55.87838,-4.28466,7.5,Winter,0.0845,1701,40
Common Kingfisher,55.87838,-4.03983,7.5,Winter,0.084,209,4
Common Kingfisher,55.87838,-3.79499,7.5,Winter,0.0684,88,2
Common Kingfisher,55.87838,-3.55015,7.5,Winter,0.1011,227,2
Common Kingfisher,55.87838,-3.30531,7.5,Winter,0.0768,1796,51
Common Kingfisher,55.87838,-3.06047,7.5,Winter,0.0682,1773,48
Common Kingfisher,56.01351,-5.01918,7.5,Winter,0.0127,105,6
Common Kingfisher,56.01351,-4.5295,7.5,Winter,0.0311,162,2
Common Kingfisher,56.01351,-4.03983,7.5,Winter,0.0694,24,2
Common Kingfisher,56.01351,-3.79499,7.5,Winter,0.0872,358,12
Common Kingfisher,56.01351,-3.55015,7.5,Winter,0.0711,507,25
Common Kingfisher,56.01351,-3.30531,7.5,Winter,0.0846,2000,106
Common Kingfisher,56.01351,-3.06047,7.5,Winter,0.0564,1585,59
Common Kingfisher,56.01351,-2.81564,7.5,Winter,0.05,874,14
Common Kingfisher,56.01351,-2.5708,7.5,Winter,0.0436,643,43
Common Kingfisher,56.01351,-2.32596,7.5,Winter,0.0034,144,2
Common Kingfisher,56.14865,-4.03983,7.5,Winter,0.0737,363,13
Common Kingfisher,56.14865,-3.79499,7.5,Winter,0.0727,490,20
Common Kingfisher,56.14865,-3.55015,7.5,Winter,0.0725,196,1
Common Kingfisher,56.14865,-3.30531,7.5,Winter,0.0892,535,31
Common Kingfisher,56.14865,-3.06047,7.5,Winter,0.0801,302,4
Common Kingfisher,56.14865,-2.81564,7.5,Winter,0.0457,219,5
Common Kingfisher,56.28378,-6.24337,7.5,Winter,0.0017,4,1
Common Kingfisher,56.28378,-5.50885,7.5,Winter,0.0196,14,2
Common Kingfisher,56.28378,-5.01918,7.5,Winter,0.0094,7,1
Common Kingfisher,56.28378,-4.28466,7.5,Winter,0.0159,56,2
Common Kingfisher,56.28378,-3.30531,7.5,Winter,0.0823,81,1
Common Kingfisher,56.28378,-3.06047,7.5,Winter,0.0789,327,9
Common Kingfisher,56.28378,-2.81564,7.5,Winter,0.0384,1177,31
Common Kingfisher,56.28378,-2.5708,7.5,Winter,0.0252,333,1
Common Kingfisher,56.41892,-5.50885,7.5,Winter,0.0068,66,1
Common Kingfisher,56.41892,-3.55015,7.5,Winter,0.06,90,4
Common Kingfisher,56.41892,-3.30531,7.5,Winter,0.071,176,5
Common Kingfisher,56.41892,-3.06047,7.5,Winter,0.0774,316,3
Common Kingfisher,56.41892,-2.81564,7.5,Winter,0.0484,524,17
Common Kingfisher,56.55405,-3.30531,7.5,Winter,0.0278,24,1
Common Kingfisher,56.55405,-2.81564,7.5,Winter,0.0701,28,4
Common Kingfisher,56.55405,-2.5708,7.5,Winter,0.0304,56,2
Common Kingfisher,56.68919,-3.79499,7.5,Winter,0.0076,70,1
Common Kingfisher,56.68919,-2.5708,7.5,Winter,0.0244,202,13
Common Kingfisher,56.68919,-2.32596,7.5,Winter,0.0061,13,1
Common Kingfisher,56.82432,-5.75369,7.5,Winter,0.0026,29,2
Common Kingfisher,56.82432,-2.32596,7.5,Winter,0.0091,83,1
Common Kingfisher,57.09459,-4.03983,7.5,Winter,0.0024,301,2
Common Kingfisher,57.09459,-2.32596,7.5,Winter,0.0145,110,1
Common Kingfisher,57.09459,-2.08112,7.5,Winter,0.0201,1022,9
Common Kingfisher,57.22973,-2.08112,7.5,Winter,0.0158,305,11
Common Kingfisher,57.36486,-4.5295,7.5,Winter,0.003,125,1
Common Kingfisher,57.36486,-3.30531,7.5,Winter,0.0036,32,1
Common Kingfisher,57.5,-4.28466,7.5,Winter,0.0188,622,45
Common Kingfisher,57.5,-4.03983,7.5,Winter,0.0054,511,1
Common Kingfisher,57.63514,-4.5295,7.5,Winter,0.0021,66,1
Common Kingfisher,57.63514,-4.28466,7.5,Winter,0.0037,56,1
Common Kingfisher,57.63514,-4.03983,7.5,Winter,0.0026,354,1
Common Kingfisher,57.63514,-3.55015,7.5,Winter,0.0044,318,2
Common Kingfisher,57.63514,-3.30531,7.5,Winter,0.0128,341,7
Common Kingfisher,57.63514,-3.06047,7.5,Winter,0.0062,52,1
Common Kingfisher,57.63514,-1.83628,7.5,Winter,0.0015,140,1
Common Kingfisher,57.77027,-4.03983,7.5,Winter,0.0021,88,1
Common Kingfisher,60.2027,-1.10177,7.5,Winter,0.0014,254,3
Common Wood-Pigeon,54.66216,-5.01918,7.5,Autumn,0.3435,21,10
Common Wood-Pigeon,54.66216,-4.77434,7.5,Autumn,0.3859,22,7
Common Wood-Pigeon,54.66216,-4.5295,7.5,Autumn,0.3701,5,3
Common Wood-Pigeon,54.66216,-4.28466,7.5,Autumn,0.4348,8,3
Common Wood-Pigeon,54.7973,-5.01918,7.5,Autumn,0.3632,38,12
Common Wood-Pigeon,54.7973,-4.5295,7.5,Autumn,0.4117,46,17
Common Wood-Pigeon,54.7973,-4.28466,7.5,Autumn,0.4714,6,3
Common Wood-Pigeon,54.7973,-4.03983,7.5,Autumn,0.5637,8,1
Common Wood-Pigeon,54.7973,-3.79499,7.5,Autumn,0.6447,7,3
Common Wood-Pigeon,54.93243,-5.01918,7.5,Autumn,0.3587,93,14
Common Wood-Pigeon,54.93243,-4.5295,7.5,Autumn,0.3935,19,6
Common Wood-Pigeon,54.93243,-4.28466,7.5,Autumn,0.5121,30,6
Common Wood-Pigeon,54.93243,-4.03983,7.5,Autumn,0.6315,53,32
Common Wood-Pigeon,54.93243,-3.79499,7.5,Autumn,0.7032,92,66
Common Wood-Pigeon,54.93243,-3.55015,7.5,Autumn,0.6762,239,111
Common Wood-Pigeon,54.93243,-3.30531,7.5,Autumn,0.6617,26,8
Common Wood-Pigeon,54.93243,-3.06047,7.5,Autumn,0.6443,46,31
Common Wood-Pigeon,55.06757,-5.26402,7.5,Autumn,0.2233,16,1
Common Wood-Pigeon,55.06757,-5.01918,7.5,Autumn,0.3587,27,4
Common Wood-Pigeon,55.06757,-4.5295,7.5,Autumn,0.3724,13,2
Common Wood-Pigeon,55.06757,-4.28466,7.5,Autumn,0.4464,13,1
Common Wood-Pigeon,55.06757,-4.03983,7.5,Autumn,0.6061,42,29
Common Wood-Pigeon,55.06757,-3.79499,7.5,Autumn,0.6786,21,16
Common Wood-Pigeon,55.06757,-3.55015,7.5,Autumn,0.7902,165,126
Common Wood-Pigeon,55.06757,-3.30531,7.5,Autumn,0.7051,30,17
Common Wood-Pigeon,55.06757,-3.06047,7.5,Autumn,0.6918,13,3
Common Wood-Pigeon,55.2027,-5.01918,7.5,Autumn,0.3724,6,1
Common Wood-Pigeon,55.2027,-4.77434,7.5,Autumn,0.4331,17,4
Common Wood-Pigeon,55.2027,-4.03983,7.5,Autumn,0.5877,11,6
Common Wood-Pigeon,55.2027,-3.79499,7.5,Autumn,0.6628,13,8
Common Wood-Pigeon,55.2027,-3.30531,7.5,Autumn,0.6854,21,5
Common Wood-Pigeon,55.33784,-4.77434,7.5,Autumn,0.4367,125,21
Common Wood-Pigeon,55.33784,-4.28466,7.5,Autumn,0.5209,22,6
Common Wood-Pigeon,55.33784,-4.03983,7.5,Autumn,0.5235,1,1
Common Wood-Pigeon,55.33784,-3.79499,7.5,Autumn,0.5722,15,4
Common Wood-Pigeon,55.33784,-3.55015,7.5,Autumn,0.5843,19,4
Common Wood-Pigeon,55.33784,-3.30531,7.5,Autumn,0.5649,6,3
Common Wood-Pigeon,55.33784,-2.81564,7.5,Autumn,0.6209,11,6
Common Wood-Pigeon,55.33784,-2.5708,7.5,Autumn,0.6036,2,1
Common Wood-Pigeon,55.47297,-5.75369,7.5,Autumn,0.1281,16,1
Common Wood-Pigeon,55.47297,-5.50885,7.5,Autumn,0.1766,19,1
Common Wood-Pigeon,55.47297,-5.26402,7.5,Autumn,0.3666,50,6
Common Wood-Pigeon,55.47297,-5.01918,7.5,Autumn,0.4412,41,17
Common Wood-Pigeon,55.47297,-4.77434,7.5,Autumn,0.3608,581,60
Common Wood-Pigeon,55.47297,-4.5295,7.5,Autumn,0.7417,1154,504
Common Wood-Pigeon,55.47297,-4.28466,7.5,Autumn,0.5746,12,2
Common Wood-Pigeon,55.47297,-3.79499,7.5,Autumn,0.4875,51,3
Common Wood-Pigeon,55.47297,-3.55015,7.5,Autumn,0.4332,23,4
Common Wood-Pigeon,55.47297,-3.30531,7.5,Autumn,0.472,22,16
Common Wood-Pigeon,55.47297,-2.81564,7.5,Autumn,0.7277,43,33
Common Wood-Pigeon,55.47297,-2.5708,7.5,Autumn,0.7444,31,20
Common Wood-Pigeon,55.60811,-6.24337,7.5,Autumn,0.0938,96,4
Common Wood-Pigeon,55.60811,-5.75369,7.5,Autumn,0.1278,11,2
Common Wood-Pigeon,55.60811,-5.50885,7.5,Autumn,0.1657,5,2
Common Wood-Pigeon,55.60811,-5.26402,7.5,Autumn,0.2817,81,27
Common Wood-Pigeon,55.60811,-5.01918,7.5,Autumn,0.3969,20,7
Common Wood-Pigeon,55.60811,-4.77434,7.5,Autumn,0.4185,3758,652
Common Wood-Pigeon,55.60811,-4.5295,7.5,Autumn,0.7349,21393,6874
Common Wood-Pigeon,55.60811,-4.28466,7.5,Autumn,0.5795,7,2
Common Wood-Pigeon,55.60811,-3.79499,7.5,Autumn,0.6734,26,14
Common Wood-Pigeon,55.60811,-3.55015,7.5,Autumn,0.6311,48,30
Common Wood-Pigeon,55.60811,-3.30531,7.5,Autumn,0.6327,58,27
Common Wood-Pigeon,55.60811,-3.06047,7.5,Autumn,0.7493,31,16
Common Wood-Pigeon,55.60811,-2.81564,7.5,Autumn,0.7877,83,57
Common Wood-Pigeon,55.60811,-2.5708,7.5,Autumn,0.7436,19,14
Common Wood-Pigeon,55.60811,-2.32596,7.5,Autumn,0.6863,28,20
Common Wood-Pigeon,55.74324,-6.48821,7.5,Autumn,0.0934,54,1
Common Wood-Pigeon,55.74324,-6.24337,7.5,Autumn,0.1169,173,9
Common Wood-Pigeon,55.74324,-5.50885,7.5,Autumn,0.2036,28,3
Common Wood-Pigeon,55.74324,-5.26402,7.5,Autumn,0.369,34,5
Common Wood-Pigeon,55.74324,-5.01918,7.5,Autumn,0.4405,76,15
Common Wood-Pigeon,55.74324,-4.77434,7.5,Autumn,0.4119,71,19
Common Wood-Pigeon,55.74324,-4.5295,7.5,Autumn,0.518,278,98
Common Wood-Pigeon,55.74324,-4.28466,7.5,Autumn,0.7262,566,161
Common Wood-Pigeon,55.74324,-4.03983,7.5,Autumn,0.7617,208,159
Common Wood-Pigeon,55.74324,-3.79499,7.5,Autumn,0.6717,18,9
Common Wood-Pigeon,55.74324,-3.55015,7.5,Autumn,0.6963,38,25
Common Wood-Pigeon,55.74324,-3.30531,7.5,Autumn,0.7081,26,16
Common Wood-Pigeon,55.74324,-3.06047,7.5,Autumn,0.7473,165,110
Common Wood-Pigeon,55.74324,-2.81564,7.5,Autumn,0.7445,10,8
Common Wood-Pigeon,55.74324,-2.5708,7.5,Autumn,0.7437,3,3
Common Wood-Pigeon,55.74324,-2.32596,7.5,Autumn,0.6999,14,11
Common Wood-Pigeon,55.74324,-2.08112,7.5,Autumn,0.694,9,7
Common Wood-Pigeon,55.87838,-6.24337,7.5,Autumn,0.1265,142,10
Common Wood-Pigeon,55.87838,-5.99853,7.5,Autumn,0.1166,20,1
Common Wood-Pigeon,55.87838,-5.50885,7.5,Autumn,0.206,16,4
Common Wood-Pigeon,55.87838,-5.26402,7.5,Autumn,0.4287,14,9
Common Wood-Pigeon,55.87838,-5.01918,7.5,Autumn,0.4871,16,4
Common Wood-Pigeon,55.87838,-4.77434,7.5,Autumn,0.3412,36,3
Common Wood-Pigeon,55.87838,-4.5295,7.5,Autumn,0.7448,297,164
Common Wood-Pigeon,55.87838,-4.28466,7.5,Autumn,0.7768,1614,762
Common Wood-Pigeon,55.87838,-4.03983,7.5,Autumn,0.7732,110,62
Common Wood-Pigeon,55.87838,-3.79499,7.5,Autumn,0.6931,50,32
Common Wood-Pigeon,55.87838,-3.55015,7.5,Autumn,0.7778,74,47
Common Wood-Pigeon,55.87838,-3.30531,7.5,Autumn,0.7568,892,599
Common Wood-Pigeon,55.87838,-3.06047,7.5,Autumn,0.7863,1429,1143
Common Wood-Pigeon,55.87838,-2.81564,7.5,Autumn,0.7673,104,87
Common Wood-Pigeon,55.87838,-2.5708,7.5,Autumn,0.7021,13,7
Common Wood-Pigeon,55.87838,-2.32596,7.5,Autumn,0.713,105,74
Common Wood-Pigeon,55.87838,-2.08112,7.5,Autumn,0.4539,169,81
Common Wood-Pigeon,56.01351,-6.24337,7.5,Autumn,0.113,25,3
Common Wood-Pigeon,56.01351,-5.99853,7.5,Autumn,0.126,4,2
Common Wood-Pigeon,56.01351,-5.75369,7.5,Autumn,0.1584,10,1
Common Wood-Pigeon,56.01351,-5.50885,7.5,Autumn,0.1996,48,6
Common Wood-Pigeon,56.01351,-5.26402,7.5,Autumn,0.3934,7,2
Common Wood-Pigeon,56.01351,-5.01918,7.5,Autumn,0.4486,72,55
Common Wood-Pigeon,56.01351,-4.77434,7.5,Autumn,0.3902,77,27
Common Wood-Pigeon,56.01351,-4.5295,7.5,Autumn,0.6395,132,72
Common Wood-Pigeon,56.01351,-4.28466,7.5,Autumn,0.6068,26,9
Common Wood-Pigeon,56.01351,-4.03983,7.5,Autumn,0.7547,27,18
Common Wood-Pigeon,56.01351,-3.79499,7.5,Autumn,0.79,285,189
Common Wood-Pigeon,56.01351,-3.55015,7.5,Autumn,0.7508,300,211
Common Wood-Pigeon,56.01351,-3.30531,7.5,Autumn,0.7633,1675,1182
Common Wood-Pigeon,56.01351,-3.06047,7.5,Autumn,0.7694,1856,1090
Common Wood-Pigeon,56.01351,-2.81564,7.5,Autumn,0.7575,652,386
Common Wood-Pigeon,56.01351,-2.5708,7.5,Autumn,0.6814,447,234
Common Wood-Pigeon,56.01351,-2.32596,7.5,Autumn,0.515,379,172
Common Wood-Pigeon,56.14865,-6.24337,7.5,Autumn,0.1007,9,3
Common Wood-Pigeon,56.14865,-5.50885,7.5,Autumn,0.1518,29,1
Common Wood-Pigeon,56.14865,-5.01918,7.5,Autumn,0.2029,7,3
Common Wood-Pigeon,56.14865,-4.77434,7.5,Autumn,0.2368,53,11
Common Wood-Pigeon,56.14865,-4.5295,7.5,Autumn,0.4851,103,28
Common Wood-Pigeon,56.14865,-4.28466,7.5,Autumn,0.5945,31,12
Common Wood-Pigeon,56.14865,-4.03983,7.5,Autumn,0.7558,176,119
Common Wood-Pigeon,56.14865,-3.79499,7.5,Autumn,0.7614,274,196
Common Wood-Pigeon,56.14865,-3.55015,7.5,Autumn,0.7423,52,30
Common Wood-Pigeon,56.14865,-3.30531,7.5,Autumn,0.7627,374,219
Common Wood-Pigeon,56.14865,-3.06047,7.5,Autumn,0.7917,103,54
Common Wood-Pigeon,56.14865,-2.81564,7.5,Autumn,0.7588,81,35
Common Wood-Pigeon,56.14865,-2.5708,7.5,Autumn,0.6259,22,7
Common Wood-Pigeon,56.28378,-6.24337,7.5,Autumn,0.1128,22,1
Common Wood-Pigeon,56.28378,-5.99853,7.5,Autumn,0.1203,9,2
Common Wood-Pigeon,56.28378,-5.75369,7.5,Autumn,0.1237,4,1
Common Wood-Pigeon,56.28378,-5.50885,7.5,Autumn,0.1821,4,2
Common Wood-Pigeon,56.28378,-5.01918,7.5,Autumn,0.1421,23,3
Common Wood-Pigeon,56.28378,-4.77434,7.5,Autumn,0.1503,22,4
Common Wood-Pigeon,56.28378,-4.28466,7.5,Autumn,0.5581,38,20
Common Wood-Pigeon,56.28378,-4.03983,7.5,Autumn,0.6672,18,7
Common Wood-Pigeon,56.28378,-3.79499,7.5,Autumn,0.6878,75,51
Common Wood-Pigeon,56.28378,-3.55015,7.5,Autumn,0.7139,13,8
Common Wood-Pigeon,56.28378,-3.30531,7.5,Autumn,0.7394,77,55
Common Wood-Pigeon,56.28378,-3.06047,7.5,Autumn,0.7681,309,173
Common Wood-Pigeon,56.28378,-2.81564,7.5,Autumn,0.7688,885,592
Common Wood-Pigeon,56.28378,-2.5708,7.5,Autumn,0.5858,604,227
Common Wood-Pigeon,56.41892,-6.24337,7.5,Autumn,0.115,6,1
Common Wood-Pigeon,56.41892,-5.99853,7.5,Autumn,0.1116,72,3
Common Wood-Pigeon,56.41892,-5.75369,7.5,Autumn,0.1312,123,6
Common Wood-Pigeon,56.41892,-5.50885,7.5,Autumn,0.1624,147,12
Common Wood-Pigeon,56.41892,-5.26402,7.5,Autumn,0.1773,5,2
Common Wood-Pigeon,56.41892,-5.01918,7.5,Autumn,0.1334,16,1
Common Wood-Pigeon,56.41892,-4.5295,7.5,Autumn,0.3712,10,1
Common Wood-Pigeon,56.41892,-4.28466,7.5,Autumn,0.5564,69,26
Common Wood-Pigeon,56.41892,-4.03983,7.5,Autumn,0.6253,23,19
Common Wood-Pigeon,56.41892,-3.79499,7.5,Autumn,0.6702,24,22
Common Wood-Pigeon,56.41892,-3.55015,7.5,Autumn,0.7494,96,70
Common Wood-Pigeon,56.41892,-3.30531,7.5,Autumn,0.7738,131,98
Common Wood-Pigeon,56.41892,-3.06047,7.5,Autumn,0.7823,363,290
Common Wood-Pigeon,56.41892,-2.81564,7.5,Autumn,0.6897,548,284
Common Wood-Pigeon,56.55405,-6.24337,7.5,Autumn,0.111,64,3
Common Wood-Pigeon,56.55405,-5.99853,7.5,Autumn,0.1214,81,1
Common Wood-Pigeon,56.55405,-5.75369,7.5,Autumn,0.13,70,1
Common Wood-Pigeon,56.55405,-5.50885,7.5,Autumn,0.143,22,4
Common Wood-Pigeon,56.55405,-4.77434,7.5,Autumn,0.1765,28,4
Common Wood-Pigeon,56.55405,-4.28466,7.5,Autumn,0.3809,12,2
Common Wood-Pigeon,56.55405,-4.03983,7.5,Autumn,0.5884,32,17
Common Wood-Pigeon,56.55405,-3.79499,7.5,Autumn,0.6319,16,8
Common Wood-Pigeon,56.55405,-3.55015,7.5,Autumn,0.6885,128,69
Common Wood-Pigeon,56.55405,-3.30531,7.5,Autumn,0.7068,23,13
Common Wood-Pigeon,56.55405,-3.06047,7.5,Autumn,0.7538,12,6
Common Wood-Pigeon,56.55405,-2.81564,7.5,Autumn,0.7516,26,7
Common Wood-Pigeon,56.55405,-2.5708,7.5,Autumn,0.6601,60,25
Common Wood-Pigeon,56.68919,-6.24337,7.5,Autumn,0.116,44,4
Common Wood-Pigeon,56.68919,-5.99853,7.5,Autumn,0.1314,45,1
Common Wood-Pigeon,56.68919,-5.75369,7.5,Autumn,0.1449,30,4
Common Wood-Pigeon,56.68919,-5.50885,7.5,Autumn,0.1446,20,1
Common Wood-Pigeon,56.68919,-5.26402,7.5,Autumn,0.1868,49,1
Common Wood-Pigeon,56.68919,-5.01918,7.5,Autumn,0.2044,142,18
Common Wood-Pigeon,56.68919,-4.5295,7.5,Autumn,0.4638,10,1
Common Wood-Pigeon,56.68919,-4.28466,7.5,Autumn,0.3971,10,1
Common Wood-Pigeon,56.68919,-4.03983,7.5,Autumn,0.4307,22,7
Common Wood-Pigeon,56.68919,-3.79499,7.5,Autumn,0.64,146,97
Common Wood-Pigeon,56.68919,-3.55015,7.5,Autumn,0.654,9,5
Common Wood-Pigeon,56.68919,-3.30531,7.5,Autumn,0.6698,28,10
Common Wood-Pigeon,56.68919,-3.06047,7.5,Autumn,0.7107,95,76
Common Wood-Pigeon,56.68919,-2.81564,7.5,Autumn,0.6884,37,23
Common Wood-Pigeon,56.68919,-2.5708,7.5,Autumn,0.6707,265,187
Common Wood-Pigeon,56.68919,-2.32596,7.5,Autumn,0.6823,26,20
Common Wood-Pigeon,56.82432,-5.75369,7.5,Autumn,0.1315,36,14
Common Wood-Pigeon,56.82432,-5.50885,7.5,Autumn,0.1442,63,27
Common Wood-Pigeon,56.82432,-5.26402,7.5,Autumn,0.1452,9,2
Common Wood-Pigeon,56.82432,-5.01918,7.5,Autumn,0.1309,127,22
Common Wood-Pigeon,56.82432,-4.5295,7.5,Autumn,0.4659,1,1
Common Wood-Pigeon,56.82432,-4.03983,7.5,Autumn,0.307,8,3
Common Wood-Pigeon,56.82432,-3.79499,7.5,Autumn,0.2692,22,9
Common Wood-Pigeon,56.82432,-3.30531,7.5,Autumn,0.6316,52,2
Common Wood-Pigeon,56.82432,-3.06047,7.5,Autumn,0.6804,6,3
Common Wood-Pigeon,56.82432,-2.81564,7.5,Autumn,0.6889,7,7
Common Wood-Pigeon,56.82432,-2.5708,7.5,Autumn,0.6823,79,61
Common Wood-Pigeon,56.82432,-2.32596,7.5,Autumn,0.6656,51,22
Common Wood-Pigeon,56.95946,-6.24337,7.5,Autumn,0.1198,68,13
Common Wood-Pigeon,56.95946,-5.75369,7.5,Autumn,0.1202,105,5
Common Wood-Pigeon,56.95946,-5.50885,7.5,Autumn,0.1451,2,1
Common Wood-Pigeon,56.95946,-5.01918,7.5,Autumn,0.1735,16,2
Common Wood-Pigeon,56.95946,-4.5295,7.5,Autumn,0.4912,23,5
Common Wood-Pigeon,56.95946,-4.28466,7.5,Autumn,0.282,18,1
Common Wood-Pigeon,56.95946,-3.55015,7.5,Autumn,0.2875,22,4
Common Wood-Pigeon,56.95946,-3.30531,7.5,Autumn,0.3092,46,9
Common Wood-Pigeon,56.95946,-3.06047,7.5,Autumn,0.4898,12,4
Common Wood-Pigeon,56.95946,-2.5708,7.5,Autumn,0.6722,12,3
Common Wood-Pigeon,56.95946,-2.32596,7.5,Autumn,0.7063,29,15
Common Wood-Pigeon,56.95946,-2.08112,7.5,Autumn,0.7212,92,38
Common Wood-Pigeon,57.09459,-7.46756,7.5,Autumn,0.0791,14,1
Common Wood-Pigeon,57.09459,-5.99853,7.5,Autumn,0.1151,37,1
Common Wood-Pigeon,57.09459,-4.77434,7.5,Autumn,0.2425,37,12
Common Wood-Pigeon,57.09459,-4.03983,7.5,Autumn,0.5987,242,126
Common Wood-Pigeon,57.09459,-3.79499,7.5,Autumn,0.201,105,39
Common Wood-Pigeon,57.09459,-3.55015,7.5,Autumn,0.1914,58,1
Common Wood-Pigeon,57.09459,-3.30531,7.5,Autumn,0.2409,18,9
Common Wood-Pigeon,57.09459,-3.06047,7.5,Autumn,0.321,41,14
Common Wood-Pigeon,57.09459,-2.81564,7.5,Autumn,0.6638,64,33
Common Wood-Pigeon,57.09459,-2.5708,7.5,Autumn,0.682,23,13
Common Wood-Pigeon,57.09459,-2.32596,7.5,Autumn,0.7354,56,41
Common Wood-Pigeon,57.09459,-2.08112,7.5,Autumn,0.7088,1071,555
Common Wood-Pigeon,57.22973,-7.22272,7.5,Autumn,0.0857,11,2
Common Wood-Pigeon,57.22973,-5.99853,7.5,Autumn,0.115,170,6
Common Wood-Pigeon,57.22973,-5.75369,7.5,Autumn,0.1058,61,5
Common Wood-Pigeon,57.22973,-5.50885,7.5,Autumn,0.1489,94,6
Common Wood-Pigeon,57.22973,-4.77434,7.5,Autumn,0.2444,8,3
Common Wood-Pigeon,57.22973,-4.5295,7.5,Autumn,0.4843,23,7
Common Wood-Pigeon,57.22973,-4.03983,7.5,Autumn,0.5904,90,31
Common Wood-Pigeon,57.22973,-3.79499,7.5,Autumn,0.6137,655,252
Common Wood-Pigeon,57.22973,-3.55015,7.5,Autumn,0.5654,169,78
Common Wood-Pigeon,57.22973,-3.30531,7.5,Autumn,0.5079,35,8
Common Wood-Pigeon,57.22973,-2.81564,7.5,Autumn,0.6463,21,20
Common Wood-Pigeon,57.22973,-2.5708,7.5,Autumn,0.677,12,11
Common Wood-Pigeon,57.22973,-2.32596,7.5,Autumn,0.7136,8,6
Common Wood-Pigeon,57.22973,-2.08112,7.5,Autumn,0.7185,282,170
Common Wood-Pigeon,57.36486,-7.22272,7.5,Autumn,0.0831,22,1
Common Wood-Pigeon,57.36486,-6.48821,7.5,Autumn,0.1052,31,2
Common Wood-Pigeon,57.36486,-6.24337,7.5,Autumn,0.104,155,16
Common Wood-Pigeon,57.36486,-5.75369,7.5,Autumn,0.1246,43,4
Common Wood-Pigeon,57.36486,-5.50885,7.5,Autumn,0.1392,30,4
Common Wood-Pigeon,57.36486,-4.77434,7.5,Autumn,0.2463,26,5
Common Wood-Pigeon,57.36486,-4.5295,7.5,Autumn,0.5498,158,78
Common Wood-Pigeon,57.36486,-4.28466,7.5,Autumn,0.5509,108,26
Common Wood-Pigeon,57.36486,-4.03983,7.5,Autumn,0.5867,23,3
Common Wood-Pigeon,57.36486,-3.79499,7.5,Autumn,0.5682,98,18
Common Wood-Pigeon,57.36486,-3.55015,7.5,Autumn,0.6037,167,92
Common Wood-Pigeon,57.36486,-3.30531,7.5,Autumn,0.636,10,8
Common Wood-Pigeon,57.36486,-3.06047,7.5,Autumn,0.6608,5,3
Common Wood-Pigeon,57.36486,-2.81564,7.5,Autumn,0.6739,4,3
Common Wood-Pigeon,57.36486,-2.5708,7.5,Autumn,0.6697,46,38
Common Wood-Pigeon,57.36486,-2.32596,7.5,Autumn,0.6579,10,7
Common Wood-Pigeon,57.36486,-2.08112,7.5,Autumn,0.699,200,90
Common Wood-Pigeon,57.36486,-1.83628,7.5,Autumn,0.3958,66,16
Common Wood-Pigeon,57.5,-6.73304,7.5,Autumn,0.1142,244,24
Common Wood-Pigeon,57.5,-6.48821,7.5,Autumn,0.11,64,3
Common Wood-Pigeon,57.5,-6.24337,7.5,Autumn,0.0988,77,5
Common Wood-Pigeon,57.5,-5.75369,7.5,Autumn,0.1077,50,8
Common Wood-Pigeon,57.5,-4.77434,7.5,Autumn,0.2346,4,1
Common Wood-Pigeon,57.5,-4.5295,7.5,Autumn,0.6121,80,46
Common Wood-Pigeon,57.5,-4.28466,7.5,Autumn,0.7538,562,369
Common Wood-Pigeon,57.5,-4.03983,7.5,Autumn,0.6446,423,216
Common Wood-Pigeon,57.5,-3.79499,7.5,Autumn,0.6214,17,7
Common Wood-Pigeon,57.5,-3.55015,7.5,Autumn,0.6492,12,3
Common Wood-Pigeon,57.5,-3.30531,7.5,Autumn,0.6602,33,16
Common Wood-Pigeon,57.5,-3.06047,7.5,Autumn,0.6959,14,8
Common Wood-Pigeon,57.5,-2.81564,7.5,Autumn,0.6576,2,1
Common Wood-Pigeon,57.5,-2.5708,7.5,Autumn,0.6564,5,2
Common Wood-Pigeon,57.5,-2.32596,7.5,Autumn,0.6876,18,14
Common Wood-Pigeon,57.5,-2.08112,7.5,Autumn,0.6893,32,28
Common Wood-Pigeon,57.5,-1.83628,7.5,Autumn,0.4257,45,4
Common Wood-Pigeon,57.63514,-7.46756,7.5,Autumn,0.0802,72,1
Common Wood-Pigeon,57.63514,-6.48821,7.5,Autumn,0.0919,42,5
Common Wood-Pigeon,57.63514,-6.24337,7.5,Autumn,0.115,184,18
Common Wood-Pigeon,57.63514,-5.50885,7.5,Autumn,0.1188,11,2
Common Wood-Pigeon,57.63514,-5.01918,7.5,Autumn,0.1382,9,2
Common Wood-Pigeon,57.63514,-4.77434,7.5,Autumn,0.2072,9,2
Common Wood-Pigeon,57.63514,-4.5295,7.5,Autumn,0.5917,83,49
Common Wood-Pigeon,57.63514,-4.28466,7.5,Autumn,0.5911,93,42
Common Wood-Pigeon,57.63514,-4.03983,7.5,Autumn,0.5782,581,174
Common Wood-Pigeon,57.63514,-3.79499,7.5,Autumn,0.6187,202,94
Common Wood-Pigeon,57.63514,-3.55015,7.5,Autumn,0.6758,283,116
Common Wood-Pigeon,57.63514,-3.30531,7.5,Autumn,0.7574,151,72
Common Wood-Pigeon,57.63514,-3.06047,7.5,Autumn,0.6951,109,45
Common Wood-Pigeon,57.63514,-2.81564,7.5,Autumn,0.6517,40,15
Common Wood-Pigeon,57.63514,-2.5708,7.5,Autumn,0.661,29,4
Common Wood-Pigeon,57.63514,-2.32596,7.5,Autumn,0.4487,32,10
Common Wood-Pigeon,57.63514,-2.08112,7.5,Autumn,0.4853,39,9
Common Wood-Pigeon,57.63514,-1.83628,7.5,Autumn,0.2832,165,66
Common Wood-Pigeon,57.77027,-7.22272,7.5,Autumn,0.0852,18,1
Common Wood-Pigeon,57.77027,-6.97788,7.5,Autumn,0.0909,28,2
Common Wood-Pigeon,57.77027,-5.75369,7.5,Autumn,0.1152,55,8
Common Wood-Pigeon,57.77027,-5.50885,7.5,Autumn,0.1278,25,7
Common Wood-Pigeon,57.77027,-5.01918,7.5,Autumn,0.1359,22,2
Common Wood-Pigeon,57.77027,-4.28466,7.5,Autumn,0.5693,4,3
Common Wood-Pigeon,57.77027,-4.03983,7.5,Autumn,0.6095,104,53
Common Wood-Pigeon,57.77027,-3.79499,7.5,Autumn,0.603,172,132
Common Wood-Pigeon,57.77027,-3.55015,7.5,Autumn,0.5978,162,13
Common Wood-Pigeon,57.77027,-3.30531,7.5,Autumn,0.5734,202,38
Common Wood-Pigeon,57.77027,-2.81564,7.5,Autumn,0.5711,11,1
Common Wood-Pigeon,57.90541,-5.50885,7.5,Autumn,0.1258,58,4
Common Wood-Pigeon,57.90541,-5.26402,7.5,Autumn,0.1542,101,16
Common Wood-Pigeon,57.90541,-4.77434,7.5,Autumn,0.1957,2,1
Common Wood-Pigeon,57.90541,-4.5295,7.5,Autumn,0.4039,32,16
Common Wood-Pigeon,57.90541,-4.28466,7.5,Autumn,0.4297,86,52
Common Wood-Pigeon,57.90541,-4.03983,7.5,Autumn,0.4561,167,54
Common Wood-Pigeon,57.90541,-3.79499,7.5,Autumn,0.4314,76,26
Common Wood-Pigeon,58.04054,-4.77434,7.5,Autumn,0.1866,3,1
Common Wood-Pigeon,58.04054,-4.5295,7.5,Autumn,0.3834,24,16
Common Wood-Pigeon,58.04054,-4.28466,7.5,Autumn,0.2806,19,7
Common Wood-Pigeon,58.04054,-4.03983,7.5,Autumn,0.2511,14,5
Common Wood-Pigeon,58.04054,-3.79499,7.5,Autumn,0.2432,34,4
Common Wood-Pigeon,58.17568,-6.73304,7.5,Autumn,0.1024,14,3
Common Wood-Pigeon,58.17568,-6.48821,7.5,Autumn,0.1382,64,35
Common Wood-Pigeon,58.17568,-6.24337,7.5,Autumn,0.1154,72,1
Common Wood-Pigeon,58.17568,-5.26402,7.5,Autumn,0.1597,50,7
Common Wood-Pigeon,58.17568,-3.55015,7.5,Autumn,0.1831,13,4
Common Wood-Pigeon,58.31081,-6.73304,7.5,Autumn,0.0881,87,1
Common Wood-Pigeon,58.31081,-6.48821,7.5,Autumn,0.122,22,1
Common Wood-Pigeon,58.31081,-6.24337,7.5,Autumn,0.0953,117,3
Common Wood-Pigeon,58.31081,-5.01918,7.5,Autumn,0.1014,7,1
Common Wood-Pigeon,58.31081,-3.79499,7.5,Autumn,0.1292,14,2
Common Wood-Pigeon,58.31081,-3.55015,7.5,Autumn,0.1334,2,1
Common Wood-Pigeon,58.31081,-3.30531,7.5,Autumn,0.1543,14,1
Common Wood-Pigeon,58.44595,-6.48821,7.5,Autumn,0.0958,12,1
Common Wood-Pigeon,58.44595,-6.24337,7.5,Autumn,0.099,109,2
Common Wood-Pigeon,58.44595,-3.55015,7.5,Autumn,0.1941,4,2
Common Wood-Pigeon,58.44595,-3.30531,7.5,Autumn,0.2195,3,2
Common Wood-Pigeon,58.44595,-3.06047,7.5,Autumn,0.169,54,11
Common Wood-Pigeon,58.58108,-6.24337,7.5,Autumn,0.0917,58,2
Common Wood-Pigeon,58.58108,-4.77434,7.5,Autumn,0.1112,66,3
Common Wood-Pigeon,58.58108,-3.79499,7.5,Autumn,0.164,9,4
Common Wood-Pigeon,58.58108,-3.55015,7.5,Autumn,0.4376,31,6
Common Wood-Pigeon,58.58108,-3.30531,7.5,Autumn,0.2053,53,5
Common Wood-Pigeon,58.58108,-3.06047,7.5,Autumn,0.1436,95,2
Common Wood-Pigeon,58.71622,-3.06047,7.5,Autumn,0.118,35,1
Common Wood-Pigeon,58.85135,-3.06047,7.5,Autumn,0.1808,54,7
Common Wood-Pigeon,58.85135,-2.81564,7.5,Autumn,0.1728,100,2
Common Wood-Pigeon,58.98649,-3.30531,7.5,Autumn,0.1657,157,19
Common Wood-Pigeon,58.98649,-3.06047,7.5,Autumn,0.1554,134,22
Common Wood-Pigeon,58.98649,-2.81564,7.5,Autumn,0.1563,98,22
Common Wood-Pigeon,59.12162,-3.30531,7.5,Autumn,0.1048,100,9
Common Wood-Pigeon,59.12162,-3.06047,7.5,Autumn,0.1297,80,7
Common Wood-Pigeon,59.12162,-2.5708,7.5,Autumn,0.0945,41,1
Common Wood-Pigeon,59.25676,-2.5708,7.5,Autumn,0.092,8,1
Common Wood-Pigeon,59.39189,-2.32596,7.5,Autumn,0.0853,327,6
Common Wood-Pigeon,59.52703,-1.59145,7.5,Autumn,0.077,323,53
Common Wood-Pigeon,59.93243,-1.34661,7.5,Autumn,0.0737,2628,148
Common Wood-Pigeon,60.06757,-2.08112,7.5,Autumn,0.0869,16,1
Common Wood-Pigeon,60.06757,-1.34661,7.5,Autumn,0.0929,907,62
Common Wood-Pigeon,60.06757,-1.10177,7.5,Autumn,0.1084,253,9
Common Wood-Pigeon,60.2027,-1.59145,7.5,Autumn,0.0852,63,2
Common Wood-Pigeon,60.2027,-1.34661,7.5,Autumn,0.0961,500,79
Common Wood-Pigeon,60.2027,-1.10177,7.5,Autumn,0.119,824,49
Common Wood-Pigeon,60.33784,-1.59145,7.5,Autumn,0.1089,107,3
Common Wood-Pigeon,60.33784,-1.34661,7.5,Autumn,0.0973,397,49
Common Wood-Pigeon,60.33784,-1.10177,7.5,Autumn,0.0944,219,13
Common Wood-Pigeon,60.47297,-1.59145,7.5,Autumn,0.0817,176,1
Common Wood-Pigeon,60.47297,-1.34661,7.5,Autumn,0.0951,240,22
Common Wood-Pigeon,60.47297,-1.10177,7.5,Autumn,0.1027,149,6
Common Wood-Pigeon,60.47297,-0.85693,7.5,Autumn,0.0921,36,1
Common Wood-Pigeon,60.60811,-1.34661,7.5,Autumn,0.0788,63,2
Common Wood-Pigeon,60.60811,-1.10177,7.5,Autumn,0.0719,106,1
Common Wood-Pigeon,60.74324,-0.85693,7.5,Autumn,0.1136,798,50
Common Wood-Pigeon,60.87838,-0.85693,7.5,Autumn,0.1349,125,2
Common Wood-Pigeon,54.66216,-5.01918,7.5,Spring,0.3442,17,8
Common Wood-Pigeon,54.66216,-4.77434,7.5,Spring,0.4116,75,4
Common Wood-Pigeon,54.66216,-4.28466,7.5,Spring,0.4353,9,2
Common Wood-Pigeon,54.7973,-5.26402,7.5,Spring,0.2822,4,1
Common Wood-Pigeon,54.7973,-5.01918,7.5,Spring,0.4102,84,30
Common Wood-Pigeon,54.7973,-4.5295,7.5,Spring,0.422,51,18
Common Wood-Pigeon,54.7973,-4.28466,7.5,Spring,0.4933,23,5
Common Wood-Pigeon,54.7973,-4.03983,7.5,Spring,0.5753,114,45
Common Wood-Pigeon,54.7973,-3.79499,7.5,Spring,0.6452,19,9
Common Wood-Pigeon,54.93243,-5.01918,7.5,Spring,0.4219,134,46
Common Wood-Pigeon,54.93243,-4.77434,7.5,Spring,0.4768,32,16
Common Wood-Pigeon,54.93243,-4.5295,7.5,Spring,0.4231,64,22
Common Wood-Pigeon,54.93243,-4.28466,7.5,Spring,0.5156,37,9
Common Wood-Pigeon,54.93243,-4.03983,7.5,Spring,0.6208,118,69
Common Wood-Pigeon,54.93243,-3.79499,7.5,Spring,0.7083,108,51
Common Wood-Pigeon,54.93243,-3.55015,7.5,Spring,0.6928,256,143
Common Wood-Pigeon,54.93243,-3.30531,7.5,Spring,0.6793,36,10
Common Wood-Pigeon,54.93243,-3.06047,7.5,Spring,0.6439,53,35
Common Wood-Pigeon,55.06757,-5.01918,7.5,Spring,0.4262,15,5
Common Wood-Pigeon,55.06757,-4.77434,7.5,Spring,0.4776,8,5
Common Wood-Pigeon,55.06757,-4.5295,7.5,Spring,0.3776,70,19
Common Wood-Pigeon,55.06757,-4.28466,7.5,Spring,0.4476,28,3
Common Wood-Pigeon,55.06757,-4.03983,7.5,Spring,0.6042,73,24
Common Wood-Pigeon,55.06757,-3.79499,7.5,Spring,0.6897,21,12
Common Wood-Pigeon,55.06757,-3.55015,7.5,Spring,0.8065,243,192
Common Wood-Pigeon,55.06757,-3.30531,7.5,Spring,0.7219,79,43
Common Wood-Pigeon,55.06757,-3.06047,7.5,Spring,0.6844,32,13
Common Wood-Pigeon,55.06757,-2.81564,7.5,Spring,0.6116,8,3
Common Wood-Pigeon,55.2027,-4.77434,7.5,Spring,0.5206,32,11
Common Wood-Pigeon,55.2027,-4.5295,7.5,Spring,0.4115,42,3
Common Wood-Pigeon,55.2027,-4.28466,7.5,Spring,0.4868,17,3
Common Wood-Pigeon,55.2027,-4.03983,7.5,Spring,0.5763,25,14
Common Wood-Pigeon,55.2027,-3.79499,7.5,Spring,0.6687,36,24
Common Wood-Pigeon,55.2027,-3.55015,7.5,Spring,0.6866,7,2
Common Wood-Pigeon,55.2027,-3.30531,7.5,Spring,0.6874,75,36
Common Wood-Pigeon,55.2027,-3.06047,7.5,Spring,0.5981,49,18
Common Wood-Pigeon,55.2027,-2.81564,7.5,Spring,0.5858,29,16
Common Wood-Pigeon,55.33784,-5.75369,7.5,Spring,0.1573,19,2
Common Wood-Pigeon,55.33784,-5.50885,7.5,Spring,0.2463,4,1
Common Wood-Pigeon,55.33784,-4.77434,7.5,Spring,0.5433,92,39
Common Wood-Pigeon,55.33784,-4.5295,7.5,Spring,0.5286,62,12
Common Wood-Pigeon,55.33784,-4.28466,7.5,Spring,0.5237,147,42
Common Wood-Pigeon,55.33784,-4.03983,7.5,Spring,0.5156,11,4
Common Wood-Pigeon,55.33784,-3.79499,7.5,Spring,0.5642,69,17
Common Wood-Pigeon,55.33784,-3.55015,7.5,Spring,0.5664,100,27
Common Wood-Pigeon,55.33784,-3.30531,7.5,Spring,0.5374,18,1
Common Wood-Pigeon,55.33784,-3.06047,7.5,Spring,0.5826,2,1
Common Wood-Pigeon,55.33784,-2.81564,7.5,Spring,0.6012,9,3
Common Wood-Pigeon,55.33784,-2.5708,7.5,Spring,0.5788,10,4
Common Wood-Pigeon,55.47297,-5.75369,7.5,Spring,0.1435,50,5
Common Wood-Pigeon,55.47297,-5.50885,7.5,Spring,0.2054,29,4
Common Wood-Pigeon,55.47297,-5.26402,7.5,Spring,0.4418,53,13
Common Wood-Pigeon,55.47297,-5.01918,7.5,Spring,0.5433,71,35
Common Wood-Pigeon,55.47297,-4.77434,7.5,Spring,0.4354,561,74
Common Wood-Pigeon,55.47297,-4.5295,7.5,Spring,0.7819,1120,609
Common Wood-Pigeon,55.47297,-4.28466,7.5,Spring,0.5788,36,18
Common Wood-Pigeon,55.47297,-3.79499,7.5,Spring,0.4794,119,17
Common Wood-Pigeon,55.47297,-3.55015,7.5,Spring,0.4321,116,46
Common Wood-Pigeon,55.47297,-3.30531,7.5,Spring,0.4653,66,27
Common Wood-Pigeon,55.47297,-3.06047,7.5,Spring,0.7238,13,1
Common Wood-Pigeon,55.47297,-2.81564,7.5,Spring,0.741,51,33
Common Wood-Pigeon,55.47297,-2.5708,7.5,Spring,0.7519,52,40
Common Wood-Pigeon,55.47297,-2.32596,7.5,Spring,0.6579,5,4
Common Wood-Pigeon,55.60811,-6.24337,7.5,Spring,0.0945,237,5
Common Wood-Pigeon,55.60811,-5.99853,7.5,Spring,0.1202,16,1
Common Wood-Pigeon,55.60811,-5.75369,7.5,Spring,0.142,34,6
Common Wood-Pigeon,55.60811,-5.50885,7.5,Spring,0.1941,16,2
Common Wood-Pigeon,55.60811,-5.26402,7.5,Spring,0.3405,166,61
Common Wood-Pigeon,55.60811,-5.01918,7.5,Spring,0.4738,34,11
Common Wood-Pigeon,55.60811,-4.77434,7.5,Spring,0.5164,3607,1069
Common Wood-Pigeon,55.60811,-4.5295,7.5,Spring,0.7728,21683,9844
Common Wood-Pigeon,55.60811,-4.28466,7.5,Spring,0.5939,65,18
Common Wood-Pigeon,55.60811,-4.03983,7.5,Spring,0.668,18,8
Common Wood-Pigeon,55.60811,-3.79499,7.5,Spring,0.6793,38,20
Common Wood-Pigeon,55.60811,-3.55015,7.5,Spring,0.6332,77,45
Common Wood-Pigeon,55.60811,-3.30531,7.5,Spring,0.6373,97,56
Common Wood-Pigeon,55.60811,-3.06047,7.5,Spring,0.758,58,47
Common Wood-Pigeon,55.60811,-2.81564,7.5,Spring,0.8016,127,85
Common Wood-Pigeon,55.60811,-2.5708,7.5,Spring,0.7497,64,31
Common Wood-Pigeon,55.60811,-2.32596,7.5,Spring,0.6769,44,35
Common Wood-Pigeon,55.74324,-6.48821,7.5,Spring,0.1009,81,3
Common Wood-Pigeon,55.74324,-6.24337,7.5,Spring,0.1279,131,12
Common Wood-Pigeon,55.74324,-5.99853,7.5,Spring,0.1316,27,3
Common Wood-Pigeon,55.74324,-5.75369,7.5,Spring,0.1392,3418,3
Common Wood-Pigeon,55.74324,-5.50885,7.5,Spring,0.2535,40,2
Common Wood-Pigeon,55.74324,-5.26402,7.5,Spring,0.4442,38,12
Common Wood-Pigeon,55.74324,-5.01918,7.5,Spring,0.4987,108,51
Common Wood-Pigeon,55.74324,-4.77434,7.5,Spring,0.5249,124,55
Common Wood-Pigeon,55.74324,-4.5295,7.5,Spring,0.5236,468,164
Common Wood-Pigeon,55.74324,-4.28466,7.5,Spring,0.7468,998,357
Common Wood-Pigeon,55.74324,-4.03983,7.5,Spring,0.7836,315,233
Common Wood-Pigeon,55.74324,-3.79499,7.5,Spring,0.6853,52,19
Common Wood-Pigeon,55.74324,-3.55015,7.5,Spring,0.7051,38,31
Common Wood-Pigeon,55.74324,-3.30531,7.5,Spring,0.7159,64,28
Common Wood-Pigeon,55.74324,-3.06047,7.5,Spring,0.7548,398,220
Common Wood-Pigeon,55.74324,-2.81564,7.5,Spring,0.7512,30,12
Common Wood-Pigeon,55.74324,-2.5708,7.5,Spring,0.746,11,8
Common Wood-Pigeon,55.74324,-2.32596,7.5,Spring,0.6932,14,10
Common Wood-Pigeon,55.74324,-2.08112,7.5,Spring,0.6989,42,29
Common Wood-Pigeon,55.87838,-6.48821,7.5,Spring,0.1125,24,4
Common Wood-Pigeon,55.87838,-6.24337,7.5,Spring,0.1355,110,13
Common Wood-Pigeon,55.87838,-5.99853,7.5,Spring,0.1253,48,4
Common Wood-Pigeon,55.87838,-5.75369,7.5,Spring,0.1352,3,1
Common Wood-Pigeon,55.87838,-5.50885,7.5,Spring,0.245,30,5
Common Wood-Pigeon,55.87838,-5.26402,7.5,Spring,0.5002,41,18
Common Wood-Pigeon,55.87838,-5.01918,7.5,Spring,0.5559,56,22
Common Wood-Pigeon,55.87838,-4.77434,7.5,Spring,0.4166,59,25
Common Wood-Pigeon,55.87838,-4.5295,7.5,Spring,0.7853,458,301
Common Wood-Pigeon,55.87838,-4.28466,7.5,Spring,0.8104,2168,1496
Common Wood-Pigeon,55.87838,-4.03983,7.5,Spring,0.8003,258,163
Common Wood-Pigeon,55.87838,-3.79499,7.5,Spring,0.7103,47,19
Common Wood-Pigeon,55.87838,-3.55015,7.5,Spring,0.8019,219,157
Common Wood-Pigeon,55.87838,-3.30531,7.5,Spring,0.7769,2071,1614
Common Wood-Pigeon,55.87838,-3.06047,7.5,Spring,0.7996,2165,1804
Common Wood-Pigeon,55.87838,-2.81564,7.5,Spring,0.7762,239,197
Common Wood-Pigeon,55.87838,-2.5708,7.5,Spring,0.6979,232,108
Common Wood-Pigeon,55.87838,-2.32596,7.5,Spring,0.7204,169,113
Common Wood-Pigeon,55.87838,-2.08112,7.5,Spring,0.5498,288,181
Common Wood-Pigeon,56.01351,-6.24337,7.5,Spring,0.1225,34,10
Common Wood-Pigeon,56.01351,-5.75369,7.5,Spring,0.1808,19,4
Common Wood-Pigeon,56.01351,-5.50885,7.5,Spring,0.2443,97,18
Common Wood-Pigeon,56.01351,-5.26402,7.5,Spring,0.4793,45,20
Common Wood-Pigeon,56.01351,-5.01918,7.5,Spring,0.557,167,112
Common Wood-Pigeon,56.01351,-4.77434,7.5,Spring,0.4295,189,73
Common Wood-Pigeon,56.01351,-4.5295,7.5,Spring,0.6569,435,250
Common Wood-Pigeon,56.01351,-4.28466,7.5,Spring,0.6176,175,117
Common Wood-Pigeon,56.01351,-4.03983,7.5,Spring,0.7832,39,23
Common Wood-Pigeon,56.01351,-3.79499,7.5,Spring,0.8065,421,294
Common Wood-Pigeon,56.01351,-3.55015,7.5,Spring,0.789,493,383
Common Wood-Pigeon,56.01351,-3.30531,7.5,Spring,0.7866,2906,2171
Common Wood-Pigeon,56.01351,-3.06047,7.5,Spring,0.7863,2432,1791
Common Wood-Pigeon,56.01351,-2.81564,7.5,Spring,0.7741,928,634
Common Wood-Pigeon,56.01351,-2.5708,7.5,Spring,0.7201,754,483
Common Wood-Pigeon,56.01351,-2.32596,7.5,Spring,0.5685,300,197
Common Wood-Pigeon,56.14865,-6.24337,7.5,Spring,0.1028,11,3
Common Wood-Pigeon,56.14865,-5.50885,7.5,Spring,0.1657,78,10
Common Wood-Pigeon,56.14865,-5.26402,7.5,Spring,0.2244,28,6
Common Wood-Pigeon,56.14865,-5.01918,7.5,Spring,0.2309,25,6
Common Wood-Pigeon,56.14865,-4.77434,7.5,Spring,0.2669,77,11
Common Wood-Pigeon,56.14865,-4.5295,7.5,Spring,0.4925,234,76
Common Wood-Pigeon,56.14865,-4.28466,7.5,Spring,0.6006,180,92
Common Wood-Pigeon,56.14865,-4.03983,7.5,Spring,0.7862,535,420
Common Wood-Pigeon,56.14865,-3.79499,7.5,Spring,0.7845,695,563
Common Wood-Pigeon,56.14865,-3.55015,7.5,Spring,0.7642,219,123
Common Wood-Pigeon,56.14865,-3.30531,7.5,Spring,0.787,652,439
Common Wood-Pigeon,56.14865,-3.06047,7.5,Spring,0.8057,422,203
Common Wood-Pigeon,56.14865,-2.81564,7.5,Spring,0.7739,399,241
Common Wood-Pigeon,56.14865,-2.5708,7.5,Spring,0.6182,243,57
Common Wood-Pigeon,56.28378,-6.48821,7.5,Spring,0.0816,342,14
Common Wood-Pigeon,56.28378,-6.24337,7.5,Spring,0.1128,133,4
Common Wood-Pigeon,56.28378,-5.99853,7.5,Spring,0.1236,21,2
Common Wood-Pigeon,56.28378,-5.75369,7.5,Spring,0.1301,17,2
Common Wood-Pigeon,56.28378,-5.50885,7.5,Spring,0.1894,44,12
Common Wood-Pigeon,56.28378,-5.26402,7.5,Spring,0.1693,4,1
Common Wood-Pigeon,56.28378,-5.01918,7.5,Spring,0.1531,58,10
Common Wood-Pigeon,56.28378,-4.77434,7.5,Spring,0.158,86,11
Common Wood-Pigeon,56.28378,-4.5295,7.5,Spring,0.4256,56,3
Common Wood-Pigeon,56.28378,-4.28466,7.5,Spring,0.5589,269,98
Common Wood-Pigeon,56.28378,-4.03983,7.5,Spring,0.6777,43,19
Common Wood-Pigeon,56.28378,-3.79499,7.5,Spring,0.6985,106,69
Common Wood-Pigeon,56.28378,-3.55015,7.5,Spring,0.7298,32,16
Common Wood-Pigeon,56.28378,-3.30531,7.5,Spring,0.7573,146,99
Common Wood-Pigeon,56.28378,-3.06047,7.5,Spring,0.7835,546,356
Common Wood-Pigeon,56.28378,-2.81564,7.5,Spring,0.7812,1514,1128
Common Wood-Pigeon,56.28378,-2.5708,7.5,Spring,0.6411,559,304
Common Wood-Pigeon,56.41892,-6.97788,7.5,Spring,0.0825,28,1
Common Wood-Pigeon,56.41892,-6.24337,7.5,Spring,0.1167,177,9
Common Wood-Pigeon,56.41892,-5.99853,7.5,Spring,0.1153,401,39
Common Wood-Pigeon,56.41892,-5.75369,7.5,Spring,0.1394,385,26
Common Wood-Pigeon,56.41892,-5.50885,7.5,Spring,0.1706,396,38
Common Wood-Pigeon,56.41892,-5.26402,7.5,Spring,0.1785,39,3
Common Wood-Pigeon,56.41892,-5.01918,7.5,Spring,0.1384,73,7
Common Wood-Pigeon,56.41892,-4.77434,7.5,Spring,0.181,54,11
Common Wood-Pigeon,56.41892,-4.5295,7.5,Spring,0.3836,40,6
Common Wood-Pigeon,56.41892,-4.28466,7.5,Spring,0.5578,86,36
Common Wood-Pigeon,56.41892,-4.03983,7.5,Spring,0.632,122,81
Common Wood-Pigeon,56.41892,-3.79499,7.5,Spring,0.681,80,53
Common Wood-Pigeon,56.41892,-3.55015,7.5,Spring,0.7741,238,183
Common Wood-Pigeon,56.41892,-3.30531,7.5,Spring,0.793,261,205
Common Wood-Pigeon,56.41892,-3.06047,7.5,Spring,0.8005,540,395
Common Wood-Pigeon,56.41892,-2.81564,7.5,Spring,0.7299,655,440
Common Wood-Pigeon,56.55405,-6.73304,7.5,Spring,0.106,34,1
Common Wood-Pigeon,56.55405,-6.24337,7.5,Spring,0.1174,182,15
Common Wood-Pigeon,56.55405,-5.99853,7.5,Spring,0.1263,283,37
Common Wood-Pigeon,56.55405,-5.75369,7.5,Spring,0.1398,158,11
Common Wood-Pigeon,56.55405,-5.50885,7.5,Spring,0.154,85,14
Common Wood-Pigeon,56.55405,-5.26402,7.5,Spring,0.1647,50,4
Common Wood-Pigeon,56.55405,-4.77434,7.5,Spring,0.1842,40,3
Common Wood-Pigeon,56.55405,-4.5295,7.5,Spring,0.4463,2,1
Common Wood-Pigeon,56.55405,-4.28466,7.5,Spring,0.4032,17,6
Common Wood-Pigeon,56.55405,-4.03983,7.5,Spring,0.5989,55,28
Common Wood-Pigeon,56.55405,-3.79499,7.5,Spring,0.6415,74,48
Common Wood-Pigeon,56.55405,-3.55015,7.5,Spring,0.6971,294,140
Common Wood-Pigeon,56.55405,-3.30531,7.5,Spring,0.7192,54,43
Common Wood-Pigeon,56.55405,-3.06047,7.5,Spring,0.7684,50,39
Common Wood-Pigeon,56.55405,-2.81564,7.5,Spring,0.7662,55,39
Common Wood-Pigeon,56.55405,-2.5708,7.5,Spring,0.6703,109,43
Common Wood-Pigeon,56.68919,-6.48821,7.5,Spring,0.1186,42,2
Common Wood-Pigeon,56.68919,-6.24337,7.5,Spring,0.1178,84,3
Common Wood-Pigeon,56.68919,-5.99853,7.5,Spring,0.1436,205,20
Common Wood-Pigeon,56.68919,-5.75369,7.5,Spring,0.1585,96,12
Common Wood-Pigeon,56.68919,-5.50885,7.5,Spring,0.1577,74,16
Common Wood-Pigeon,56.68919,-5.26402,7.5,Spring,0.1942,113,15
Common Wood-Pigeon,56.68919,-5.01918,7.5,Spring,0.2237,215,27
Common Wood-Pigeon,56.68919,-4.28466,7.5,Spring,0.4203,19,4
Common Wood-Pigeon,56.68919,-4.03983,7.5,Spring,0.4615,46,11
Common Wood-Pigeon,56.68919,-3.79499,7.5,Spring,0.6556,290,184
Common Wood-Pigeon,56.68919,-3.55015,7.5,Spring,0.6659,26,14
Common Wood-Pigeon,56.68919,-3.30531,7.5,Spring,0.679,83,60
Common Wood-Pigeon,56.68919,-3.06047,7.5,Spring,0.7228,181,125
Common Wood-Pigeon,56.68919,-2.81564,7.5,Spring,0.6997,111,86
Common Wood-Pigeon,56.68919,-2.5708,7.5,Spring,0.6713,253,181
Common Wood-Pigeon,56.68919,-2.32596,7.5,Spring,0.6927,22,14
Common Wood-Pigeon,56.82432,-6.24337,7.5,Spring,0.112,25,3
Common Wood-Pigeon,56.82432,-5.99853,7.5,Spring,0.108,17,2
Common Wood-Pigeon,56.82432,-5.75369,7.5,Spring,0.1365,83,16
Common Wood-Pigeon,56.82432,-5.50885,7.5,Spring,0.1471,86,17
Common Wood-Pigeon,56.82432,-5.26402,7.5,Spring,0.1452,28,5
Common Wood-Pigeon,56.82432,-5.01918,7.5,Spring,0.1344,256,30
Common Wood-Pigeon,56.82432,-4.77434,7.5,Spring,0.2224,30,13
Common Wood-Pigeon,56.82432,-4.28466,7.5,Spring,0.4033,17,1
Common Wood-Pigeon,56.82432,-4.03983,7.5,Spring,0.3279,45,12
Common Wood-Pigeon,56.82432,-3.79499,7.5,Spring,0.2883,59,29
Common Wood-Pigeon,56.82432,-3.55015,7.5,Spring,0.4207,19,5
Common Wood-Pigeon,56.82432,-3.30531,7.5,Spring,0.651,111,11
Common Wood-Pigeon,56.82432,-3.06047,7.5,Spring,0.6924,25,18
Common Wood-Pigeon,56.82432,-2.81564,7.5,Spring,0.6987,10,4
Common Wood-Pigeon,56.82432,-2.5708,7.5,Spring,0.6856,127,93
Common Wood-Pigeon,56.82432,-2.32596,7.5,Spring,0.6926,78,34
Common Wood-Pigeon,56.95946,-7.46756,7.5,Spring,0.0749,82,1
Common Wood-Pigeon,56.95946,-6.24337,7.5,Spring,0.1223,108,20
Common Wood-Pigeon,56.95946,-5.75369,7.5,Spring,0.1247,175,14
Common Wood-Pigeon,56.95946,-5.01918,7.5,Spring,0.1879,46,6
Common Wood-Pigeon,56.95946,-4.77434,7.5,Spring,0.224,11,1
Common Wood-Pigeon,56.95946,-4.5295,7.5,Spring,0.4927,55,19
Common Wood-Pigeon,56.95946,-4.28466,7.5,Spring,0.3071,91,30
Common Wood-Pigeon,56.95946,-4.03983,7.5,Spring,0.3337,3,1
Common Wood-Pigeon,56.95946,-3.79499,7.5,Spring,0.3309,7,4
Common Wood-Pigeon,56.95946,-3.55015,7.5,Spring,0.3335,57,13
Common Wood-Pigeon,56.95946,-3.30531,7.5,Spring,0.3896,107,52
Common Wood-Pigeon,56.95946,-3.06047,7.5,Spring,0.5719,23,14
Common Wood-Pigeon,56.95946,-2.81564,7.5,Spring,0.6659,10,6
Common Wood-Pigeon,56.95946,-2.5708,7.5,Spring,0.6718,21,9
Common Wood-Pigeon,56.95946,-2.32596,7.5,Spring,0.7084,74,47
Common Wood-Pigeon,56.95946,-2.08112,7.5,Spring,0.7331,269,122
Common Wood-Pigeon,57.09459,-7.46756,7.5,Spring,0.075,60,1
Common Wood-Pigeon,57.09459,-7.22272,7.5,Spring,0.0857,65,1
Common Wood-Pigeon,57.09459,-6.48821,7.5,Spring,0.0999,30,4
Common Wood-Pigeon,57.09459,-5.99853,7.5,Spring,0.1203,100,8
Common Wood-Pigeon,57.09459,-5.75369,7.5,Spring,0.138,50,5
Common Wood-Pigeon,57.09459,-4.77434,7.5,Spring,0.2355,114,32
Common Wood-Pigeon,57.09459,-4.5295,7.5,Spring,0.4846,8,1
Common Wood-Pigeon,57.09459,-4.28466,7.5,Spring,0.5432,5,2
Common Wood-Pigeon,57.09459,-4.03983,7.5,Spring,0.622,709,352
Common Wood-Pigeon,57.09459,-3.79499,7.5,Spring,0.2307,375,162
Common Wood-Pigeon,57.09459,-3.55015,7.5,Spring,0.2209,433,39
Common Wood-Pigeon,57.09459,-3.30531,7.5,Spring,0.3264,78,47
Common Wood-Pigeon,57.09459,-3.06047,7.5,Spring,0.3974,69,42
Common Wood-Pigeon,57.09459,-2.81564,7.5,Spring,0.683,188,106
Common Wood-Pigeon,57.09459,-2.5708,7.5,Spring,0.6836,64,44
Common Wood-Pigeon,57.09459,-2.32596,7.5,Spring,0.7474,89,60
Common Wood-Pigeon,57.09459,-2.08112,7.5,Spring,0.7522,1560,1084
Common Wood-Pigeon,57.22973,-7.46756,7.5,Spring,0.0716,214,1
Common Wood-Pigeon,57.22973,-7.22272,7.5,Spring,0.0822,50,3
Common Wood-Pigeon,57.22973,-6.48821,7.5,Spring,0.0854,23,4
Common Wood-Pigeon,57.22973,-5.99853,7.5,Spring,0.1196,315,9
Common Wood-Pigeon,57.22973,-5.75369,7.5,Spring,0.1132,159,15
Common Wood-Pigeon,57.22973,-5.50885,7.5,Spring,0.1686,128,19
Common Wood-Pigeon,57.22973,-5.01918,7.5,Spring,0.164,41,4
Common Wood-Pigeon,57.22973,-4.77434,7.5,Spring,0.2429,34,4
Common Wood-Pigeon,57.22973,-4.5295,7.5,Spring,0.4779,45,6
Common Wood-Pigeon,57.22973,-4.28466,7.5,Spring,0.5239,11,4
Common Wood-Pigeon,57.22973,-4.03983,7.5,Spring,0.6038,252,116
Common Wood-Pigeon,57.22973,-3.79499,7.5,Spring,0.634,2240,1136
Common Wood-Pigeon,57.22973,-3.55015,7.5,Spring,0.5992,560,316
Common Wood-Pigeon,57.22973,-3.30531,7.5,Spring,0.5361,123,46
Common Wood-Pigeon,57.22973,-3.06047,7.5,Spring,0.5517,10,1
Common Wood-Pigeon,57.22973,-2.81564,7.5,Spring,0.6687,24,18
Common Wood-Pigeon,57.22973,-2.5708,7.5,Spring,0.6792,20,16
Common Wood-Pigeon,57.22973,-2.32596,7.5,Spring,0.7247,52,41
Common Wood-Pigeon,57.22973,-2.08112,7.5,Spring,0.7479,488,329
Common Wood-Pigeon,57.36486,-7.46756,7.5,Spring,0.077,199,2
Common Wood-Pigeon,57.36486,-7.22272,7.5,Spring,0.084,119,4
Common Wood-Pigeon,57.36486,-6.73304,7.5,Spring,0.0975,87,1
Common Wood-Pigeon,57.36486,-6.48821,7.5,Spring,0.1099,77,1
Common Wood-Pigeon,57.36486,-6.24337,7.5,Spring,0.1082,242,39
Common Wood-Pigeon,57.36486,-5.99853,7.5,Spring,0.1269,41,5
Common Wood-Pigeon,57.36486,-5.75369,7.5,Spring,0.1334,69,11
Common Wood-Pigeon,57.36486,-5.50885,7.5,Spring,0.1534,59,3
Common Wood-Pigeon,57.36486,-4.77434,7.5,Spring,0.2487,86,36
Common Wood-Pigeon,57.36486,-4.5295,7.5,Spring,0.5477,272,144
Common Wood-Pigeon,57.36486,-4.28466,7.5,Spring,0.5709,333,98
Common Wood-Pigeon,57.36486,-4.03983,7.5,Spring,0.6042,118,42
Common Wood-Pigeon,57.36486,-3.79499,7.5,Spring,0.5803,407,132
Common Wood-Pigeon,57.36486,-3.55015,7.5,Spring,0.6141,445,270
Common Wood-Pigeon,57.36486,-3.30531,7.5,Spring,0.6474,43,20
Common Wood-Pigeon,57.36486,-3.06047,7.5,Spring,0.6709,5,1
Common Wood-Pigeon,57.36486,-2.81564,7.5,Spring,0.685,14,11
Common Wood-Pigeon,57.36486,-2.5708,7.5,Spring,0.6768,25,16
Common Wood-Pigeon,57.36486,-2.32596,7.5,Spring,0.6617,30,24
Common Wood-Pigeon,57.36486,-2.08112,7.5,Spring,0.7133,274,144
Common Wood-Pigeon,57.36486,-1.83628,7.5,Spring,0.4294,69,26
Common Wood-Pigeon,57.5,-7.46756,7.5,Spring,0.0755,266,3
Common Wood-Pigeon,57.5,-7.22272,7.5,Spring,0.0794,151,4
Common Wood-Pigeon,57.5,-6.73304,7.5,Spring,0.1153,445,87
Common Wood-Pigeon,57.5,-6.48821,7.5,Spring,0.1122,129,14
Common Wood-Pigeon,57.5,-6.24337,7.5,Spring,0.1012,165,12
Common Wood-Pigeon,57.5,-5.75369,7.5,Spring,0.1154,47,10
Common Wood-Pigeon,57.5,-5.50885,7.5,Spring,0.1377,38,6
Common Wood-Pigeon,57.5,-5.26402,7.5,Spring,0.1485,21,2
Common Wood-Pigeon,57.5,-5.01918,7.5,Spring,0.1617,14,1
Common Wood-Pigeon,57.5,-4.5295,7.5,Spring,0.6186,192,80
Common Wood-Pigeon,57.5,-4.28466,7.5,Spring,0.7772,915,679
Common Wood-Pigeon,57.5,-4.03983,7.5,Spring,0.6741,691,389
Common Wood-Pigeon,57.5,-3.79499,7.5,Spring,0.6363,39,14
Common Wood-Pigeon,57.5,-3.55015,7.5,Spring,0.6599,26,8
Common Wood-Pigeon,57.5,-3.30531,7.5,Spring,0.6765,49,34
Common Wood-Pigeon,57.5,-3.06047,7.5,Spring,0.7098,32,23
Common Wood-Pigeon,57.5,-2.81564,7.5,Spring,0.6621,26,9
Common Wood-Pigeon,57.5,-2.5708,7.5,Spring,0.6659,1,1
Common Wood-Pigeon,57.5,-2.32596,7.5,Spring,0.6917,43,29
Common Wood-Pigeon,57.5,-2.08112,7.5,Spring,0.6939,46,36
Common Wood-Pigeon,57.5,-1.83628,7.5,Spring,0.4538,128,33
Common Wood-Pigeon,57.63514,-7.46756,7.5,Spring,0.0805,489,24
Common Wood-Pigeon,57.63514,-7.22272,7.5,Spring,0.0873,123,4
Common Wood-Pigeon,57.63514,-6.48821,7.5,Spring,0.0917,131,10
Common Wood-Pigeon,57.63514,-6.24337,7.5,Spring,0.1187,360,20
Common Wood-Pigeon,57.63514,-5.75369,7.5,Spring,0.148,56,24
Common Wood-Pigeon,57.63514,-5.50885,7.5,Spring,0.1256,19,5
Common Wood-Pigeon,57.63514,-5.26402,7.5,Spring,0.1522,54,8
Common Wood-Pigeon,57.63514,-5.01918,7.5,Spring,0.1423,22,2
Common Wood-Pigeon,57.63514,-4.77434,7.5,Spring,0.2128,38,4
Common Wood-Pigeon,57.63514,-4.5295,7.5,Spring,0.5821,168,89
Common Wood-Pigeon,57.63514,-4.28466,7.5,Spring,0.6381,160,86
Common Wood-Pigeon,57.63514,-4.03983,7.5,Spring,0.6296,569,245
Common Wood-Pigeon,57.63514,-3.79499,7.5,Spring,0.6299,223,124
Common Wood-Pigeon,57.63514,-3.55015,7.5,Spring,0.698,328,193
Common Wood-Pigeon,57.63514,-3.30531,7.5,Spring,0.7721,232,147
Common Wood-Pigeon,57.63514,-3.06047,7.5,Spring,0.7205,167,92
Common Wood-Pigeon,57.63514,-2.81564,7.5,Spring,0.6582,87,29
Common Wood-Pigeon,57.63514,-2.5708,7.5,Spring,0.675,131,20
Common Wood-Pigeon,57.63514,-2.32596,7.5,Spring,0.5044,147,22
Common Wood-Pigeon,57.63514,-2.08112,7.5,Spring,0.5399,51,11
Common Wood-Pigeon,57.63514,-1.83628,7.5,Spring,0.3482,232,146
Common Wood-Pigeon,57.77027,-8.69175,7.5,Spring,0.0852,65,2
Common Wood-Pigeon,57.77027,-8.44691,7.5,Spring,0.0778,23,3
Common Wood-Pigeon,57.77027,-6.97788,7.5,Spring,0.0884,68,1
Common Wood-Pigeon,57.77027,-5.75369,7.5,Spring,0.123,131,20
Common Wood-Pigeon,57.77027,-5.50885,7.5,Spring,0.136,84,21
Common Wood-Pigeon,57.77027,-5.01918,7.5,Spring,0.1365,49,2
Common Wood-Pigeon,57.77027,-4.28466,7.5,Spring,0.5773,40,17
Common Wood-Pigeon,57.77027,-4.03983,7.5,Spring,0.6301,201,116
Common Wood-Pigeon,57.77027,-3.79499,7.5,Spring,0.6145,199,169
Common Wood-Pigeon,57.77027,-3.55015,7.5,Spring,0.6155,157,30
Common Wood-Pigeon,57.77027,-3.30531,7.5,Spring,0.6033,165,36
Common Wood-Pigeon,57.77027,-2.81564,7.5,Spring,0.5835,41,3
Common Wood-Pigeon,57.90541,-6.97788,7.5,Spring,0.0923,91,1
Common Wood-Pigeon,57.90541,-6.73304,7.5,Spring,0.0985,58,1
Common Wood-Pigeon,57.90541,-5.75369,7.5,Spring,0.1204,31,3
Common Wood-Pigeon,57.90541,-5.50885,7.5,Spring,0.139,117,8
Common Wood-Pigeon,57.90541,-5.26402,7.5,Spring,0.1631,130,20
Common Wood-Pigeon,57.90541,-5.01918,7.5,Spring,0.1608,7,2
Common Wood-Pigeon,57.90541,-4.5295,7.5,Spring,0.413,18,6
Common Wood-Pigeon,57.90541,-4.28466,7.5,Spring,0.436,115,51
Common Wood-Pigeon,57.90541,-4.03983,7.5,Spring,0.4691,326,111
Common Wood-Pigeon,57.90541,-3.79499,7.5,Spring,0.4309,70,35
Common Wood-Pigeon,58.04054,-7.22272,7.5,Spring,0.0977,4,1
Common Wood-Pigeon,58.04054,-6.73304,7.5,Spring,0.0968,42,2
Common Wood-Pigeon,58.04054,-6.48821,7.5,Spring,0.1077,31,2
Common Wood-Pigeon,58.04054,-5.50885,7.5,Spring,0.1184,6,1
Common Wood-Pigeon,58.04054,-5.26402,7.5,Spring,0.144,24,2
Common Wood-Pigeon,58.04054,-4.5295,7.5,Spring,0.2846,61,19
Common Wood-Pigeon,58.04054,-4.28466,7.5,Spring,0.2438,55,23
Common Wood-Pigeon,58.04054,-4.03983,7.5,Spring,0.2246,61,22
Common Wood-Pigeon,58.04054,-3.79499,7.5,Spring,0.2596,75,25
Common Wood-Pigeon,58.17568,-6.97788,7.5,Spring,0.0909,41,2
Common Wood-Pigeon,58.17568,-6.73304,7.5,Spring,0.1098,86,6
Common Wood-Pigeon,58.17568,-6.48821,7.5,Spring,0.1467,169,89
Common Wood-Pigeon,58.17568,-6.24337,7.5,Spring,0.1314,77,8
Common Wood-Pigeon,58.17568,-5.50885,7.5,Spring,0.1198,17,1
Common Wood-Pigeon,58.17568,-5.26402,7.5,Spring,0.1761,130,14
Common Wood-Pigeon,58.17568,-4.03983,7.5,Spring,0.1889,8,3
Common Wood-Pigeon,58.17568,-3.79499,7.5,Spring,0.2177,13,5
Common Wood-Pigeon,58.17568,-3.55015,7.5,Spring,0.1955,19,4
Common Wood-Pigeon,58.31081,-6.73304,7.5,Spring,0.0966,84,2
Common Wood-Pigeon,58.31081,-6.48821,7.5,Spring,0.1273,58,4
Common Wood-Pigeon,58.31081,-6.24337,7.5,Spring,0.1047,135,14
Common Wood-Pigeon,58.31081,-5.26402,7.5,Spring,0.1308,43,7
Common Wood-Pigeon,58.31081,-5.01918,7.5,Spring,0.1069,43,1
Common Wood-Pigeon,58.31081,-4.5295,7.5,Spring,0.173,14,2
Common Wood-Pigeon,58.31081,-4.03983,7.5,Spring,0.1702,3,2
Common Wood-Pigeon,58.31081,-3.79499,7.5,Spring,0.1487,31,2
Common Wood-Pigeon,58.31081,-3.55015,7.5,Spring,0.153,14,2
Common Wood-Pigeon,58.31081,-3.30531,7.5,Spring,0.187,19,6
Common Wood-Pigeon,58.31081,-3.06047,7.5,Spring,0.2358,18,2
Common Wood-Pigeon,58.44595,-6.48821,7.5,Spring,0.1,12,1
Common Wood-Pigeon,58.44595,-6.24337,7.5,Spring,0.1012,106,1
Common Wood-Pigeon,58.44595,-5.26402,7.5,Spring,0.1239,89,12
Common Wood-Pigeon,58.44595,-5.01918,7.5,Spring,0.138,31,5
Common Wood-Pigeon,58.44595,-4.5295,7.5,Spring,0.1659,28,2
Common Wood-Pigeon,58.44595,-3.79499,7.5,Spring,0.1717,4,1
Common Wood-Pigeon,58.44595,-3.55015,7.5,Spring,0.2309,11,3
Common Wood-Pigeon,58.44595,-3.30531,7.5,Spring,0.2573,21,4
Common Wood-Pigeon,58.44595,-3.06047,7.5,Spring,0.2168,87,22
Common Wood-Pigeon,58.58108,-4.77434,7.5,Spring,0.1279,149,21
Common Wood-Pigeon,58.58108,-4.28466,7.5,Spring,0.1608,22,3
Common Wood-Pigeon,58.58108,-4.03983,7.5,Spring,0.1436,19,5
Common Wood-Pigeon,58.58108,-3.79499,7.5,Spring,0.1761,34,2
Common Wood-Pigeon,58.58108,-3.55015,7.5,Spring,0.4995,95,29
Common Wood-Pigeon,58.58108,-3.30531,7.5,Spring,0.2371,100,18
Common Wood-Pigeon,58.58108,-3.06047,7.5,Spring,0.1533,142,5
Common Wood-Pigeon,58.71622,-3.30531,7.5,Spring,0.1931,86,4
Common Wood-Pigeon,58.71622,-3.06047,7.5,Spring,0.1441,32,7
Common Wood-Pigeon,58.85135,-3.30531,7.5,Spring,0.1516,97,1
Common Wood-Pigeon,58.85135,-3.06047,7.5,Spring,0.2253,66,11
Common Wood-Pigeon,58.85135,-2.81564,7.5,Spring,0.2063,115,22
Common Wood-Pigeon,58.98649,-3.30531,7.5,Spring,0.1993,299,38
Common Wood-Pigeon,58.98649,-3.06047,7.5,Spring,0.1816,323,91
Common Wood-Pigeon,58.98649,-2.81564,7.5,Spring,0.1789,106,22
Common Wood-Pigeon,59.12162,-3.30531,7.5,Spring,0.12,228,28
Common Wood-Pigeon,59.12162,-3.06047,7.5,Spring,0.1341,182,37
Common Wood-Pigeon,59.25676,-3.06047,7.5,Spring,0.1309,27,4
Common Wood-Pigeon,59.39189,-2.81564,7.5,Spring,0.1238,24,1
Common Wood-Pigeon,59.39189,-2.32596,7.5,Spring,0.1142,344,37
Common Wood-Pigeon,59.52703,-1.59145,7.5,Spring,0.0975,456,198
Common Wood-Pigeon,59.7973,-1.34661,7.5,Spring,0.1019,175,3
Common Wood-Pigeon,59.93243,-1.34661,7.5,Spring,0.0772,1629,382
Common Wood-Pigeon,59.93243,-1.10177,7.5,Spring,0.1156,131,1
Common Wood-Pigeon,60.06757,-1.34661,7.5,Spring,0.1175,437,133
Common Wood-Pigeon,60.06757,-1.10177,7.5,Spring,0.1175,123,5
Common Wood-Pigeon,60.2027,-1.34661,7.5,Spring,0.1219,134,19
Common Wood-Pigeon,60.2027,-1.10177,7.5,Spring,0.1217,488,50
Common Wood-Pigeon,60.33784,-1.34661,7.5,Spring,0.1042,70,9
Common Wood-Pigeon,60.33784,-1.10177,7.5,Spring,0.1113,26,5
Common Wood-Pigeon,60.47297,-1.34661,7.5,Spring,0.1046,52,7
Common Wood-Pigeon,60.47297,-0.85693,7.5,Spring,0.1254,26,8
Common Wood-Pigeon,60.60811,-1.34661,7.5,Spring,0.0915,24,2
Common Wood-Pigeon,60.60811,-1.10177,7.5,Spring,0.0836,33,1
Common Wood-Pigeon,60.60811,-0.85693,7.5,Spring,0.1374,78,4
Common Wood-Pigeon,60.74324,-0.85693,7.5,Spring,0.1613,385,73
Common Wood-Pigeon,60.87838,-0.85693,7.5,Spring,0.1516,114,1
Common Wood-Pigeon,54.66216,-5.01918,7.5,Summer,0.3378,12,1
Common Wood-Pigeon,54.66216,-4.77434,7.5,Summer,0.4157,43,4
Common Wood-Pigeon,54.66216,-4.28466,7.5,Summer,0.4522,11,2
Common Wood-Pigeon,54.7973,-5.01918,7.5,Summer,0.4096,55,19
Common Wood-Pigeon,54.7973,-4.77434,7.5,Summer,0.3987,8,2
Common Wood-Pigeon,54.7973,-4.5295,7.5,Summer,0.4447,34,17
Common Wood-Pigeon,54.7973,-4.28466,7.5,Summer,0.4957,27,8
Common Wood-Pigeon,54.7973,-4.03983,7.5,Summer,0.5986,46,22
Common Wood-Pigeon,54.7973,-3.79499,7.5,Summer,0.6554,22,14
Common Wood-Pigeon,54.93243,-5.01918,7.5,Summer,0.4354,74,16
Common Wood-Pigeon,54.93243,-4.77434,7.5,Summer,0.4879,13,10
Common Wood-Pigeon,54.93243,-4.5295,7.5,Summer,0.4346,52,20
Common Wood-Pigeon,54.93243,-4.28466,7.5,Summer,0.528,35,15
Common Wood-Pigeon,54.93243,-4.03983,7.5,Summer,0.6374,106,53
Common Wood-Pigeon,54.93243,-3.79499,7.5,Summer,0.7128,76,48
Common Wood-Pigeon,54.93243,-3.55015,7.5,Summer,0.7099,171,86
Common Wood-Pigeon,54.93243,-3.30531,7.5,Summer,0.696,22,14
Common Wood-Pigeon,54.93243,-3.06047,7.5,Summer,0.671,41,30
Common Wood-Pigeon,55.06757,-5.26402,7.5,Summer,0.2872,23,2
Common Wood-Pigeon,55.06757,-5.01918,7.5,Summer,0.4288,12,3
Common Wood-Pigeon,55.06757,-4.77434,7.5,Summer,0.4499,10,6
Common Wood-Pigeon,55.06757,-4.5295,7.5,Summer,0.3654,44,8
Common Wood-Pigeon,55.06757,-4.28466,7.5,Summer,0.4449,16,3
Common Wood-Pigeon,55.06757,-4.03983,7.5,Summer,0.6197,63,37
Common Wood-Pigeon,55.06757,-3.79499,7.5,Summer,0.6888,17,6
Common Wood-Pigeon,55.06757,-3.55015,7.5,Summer,0.8028,192,168
Common Wood-Pigeon,55.06757,-3.30531,7.5,Summer,0.7226,52,32
Common Wood-Pigeon,55.06757,-3.06047,7.5,Summer,0.6983,13,5
Common Wood-Pigeon,55.2027,-5.01918,7.5,Summer,0.4275,17,1
Common Wood-Pigeon,55.2027,-4.77434,7.5,Summer,0.4887,30,4
Common Wood-Pigeon,55.2027,-4.28466,7.5,Summer,0.5069,23,15
Common Wood-Pigeon,55.2027,-4.03983,7.5,Summer,0.5967,23,18
Common Wood-Pigeon,55.2027,-3.79499,7.5,Summer,0.6716,14,8
Common Wood-Pigeon,55.2027,-3.55015,7.5,Summer,0.6945,9,8
Common Wood-Pigeon,55.2027,-3.30531,7.5,Summer,0.6971,58,29
Common Wood-Pigeon,55.2027,-3.06047,7.5,Summer,0.6293,22,13
Common Wood-Pigeon,55.2027,-2.81564,7.5,Summer,0.607,13,5
Common Wood-Pigeon,55.33784,-5.75369,7.5,Summer,0.1652,17,3
Common Wood-Pigeon,55.33784,-5.50885,7.5,Summer,0.2439,14,2
Common Wood-Pigeon,55.33784,-4.77434,7.5,Summer,0.5319,137,48
Common Wood-Pigeon,55.33784,-4.5295,7.5,Summer,0.5188,7,4
Common Wood-Pigeon,55.33784,-4.28466,7.5,Summer,0.5244,47,13
Common Wood-Pigeon,55.33784,-4.03983,7.5,Summer,0.5359,3,1
Common Wood-Pigeon,55.33784,-3.79499,7.5,Summer,0.5848,22,6
Common Wood-Pigeon,55.33784,-3.55015,7.5,Summer,0.5918,45,17
Common Wood-Pigeon,55.33784,-3.30531,7.5,Summer,0.5701,14,3
Common Wood-Pigeon,55.33784,-2.81564,7.5,Summer,0.6255,2,1
Common Wood-Pigeon,55.33784,-2.5708,7.5,Summer,0.6083,8,2
Common Wood-Pigeon,55.47297,-5.75369,7.5,Summer,0.1512,39,1
Common Wood-Pigeon,55.47297,-5.50885,7.5,Summer,0.2123,25,2
Common Wood-Pigeon,55.47297,-5.26402,7.5,Summer,0.4288,20,10
Common Wood-Pigeon,55.47297,-5.01918,7.5,Summer,0.498,38,16
Common Wood-Pigeon,55.47297,-4.77434,7.5,Summer,0.4348,450,62
Common Wood-Pigeon,55.47297,-4.5295,7.5,Summer,0.782,794,465
Common Wood-Pigeon,55.47297,-4.28466,7.5,Summer,0.5703,34,13
Common Wood-Pigeon,55.47297,-3.79499,7.5,Summer,0.4999,96,14
Common Wood-Pigeon,55.47297,-3.55015,7.5,Summer,0.4502,88,26
Common Wood-Pigeon,55.47297,-3.30531,7.5,Summer,0.4749,63,25
Common Wood-Pigeon,55.47297,-3.06047,7.5,Summer,0.7176,3,1
Common Wood-Pigeon,55.47297,-2.81564,7.5,Summer,0.7353,11,6
Common Wood-Pigeon,55.47297,-2.5708,7.5,Summer,0.7506,29,28
Common Wood-Pigeon,55.47297,-2.32596,7.5,Summer,0.6729,3,2
Common Wood-Pigeon,55.60811,-6.24337,7.5,Summer,0.1014,83,2
Common Wood-Pigeon,55.60811,-5.99853,7.5,Summer,0.1243,10,1
Common Wood-Pigeon,55.60811,-5.75369,7.5,Summer,0.151,15,5
Common Wood-Pigeon,55.60811,-5.50885,7.5,Summer,0.1994,12,4
Common Wood-Pigeon,55.60811,-5.26402,7.5,Summer,0.3149,104,41
Common Wood-Pigeon,55.60811,-5.01918,7.5,Summer,0.4193,24,3
Common Wood-Pigeon,55.60811,-4.77434,7.5,Summer,0.4991,3125,1125
Common Wood-Pigeon,55.60811,-4.5295,7.5,Summer,0.7696,27860,11712
Common Wood-Pigeon,55.60811,-4.28466,7.5,Summer,0.5794,20,7
Common Wood-Pigeon,55.60811,-4.03983,7.5,Summer,0.6657,5,4
Common Wood-Pigeon,55.60811,-3.79499,7.5,Summer,0.6791,38,17
Common Wood-Pigeon,55.60811,-3.55015,7.5,Summer,0.6397,78,47
Common Wood-Pigeon,55.60811,-3.30531,7.5,Summer,0.6453,49,37
Common Wood-Pigeon,55.60811,-3.06047,7.5,Summer,0.7569,83,51
Common Wood-Pigeon,55.60811,-2.81564,7.5,Summer,0.7993,109,84
Common Wood-Pigeon,55.60811,-2.5708,7.5,Summer,0.7495,41,26
Common Wood-Pigeon,55.60811,-2.32596,7.5,Summer,0.6891,20,16
Common Wood-Pigeon,55.74324,-6.48821,7.5,Summer,0.1055,38,4
Common Wood-Pigeon,55.74324,-6.24337,7.5,Summer,0.1317,63,8
Common Wood-Pigeon,55.74324,-5.99853,7.5,Summer,0.1367,12,1
Common Wood-Pigeon,55.74324,-5.75369,7.5,Summer,0.1457,17,3
Common Wood-Pigeon,55.74324,-5.50885,7.5,Summer,0.2409,42,4
Common Wood-Pigeon,55.74324,-5.26402,7.5,Summer,0.4116,32,8
Common Wood-Pigeon,55.74324,-5.01918,7.5,Summer,0.4525,93,32
Common Wood-Pigeon,55.74324,-4.77434,7.5,Summer,0.4821,62,23
Common Wood-Pigeon,55.74324,-4.5295,7.5,Summer,0.508,277,67
Common Wood-Pigeon,55.74324,-4.28466,7.5,Summer,0.7489,507,188
Common Wood-Pigeon,55.74324,-4.03983,7.5,Summer,0.7792,219,163
Common Wood-Pigeon,55.74324,-3.79499,7.5,Summer,0.6778,20,9
Common Wood-Pigeon,55.74324,-3.55015,7.5,Summer,0.7055,24,15
Common Wood-Pigeon,55.74324,-3.30531,7.5,Summer,0.7174,29,23
Common Wood-Pigeon,55.74324,-3.06047,7.5,Summer,0.7546,133,102
Common Wood-Pigeon,55.74324,-2.81564,7.5,Summer,0.7482,18,15
Common Wood-Pigeon,55.74324,-2.5708,7.5,Summer,0.7469,14,12
Common Wood-Pigeon,55.74324,-2.32596,7.5,Summer,0.702,10,7
Common Wood-Pigeon,55.74324,-2.08112,7.5,Summer,0.7053,40,28
Common Wood-Pigeon,55.87838,-6.48821,7.5,Summer,0.1153,11,1
Common Wood-Pigeon,55.87838,-6.24337,7.5,Summer,0.1359,94,16
Common Wood-Pigeon,55.87838,-5.75369,7.5,Summer,0.1424,7,3
Common Wood-Pigeon,55.87838,-5.50885,7.5,Summer,0.2313,48,8
Common Wood-Pigeon,55.87838,-5.26402,7.5,Summer,0.4577,24,8
Common Wood-Pigeon,55.87838,-5.01918,7.5,Summer,0.4975,15,7
Common Wood-Pigeon,55.87838,-4.77434,7.5,Summer,0.4101,45,13
Common Wood-Pigeon,55.87838,-4.5295,7.5,Summer,0.7758,292,177
Common Wood-Pigeon,55.87838,-4.28466,7.5,Summer,0.7987,1378,832
Common Wood-Pigeon,55.87838,-4.03983,7.5,Summer,0.7887,131,63
Common Wood-Pigeon,55.87838,-3.79499,7.5,Summer,0.7024,42,25
Common Wood-Pigeon,55.87838,-3.55015,7.5,Summer,0.7915,134,106
Common Wood-Pigeon,55.87838,-3.30531,7.5,Summer,0.7705,1184,891
Common Wood-Pigeon,55.87838,-3.06047,7.5,Summer,0.7942,1626,1371
Common Wood-Pigeon,55.87838,-2.81564,7.5,Summer,0.7749,98,92
Common Wood-Pigeon,55.87838,-2.5708,7.5,Summer,0.7027,109,52
Common Wood-Pigeon,55.87838,-2.32596,7.5,Summer,0.721,75,59
Common Wood-Pigeon,55.87838,-2.08112,7.5,Summer,0.5347,295,174
Common Wood-Pigeon,56.01351,-6.24337,7.5,Summer,0.1225,22,1
Common Wood-Pigeon,56.01351,-5.99853,7.5,Summer,0.1319,3,1
Common Wood-Pigeon,56.01351,-5.50885,7.5,Summer,0.2221,37,8
Common Wood-Pigeon,56.01351,-5.26402,7.5,Summer,0.4135,22,9
Common Wood-Pigeon,56.01351,-5.01918,7.5,Summer,0.489,85,46
Common Wood-Pigeon,56.01351,-4.77434,7.5,Summer,0.4211,128,50
Common Wood-Pigeon,56.01351,-4.5295,7.5,Summer,0.6321,279,120
Common Wood-Pigeon,56.01351,-4.28466,7.5,Summer,0.6032,90,52
Common Wood-Pigeon,56.01351,-4.03983,7.5,Summer,0.7703,53,32
Common Wood-Pigeon,56.01351,-3.79499,7.5,Summer,0.7981,365,268
Common Wood-Pigeon,56.01351,-3.55015,7.5,Summer,0.7797,266,190
Common Wood-Pigeon,56.01351,-3.30531,7.5,Summer,0.7795,2181,1546
Common Wood-Pigeon,56.01351,-3.06047,7.5,Summer,0.7813,2396,1762
Common Wood-Pigeon,56.01351,-2.81564,7.5,Summer,0.768,786,521
Common Wood-Pigeon,56.01351,-2.5708,7.5,Summer,0.7132,613,361
Common Wood-Pigeon,56.01351,-2.32596,7.5,Summer,0.5465,130,86
Common Wood-Pigeon,56.14865,-6.24337,7.5,Summer,0.1054,6,1
Common Wood-Pigeon,56.14865,-5.50885,7.5,Summer,0.1571,74,10
Common Wood-Pigeon,56.14865,-5.26402,7.5,Summer,0.1936,28,6
Common Wood-Pigeon,56.14865,-5.01918,7.5,Summer,0.2079,10,2
Common Wood-Pigeon,56.14865,-4.77434,7.5,Summer,0.2457,98,15
Common Wood-Pigeon,56.14865,-4.5295,7.5,Summer,0.4818,225,74
Common Wood-Pigeon,56.14865,-4.28466,7.5,Summer,0.5879,111,40
Common Wood-Pigeon,56.14865,-4.03983,7.5,Summer,0.7726,349,229
Common Wood-Pigeon,56.14865,-3.79499,7.5,Summer,0.7757,328,256
Common Wood-Pigeon,56.14865,-3.55015,7.5,Summer,0.755,114,62
Common Wood-Pigeon,56.14865,-3.30531,7.5,Summer,0.7779,405,255
Common Wood-Pigeon,56.14865,-3.06047,7.5,Summer,0.8021,158,110
Common Wood-Pigeon,56.14865,-2.81564,7.5,Summer,0.7669,174,125
Common Wood-Pigeon,56.14865,-2.5708,7.5,Summer,0.622,245,90
Common Wood-Pigeon,56.28378,-6.48821,7.5,Summer,0.0823,238,9
Common Wood-Pigeon,56.28378,-6.24337,7.5,Summer,0.1127,89,7
Common Wood-Pigeon,56.28378,-5.75369,7.5,Summer,0.1281,34,4
Common Wood-Pigeon,56.28378,-5.50885,7.5,Summer,0.1847,51,9
Common Wood-Pigeon,56.28378,-5.26402,7.5,Summer,0.1588,19,1
Common Wood-Pigeon,56.28378,-5.01918,7.5,Summer,0.1418,74,8
Common Wood-Pigeon,56.28378,-4.77434,7.5,Summer,0.1497,90,3
Common Wood-Pigeon,56.28378,-4.5295,7.5,Summer,0.4274,49,9
Common Wood-Pigeon,56.28378,-4.28466,7.5,Summer,0.5583,205,75
Common Wood-Pigeon,56.28378,-4.03983,7.5,Summer,0.6715,8,6
Common Wood-Pigeon,56.28378,-3.79499,7.5,Summer,0.6962,77,59
Common Wood-Pigeon,56.28378,-3.55015,7.5,Summer,0.7247,35,22
Common Wood-Pigeon,56.28378,-3.30531,7.5,Summer,0.7519,90,62
Common Wood-Pigeon,56.28378,-3.06047,7.5,Summer,0.7768,322,248
Common Wood-Pigeon,56.28378,-2.81564,7.5,Summer,0.7769,1122,821
Common Wood-Pigeon,56.28378,-2.5708,7.5,Summer,0.6276,524,211
Common Wood-Pigeon,56.41892,-6.97788,7.5,Summer,0.0833,37,1
Common Wood-Pigeon,56.41892,-6.24337,7.5,Summer,0.1183,224,5
Common Wood-Pigeon,56.41892,-5.99853,7.5,Summer,0.1143,294,22
Common Wood-Pigeon,56.41892,-5.75369,7.5,Summer,0.1395,361,30
Common Wood-Pigeon,56.41892,-5.50885,7.5,Summer,0.158,433,33
Common Wood-Pigeon,56.41892,-5.26402,7.5,Summer,0.165,25,4
Common Wood-Pigeon,56.41892,-5.01918,7.5,Summer,0.1321,33,1
Common Wood-Pigeon,56.41892,-4.77434,7.5,Summer,0.1753,64,16
Common Wood-Pigeon,56.41892,-4.5295,7.5,Summer,0.3807,45,6
Common Wood-Pigeon,56.41892,-4.28466,7.5,Summer,0.5636,97,48
Common Wood-Pigeon,56.41892,-4.03983,7.5,Summer,0.6345,50,36
Common Wood-Pigeon,56.41892,-3.79499,7.5,Summer,0.6771,78,52
Common Wood-Pigeon,56.41892,-3.55015,7.5,Summer,0.7633,110,87
Common Wood-Pigeon,56.41892,-3.30531,7.5,Summer,0.7846,198,164
Common Wood-Pigeon,56.41892,-3.06047,7.5,Summer,0.7952,357,295
Common Wood-Pigeon,56.41892,-2.81564,7.5,Summer,0.7207,590,400
Common Wood-Pigeon,56.55405,-6.48821,7.5,Summer,0.0862,134,1
Common Wood-Pigeon,56.55405,-6.24337,7.5,Summer,0.1169,192,22
Common Wood-Pigeon,56.55405,-5.99853,7.5,Summer,0.1258,274,25
Common Wood-Pigeon,56.55405,-5.75369,7.5,Summer,0.1324,81,8
Common Wood-Pigeon,56.55405,-5.50885,7.5,Summer,0.1429,37,4
Common Wood-Pigeon,56.55405,-5.26402,7.5,Summer,0.1587,36,2
Common Wood-Pigeon,56.55405,-5.01918,7.5,Summer,0.1571,4,1
Common Wood-Pigeon,56.55405,-4.77434,7.5,Summer,0.1833,50,5
Common Wood-Pigeon,56.55405,-4.28466,7.5,Summer,0.403,36,8
Common Wood-Pigeon,56.55405,-4.03983,7.5,Summer,0.604,49,29
Common Wood-Pigeon,56.55405,-3.79499,7.5,Summer,0.6429,45,20
Common Wood-Pigeon,56.55405,-3.55015,7.5,Summer,0.6985,287,152
Common Wood-Pigeon,56.55405,-3.30531,7.5,Summer,0.7155,47,37
Common Wood-Pigeon,56.55405,-3.06047,7.5,Summer,0.7606,31,25
Common Wood-Pigeon,56.55405,-2.81564,7.5,Summer,0.7589,30,18
Common Wood-Pigeon,56.55405,-2.5708,7.5,Summer,0.6626,98,48
Common Wood-Pigeon,56.68919,-6.48821,7.5,Summer,0.1191,30,1
Common Wood-Pigeon,56.68919,-6.24337,7.5,Summer,0.1207,70,4
Common Wood-Pigeon,56.68919,-5.99853,7.5,Summer,0.1397,168,9
Common Wood-Pigeon,56.68919,-5.75369,7.5,Summer,0.155,30,1
Common Wood-Pigeon,56.68919,-5.50885,7.5,Summer,0.1503,44,10
Common Wood-Pigeon,56.68919,-5.26402,7.5,Summer,0.1831,139,15
Common Wood-Pigeon,56.68919,-5.01918,7.5,Summer,0.2019,304,36
Common Wood-Pigeon,56.68919,-4.5295,7.5,Summer,0.4669,12,4
Common Wood-Pigeon,56.68919,-4.28466,7.5,Summer,0.417,18,7
Common Wood-Pigeon,56.68919,-4.03983,7.5,Summer,0.4628,50,26
Common Wood-Pigeon,56.68919,-3.79499,7.5,Summer,0.6551,268,151
Common Wood-Pigeon,56.68919,-3.55015,7.5,Summer,0.6677,12,5
Common Wood-Pigeon,56.68919,-3.30531,7.5,Summer,0.6806,40,32
Common Wood-Pigeon,56.68919,-3.06047,7.5,Summer,0.7181,142,115
Common Wood-Pigeon,56.68919,-2.81564,7.5,Summer,0.6955,56,37
Common Wood-Pigeon,56.68919,-2.5708,7.5,Summer,0.671,238,163
Common Wood-Pigeon,56.68919,-2.32596,7.5,Summer,0.6902,30,21
Common Wood-Pigeon,56.82432,-6.24337,7.5,Summer,0.1122,21,4
Common Wood-Pigeon,56.82432,-5.99853,7.5,Summer,0.109,11,1
Common Wood-Pigeon,56.82432,-5.75369,7.5,Summer,0.1345,93,24
Common Wood-Pigeon,56.82432,-5.50885,7.5,Summer,0.1471,78,19
Common Wood-Pigeon,56.82432,-5.26402,7.5,Summer,0.1377,33,8
Common Wood-Pigeon,56.82432,-5.01918,7.5,Summer,0.1248,276,43
Common Wood-Pigeon,56.82432,-4.77434,7.5,Summer,0.2135,22,1
Common Wood-Pigeon,56.82432,-4.03983,7.5,Summer,0.3341,25,8
Common Wood-Pigeon,56.82432,-3.79499,7.5,Summer,0.2829,56,21
Common Wood-Pigeon,56.82432,-3.55015,7.5,Summer,0.4271,25,11
Common Wood-Pigeon,56.82432,-3.30531,7.5,Summer,0.6522,104,8
Common Wood-Pigeon,56.82432,-3.06047,7.5,Summer,0.6918,27,19
Common Wood-Pigeon,56.82432,-2.81564,7.5,Summer,0.697,11,10
Common Wood-Pigeon,56.82432,-2.5708,7.5,Summer,0.6854,78,60
Common Wood-Pigeon,56.82432,-2.32596,7.5,Summer,0.6859,71,35
Common Wood-Pigeon,56.95946,-6.24337,7.5,Summer,0.1237,43,12
Common Wood-Pigeon,56.95946,-5.99853,7.5,Summer,0.103,9,1
Common Wood-Pigeon,56.95946,-5.75369,7.5,Summer,0.124,122,7
Common Wood-Pigeon,56.95946,-5.26402,7.5,Summer,0.1701,6,1
Common Wood-Pigeon,56.95946,-5.01918,7.5,Summer,0.1669,48,5
Common Wood-Pigeon,56.95946,-4.77434,7.5,Summer,0.2256,11,3
Common Wood-Pigeon,56.95946,-4.5295,7.5,Summer,0.4926,28,11
Common Wood-Pigeon,56.95946,-4.28466,7.5,Summer,0.2976,75,21
Common Wood-Pigeon,56.95946,-3.79499,7.5,Summer,0.3323,2,1
Common Wood-Pigeon,56.95946,-3.55015,7.5,Summer,0.3371,70,40
Common Wood-Pigeon,56.95946,-3.30531,7.5,Summer,0.3542,105,43
Common Wood-Pigeon,56.95946,-3.06047,7.5,Summer,0.5513,26,4
Common Wood-Pigeon,56.95946,-2.81564,7.5,Summer,0.656,64,41
Common Wood-Pigeon,56.95946,-2.5708,7.5,Summer,0.6737,21,12
Common Wood-Pigeon,56.95946,-2.32596,7.5,Summer,0.7072,53,36
Common Wood-Pigeon,56.95946,-2.08112,7.5,Summer,0.7258,272,146
Common Wood-Pigeon,57.09459,-6.48821,7.5,Summer,0.1007,39,2
Common Wood-Pigeon,57.09459,-5.99853,7.5,Summer,0.1208,105,8
Common Wood-Pigeon,57.09459,-5.75369,7.5,Summer,0.1386,94,11
Common Wood-Pigeon,57.09459,-5.50885,7.5,Summer,0.1549,6,1
Common Wood-Pigeon,57.09459,-4.77434,7.5,Summer,0.2527,136,30
Common Wood-Pigeon,57.09459,-4.28466,7.5,Summer,0.5474,7,3
Common Wood-Pigeon,57.09459,-4.03983,7.5,Summer,0.6224,526,291
Common Wood-Pigeon,57.09459,-3.79499,7.5,Summer,0.219,311,135
Common Wood-Pigeon,57.09459,-3.55015,7.5,Summer,0.2171,315,31
Common Wood-Pigeon,57.09459,-3.30531,7.5,Summer,0.287,90,45
Common Wood-Pigeon,57.09459,-3.06047,7.5,Summer,0.3594,80,42
Common Wood-Pigeon,57.09459,-2.81564,7.5,Summer,0.6808,84,48
Common Wood-Pigeon,57.09459,-2.5708,7.5,Summer,0.6843,32,26
Common Wood-Pigeon,57.09459,-2.32596,7.5,Summer,0.7421,68,53
Common Wood-Pigeon,57.09459,-2.08112,7.5,Summer,0.739,1194,707
Common Wood-Pigeon,57.22973,-7.46756,7.5,Summer,0.0715,112,1
Common Wood-Pigeon,57.22973,-7.22272,7.5,Summer,0.0816,26,3
Common Wood-Pigeon,57.22973,-6.48821,7.5,Summer,0.0875,21,1
Common Wood-Pigeon,57.22973,-6.24337,7.5,Summer,0.1081,148,7
Common Wood-Pigeon,57.22973,-5.99853,7.5,Summer,0.1206,364,21
Common Wood-Pigeon,57.22973,-5.75369,7.5,Summer,0.1151,148,8
Common Wood-Pigeon,57.22973,-5.50885,7.5,Summer,0.158,171,14
Common Wood-Pigeon,57.22973,-5.26402,7.5,Summer,0.1571,9,2
Common Wood-Pigeon,57.22973,-5.01918,7.5,Summer,0.1617,28,1
Common Wood-Pigeon,57.22973,-4.77434,7.5,Summer,0.2552,35,8
Common Wood-Pigeon,57.22973,-4.5295,7.5,Summer,0.4835,77,23
Common Wood-Pigeon,57.22973,-4.03983,7.5,Summer,0.6082,133,60
Common Wood-Pigeon,57.22973,-3.79499,7.5,Summer,0.6345,1932,1035
Common Wood-Pigeon,57.22973,-3.55015,7.5,Summer,0.6016,441,288
Common Wood-Pigeon,57.22973,-3.30531,7.5,Summer,0.5464,128,62
Common Wood-Pigeon,57.22973,-3.06047,7.5,Summer,0.558,7,1
Common Wood-Pigeon,57.22973,-2.81564,7.5,Summer,0.6694,22,19
Common Wood-Pigeon,57.22973,-2.5708,7.5,Summer,0.6826,23,16
Common Wood-Pigeon,57.22973,-2.32596,7.5,Summer,0.7213,9,5
Common Wood-Pigeon,57.22973,-2.08112,7.5,Summer,0.7281,267,150
Common Wood-Pigeon,57.36486,-7.46756,7.5,Summer,0.0758,123,1
Common Wood-Pigeon,57.36486,-7.22272,7.5,Summer,0.0823,80,1
Common Wood-Pigeon,57.36486,-6.73304,7.5,Summer,0.1034,94,2
Common Wood-Pigeon,57.36486,-6.48821,7.5,Summer,0.1164,93,15
Common Wood-Pigeon,57.36486,-6.24337,7.5,Summer,0.1112,292,50
Common Wood-Pigeon,57.36486,-5.99853,7.5,Summer,0.1259,33,4
Common Wood-Pigeon,57.36486,-5.75369,7.5,Summer,0.1324,65,6
Common Wood-Pigeon,57.36486,-5.50885,7.5,Summer,0.1526,51,3
Common Wood-Pigeon,57.36486,-4.77434,7.5,Summer,0.2623,58,18
Common Wood-Pigeon,57.36486,-4.5295,7.5,Summer,0.5411,222,77
Common Wood-Pigeon,57.36486,-4.28466,7.5,Summer,0.555,264,71
Common Wood-Pigeon,57.36486,-4.03983,7.5,Summer,0.5993,86,33
Common Wood-Pigeon,57.36486,-3.79499,7.5,Summer,0.5878,308,125
Common Wood-Pigeon,57.36486,-3.55015,7.5,Summer,0.6227,381,271
Common Wood-Pigeon,57.36486,-3.30531,7.5,Summer,0.6504,71,39
Common Wood-Pigeon,57.36486,-3.06047,7.5,Summer,0.6711,14,5
Common Wood-Pigeon,57.36486,-2.81564,7.5,Summer,0.6852,7,4
Common Wood-Pigeon,57.36486,-2.5708,7.5,Summer,0.6771,84,72
Common Wood-Pigeon,57.36486,-2.32596,7.5,Summer,0.6652,37,26
Common Wood-Pigeon,57.36486,-2.08112,7.5,Summer,0.7051,330,189
Common Wood-Pigeon,57.36486,-1.83628,7.5,Summer,0.3929,74,19
Common Wood-Pigeon,57.5,-7.22272,7.5,Summer,0.0801,111,4
Common Wood-Pigeon,57.5,-6.73304,7.5,Summer,0.1198,402,89
Common Wood-Pigeon,57.5,-6.48821,7.5,Summer,0.1145,157,20
Common Wood-Pigeon,57.5,-6.24337,7.5,Summer,0.1032,189,11
Common Wood-Pigeon,57.5,-5.99853,7.5,Summer,0.1282,4,1
Common Wood-Pigeon,57.5,-5.75369,7.5,Summer,0.116,62,8
Common Wood-Pigeon,57.5,-5.50885,7.5,Summer,0.1342,59,12
Common Wood-Pigeon,57.5,-5.26402,7.5,Summer,0.1517,15,3
Common Wood-Pigeon,57.5,-5.01918,7.5,Summer,0.1615,8,1
Common Wood-Pigeon,57.5,-4.77434,7.5,Summer,0.2477,6,2
Common Wood-Pigeon,57.5,-4.5295,7.5,Summer,0.6058,186,90
Common Wood-Pigeon,57.5,-4.28466,7.5,Summer,0.7715,814,563
Common Wood-Pigeon,57.5,-4.03983,7.5,Summer,0.6579,626,362
Common Wood-Pigeon,57.5,-3.79499,7.5,Summer,0.6347,60,27
Common Wood-Pigeon,57.5,-3.55015,7.5,Summer,0.6598,9,6
Common Wood-Pigeon,57.5,-3.30531,7.5,Summer,0.6709,48,28
Common Wood-Pigeon,57.5,-3.06047,7.5,Summer,0.6986,11,3
Common Wood-Pigeon,57.5,-2.81564,7.5,Summer,0.6621,19,7
Common Wood-Pigeon,57.5,-2.5708,7.5,Summer,0.6654,11,4
Common Wood-Pigeon,57.5,-2.32596,7.5,Summer,0.6938,17,14
Common Wood-Pigeon,57.5,-2.08112,7.5,Summer,0.6945,41,32
Common Wood-Pigeon,57.5,-1.83628,7.5,Summer,0.4339,107,29
Common Wood-Pigeon,57.63514,-7.46756,7.5,Summer,0.0798,350,16
Common Wood-Pigeon,57.63514,-7.22272,7.5,Summer,0.0859,116,3
Common Wood-Pigeon,57.63514,-6.48821,7.5,Summer,0.0918,167,17
Common Wood-Pigeon,57.63514,-6.24337,7.5,Summer,0.1217,443,26
Common Wood-Pigeon,57.63514,-5.75369,7.5,Summer,0.1434,46,5
Common Wood-Pigeon,57.63514,-5.50885,7.5,Summer,0.1276,49,5
Common Wood-Pigeon,57.63514,-5.26402,7.5,Summer,0.1586,100,14
Common Wood-Pigeon,57.63514,-5.01918,7.5,Summer,0.1467,27,4
Common Wood-Pigeon,57.63514,-4.77434,7.5,Summer,0.2242,32,2
Common Wood-Pigeon,57.63514,-4.5295,7.5,Summer,0.5893,173,78
Common Wood-Pigeon,57.63514,-4.28466,7.5,Summer,0.6229,189,103
Common Wood-Pigeon,57.63514,-4.03983,7.5,Summer,0.6134,742,308
Common Wood-Pigeon,57.63514,-3.79499,7.5,Summer,0.6317,187,106
Common Wood-Pigeon,57.63514,-3.55015,7.5,Summer,0.686,190,100
Common Wood-Pigeon,57.63514,-3.30531,7.5,Summer,0.7689,127,74
Common Wood-Pigeon,57.63514,-3.06047,7.5,Summer,0.7061,170,74
Common Wood-Pigeon,57.63514,-2.81564,7.5,Summer,0.6574,26,15
Common Wood-Pigeon,57.63514,-2.5708,7.5,Summer,0.6693,33,4
Common Wood-Pigeon,57.63514,-2.32596,7.5,Summer,0.4936,124,23
Common Wood-Pigeon,57.63514,-2.08112,7.5,Summer,0.5358,34,5
Common Wood-Pigeon,57.63514,-1.83628,7.5,Summer,0.3297,145,91
Common Wood-Pigeon,57.77027,-8.69175,7.5,Summer,0.084,36,3
Common Wood-Pigeon,57.77027,-6.97788,7.5,Summer,0.092,108,6
Common Wood-Pigeon,57.77027,-5.75369,7.5,Summer,0.1238,159,17
Common Wood-Pigeon,57.77027,-5.50885,7.5,Summer,0.1377,82,20
Common Wood-Pigeon,57.77027,-5.26402,7.5,Summer,0.1447,1,1
Common Wood-Pigeon,57.77027,-5.01918,7.5,Summer,0.1473,41,10
Common Wood-Pigeon,57.77027,-4.28466,7.5,Summer,0.5816,33,13
Common Wood-Pigeon,57.77027,-4.03983,7.5,Summer,0.6274,134,79
Common Wood-Pigeon,57.77027,-3.79499,7.5,Summer,0.62,180,166
Common Wood-Pigeon,57.77027,-3.55015,7.5,Summer,0.6093,104,12
Common Wood-Pigeon,57.77027,-3.30531,7.5,Summer,0.5819,140,50
Common Wood-Pigeon,57.77027,-2.81564,7.5,Summer,0.5791,24,3
Common Wood-Pigeon,57.90541,-6.73304,7.5,Summer,0.1021,63,3
Common Wood-Pigeon,57.90541,-5.75369,7.5,Summer,0.1164,41,3
Common Wood-Pigeon,57.90541,-5.50885,7.5,Summer,0.1354,122,9
Common Wood-Pigeon,57.90541,-5.26402,7.5,Summer,0.1653,175,31
Common Wood-Pigeon,57.90541,-5.01918,7.5,Summer,0.1671,18,3
Common Wood-Pigeon,57.90541,-4.77434,7.5,Summer,0.2115,11,4
Common Wood-Pigeon,57.90541,-4.5295,7.5,Summer,0.4126,28,2
Common Wood-Pigeon,57.90541,-4.28466,7.5,Summer,0.4371,66,42
Common Wood-Pigeon,57.90541,-4.03983,7.5,Summer,0.4735,246,64
Common Wood-Pigeon,57.90541,-3.79499,7.5,Summer,0.4375,52,19
Common Wood-Pigeon,58.04054,-6.97788,7.5,Summer,0.0821,28,1
Common Wood-Pigeon,58.04054,-6.73304,7.5,Summer,0.0961,36,3
Common Wood-Pigeon,58.04054,-5.01918,7.5,Summer,0.1185,24,1
Common Wood-Pigeon,58.04054,-4.77434,7.5,Summer,0.1841,10,1
Common Wood-Pigeon,58.04054,-4.5295,7.5,Summer,0.3323,45,20
Common Wood-Pigeon,58.04054,-4.28466,7.5,Summer,0.2453,26,4
Common Wood-Pigeon,58.04054,-4.03983,7.5,Summer,0.2277,57,27
Common Wood-Pigeon,58.04054,-3.79499,7.5,Summer,0.2441,81,16
Common Wood-Pigeon,58.17568,-6.73304,7.5,Summer,0.1065,84,12
Common Wood-Pigeon,58.17568,-6.48821,7.5,Summer,0.141,142,60
Common Wood-Pigeon,58.17568,-6.24337,7.5,Summer,0.124,101,3
Common Wood-Pigeon,58.17568,-5.26402,7.5,Summer,0.1797,123,19
Common Wood-Pigeon,58.17568,-5.01918,7.5,Summer,0.1005,52,3
Common Wood-Pigeon,58.17568,-3.79499,7.5,Summer,0.1907,23,4
Common Wood-Pigeon,58.17568,-3.55015,7.5,Summer,0.1929,44,10
Common Wood-Pigeon,58.31081,-6.48821,7.5,Summer,0.1252,64,2
Common Wood-Pigeon,58.31081,-6.24337,7.5,Summer,0.1028,163,17
Common Wood-Pigeon,58.31081,-5.26402,7.5,Summer,0.1308,70,11
Common Wood-Pigeon,58.31081,-5.01918,7.5,Summer,0.1035,40,1
Common Wood-Pigeon,58.31081,-3.79499,7.5,Summer,0.1261,47,2
Common Wood-Pigeon,58.31081,-3.30531,7.5,Summer,0.1656,52,3
Common Wood-Pigeon,58.31081,-3.06047,7.5,Summer,0.2198,6,1
Common Wood-Pigeon,58.44595,-6.48821,7.5,Summer,0.0947,19,2
Common Wood-Pigeon,58.44595,-6.24337,7.5,Summer,0.0971,130,3
Common Wood-Pigeon,58.44595,-5.26402,7.5,Summer,0.1212,94,19
Common Wood-Pigeon,58.44595,-5.01918,7.5,Summer,0.1261,54,2
Common Wood-Pigeon,58.44595,-4.5295,7.5,Summer,0.1556,33,2
Common Wood-Pigeon,58.44595,-4.28466,7.5,Summer,0.1555,27,3
Common Wood-Pigeon,58.44595,-3.79499,7.5,Summer,0.1504,16,1
Common Wood-Pigeon,58.44595,-3.30531,7.5,Summer,0.2453,6,2
Common Wood-Pigeon,58.44595,-3.06047,7.5,Summer,0.1989,74,15
Common Wood-Pigeon,58.58108,-4.77434,7.5,Summer,0.1195,110,4
Common Wood-Pigeon,58.58108,-4.5295,7.5,Summer,0.1192,26,1
Common Wood-Pigeon,58.58108,-4.28466,7.5,Summer,0.1481,31,7
Common Wood-Pigeon,58.58108,-4.03983,7.5,Summer,0.1293,37,7
Common Wood-Pigeon,58.58108,-3.79499,7.5,Summer,0.1798,34,3
Common Wood-Pigeon,58.58108,-3.55015,7.5,Summer,0.511,117,27
Common Wood-Pigeon,58.58108,-3.30531,7.5,Summer,0.24,172,62
Common Wood-Pigeon,58.58108,-3.06047,7.5,Summer,0.1566,174,9
Common Wood-Pigeon,58.71622,-3.30531,7.5,Summer,0.1648,103,4
Common Wood-Pigeon,58.71622,-3.06047,7.5,Summer,0.128,37,5
Common Wood-Pigeon,58.85135,-3.55015,7.5,Summer,0.1349,10,1
Common Wood-Pigeon,58.85135,-3.30531,7.5,Summer,0.1448,113,12
Common Wood-Pigeon,58.85135,-3.06047,7.5,Summer,0.2064,70,6
Common Wood-Pigeon,58.85135,-2.81564,7.5,Summer,0.1886,183,18
Common Wood-Pigeon,58.98649,-3.30531,7.5,Summer,0.1867,530,54
Common Wood-Pigeon,58.98649,-3.06047,7.5,Summer,0.1772,416,111
Common Wood-Pigeon,58.98649,-2.81564,7.5,Summer,0.1826,119,14
Common Wood-Pigeon,59.12162,-3.30531,7.5,Summer,0.1099,447,50
Common Wood-Pigeon,59.12162,-3.06047,7.5,Summer,0.1352,316,44
Common Wood-Pigeon,59.12162,-2.81564,7.5,Summer,0.1939,13,2
Common Wood-Pigeon,59.12162,-2.5708,7.5,Summer,0.0938,12,1
Common Wood-Pigeon,59.25676,-3.06047,7.5,Summer,0.1148,56,4
Common Wood-Pigeon,59.25676,-2.81564,7.5,Summer,0.0906,63,1
Common Wood-Pigeon,59.39189,-2.32596,7.5,Summer,0.0918,184,5
Common Wood-Pigeon,59.52703,-1.59145,7.5,Summer,0.0806,354,40
Common Wood-Pigeon,59.93243,-1.34661,7.5,Summer,0.0731,1489,266
Common Wood-Pigeon,59.93243,-1.10177,7.5,Summer,0.1032,126,1
Common Wood-Pigeon,60.06757,-1.34661,7.5,Summer,0.1058,208,51
Common Wood-Pigeon,60.06757,-1.10177,7.5,Summer,0.1099,75,2
Common Wood-Pigeon,60.2027,-1.59145,7.5,Summer,0.0864,33,1
Common Wood-Pigeon,60.2027,-1.34661,7.5,Summer,0.1109,126,31
Common Wood-Pigeon,60.2027,-1.10177,7.5,Summer,0.118,394,23
Common Wood-Pigeon,60.33784,-1.59145,7.5,Summer,0.1208,54,2
Common Wood-Pigeon,60.33784,-1.34661,7.5,Summer,0.0963,85,20
Common Wood-Pigeon,60.33784,-1.10177,7.5,Summer,0.096,45,2
Common Wood-Pigeon,60.47297,-1.34661,7.5,Summer,0.0951,54,9
Common Wood-Pigeon,60.47297,-1.10177,7.5,Summer,0.1063,77,2
Common Wood-Pigeon,60.47297,-0.85693,7.5,Summer,0.096,10,1
Common Wood-Pigeon,60.60811,-1.34661,7.5,Summer,0.0816,30,1
Common Wood-Pigeon,60.74324,-0.85693,7.5,Summer,0.1148,401,46
Common Wood-Pigeon,54.66216,-4.77434,7.5,Winter,0.3593,12,3
Common Wood-Pigeon,54.7973,-5.01918,7.5,Winter,0.3496,27,3
Common Wood-Pigeon,54.7973,-4.77434,7.5,Winter,0.3312,8,1
Common Wood-Pigeon,54.7973,-4.5295,7.5,Winter,0.4072,47,8
Common Wood-Pigeon,54.7973,-4.28466,7.5,Winter,0.4827,16,6
Common Wood-Pigeon,54.7973,-4.03983,7.5,Winter,0.5719,10,5
Common Wood-Pigeon,54.7973,-3.79499,7.5,Winter,0.631,14,8
Common Wood-Pigeon,54.93243,-5.26402,7.5,Winter,0.2464,7,3
Common Wood-Pigeon,54.93243,-5.01918,7.5,Winter,0.3783,90,26
Common Wood-Pigeon,54.93243,-4.5295,7.5,Winter,0.4072,25,10
Common Wood-Pigeon,54.93243,-4.28466,7.5,Winter,0.514,45,21
Common Wood-Pigeon,54.93243,-4.03983,7.5,Winter,0.6148,59,32
Common Wood-Pigeon,54.93243,-3.79499,7.5,Winter,0.6917,69,45
Common Wood-Pigeon,54.93243,-3.55015,7.5,Winter,0.6846,289,144
Common Wood-Pigeon,54.93243,-3.30531,7.5,Winter,0.6668,29,11
Common Wood-Pigeon,54.93243,-3.06047,7.5,Winter,0.6562,29,19
Common Wood-Pigeon,55.06757,-5.01918,7.5,Winter,0.3889,14,4
Common Wood-Pigeon,55.06757,-4.5295,7.5,Winter,0.3683,5,1
Common Wood-Pigeon,55.06757,-4.03983,7.5,Winter,0.5922,37,21
Common Wood-Pigeon,55.06757,-3.79499,7.5,Winter,0.6655,26,10
Common Wood-Pigeon,55.06757,-3.55015,7.5,Winter,0.7859,173,128
Common Wood-Pigeon,55.06757,-3.30531,7.5,Winter,0.6876,37,10
Common Wood-Pigeon,55.06757,-3.06047,7.5,Winter,0.677,10,4
Common Wood-Pigeon,55.2027,-5.01918,7.5,Winter,0.4019,8,1
Common Wood-Pigeon,55.2027,-4.77434,7.5,Winter,0.4477,20,2
Common Wood-Pigeon,55.2027,-4.28466,7.5,Winter,0.49,6,1
Common Wood-Pigeon,55.2027,-4.03983,7.5,Winter,0.5718,7,4
Common Wood-Pigeon,55.2027,-3.79499,7.5,Winter,0.6453,8,2
Common Wood-Pigeon,55.2027,-3.30531,7.5,Winter,0.6668,19,12
Common Wood-Pigeon,55.2027,-3.06047,7.5,Winter,0.6044,5,2
Common Wood-Pigeon,55.2027,-2.81564,7.5,Winter,0.584,6,1
Common Wood-Pigeon,55.33784,-5.75369,7.5,Winter,0.1511,5,1
Common Wood-Pigeon,55.33784,-4.77434,7.5,Winter,0.464,114,14
Common Wood-Pigeon,55.33784,-4.5295,7.5,Winter,0.5003,24,2
Common Wood-Pigeon,55.33784,-4.28466,7.5,Winter,0.5081,67,14
Common Wood-Pigeon,55.33784,-4.03983,7.5,Winter,0.517,3,1
Common Wood-Pigeon,55.33784,-3.79499,7.5,Winter,0.5592,21,4
Common Wood-Pigeon,55.33784,-3.55015,7.5,Winter,0.5667,23,9
Common Wood-Pigeon,55.33784,-2.81564,7.5,Winter,0.6067,7,3
Common Wood-Pigeon,55.47297,-5.75369,7.5,Winter,0.1382,36,2
Common Wood-Pigeon,55.47297,-5.26402,7.5,Winter,0.4046,10,6
Common Wood-Pigeon,55.47297,-5.01918,7.5,Winter,0.4732,8,4
Common Wood-Pigeon,55.47297,-4.77434,7.5,Winter,0.3664,596,60
Common Wood-Pigeon,55.47297,-4.5295,7.5,Winter,0.711,1316,449
Common Wood-Pigeon,55.47297,-4.28466,7.5,Winter,0.561,31,11
Common Wood-Pigeon,55.47297,-4.03983,7.5,Winter,0.5821,12,3
Common Wood-Pigeon,55.47297,-3.79499,7.5,Winter,0.4573,63,2
Common Wood-Pigeon,55.47297,-3.55015,7.5,Winter,0.4008,34,2
Common Wood-Pigeon,55.47297,-3.30531,7.5,Winter,0.4365,14,2
Common Wood-Pigeon,55.47297,-2.81564,7.5,Winter,0.7276,75,63
Common Wood-Pigeon,55.47297,-2.5708,7.5,Winter,0.743,52,33
Common Wood-Pigeon,55.47297,-2.32596,7.5,Winter,0.6593,5,3
Common Wood-Pigeon,55.60811,-6.24337,7.5,Winter,0.0952,95,4
Common Wood-Pigeon,55.60811,-5.99853,7.5,Winter,0.1259,6,1
Common Wood-Pigeon,55.60811,-5.75369,7.5,Winter,0.1405,25,9
Common Wood-Pigeon,55.60811,-5.50885,7.5,Winter,0.1876,7,1
Common Wood-Pigeon,55.60811,-5.26402,7.5,Winter,0.3053,26,8
Common Wood-Pigeon,55.60811,-5.01918,7.5,Winter,0.4009,1,1
Common Wood-Pigeon,55.60811,-4.77434,7.5,Winter,0.4455,4222,621
Common Wood-Pigeon,55.60811,-4.5295,7.5,Winter,0.728,17240,5070
Common Wood-Pigeon,55.60811,-4.28466,7.5,Winter,0.5671,15,3
Common Wood-Pigeon,55.60811,-3.79499,7.5,Winter,0.6564,26,8
Common Wood-Pigeon,55.60811,-3.55015,7.5,Winter,0.6124,36,3
Common Wood-Pigeon,55.60811,-3.30531,7.5,Winter,0.616,25,11
Common Wood-Pigeon,55.60811,-3.06047,7.5,Winter,0.7358,23,15
Common Wood-Pigeon,55.60811,-2.81564,7.5,Winter,0.7861,95,66
Common Wood-Pigeon,55.60811,-2.5708,7.5,Winter,0.7382,20,10
Common Wood-Pigeon,55.60811,-2.32596,7.5,Winter,0.674,53,37
Common Wood-Pigeon,55.74324,-6.48821,7.5,Winter,0.0961,93,2
Common Wood-Pigeon,55.74324,-6.24337,7.5,Winter,0.1291,265,24
Common Wood-Pigeon,55.74324,-5.99853,7.5,Winter,0.1354,16,3
Common Wood-Pigeon,55.74324,-5.50885,7.5,Winter,0.2279,43,2
Common Wood-Pigeon,55.74324,-5.26402,7.5,Winter,0.3983,9,7
Common Wood-Pigeon,55.74324,-5.01918,7.5,Winter,0.4194,103,39
Common Wood-Pigeon,55.74324,-4.77434,7.5,Winter,0.4429,99,23
Common Wood-Pigeon,55.74324,-4.5295,7.5,Winter,0.4998,329,94
Common Wood-Pigeon,55.74324,-4.28466,7.5,Winter,0.7153,631,216
Common Wood-Pigeon,55.74324,-4.03983,7.5,Winter,0.7608,253,158
Common Wood-Pigeon,55.74324,-3.79499,7.5,Winter,0.6539,44,12
Common Wood-Pigeon,55.74324,-3.55015,7.5,Winter,0.68,34,22
Common Wood-Pigeon,55.74324,-3.30531,7.5,Winter,0.6836,43,16
Common Wood-Pigeon,55.74324,-3.06047,7.5,Winter,0.7219,248,76
Common Wood-Pigeon,55.74324,-2.81564,7.5,Winter,0.7229,26,4
Common Wood-Pigeon,55.74324,-2.32596,7.5,Winter,0.6826,4,3
Common Wood-Pigeon,55.74324,-2.08112,7.5,Winter,0.6797,13,10
Common Wood-Pigeon,55.87838,-6.24337,7.5,Winter,0.1354,204,25
Common Wood-Pigeon,55.87838,-5.99853,7.5,Winter,0.1337,16,1
Common Wood-Pigeon,55.87838,-5.50885,7.5,Winter,0.2169,28,2
Common Wood-Pigeon,55.87838,-5.26402,7.5,Winter,0.4345,17,3
Common Wood-Pigeon,55.87838,-5.01918,7.5,Winter,0.4725,15,3
Common Wood-Pigeon,55.87838,-4.77434,7.5,Winter,0.3789,20,5
Common Wood-Pigeon,55.87838,-4.5295,7.5,Winter,0.7436,384,212
Common Wood-Pigeon,55.87838,-4.28466,7.5,Winter,0.7888,1701,992
Common Wood-Pigeon,55.87838,-4.03983,7.5,Winter,0.7785,209,95
Common Wood-Pigeon,55.87838,-3.79499,7.5,Winter,0.6855,88,32
Common Wood-Pigeon,55.87838,-3.55015,7.5,Winter,0.7825,227,132
Common Wood-Pigeon,55.87838,-3.30531,7.5,Winter,0.7482,1796,1247
Common Wood-Pigeon,55.87838,-3.06047,7.5,Winter,0.7785,1773,1311
Common Wood-Pigeon,55.87838,-2.81564,7.5,Winter,0.7571,163,107
Common Wood-Pigeon,55.87838,-2.5708,7.5,Winter,0.6888,32,12
Common Wood-Pigeon,55.87838,-2.32596,7.5,Winter,0.696,71,25
Common Wood-Pigeon,55.87838,-2.08112,7.5,Winter,0.4564,65,25
Common Wood-Pigeon,56.01351,-5.26402,7.5,Winter,0.3973,33,7
Common Wood-Pigeon,56.01351,-5.01918,7.5,Winter,0.4683,105,54
Common Wood-Pigeon,56.01351,-4.77434,7.5,Winter,0.3888,80,30
Common Wood-Pigeon,56.01351,-4.5295,7.5,Winter,0.6355,162,103
Common Wood-Pigeon,56.01351,-4.28466,7.5,Winter,0.6019,55,28
Common Wood-Pigeon,56.01351,-4.03983,7.5,Winter,0.7548,24,5
Common Wood-Pigeon,56.01351,-3.79499,7.5,Winter,0.7926,358,231
Common Wood-Pigeon,56.01351,-3.55015,7.5,Winter,0.7573,507,336
Common Wood-Pigeon,56.01351,-3.30531,7.5,Winter,0.7615,2000,1436
Common Wood-Pigeon,56.01351,-3.06047,7.5,Winter,0.7665,1585,936
Common Wood-Pigeon,56.01351,-2.81564,7.5,Winter,0.7576,874,516
Common Wood-Pigeon,56.01351,-2.5708,7.5,Winter,0.6911,643,340
Common Wood-Pigeon,56.01351,-2.32596,7.5,Winter,0.5241,144,44
Common Wood-Pigeon,56.14865,-5.50885,7.5,Winter,0.1544,10,2
Common Wood-Pigeon,56.14865,-5.01918,7.5,Winter,0.2064,7,1
Common Wood-Pigeon,56.14865,-4.77434,7.5,Winter,0.2406,38,7
Common Wood-Pigeon,56.14865,-4.5295,7.5,Winter,0.4857,46,14
Common Wood-Pigeon,56.14865,-4.28466,7.5,Winter,0.5913,34,11
Common Wood-Pigeon,56.14865,-4.03983,7.5,Winter,0.7471,363,270
Common Wood-Pigeon,56.14865,-3.79499,7.5,Winter,0.7615,490,357
Common Wood-Pigeon,56.14865,-3.55015,7.5,Winter,0.7414,196,103
Common Wood-Pigeon,56.14865,-3.30531,7.5,Winter,0.7602,535,333
Common Wood-Pigeon,56.14865,-3.06047,7.5,Winter,0.788,302,151
Common Wood-Pigeon,56.14865,-2.81564,7.5,Winter,0.7575,219,98
Common Wood-Pigeon,56.14865,-2.5708,7.5,Winter,0.6192,4,1
Common Wood-Pigeon,56.28378,-5.50885,7.5,Winter,0.1794,14,1
Common Wood-Pigeon,56.28378,-5.01918,7.5,Winter,0.1497,7,1
Common Wood-Pigeon,56.28378,-4.77434,7.5,Winter,0.1597,19,4
Common Wood-Pigeon,56.28378,-4.5295,7.5,Winter,0.4309,4,2
Common Wood-Pigeon,56.28378,-4.28466,7.5,Winter,0.5515,56,29
Common Wood-Pigeon,56.28378,-4.03983,7.5,Winter,0.663,8,3
Common Wood-Pigeon,56.28378,-3.79499,7.5,Winter,0.6826,54,34
Common Wood-Pigeon,56.28378,-3.55015,7.5,Winter,0.7102,18,6
Common Wood-Pigeon,56.28378,-3.30531,7.5,Winter,0.7347,81,43
Common Wood-Pigeon,56.28378,-3.06047,7.5,Winter,0.7642,327,171
Common Wood-Pigeon,56.28378,-2.81564,7.5,Winter,0.7678,1177,727
Common Wood-Pigeon,56.28378,-2.5708,7.5,Winter,0.5877,333,92
Common Wood-Pigeon,56.41892,-5.99853,7.5,Winter,0.1209,10,2
Common Wood-Pigeon,56.41892,-5.50885,7.5,Winter,0.1728,66,12
Common Wood-Pigeon,56.41892,-5.26402,7.5,Winter,0.1741,12,3
Common Wood-Pigeon,56.41892,-5.01918,7.5,Winter,0.1371,7,1
Common Wood-Pigeon,56.41892,-4.77434,7.5,Winter,0.1743,5,4
Common Wood-Pigeon,56.41892,-4.28466,7.5,Winter,0.5516,48,20
Common Wood-Pigeon,56.41892,-4.03983,7.5,Winter,0.6147,50,16
Common Wood-Pigeon,56.41892,-3.79499,7.5,Winter,0.6641,27,22
Common Wood-Pigeon,56.41892,-3.55015,7.5,Winter,0.7379,90,75
Common Wood-Pigeon,56.41892,-3.30531,7.5,Winter,0.7689,176,128
Common Wood-Pigeon,56.41892,-3.06047,7.5,Winter,0.7801,316,214
Common Wood-Pigeon,56.41892,-2.81564,7.5,Winter,0.6939,524,246
Common Wood-Pigeon,56.55405,-5.99853,7.5,Winter,0.1264,9,1
Common Wood-Pigeon,56.55405,-4.77434,7.5,Winter,0.1783,11,3
Common Wood-Pigeon,56.55405,-4.28466,7.5,Winter,0.3875,36,8
Common Wood-Pigeon,56.55405,-4.03983,7.5,Winter,0.5661,14,4
Common Wood-Pigeon,56.55405,-3.79499,7.5,Winter,0.6225,15,8
Common Wood-Pigeon,56.55405,-3.55015,7.5,Winter,0.6821,81,29
Common Wood-Pigeon,56.55405,-3.30531,7.5,Winter,0.6949,24,12
Common Wood-Pigeon,56.55405,-3.06047,7.5,Winter,0.7477,29,16
Common Wood-Pigeon,56.55405,-2.81564,7.5,Winter,0.7473,28,13
Common Wood-Pigeon,56.55405,-2.5708,7.5,Winter,0.6558,56,18
Common Wood-Pigeon,56.68919,-6.24337,7.5,Winter,0.1194,13,2
Common Wood-Pigeon,56.68919,-5.99853,7.5,Winter,0.1395,5,1
Common Wood-Pigeon,56.68919,-5.75369,7.5,Winter,0.1556,16,1
Common Wood-Pigeon,56.68919,-5.50885,7.5,Winter,0.1452,9,4
Common Wood-Pigeon,56.68919,-5.26402,7.5,Winter,0.1838,14,1
Common Wood-Pigeon,56.68919,-4.5295,7.5,Winter,0.4617,12,3
Common Wood-Pigeon,56.68919,-4.28466,7.5,Winter,0.4088,4,1
Common Wood-Pigeon,56.68919,-4.03983,7.5,Winter,0.4154,5,1
Common Wood-Pigeon,56.68919,-3.79499,7.5,Winter,0.6379,70,52
Common Wood-Pigeon,56.68919,-3.55015,7.5,Winter,0.6484,11,1
Common Wood-Pigeon,56.68919,-3.30531,7.5,Winter,0.6587,15,7
Common Wood-Pigeon,56.68919,-3.06047,7.5,Winter,0.7037,60,37
Common Wood-Pigeon,56.68919,-2.81564,7.5,Winter,0.6799,35,22
Common Wood-Pigeon,56.68919,-2.5708,7.5,Winter,0.6679,202,125
Common Wood-Pigeon,56.68919,-2.32596,7.5,Winter,0.6734,13,7
Common Wood-Pigeon,56.82432,-5.75369,7.5,Winter,0.1365,29,11
Common Wood-Pigeon,56.82432,-5.01918,7.5,Winter,0.1312,42,5
Common Wood-Pigeon,56.82432,-4.03983,7.5,Winter,0.3134,11,3
Common Wood-Pigeon,56.82432,-3.79499,7.5,Winter,0.2645,7,3
Common Wood-Pigeon,56.82432,-3.30531,7.5,Winter,0.624,48,2
Common Wood-Pigeon,56.82432,-3.06047,7.5,Winter,0.6734,6,2
Common Wood-Pigeon,56.82432,-2.81564,7.5,Winter,0.6802,7,6
Common Wood-Pigeon,56.82432,-2.5708,7.5,Winter,0.6758,130,92
Common Wood-Pigeon,56.82432,-2.32596,7.5,Winter,0.6682,83,40
Common Wood-Pigeon,56.95946,-6.24337,7.5,Winter,0.1227,45,11
Common Wood-Pigeon,56.95946,-5.75369,7.5,Winter,0.1242,18,1
Common Wood-Pigeon,56.95946,-4.5295,7.5,Winter,0.4837,15,3
Common Wood-Pigeon,56.95946,-4.28466,7.5,Winter,0.2798,10,4
Common Wood-Pigeon,56.95946,-3.55015,7.5,Winter,0.2935,11,4
Common Wood-Pigeon,56.95946,-3.30531,7.5,Winter,0.3134,33,12
Common Wood-Pigeon,56.95946,-3.06047,7.5,Winter,0.5179,4,1
Common Wood-Pigeon,56.95946,-2.81564,7.5,Winter,0.6326,2,2
Common Wood-Pigeon,56.95946,-2.32596,7.5,Winter,0.7024,21,7
Common Wood-Pigeon,56.95946,-2.08112,7.5,Winter,0.7218,42,16
Common Wood-Pigeon,57.09459,-5.99853,7.5,Winter,0.1189,8,2
Common Wood-Pigeon,57.09459,-5.75369,7.5,Winter,0.1315,11,2
Common Wood-Pigeon,57.09459,-4.77434,7.5,Winter,0.239,13,3
Common Wood-Pigeon,57.09459,-4.03983,7.5,Winter,0.6,301,126
Common Wood-Pigeon,57.09459,-3.79499,7.5,Winter,0.1974,97,28
Common Wood-Pigeon,57.09459,-3.55015,7.5,Winter,0.1983,126,2
Common Wood-Pigeon,57.09459,-3.30531,7.5,Winter,0.2637,25,10
Common Wood-Pigeon,57.09459,-3.06047,7.5,Winter,0.3467,15,4
Common Wood-Pigeon,57.09459,-2.81564,7.5,Winter,0.6633,32,20
Common Wood-Pigeon,57.09459,-2.5708,7.5,Winter,0.6766,33,24
Common Wood-Pigeon,57.09459,-2.32596,7.5,Winter,0.7314,110,73
Common Wood-Pigeon,57.09459,-2.08112,7.5,Winter,0.7146,1022,633
Common Wood-Pigeon,57.22973,-5.99853,7.5,Winter,0.1164,81,3
Common Wood-Pigeon,57.22973,-4.5295,7.5,Winter,0.4759,11,3
Common Wood-Pigeon,57.22973,-4.28466,7.5,Winter,0.5225,3,3
Common Wood-Pigeon,57.22973,-4.03983,7.5,Winter,0.5936,69,40
Common Wood-Pigeon,57.22973,-3.79499,7.5,Winter,0.618,583,225
Common Wood-Pigeon,57.22973,-3.55015,7.5,Winter,0.5648,232,96
Common Wood-Pigeon,57.22973,-3.30531,7.5,Winter,0.5065,38,13
Common Wood-Pigeon,57.22973,-3.06047,7.5,Winter,0.5286,1,1
Common Wood-Pigeon,57.22973,-2.81564,7.5,Winter,0.6486,9,7
Common Wood-Pigeon,57.22973,-2.5708,7.5,Winter,0.6742,31,22
Common Wood-Pigeon,57.22973,-2.32596,7.5,Winter,0.7128,26,18
Common Wood-Pigeon,57.22973,-2.08112,7.5,Winter,0.7227,305,208
Common Wood-Pigeon,57.36486,-6.24337,7.5,Winter,0.1093,51,3
Common Wood-Pigeon,57.36486,-4.77434,7.5,Winter,0.245,10,7
Common Wood-Pigeon,57.36486,-4.5295,7.5,Winter,0.5414,125,72
Common Wood-Pigeon,57.36486,-4.28466,7.5,Winter,0.5488,66,9
Common Wood-Pigeon,57.36486,-4.03983,7.5,Winter,0.5898,35,17
Common Wood-Pigeon,57.36486,-3.79499,7.5,Winter,0.5627,79,11
Common Wood-Pigeon,57.36486,-3.55015,7.5,Winter,0.5878,228,134
Common Wood-Pigeon,57.36486,-3.30531,7.5,Winter,0.6197,32,6
Common Wood-Pigeon,57.36486,-2.81564,7.5,Winter,0.6644,5,3
Common Wood-Pigeon,57.36486,-2.5708,7.5,Winter,0.6628,67,52
Common Wood-Pigeon,57.36486,-2.32596,7.5,Winter,0.6485,2,1
Common Wood-Pigeon,57.36486,-2.08112,7.5,Winter,0.7031,95,56
Common Wood-Pigeon,57.36486,-1.83628,7.5,Winter,0.3989,23,4
Common Wood-Pigeon,57.5,-6.73304,7.5,Winter,0.1014,244,6
Common Wood-Pigeon,57.5,-6.48821,7.5,Winter,0.1062,32,1
Common Wood-Pigeon,57.5,-5.75369,7.5,Winter,0.111,7,1
Common Wood-Pigeon,57.5,-4.5295,7.5,Winter,0.6079,25,16
Common Wood-Pigeon,57.5,-4.28466,7.5,Winter,0.7559,622,373
Common Wood-Pigeon,57.5,-4.03983,7.5,Winter,0.6494,511,207
Common Wood-Pigeon,57.5,-3.79499,7.5,Winter,0.6231,23,6
Common Wood-Pigeon,57.5,-3.55015,7.5,Winter,0.6472,4,1
Common Wood-Pigeon,57.5,-3.30531,7.5,Winter,0.656,6,3
Common Wood-Pigeon,57.5,-3.06047,7.5,Winter,0.6933,6,4
Common Wood-Pigeon,57.5,-2.81564,7.5,Winter,0.6462,3,1
Common Wood-Pigeon,57.5,-2.32596,7.5,Winter,0.6774,5,3
Common Wood-Pigeon,57.5,-2.08112,7.5,Winter,0.6836,30,16
Common Wood-Pigeon,57.5,-1.83628,7.5,Winter,0.4252,27,5
Common Wood-Pigeon,57.63514,-6.48821,7.5,Winter,0.0892,11,1
Common Wood-Pigeon,57.63514,-5.50885,7.5,Winter,0.1194,5,1
Common Wood-Pigeon,57.63514,-4.5295,7.5,Winter,0.5844,66,34
Common Wood-Pigeon,57.63514,-4.28466,7.5,Winter,0.5981,56,25
Common Wood-Pigeon,57.63514,-4.03983,7.5,Winter,0.5905,354,93
Common Wood-Pigeon,57.63514,-3.79499,7.5,Winter,0.6164,297,115
Common Wood-Pigeon,57.63514,-3.55015,7.5,Winter,0.6795,318,160
Common Wood-Pigeon,57.63514,-3.30531,7.5,Winter,0.766,341,172
Common Wood-Pigeon,57.63514,-3.06047,7.5,Winter,0.7025,52,17
Common Wood-Pigeon,57.63514,-2.81564,7.5,Winter,0.6472,6,2
Common Wood-Pigeon,57.63514,-2.32596,7.5,Winter,0.4616,9,2
Common Wood-Pigeon,57.63514,-2.08112,7.5,Winter,0.4921,57,8
Common Wood-Pigeon,57.63514,-1.83628,7.5,Winter,0.2911,140,65
Common Wood-Pigeon,57.77027,-5.75369,7.5,Winter,0.1162,31,4
Common Wood-Pigeon,57.77027,-5.50885,7.5,Winter,0.1284,19,1
Common Wood-Pigeon,57.77027,-4.03983,7.5,Winter,0.6079,88,32
Common Wood-Pigeon,57.77027,-3.79499,7.5,Winter,0.5978,153,140
Common Wood-Pigeon,57.77027,-3.55015,7.5,Winter,0.5966,140,21
Common Wood-Pigeon,57.77027,-3.30531,7.5,Winter,0.5671,185,34
Common Wood-Pigeon,57.90541,-5.50885,7.5,Winter,0.1282,41,4
Common Wood-Pigeon,57.90541,-5.26402,7.5,Winter,0.1492,35,5
Common Wood-Pigeon,57.90541,-5.01918,7.5,Winter,0.1497,36,5
Common Wood-Pigeon,57.90541,-4.5295,7.5,Winter,0.3807,10,6
Common Wood-Pigeon,57.90541,-4.28466,7.5,Winter,0.3885,43,19
Common Wood-Pigeon,57.90541,-4.03983,7.5,Winter,0.4098,192,28
Common Wood-Pigeon,57.90541,-3.79499,7.5,Winter,0.3886,17,3
Common Wood-Pigeon,58.04054,-4.5295,7.5,Winter,0.3057,9,3
Common Wood-Pigeon,58.04054,-4.28466,7.5,Winter,0.2324,14,8
Common Wood-Pigeon,58.04054,-4.03983,7.5,Winter,0.2118,10,2
Common Wood-Pigeon,58.04054,-3.79499,7.5,Winter,0.2078,38,4
Common Wood-Pigeon,58.17568,-6.48821,7.5,Winter,0.1366,51,19
Common Wood-Pigeon,58.17568,-6.24337,7.5,Winter,0.1187,54,3
Common Wood-Pigeon,58.31081,-6.24337,7.5,Winter,0.0962,53,3
Common Wood-Pigeon,58.31081,-3.79499,7.5,Winter,0.1264,9,1
Common Wood-Pigeon,58.44595,-3.30531,7.5,Winter,0.2017,16,1
Common Wood-Pigeon,58.44595,-3.06047,7.5,Winter,0.1623,32,4
Common Wood-Pigeon,58.58108,-4.77434,7.5,Winter,0.1104,27,1
Common Wood-Pigeon,58.58108,-4.03983,7.5,Winter,0.1194,3,1
Common Wood-Pigeon,58.58108,-3.79499,7.5,Winter,0.155,15,3
Common Wood-Pigeon,58.58108,-3.55015,7.5,Winter,0.4101,57,3
Common Wood-Pigeon,58.58108,-3.30531,7.5,Winter,0.1919,39,2
Common Wood-Pigeon,58.85135,-2.81564,7.5,Winter,0.1606,28,1
Common Wood-Pigeon,58.98649,-3.06047,7.5,Winter,0.1498,31,10
Common Wood-Pigeon,59.12162,-3.06047,7.5,Winter,0.1149,28,1
Common Wood-Pigeon,59.52703,-1.59145,7.5,Winter,0.0785,87,3
Common Wood-Pigeon,59.93243,-1.34661,7.5,Winter,0.0705,905,8
Common Wood-Pigeon,60.06757,-1.34661,7.5,Winter,0.0865,290,1
Common Wood-Pigeon,60.2027,-1.34661,7.5,Winter,0.0864,47,3
Common Wood-Pigeon,60.2027,-1.10177,7.5,Winter,0.0972,254,4
Common Wood-Pigeon,60.60811,-1.10177,7.5,Winter,0.0708,50,1
Common Wood-Pigeon,60.74324,-0.85693,7.5,Winter,0.1019,280,3
Crested Tit,56.95946,-4.28466,7.5,Autumn,0.0003,18,1
Crested Tit,57.09459,-4.03983,7.5,Autumn,0.0063,242,8
Crested Tit,57.09459,-3.79499,7.5,Autumn,0.0156,105,32
Crested Tit,57.09459,-3.55015,7.5,Autumn,0.0007,58,1
Crested Tit,57.22973,-5.01918,7.5,Autumn,0.0099,6,1
Crested Tit,57.22973,-3.79499,7.5,Autumn,0.1135,655,221
Crested Tit,57.22973,-3.55015,7.5,Autumn,0.2305,169,35
Crested Tit,57.36486,-4.77434,7.5,Autumn,0.051,26,3
Crested Tit,57.36486,-4.5295,7.5,Autumn,0.0029,158,1
Crested Tit,57.36486,-4.28466,7.5,Autumn,0.0016,108,3
Crested Tit,57.36486,-3.79499,7.5,Autumn,0.046,98,8
Crested Tit,57.36486,-3.55015,7.5,Autumn,0.1885,167,33
Crested Tit,57.36486,-3.30531,7.5,Autumn,0.0007,10,1
Crested Tit,57.5,-4.5295,7.5,Autumn,0.0149,80,8
Crested Tit,57.5,-4.28466,7.5,Autumn,0.001,562,9
Crested Tit,57.5,-3.79499,7.5,Autumn,0.013,17,2
Crested Tit,57.63514,-4.5295,7.5,Autumn,0.0036,83,1
Crested Tit,57.63514,-4.28466,7.5,Autumn,0.001,93,1
Crested Tit,57.63514,-4.03983,7.5,Autumn,0.0013,581,1
Crested Tit,57.63514,-3.79499,7.5,Autumn,0.0091,202,8
Crested Tit,57.63514,-3.55015,7.5,Autumn,0.0076,283,9
Crested Tit,57.63514,-3.30531,7.5,Autumn,0.0007,151,1
Crested Tit,57.77027,-3.30531,7.5,Autumn,0.0008,202,9
Crested Tit,56.82432,-5.50885,7.5,Spring,0.0003,86,1
Crested Tit,56.95946,-3.79499,7.5,Spring,0.0004,7,1
Crested Tit,57.09459,-4.77434,7.5,Spring,0.0032,114,1
Crested Tit,57.09459,-4.03983,7.5,Spring,0.0047,709,6
Crested Tit,57.09459,-3.79499,7.5,Spring,0.0049,375,62
Crested Tit,57.09459,-3.55015,7.5,Spring,0.0008,433,1
Crested Tit,57.22973,-5.01918,7.5,Spring,0.0085,41,6
Crested Tit,57.22973,-3.79499,7.5,Spring,0.1008,2240,359
Crested Tit,57.22973,-3.55015,7.5,Spring,0.1615,560,86
Crested Tit,57.36486,-4.77434,7.5,Spring,0.0317,86,4
Crested Tit,57.36486,-4.5295,7.5,Spring,0.0024,272,5
Crested Tit,57.36486,-3.79499,7.5,Spring,0.0132,407,5
Crested Tit,57.36486,-3.55015,7.5,Spring,0.0914,445,47
Crested Tit,57.5,-4.5295,7.5,Spring,0.0024,192,3
Crested Tit,57.5,-4.28466,7.5,Spring,0.0004,915,7
Crested Tit,57.5,-4.03983,7.5,Spring,0.0007,691,1
Crested Tit,57.63514,-4.28466,7.5,Spring,0.0005,160,2
Crested Tit,57.63514,-3.79499,7.5,Spring,0.0021,223,3
Crested Tit,57.63514,-3.55015,7.5,Spring,0.0018,328,7
Crested Tit,57.77027,-4.03983,7.5,Spring,0.001,201,1
Crested Tit,57.77027,-3.30531,7.5,Spring,0.0005,165,1
Crested Tit,56.95946,-4.28466,7.5,Summer,0.0003,75,1
Crested Tit,57.09459,-4.03983,7.5,Summer,0.0077,526,13
Crested Tit,57.09459,-3.79499,7.5,Summer,0.0104,311,63
Crested Tit,57.09459,-3.55015,7.5,Summer,0.0007,315,2
Crested Tit,57.22973,-5.01918,7.5,Summer,0.0106,28,7
Crested Tit,57.22973,-4.5295,7.5,Summer,0.0098,77,1
Crested Tit,57.22973,-4.03983,7.5,Summer,0.003,133,1
Crested Tit,57.22973,-3.79499,7.5,Summer,0.1121,1932,465
Crested Tit,57.22973,-3.55015,7.5,Summer,0.2281,441,45
Crested Tit,57.22973,-3.30531,7.5,Summer,0.0006,128,1
Crested Tit,57.22973,-2.08112,7.5,Summer,0.0003,267,2
Crested Tit,57.36486,-4.77434,7.5,Summer,0.0529,58,3
Crested Tit,57.36486,-4.5295,7.5,Summer,0.0029,222,1
Crested Tit,57.36486,-4.28466,7.5,Summer,0.001,264,2
Crested Tit,57.36486,-3.79499,7.5,Summer,0.0353,308,6
Crested Tit,57.36486,-3.55015,7.5,Summer,0.1742,381,62
Crested Tit,57.5,-4.5295,7.5,Summer,0.0074,186,6
Crested Tit,57.5,-4.28466,7.5,Summer,0.0005,814,5
Crested Tit,57.63514,-4.5295,7.5,Summer,0.0024,173,1
Crested Tit,57.63514,-3.79499,7.5,Summer,0.0057,187,6
Crested Tit,57.63514,-3.55015,7.5,Summer,0.0035,190,2
Crested Tit,57.63514,-3.30531,7.5,Summer,0.0006,127,2
Crested Tit,57.77027,-4.03983,7.5,Summer,0.0017,134,2
Crested Tit,57.77027,-3.30531,7.5,Summer,0.0007,140,9
Crested Tit,56.95946,-3.79499,7.5,Winter,0.0004,3,1
Crested Tit,57.09459,-4.03983,7.5,Winter,0.0047,301,14
Crested Tit,57.09459,-3.79499,7.5,Winter,0.0105,97,48
Crested Tit,57.22973,-5.01918,7.5,Winter,0.0098,3,1
Crested Tit,57.22973,-4.77434,7.5,Winter,0.0106,4,1
Crested Tit,57.22973,-3.79499,7.5,Winter,0.1532,583,229
Crested Tit,57.22973,-3.55015,7.5,Winter,0.2317,232,75
Crested Tit,57.36486,-4.28466,7.5,Winter,0.0011,66,1
Crested Tit,57.36486,-3.79499,7.5,Winter,0.0364,79,6
Crested Tit,57.36486,-3.55015,7.5,Winter,0.1944,228,55
Crested Tit,57.5,-4.5295,7.5,Winter,0.0099,25,1
Crested Tit,57.5,-4.28466,7.5,Winter,0.0009,622,8
Crested Tit,57.5,-3.79499,7.5,Winter,0.0116,23,1
Crested Tit,57.63514,-4.77434,7.5,Winter,0.0025,7,1
Crested Tit,57.63514,-4.03983,7.5,Winter,0.0017,354,1
Crested Tit,57.63514,-3.79499,7.5,Winter,0.0106,297,8
Crested Tit,57.63514,-3.55015,7.5,Winter,0.0116,318,7
Crested Tit,57.63514,-3.30531,7.5,Winter,0.0006,341,2
Crested Tit,57.77027,-3.30531,7.5,Winter,0.0009,185,12
Eurasian Curlew,54.66216,-5.01918,7.5,Autumn,0.0583,21,4
Eurasian Curlew,54.66216,-4.77434,7.5,Autumn,0.0501,22,5
Eurasian Curlew,54.66216,-4.5295,7.5,Autumn,0.0593,5,1
Eurasian Curlew,54.66216,-4.28466,7.5,Autumn,0.0448,8,5
Eurasian Curlew,54.7973,-5.01918,7.5,Autumn,0.2376,38,10
Eurasian Curlew,54.7973,-4.77434,7.5,Autumn,0.0796,7,2
Eurasian Curlew,54.7973,-4.5295,7.5,Autumn,0.0607,46,20
Eurasian Curlew,54.7973,-4.28466,7.5,Autumn,0.0685,6,4
Eurasian Curlew,54.7973,-4.03983,7.5,Autumn,0.626,8,5
Eurasian Curlew,54.7973,-3.79499,7.5,Autumn,0.0803,7,7
Eurasian Curlew,54.93243,-5.01918,7.5,Autumn,0.2586,93,43
Eurasian Curlew,54.93243,-4.77434,7.5,Autumn,0.0449,2,1
Eurasian Curlew,54.93243,-4.5295,7.5,Autumn,0.0352,19,2
Eurasian Curlew,54.93243,-4.28466,7.5,Autumn,0.0365,30,10
Eurasian Curlew,54.93243,-3.79499,7.5,Autumn,0.0443,92,51
Eurasian Curlew,54.93243,-3.55015,7.5,Autumn,0.6198,239,153
Eurasian Curlew,54.93243,-3.30531,7.5,Autumn,0.6471,26,17
Eurasian Curlew,54.93243,-3.06047,7.5,Autumn,0.2621,46,26
Eurasian Curlew,55.06757,-5.26402,7.5,Autumn,0.0513,16,3
Eurasian Curlew,55.06757,-5.01918,7.5,Autumn,0.4584,27,9
Eurasian Curlew,55.06757,-4.28466,7.5,Autumn,0.0322,13,1
Eurasian Curlew,55.06757,-3.55015,7.5,Autumn,0.0304,165,16
Eurasian Curlew,55.2027,-5.01918,7.5,Autumn,0.0494,6,5
Eurasian Curlew,55.2027,-4.77434,7.5,Autumn,0.0501,17,6
Eurasian Curlew,55.33784,-5.75369,7.5,Autumn,0.0816,8,2
Eurasian Curlew,55.33784,-5.50885,7.5,Autumn,0.2148,7,3
Eurasian Curlew,55.33784,-4.77434,7.5,Autumn,0.2038,125,57
Eurasian Curlew,55.33784,-4.28466,7.5,Autumn,0.0336,22,1
Eurasian Curlew,55.33784,-3.55015,7.5,Autumn,0.0337,19,1
Eurasian Curlew,55.47297,-5.75369,7.5,Autumn,0.198,16,8
Eurasian Curlew,55.47297,-5.50885,7.5,Autumn,0.5155,19,9
Eurasian Curlew,55.47297,-5.26402,7.5,Autumn,0.1697,50,17
Eurasian Curlew,55.47297,-5.01918,7.5,Autumn,0.077,41,20
Eurasian Curlew,55.47297,-4.77434,7.5,Autumn,0.0681,581,190
Eurasian Curlew,55.47297,-4.5295,7.5,Autumn,0.038,1154,129
Eurasian Curlew,55.60811,-6.24337,7.5,Autumn,0.2468,96,12
Eurasian Curlew,55.60811,-5.75369,7.5,Autumn,0.0673,11,6
Eurasian Curlew,55.60811,-5.50885,7.5,Autumn,0.4391,5,3
Eurasian Curlew,55.60811,-5.26402,7.5,Autumn,0.0473,81,19
Eurasian Curlew,55.60811,-5.01918,7.5,Autumn,0.0506,20,6
Eurasian Curlew,55.60811,-4.77434,7.5,Autumn,0.1861,3758,1149
Eurasian Curlew,55.60811,-4.5295,7.5,Autumn,0.0283,21393,2133
Eurasian Curlew,55.60811,-3.06047,7.5,Autumn,0.0352,31,1
Eurasian Curlew,55.60811,-2.81564,7.5,Autumn,0.0282,83,1
Eurasian Curlew,55.74324,-6.48821,7.5,Autumn,0.4069,54,15
Eurasian Curlew,55.74324,-6.24337,7.5,Autumn,0.0931,173,56
Eurasian Curlew,55.74324,-5.50885,7.5,Autumn,0.0778,28,14
Eurasian Curlew,55.74324,-5.26402,7.5,Autumn,0.1967,34,19
Eurasian Curlew,55.74324,-5.01918,7.5,Autumn,0.5896,76,27
Eurasian Curlew,55.74324,-4.77434,7.5,Autumn,0.0579,71,24
Eurasian Curlew,55.74324,-4.5295,7.5,Autumn,0.0333,278,5
Eurasian Curlew,55.74324,-4.28466,7.5,Autumn,0.0332,566,1
Eurasian Curlew,55.74324,-4.03983,7.5,Autumn,0.0367,208,30
Eurasian Curlew,55.74324,-3.55015,7.5,Autumn,0.0377,38,1
Eurasian Curlew,55.87838,-6.24337,7.5,Autumn,0.4078,142,69
Eurasian Curlew,55.87838,-5.99853,7.5,Autumn,0.0662,20,2
Eurasian Curlew,55.87838,-5.50885,7.5,Autumn,0.0631,16,8
Eurasian Curlew,55.87838,-5.26402,7.5,Autumn,0.1973,14,8
Eurasian Curlew,55.87838,-5.01918,7.5,Autumn,0.5579,16,10
Eurasian Curlew,55.87838,-4.77434,7.5,Autumn,0.0584,36,7
Eurasian Curlew,55.87838,-4.5295,7.5,Autumn,0.0597,297,26
Eurasian Curlew,55.87838,-4.28466,7.5,Autumn,0.0225,1614,3
Eurasian Curlew,55.87838,-3.79499,7.5,Autumn,0.0341,50,8
Eurasian Curlew,55.87838,-3.30531,7.5,Autumn,0.0374,892,1
Eurasian Curlew,55.87838,-3.06047,7.5,Autumn,0.0292,1429,147
Eurasian Curlew,55.87838,-2.32596,7.5,Autumn,0.0666,105,39
Eurasian Curlew,55.87838,-2.08112,7.5,Autumn,0.3682,169,55
Eurasian Curlew,56.01351,-6.24337,7.5,Autumn,0.2015,25,7
Eurasian Curlew,56.01351,-5.75369,7.5,Autumn,0.3395,10,6
Eurasian Curlew,56.01351,-5.50885,7.5,Autumn,0.06,48,20
Eurasian Curlew,56.01351,-5.26402,7.5,Autumn,0.0732,7,5
Eurasian Curlew,56.01351,-5.01918,7.5,Autumn,0.0445,72,54
Eurasian Curlew,56.01351,-4.77434,7.5,Autumn,0.5991,77,39
Eurasian Curlew,56.01351,-3.79499,7.5,Autumn,0.0363,285,87
Eurasian Curlew,56.01351,-3.55015,7.5,Autumn,0.6303,300,140
Eurasian Curlew,56.01351,-3.30531,7.5,Autumn,0.2346,1675,401
Eurasian Curlew,56.01351,-3.06047,7.5,Autumn,0.107,1856,885
Eurasian Curlew,56.01351,-2.81564,7.5,Autumn,0.4017,652,320
Eurasian Curlew,56.01351,-2.5708,7.5,Autumn,0.686,447,290
Eurasian Curlew,56.01351,-2.32596,7.5,Autumn,0.1453,379,267
Eurasian Curlew,56.14865,-6.24337,7.5,Autumn,0.0656,9,2
Eurasian Curlew,56.14865,-5.50885,7.5,Autumn,0.1651,29,6
Eurasian Curlew,56.14865,-5.26402,7.5,Autumn,0.0636,6,4
Eurasian Curlew,56.14865,-5.01918,7.5,Autumn,0.0414,7,2
Eurasian Curlew,56.14865,-4.77434,7.5,Autumn,0.0452,53,10
Eurasian Curlew,56.14865,-4.03983,7.5,Autumn,0.0485,176,5
Eurasian Curlew,56.14865,-3.79499,7.5,Autumn,0.0602,274,35
Eurasian Curlew,56.14865,-3.30531,7.5,Autumn,0.1254,374,154
Eurasian Curlew,56.14865,-3.06047,7.5,Autumn,0.1844,103,18
Eurasian Curlew,56.14865,-2.81564,7.5,Autumn,0.2666,81,50
Eurasian Curlew,56.14865,-2.5708,7.5,Autumn,0.0825,22,10
Eurasian Curlew,56.28378,-6.48821,7.5,Autumn,0.0593,55,13
Eurasian Curlew,56.28378,-6.24337,7.5,Autumn,0.4589,22,3
Eurasian Curlew,56.28378,-5.50885,7.5,Autumn,0.3861,4,2
Eurasian Curlew,56.28378,-5.01918,7.5,Autumn,0.0419,23,2
Eurasian Curlew,56.28378,-3.30531,7.5,Autumn,0.1133,77,2
Eurasian Curlew,56.28378,-3.06047,7.5,Autumn,0.0739,309,64
Eurasian Curlew,56.28378,-2.81564,7.5,Autumn,0.1565,885,248
Eurasian Curlew,56.28378,-2.5708,7.5,Autumn,0.6019,604,287
Eurasian Curlew,56.41892,-6.97788,7.5,Autumn,0.0979,2,1
Eurasian Curlew,56.41892,-6.24337,7.5,Autumn,0.076,6,2
Eurasian Curlew,56.41892,-5.99853,7.5,Autumn,0.0652,72,33
Eurasian Curlew,56.41892,-5.75369,7.5,Autumn,0.4848,123,46
Eurasian Curlew,56.41892,-5.50885,7.5,Autumn,0.2296,147,16
Eurasian Curlew,56.41892,-5.26402,7.5,Autumn,0.0676,5,1
Eurasian Curlew,56.41892,-3.79499,7.5,Autumn,0.032,24,2
Eurasian Curlew,56.41892,-3.55015,7.5,Autumn,0.0536,96,5
Eurasian Curlew,56.41892,-3.30531,7.5,Autumn,0.0753,131,13
Eurasian Curlew,56.41892,-3.06047,7.5,Autumn,0.1304,363,21
Eurasian Curlew,56.41892,-2.81564,7.5,Autumn,0.5805,548,356
Eurasian Curlew,56.55405,-6.97788,7.5,Autumn,0.0995,27,7
Eurasian Curlew,56.55405,-6.73304,7.5,Autumn,0.3977,6,1
Eurasian Curlew,56.55405,-6.24337,7.5,Autumn,0.1019,64,23
Eurasian Curlew,56.55405,-5.99853,7.5,Autumn,0.1808,81,42
Eurasian Curlew,56.55405,-5.75369,7.5,Autumn,0.4532,70,29
Eurasian Curlew,56.55405,-5.50885,7.5,Autumn,0.1239,22,7
Eurasian Curlew,56.55405,-5.26402,7.5,Autumn,0.4381,16,8
Eurasian Curlew,56.55405,-2.81564,7.5,Autumn,0.0495,26,10
Eurasian Curlew,56.55405,-2.5708,7.5,Autumn,0.3934,60,27
Eurasian Curlew,56.68919,-6.48821,7.5,Autumn,0.4527,4,2
Eurasian Curlew,56.68919,-6.24337,7.5,Autumn,0.3858,44,9
Eurasian Curlew,56.68919,-5.99853,7.5,Autumn,0.4066,45,14
Eurasian Curlew,56.68919,-5.75369,7.5,Autumn,0.432,30,3
Eurasian Curlew,56.68919,-5.50885,7.5,Autumn,0.151,20,9
Eurasian Curlew,56.68919,-5.26402,7.5,Autumn,0.2532,49,1
Eurasian Curlew,56.68919,-5.01918,7.5,Autumn,0.1218,142,6
Eurasian Curlew,56.68919,-4.03983,7.5,Autumn,0.0348,22,2
Eurasian Curlew,56.68919,-3.06047,7.5,Autumn,0.0465,95,1
Eurasian Curlew,56.68919,-2.5708,7.5,Autumn,0.1825,265,166
Eurasian Curlew,56.68919,-2.32596,7.5,Autumn,0.0774,26,18
Eurasian Curlew,56.82432,-6.24337,7.5,Autumn,0.0699,6,2
Eurasian Curlew,56.82432,-5.99853,7.5,Autumn,0.0658,2,2
Eurasian Curlew,56.82432,-5.75369,7.5,Autumn,0.1282,36,13
Eurasian Curlew,56.82432,-5.26402,7.5,Autumn,0.0562,9,1
Eurasian Curlew,56.82432,-5.01918,7.5,Autumn,0.0375,127,8
Eurasian Curlew,56.82432,-2.5708,7.5,Autumn,0.0729,79,5
Eurasian Curlew,56.82432,-2.32596,7.5,Autumn,0.4876,51,20
Eurasian Curlew,56.95946,-7.46756,7.5,Autumn,0.4608,26,10
Eurasian Curlew,56.95946,-6.24337,7.5,Autumn,0.2777,68,28
Eurasian Curlew,56.95946,-5.75369,7.5,Autumn,0.0452,105,33
Eurasian Curlew,56.95946,-3.30531,7.5,Autumn,0.0424,46,1
Eurasian Curlew,56.95946,-2.32596,7.5,Autumn,0.0477,29,1
Eurasian Curlew,56.95946,-2.08112,7.5,Autumn,0.0717,92,23
Eurasian Curlew,57.09459,-7.46756,7.5,Autumn,0.1149,14,7
Eurasian Curlew,57.09459,-7.22272,7.5,Autumn,0.4218,13,6
Eurasian Curlew,57.09459,-6.48821,7.5,Autumn,0.1141,1,1
Eurasian Curlew,57.09459,-6.24337,7.5,Autumn,0.0634,5,4
Eurasian Curlew,57.09459,-5.99853,7.5,Autumn,0.4514,37,8
Eurasian Curlew,57.09459,-5.75369,7.5,Autumn,0.3911,33,4
Eurasian Curlew,57.09459,-4.03983,7.5,Autumn,0.0312,242,4
Eurasian Curlew,57.09459,-2.08112,7.5,Autumn,0.5089,1071,354
Eurasian Curlew,57.22973,-7.46756,7.5,Autumn,0.546,56,22
Eurasian Curlew,57.22973,-7.22272,7.5,Autumn,0.2687,11,6
Eurasian Curlew,57.22973,-6.24337,7.5,Autumn,0.0814,53,5
Eurasian Curlew,57.22973,-5.99853,7.5,Autumn,0.2683,170,85
Eurasian Curlew,57.22973,-5.75369,7.5,Autumn,0.051,61,21
Eurasian Curlew,57.22973,-5.50885,7.5,Autumn,0.2391,94,20
Eurasian Curlew,57.22973,-4.03983,7.5,Autumn,0.0333,90,2
Eurasian Curlew,57.22973,-2.08112,7.5,Autumn,0.2291,282,33
Eurasian Curlew,57.36486,-7.46756,7.5,Autumn,0.1391,73,44
Eurasian Curlew,57.36486,-7.22272,7.5,Autumn,0.2887,22,5
Eurasian Curlew,57.36486,-6.73304,7.5,Autumn,0.3156,40,1
Eurasian Curlew,57.36486,-6.48821,7.5,Autumn,0.3425,31,10
Eurasian Curlew,57.36486,-6.24337,7.5,Autumn,0.0993,155,26
Eurasian Curlew,57.36486,-5.99853,7.5,Autumn,0.4075,26,7
Eurasian Curlew,57.36486,-5.75369,7.5,Autumn,0.2428,43,4
Eurasian Curlew,57.36486,-5.50885,7.5,Autumn,0.3844,30,8
Eurasian Curlew,57.36486,-4.28466,7.5,Autumn,0.0421,108,1
Eurasian Curlew,57.36486,-2.08112,7.5,Autumn,0.0477,200,140
Eurasian Curlew,57.36486,-1.83628,7.5,Autumn,0.3079,66,6
Eurasian Curlew,57.5,-7.46756,7.5,Autumn,0.1128,50,22
Eurasian Curlew,57.5,-7.22272,7.5,Autumn,0.3703,14,6
Eurasian Curlew,57.5,-6.73304,7.5,Autumn,0.3489,244,57
Eurasian Curlew,57.5,-6.48821,7.5,Autumn,0.2166,64,11
Eurasian Curlew,57.5,-6.24337,7.5,Autumn,0.0711,77,21
Eurasian Curlew,57.5,-5.75369,7.5,Autumn,0.0574,50,11
Eurasian Curlew,57.5,-5.50885,7.5,Autumn,0.0544,11,1
Eurasian Curlew,57.5,-4.5295,7.5,Autumn,0.0383,80,2
Eurasian Curlew,57.5,-4.28466,7.5,Autumn,0.1503,562,237
Eurasian Curlew,57.5,-4.03983,7.5,Autumn,0.0896,423,175
Eurasian Curlew,57.5,-2.32596,7.5,Autumn,0.037,18,1
Eurasian Curlew,57.5,-1.83628,7.5,Autumn,0.3064,45,19
Eurasian Curlew,57.63514,-7.46756,7.5,Autumn,0.3907,72,46
Eurasian Curlew,57.63514,-7.22272,7.5,Autumn,0.4207,32,13
Eurasian Curlew,57.63514,-6.48821,7.5,Autumn,0.0752,42,21
Eurasian Curlew,57.63514,-6.24337,7.5,Autumn,0.3771,184,18
Eurasian Curlew,57.63514,-4.5295,7.5,Autumn,0.0414,83,4
Eurasian Curlew,57.63514,-4.28466,7.5,Autumn,0.6624,93,36
Eurasian Curlew,57.63514,-4.03983,7.5,Autumn,0.6467,581,347
Eurasian Curlew,57.63514,-3.79499,7.5,Autumn,0.0937,202,77
Eurasian Curlew,57.63514,-3.55015,7.5,Autumn,0.2164,283,108
Eurasian Curlew,57.63514,-3.30531,7.5,Autumn,0.0556,151,10
Eurasian Curlew,57.63514,-3.06047,7.5,Autumn,0.1756,109,49
Eurasian Curlew,57.63514,-2.81564,7.5,Autumn,0.0571,40,8
Eurasian Curlew,57.63514,-2.5708,7.5,Autumn,0.2918,29,9
Eurasian Curlew,57.63514,-2.32596,7.5,Autumn,0.2842,32,2
Eurasian Curlew,57.63514,-2.08112,7.5,Autumn,0.0702,39,15
Eurasian Curlew,57.63514,-1.83628,7.5,Autumn,0.4414,165,64
Eurasian Curlew,57.77027,-8.69175,7.5,Autumn,0.0773,2,1
Eurasian Curlew,57.77027,-7.22272,7.5,Autumn,0.0815,18,7
Eurasian Curlew,57.77027,-6.97788,7.5,Autumn,0.0966,28,14
Eurasian Curlew,57.77027,-6.73304,7.5,Autumn,0.0672,6,1
Eurasian Curlew,57.77027,-5.75369,7.5,Autumn,0.0708,55,10
Eurasian Curlew,57.77027,-5.50885,7.5,Autumn,0.0559,25,9
Eurasian Curlew,57.77027,-5.01918,7.5,Autumn,0.0412,22,4
Eurasian Curlew,57.77027,-4.03983,7.5,Autumn,0.1144,104,71
Eurasian Curlew,57.77027,-3.79499,7.5,Autumn,0.0957,172,86
Eurasian Curlew,57.77027,-3.55015,7.5,Autumn,0.0867,162,64
Eurasian Curlew,57.77027,-3.30531,7.5,Autumn,0.1055,202,94
Eurasian Curlew,57.77027,-2.81564,7.5,Autumn,0.0586,11,2
Eurasian Curlew,57.90541,-6.97788,7.5,Autumn,0.3099,32,10
Eurasian Curlew,57.90541,-6.73304,7.5,Autumn,0.3248,9,3
Eurasian Curlew,57.90541,-6.24337,7.5,Autumn,0.0526,5,1
Eurasian Curlew,57.90541,-5.75369,7.5,Autumn,0.068,13,1
Eurasian Curlew,57.90541,-5.50885,7.5,Autumn,0.1033,58,15
Eurasian Curlew,57.90541,-5.26402,7.5,Autumn,0.3895,101,34
Eurasian Curlew,57.90541,-4.28466,7.5,Autumn,0.0951,86,25
Eurasian Curlew,57.90541,-4.03983,7.5,Autumn,0.2324,167,88
Eurasian Curlew,57.90541,-3.79499,7.5,Autumn,0.1274,76,51
Eurasian Curlew,58.04054,-6.73304,7.5,Autumn,0.2248,12,2
Eurasian Curlew,58.04054,-5.26402,7.5,Autumn,0.0614,6,1
Eurasian Curlew,58.04054,-4.03983,7.5,Autumn,0.0551,14,2
Eurasian Curlew,58.04054,-3.79499,7.5,Autumn,0.48,34,16
Eurasian Curlew,58.17568,-6.97788,7.5,Autumn,0.125,67,15
Eurasian Curlew,58.17568,-6.73304,7.5,Autumn,0.4389,14,6
Eurasian Curlew,58.17568,-6.48821,7.5,Autumn,0.0964,64,7
Eurasian Curlew,58.17568,-6.24337,7.5,Autumn,0.4379,72,46
Eurasian Curlew,58.17568,-5.26402,7.5,Autumn,0.1575,50,19
Eurasian Curlew,58.17568,-3.55015,7.5,Autumn,0.2479,13,6
Eurasian Curlew,58.31081,-6.73304,7.5,Autumn,0.3952,87,49
Eurasian Curlew,58.31081,-6.48821,7.5,Autumn,0.0941,22,12
Eurasian Curlew,58.31081,-6.24337,7.5,Autumn,0.5066,117,50
Eurasian Curlew,58.31081,-5.26402,7.5,Autumn,0.0604,10,3
Eurasian Curlew,58.31081,-5.01918,7.5,Autumn,0.0676,7,1
Eurasian Curlew,58.31081,-3.30531,7.5,Autumn,0.161,14,1
Eurasian Curlew,58.44595,-6.48821,7.5,Autumn,0.104,12,1
Eurasian Curlew,58.44595,-6.24337,7.5,Autumn,0.1275,109,43
Eurasian Curlew,58.44595,-5.26402,7.5,Autumn,0.0536,1,1
Eurasian Curlew,58.44595,-4.77434,7.5,Autumn,0.4175,2,2
Eurasian Curlew,58.44595,-4.5295,7.5,Autumn,0.1603,8,5
Eurasian Curlew,58.44595,-3.06047,7.5,Autumn,0.5273,54,28
Eurasian Curlew,58.58108,-6.24337,7.5,Autumn,0.072,58,16
Eurasian Curlew,58.58108,-4.77434,7.5,Autumn,0.3966,66,16
Eurasian Curlew,58.58108,-4.28466,7.5,Autumn,0.1038,5,4
Eurasian Curlew,58.58108,-4.03983,7.5,Autumn,0.5831,21,1
Eurasian Curlew,58.58108,-3.79499,7.5,Autumn,0.5672,9,7
Eurasian Curlew,58.58108,-3.55015,7.5,Autumn,0.1283,31,6
Eurasian Curlew,58.58108,-3.30531,7.5,Autumn,0.1565,53,17
Eurasian Curlew,58.58108,-3.06047,7.5,Autumn,0.5664,95,41
Eurasian Curlew,58.71622,-3.55015,7.5,Autumn,0.0833,4,2
Eurasian Curlew,58.71622,-3.06047,7.5,Autumn,0.1371,35,14
Eurasian Curlew,58.71622,-2.81564,7.5,Autumn,0.1662,5,4
Eurasian Curlew,58.85135,-3.30531,7.5,Autumn,0.27,14,6
Eurasian Curlew,58.85135,-3.06047,7.5,Autumn,0.3895,54,24
Eurasian Curlew,58.85135,-2.81564,7.5,Autumn,0.3858,100,38
Eurasian Curlew,58.98649,-3.30531,7.5,Autumn,0.4802,157,55
Eurasian Curlew,58.98649,-3.06047,7.5,Autumn,0.5985,134,38
Eurasian Curlew,58.98649,-2.81564,7.5,Autumn,0.6167,98,65
Eurasian Curlew,59.12162,-3.30531,7.5,Autumn,0.6097,100,67
Eurasian Curlew,59.12162,-3.06047,7.5,Autumn,0.6324,80,30
Eurasian Curlew,59.12162,-2.81564,7.5,Autumn,0.5135,4,1
Eurasian Curlew,59.12162,-2.5708,7.5,Autumn,0.6183,41,21
Eurasian Curlew,59.25676,-2.81564,7.5,Autumn,0.6194,2,2
Eurasian Curlew,59.25676,-2.5708,7.5,Autumn,0.6249,8,4
Eurasian Curlew,59.25676,-2.32596,7.5,Autumn,0.4167,3,2
Eurasian Curlew,59.39189,-3.06047,7.5,Autumn,0.3337,1,1
Eurasian Curlew,59.39189,-2.81564,7.5,Autumn,0.252,11,6
Eurasian Curlew,59.39189,-2.32596,7.5,Autumn,0.2175,327,238
Eurasian Curlew,59.52703,-1.59145,7.5,Autumn,0.5886,323,199
Eurasian Curlew,59.7973,-1.34661,7.5,Autumn,0.2716,168,33
Eurasian Curlew,59.93243,-1.34661,7.5,Autumn,0.6806,2628,1434
Eurasian Curlew,59.93243,-1.10177,7.5,Autumn,0.2053,77,40
Eurasian Curlew,60.06757,-2.08112,7.5,Autumn,0.4008,16,8
Eurasian Curlew,60.06757,-1.34661,7.5,Autumn,0.6599,907,497
Eurasian Curlew,60.06757,-1.10177,7.5,Autumn,0.3451,253,129
Eurasian Curlew,60.2027,-2.08112,7.5,Autumn,0.4232,3,3
Eurasian Curlew,60.2027,-1.59145,7.5,Autumn,0.6285,63,14
Eurasian Curlew,60.2027,-1.34661,7.5,Autumn,0.6223,500,177
Eurasian Curlew,60.2027,-1.10177,7.5,Autumn,0.5513,824,190
Eurasian Curlew,60.33784,-1.59145,7.5,Autumn,0.5362,107,44
Eurasian Curlew,60.33784,-1.34661,7.5,Autumn,0.6153,397,101
Eurasian Curlew,60.33784,-1.10177,7.5,Autumn,0.6357,219,85
Eurasian Curlew,60.33784,-0.85693,7.5,Autumn,0.3924,31,6
Eurasian Curlew,60.47297,-1.59145,7.5,Autumn,0.6158,176,75
Eurasian Curlew,60.47297,-1.34661,7.5,Autumn,0.63,240,91
Eurasian Curlew,60.47297,-1.10177,7.5,Autumn,0.5939,149,46
Eurasian Curlew,60.47297,-0.85693,7.5,Autumn,0.3104,36,19
Eurasian Curlew,60.60811,-1.34661,7.5,Autumn,0.6251,63,34
Eurasian Curlew,60.60811,-1.10177,7.5,Autumn,0.649,106,42
Eurasian Curlew,60.60811,-0.85693,7.5,Autumn,0.6396,32,11
Eurasian Curlew,60.74324,-1.10177,7.5,Autumn,0.6519,54,25
Eurasian Curlew,60.74324,-0.85693,7.5,Autumn,0.6754,798,323
Eurasian Curlew,60.87838,-0.85693,7.5,Autumn,0.3446,125,60
Eurasian Curlew,54.66216,-5.01918,7.5,Spring,0.0763,17,1
Eurasian Curlew,54.66216,-4.77434,7.5,Spring,0.0701,75,2
Eurasian Curlew,54.66216,-4.5295,7.5,Spring,0.081,2,1
Eurasian Curlew,54.7973,-5.01918,7.5,Spring,0.1192,84,7
Eurasian Curlew,54.7973,-4.5295,7.5,Spring,0.0821,51,9
Eurasian Curlew,54.7973,-4.28466,7.5,Spring,0.0972,23,3
Eurasian Curlew,54.7973,-4.03983,7.5,Spring,0.3443,114,12
Eurasian Curlew,54.7973,-3.79499,7.5,Spring,0.1101,19,3
Eurasian Curlew,54.93243,-5.26402,7.5,Spring,0.0639,4,1
Eurasian Curlew,54.93243,-5.01918,7.5,Spring,0.1373,134,26
Eurasian Curlew,54.93243,-4.77434,7.5,Spring,0.0656,32,3
Eurasian Curlew,54.93243,-4.5295,7.5,Spring,0.0611,64,10
Eurasian Curlew,54.93243,-4.28466,7.5,Spring,0.0712,37,5
Eurasian Curlew,54.93243,-4.03983,7.5,Spring,0.0718,118,5
Eurasian Curlew,54.93243,-3.79499,7.5,Spring,0.0792,108,30
Eurasian Curlew,54.93243,-3.55015,7.5,Spring,0.4254,256,86
Eurasian Curlew,54.93243,-3.30531,7.5,Spring,0.4518,36,16
Eurasian Curlew,54.93243,-3.06047,7.5,Spring,0.2278,53,22
Eurasian Curlew,55.06757,-5.26402,7.5,Spring,0.07,20,1
Eurasian Curlew,55.06757,-5.01918,7.5,Spring,0.1905,15,1
Eurasian Curlew,55.06757,-4.77434,7.5,Spring,0.0778,8,3
Eurasian Curlew,55.06757,-4.28466,7.5,Spring,0.0831,28,2
Eurasian Curlew,55.06757,-4.03983,7.5,Spring,0.1041,73,3
Eurasian Curlew,55.06757,-3.79499,7.5,Spring,0.0826,21,1
Eurasian Curlew,55.06757,-3.55015,7.5,Spring,0.0344,243,20
Eurasian Curlew,55.06757,-2.81564,7.5,Spring,0.1607,8,2
Eurasian Curlew,55.2027,-5.01918,7.5,Spring,0.0675,21,1
Eurasian Curlew,55.2027,-4.77434,7.5,Spring,0.0706,32,5
Eurasian Curlew,55.2027,-4.28466,7.5,Spring,0.1041,17,1
Eurasian Curlew,55.2027,-4.03983,7.5,Spring,0.1108,25,4
Eurasian Curlew,55.2027,-3.79499,7.5,Spring,0.103,36,1
Eurasian Curlew,55.2027,-3.55015,7.5,Spring,0.1095,7,1
Eurasian Curlew,55.2027,-3.06047,7.5,Spring,0.1205,49,6
Eurasian Curlew,55.2027,-2.81564,7.5,Spring,0.141,29,12
Eurasian Curlew,55.33784,-4.77434,7.5,Spring,0.1091,92,26
Eurasian Curlew,55.33784,-4.5295,7.5,Spring,0.057,62,3
Eurasian Curlew,55.33784,-4.28466,7.5,Spring,0.1048,147,18
Eurasian Curlew,55.33784,-3.79499,7.5,Spring,0.1216,69,13
Eurasian Curlew,55.33784,-3.55015,7.5,Spring,0.1178,100,22
Eurasian Curlew,55.33784,-2.81564,7.5,Spring,0.1025,9,1
Eurasian Curlew,55.33784,-2.5708,7.5,Spring,0.0982,10,1
Eurasian Curlew,55.47297,-5.75369,7.5,Spring,0.1194,50,8
Eurasian Curlew,55.47297,-5.50885,7.5,Spring,0.2416,29,5
Eurasian Curlew,55.47297,-5.26402,7.5,Spring,0.1141,53,16
Eurasian Curlew,55.47297,-5.01918,7.5,Spring,0.0779,71,6
Eurasian Curlew,55.47297,-4.77434,7.5,Spring,0.1002,561,100
Eurasian Curlew,55.47297,-4.5295,7.5,Spring,0.0541,1120,168
Eurasian Curlew,55.47297,-4.28466,7.5,Spring,0.112,36,3
Eurasian Curlew,55.47297,-4.03983,7.5,Spring,0.1434,6,2
Eurasian Curlew,55.47297,-3.79499,7.5,Spring,0.1395,119,44
Eurasian Curlew,55.47297,-3.55015,7.5,Spring,0.1358,116,31
Eurasian Curlew,55.47297,-3.30531,7.5,Spring,0.1153,66,8
Eurasian Curlew,55.47297,-2.32596,7.5,Spring,0.0667,5,1
Eurasian Curlew,55.60811,-6.48821,7.5,Spring,0.0803,4,2
Eurasian Curlew,55.60811,-6.24337,7.5,Spring,0.2331,237,47
Eurasian Curlew,55.60811,-5.99853,7.5,Spring,0.07,16,1
Eurasian Curlew,55.60811,-5.75369,7.5,Spring,0.085,34,3
Eurasian Curlew,55.60811,-5.50885,7.5,Spring,0.2059,16,4
Eurasian Curlew,55.60811,-5.26402,7.5,Spring,0.063,166,7
Eurasian Curlew,55.60811,-5.01918,7.5,Spring,0.0635,34,2
Eurasian Curlew,55.60811,-4.77434,7.5,Spring,0.1053,3607,536
Eurasian Curlew,55.60811,-4.5295,7.5,Spring,0.0293,21683,586
Eurasian Curlew,55.60811,-4.28466,7.5,Spring,0.1089,65,8
Eurasian Curlew,55.60811,-3.79499,7.5,Spring,0.1075,38,1
Eurasian Curlew,55.60811,-3.55015,7.5,Spring,0.1304,77,6
Eurasian Curlew,55.60811,-3.30531,7.5,Spring,0.1096,97,1
Eurasian Curlew,55.60811,-3.06047,7.5,Spring,0.0666,58,5
Eurasian Curlew,55.60811,-2.81564,7.5,Spring,0.0351,127,4
Eurasian Curlew,55.60811,-2.32596,7.5,Spring,0.0815,44,1
Eurasian Curlew,55.74324,-6.48821,7.5,Spring,0.2764,81,18
Eurasian Curlew,55.74324,-6.24337,7.5,Spring,0.1055,131,20
Eurasian Curlew,55.74324,-5.99853,7.5,Spring,0.1071,27,1
Eurasian Curlew,55.74324,-5.75369,7.5,Spring,0.0757,3418,9
Eurasian Curlew,55.74324,-5.50885,7.5,Spring,0.0866,40,7
Eurasian Curlew,55.74324,-5.26402,7.5,Spring,0.1043,38,7
Eurasian Curlew,55.74324,-5.01918,7.5,Spring,0.2791,108,15
Eurasian Curlew,55.74324,-4.77434,7.5,Spring,0.0713,124,27
Eurasian Curlew,55.74324,-4.5295,7.5,Spring,0.0643,468,26
Eurasian Curlew,55.74324,-4.28466,7.5,Spring,0.0483,998,14
Eurasian Curlew,55.74324,-4.03983,7.5,Spring,0.0399,315,17
Eurasian Curlew,55.74324,-3.79499,7.5,Spring,0.1106,52,2
Eurasian Curlew,55.74324,-3.55015,7.5,Spring,0.1536,38,30
Eurasian Curlew,55.74324,-3.30531,7.5,Spring,0.1826,64,9
Eurasian Curlew,55.74324,-3.06047,7.5,Spring,0.3205,398,195
Eurasian Curlew,55.74324,-2.81564,7.5,Spring,0.1098,30,4
Eurasian Curlew,55.74324,-2.5708,7.5,Spring,0.1407,11,3
Eurasian Curlew,55.87838,-6.48821,7.5,Spring,0.099,24,5
Eurasian Curlew,55.87838,-6.24337,7.5,Spring,0.2107,110,40
Eurasian Curlew,55.87838,-5.99853,7.5,Spring,0.0869,48,1
Eurasian Curlew,55.87838,-5.50885,7.5,Spring,0.0779,30,7
Eurasian Curlew,55.87838,-5.26402,7.5,Spring,0.1048,41,8
Eurasian Curlew,55.87838,-5.01918,7.5,Spring,0.2632,56,5
Eurasian Curlew,55.87838,-4.77434,7.5,Spring,0.0709,59,8
Eurasian Curlew,55.87838,-4.5295,7.5,Spring,0.0685,458,41
Eurasian Curlew,55.87838,-4.28466,7.5,Spring,0.0226,2168,1
Eurasian Curlew,55.87838,-4.03983,7.5,Spring,0.0238,258,2
Eurasian Curlew,55.87838,-3.79499,7.5,Spring,0.0883,47,5
Eurasian Curlew,55.87838,-3.55015,7.5,Spring,0.0264,219,12
Eurasian Curlew,55.87838,-3.30531,7.5,Spring,0.0711,2071,115
Eurasian Curlew,55.87838,-3.06047,7.5,Spring,0.0396,2165,177
Eurasian Curlew,55.87838,-2.81564,7.5,Spring,0.0804,239,6
Eurasian Curlew,55.87838,-2.5708,7.5,Spring,0.299,232,120
Eurasian Curlew,55.87838,-2.32596,7.5,Spring,0.0674,169,42
Eurasian Curlew,55.87838,-2.08112,7.5,Spring,0.1915,288,25
Eurasian Curlew,56.01351,-6.24337,7.5,Spring,0.1129,34,7
Eurasian Curlew,56.01351,-5.99853,7.5,Spring,0.248,11,1
Eurasian Curlew,56.01351,-5.75369,7.5,Spring,0.1703,19,6
Eurasian Curlew,56.01351,-5.50885,7.5,Spring,0.0645,97,11
Eurasian Curlew,56.01351,-5.26402,7.5,Spring,0.0661,45,6
Eurasian Curlew,56.01351,-5.01918,7.5,Spring,0.0493,167,66
Eurasian Curlew,56.01351,-4.77434,7.5,Spring,0.4004,189,51
Eurasian Curlew,56.01351,-4.5295,7.5,Spring,0.0439,435,14
Eurasian Curlew,56.01351,-4.28466,7.5,Spring,0.0887,175,5
Eurasian Curlew,56.01351,-4.03983,7.5,Spring,0.0759,39,10
Eurasian Curlew,56.01351,-3.79499,7.5,Spring,0.0307,421,85
Eurasian Curlew,56.01351,-3.55015,7.5,Spring,0.4871,493,123
Eurasian Curlew,56.01351,-3.30531,7.5,Spring,0.1656,2906,289
Eurasian Curlew,56.01351,-3.06047,7.5,Spring,0.0835,2432,777
Eurasian Curlew,56.01351,-2.81564,7.5,Spring,0.2511,928,240
Eurasian Curlew,56.01351,-2.5708,7.5,Spring,0.595,754,277
Eurasian Curlew,56.01351,-2.32596,7.5,Spring,0.1056,300,167
Eurasian Curlew,56.14865,-6.24337,7.5,Spring,0.0617,11,1
Eurasian Curlew,56.14865,-5.75369,7.5,Spring,0.2528,1,1
Eurasian Curlew,56.14865,-5.50885,7.5,Spring,0.1011,78,8
Eurasian Curlew,56.14865,-5.26402,7.5,Spring,0.0638,28,2
Eurasian Curlew,56.14865,-4.77434,7.5,Spring,0.0483,77,4
Eurasian Curlew,56.14865,-4.5295,7.5,Spring,0.0462,234,1
Eurasian Curlew,56.14865,-4.28466,7.5,Spring,0.1001,180,18
Eurasian Curlew,56.14865,-4.03983,7.5,Spring,0.078,535,25
Eurasian Curlew,56.14865,-3.79499,7.5,Spring,0.0753,695,104
Eurasian Curlew,56.14865,-3.55015,7.5,Spring,0.1092,219,19
Eurasian Curlew,56.14865,-3.30531,7.5,Spring,0.1263,652,171
Eurasian Curlew,56.14865,-3.06047,7.5,Spring,0.1467,422,53
Eurasian Curlew,56.14865,-2.81564,7.5,Spring,0.1654,399,156
Eurasian Curlew,56.14865,-2.5708,7.5,Spring,0.0931,243,9
Eurasian Curlew,56.28378,-6.48821,7.5,Spring,0.0551,342,26
Eurasian Curlew,56.28378,-6.24337,7.5,Spring,0.2652,133,45
Eurasian Curlew,56.28378,-5.99853,7.5,Spring,0.0862,21,1
Eurasian Curlew,56.28378,-5.75369,7.5,Spring,0.0501,17,4
Eurasian Curlew,56.28378,-5.50885,7.5,Spring,0.2274,44,6
Eurasian Curlew,56.28378,-5.01918,7.5,Spring,0.0487,58,2
Eurasian Curlew,56.28378,-4.5295,7.5,Spring,0.0504,56,4
Eurasian Curlew,56.28378,-4.28466,7.5,Spring,0.1036,269,6
Eurasian Curlew,56.28378,-4.03983,7.5,Spring,0.1377,43,15
Eurasian Curlew,56.28378,-3.79499,7.5,Spring,0.1247,106,9
Eurasian Curlew,56.28378,-3.55015,7.5,Spring,0.1302,32,1
Eurasian Curlew,56.28378,-3.30531,7.5,Spring,0.1203,146,15
Eurasian Curlew,56.28378,-3.06047,7.5,Spring,0.0735,546,62
Eurasian Curlew,56.28378,-2.81564,7.5,Spring,0.1244,1514,218
Eurasian Curlew,56.28378,-2.5708,7.5,Spring,0.4636,559,185
Eurasian Curlew,56.41892,-6.97788,7.5,Spring,0.0797,28,2
Eurasian Curlew,56.41892,-6.24337,7.5,Spring,0.0743,177,13
Eurasian Curlew,56.41892,-5.99853,7.5,Spring,0.074,401,95
Eurasian Curlew,56.41892,-5.75369,7.5,Spring,0.2889,385,108
Eurasian Curlew,56.41892,-5.50885,7.5,Spring,0.1501,396,17
Eurasian Curlew,56.41892,-5.26402,7.5,Spring,0.0641,39,3
Eurasian Curlew,56.41892,-4.77434,7.5,Spring,0.0486,54,1
Eurasian Curlew,56.41892,-4.28466,7.5,Spring,0.0984,86,8
Eurasian Curlew,56.41892,-4.03983,7.5,Spring,0.1424,122,24
Eurasian Curlew,56.41892,-3.79499,7.5,Spring,0.129,80,30
Eurasian Curlew,56.41892,-3.55015,7.5,Spring,0.1072,238,6
Eurasian Curlew,56.41892,-3.30531,7.5,Spring,0.0948,261,21
Eurasian Curlew,56.41892,-3.06047,7.5,Spring,0.1229,540,26
Eurasian Curlew,56.41892,-2.81564,7.5,Spring,0.4241,655,296
Eurasian Curlew,56.55405,-6.97788,7.5,Spring,0.0807,33,5
Eurasian Curlew,56.55405,-6.73304,7.5,Spring,0.1858,34,4
Eurasian Curlew,56.55405,-6.48821,7.5,Spring,0.0583,149,1
Eurasian Curlew,56.55405,-6.24337,7.5,Spring,0.1083,182,42
Eurasian Curlew,56.55405,-5.99853,7.5,Spring,0.1221,283,65
Eurasian Curlew,56.55405,-5.75369,7.5,Spring,0.2541,158,23
Eurasian Curlew,56.55405,-5.50885,7.5,Spring,0.0835,85,6
Eurasian Curlew,56.55405,-5.26402,7.5,Spring,0.2333,50,8
Eurasian Curlew,56.55405,-4.28466,7.5,Spring,0.1111,17,1
Eurasian Curlew,56.55405,-4.03983,7.5,Spring,0.1485,55,7
Eurasian Curlew,56.55405,-3.79499,7.5,Spring,0.1402,74,37
Eurasian Curlew,56.55405,-3.55015,7.5,Spring,0.1473,294,23
Eurasian Curlew,56.55405,-3.30531,7.5,Spring,0.1589,54,1
Eurasian Curlew,56.55405,-3.06047,7.5,Spring,0.0779,50,2
Eurasian Curlew,56.55405,-2.81564,7.5,Spring,0.0586,55,4
Eurasian Curlew,56.55405,-2.5708,7.5,Spring,0.2918,109,20
Eurasian Curlew,56.68919,-6.73304,7.5,Spring,0.0631,4,1
Eurasian Curlew,56.68919,-6.48821,7.5,Spring,0.2234,42,7
Eurasian Curlew,56.68919,-6.24337,7.5,Spring,0.19,84,17
Eurasian Curlew,56.68919,-5.99853,7.5,Spring,0.1996,205,13
Eurasian Curlew,56.68919,-5.75369,7.5,Spring,0.2054,96,12
Eurasian Curlew,56.68919,-5.50885,7.5,Spring,0.0858,74,7
Eurasian Curlew,56.68919,-5.26402,7.5,Spring,0.1313,113,12
Eurasian Curlew,56.68919,-5.01918,7.5,Spring,0.0753,215,5
Eurasian Curlew,56.68919,-4.03983,7.5,Spring,0.1237,46,2
Eurasian Curlew,56.68919,-3.79499,7.5,Spring,0.089,290,15
Eurasian Curlew,56.68919,-3.55015,7.5,Spring,0.1468,26,7
Eurasian Curlew,56.68919,-3.30531,7.5,Spring,0.2082,83,23
Eurasian Curlew,56.68919,-3.06047,7.5,Spring,0.188,181,58
Eurasian Curlew,56.68919,-2.81564,7.5,Spring,0.124,111,7
Eurasian Curlew,56.68919,-2.5708,7.5,Spring,0.161,253,95
Eurasian Curlew,56.68919,-2.32596,7.5,Spring,0.0823,22,10
Eurasian Curlew,56.82432,-7.46756,7.5,Spring,0.0812,5,1
Eurasian Curlew,56.82432,-6.24337,7.5,Spring,0.066,25,4
Eurasian Curlew,56.82432,-5.99853,7.5,Spring,0.0685,17,1
Eurasian Curlew,56.82432,-5.75369,7.5,Spring,0.0847,83,18
Eurasian Curlew,56.82432,-5.26402,7.5,Spring,0.0554,28,5
Eurasian Curlew,56.82432,-5.01918,7.5,Spring,0.0433,256,6
Eurasian Curlew,56.82432,-4.77434,7.5,Spring,0.0489,30,4
Eurasian Curlew,56.82432,-4.28466,7.5,Spring,0.1086,17,2
Eurasian Curlew,56.82432,-4.03983,7.5,Spring,0.1444,45,3
Eurasian Curlew,56.82432,-3.79499,7.5,Spring,0.0913,59,5
Eurasian Curlew,56.82432,-3.55015,7.5,Spring,0.1248,19,5
Eurasian Curlew,56.82432,-3.30531,7.5,Spring,0.2002,111,18
Eurasian Curlew,56.82432,-3.06047,7.5,Spring,0.2359,25,20
Eurasian Curlew,56.82432,-2.81564,7.5,Spring,0.2173,10,5
Eurasian Curlew,56.82432,-2.5708,7.5,Spring,0.1486,127,14
Eurasian Curlew,56.82432,-2.32596,7.5,Spring,0.3544,78,20
Eurasian Curlew,56.95946,-7.46756,7.5,Spring,0.241,82,11
Eurasian Curlew,56.95946,-6.73304,7.5,Spring,0.0725,2,1
Eurasian Curlew,56.95946,-6.24337,7.5,Spring,0.1398,108,28
Eurasian Curlew,56.95946,-5.75369,7.5,Spring,0.0537,175,10
Eurasian Curlew,56.95946,-5.01918,7.5,Spring,0.0519,46,3
Eurasian Curlew,56.95946,-4.5295,7.5,Spring,0.0556,55,4
Eurasian Curlew,56.95946,-4.28466,7.5,Spring,0.1217,91,12
Eurasian Curlew,56.95946,-4.03983,7.5,Spring,0.1463,3,1
Eurasian Curlew,56.95946,-3.55015,7.5,Spring,0.1232,57,4
Eurasian Curlew,56.95946,-3.30531,7.5,Spring,0.1864,107,23
Eurasian Curlew,56.95946,-3.06047,7.5,Spring,0.1866,23,9
Eurasian Curlew,56.95946,-2.81564,7.5,Spring,0.2105,10,4
Eurasian Curlew,56.95946,-2.32596,7.5,Spring,0.0595,74,5
Eurasian Curlew,56.95946,-2.08112,7.5,Spring,0.0703,269,18
Eurasian Curlew,57.09459,-7.46756,7.5,Spring,0.0914,60,13
Eurasian Curlew,57.09459,-7.22272,7.5,Spring,0.2283,65,8
Eurasian Curlew,57.09459,-6.48821,7.5,Spring,0.098,30,6
Eurasian Curlew,57.09459,-6.24337,7.5,Spring,0.0618,5,3
Eurasian Curlew,57.09459,-5.99853,7.5,Spring,0.217,100,10
Eurasian Curlew,57.09459,-5.75369,7.5,Spring,0.1808,50,4
Eurasian Curlew,57.09459,-4.5295,7.5,Spring,0.081,8,1
Eurasian Curlew,57.09459,-4.03983,7.5,Spring,0.166,709,290
Eurasian Curlew,57.09459,-3.79499,7.5,Spring,0.0704,375,2
Eurasian Curlew,57.09459,-3.55015,7.5,Spring,0.1229,433,2
Eurasian Curlew,57.09459,-3.30531,7.5,Spring,0.1848,78,20
Eurasian Curlew,57.09459,-3.06047,7.5,Spring,0.1529,69,8
Eurasian Curlew,57.09459,-2.81564,7.5,Spring,0.1425,188,23
Eurasian Curlew,57.09459,-2.08112,7.5,Spring,0.324,1560,197
Eurasian Curlew,57.22973,-7.46756,7.5,Spring,0.3018,214,60
Eurasian Curlew,57.22973,-7.22272,7.5,Spring,0.1601,50,5
Eurasian Curlew,57.22973,-6.24337,7.5,Spring,0.0817,115,6
Eurasian Curlew,57.22973,-5.99853,7.5,Spring,0.1284,315,51
Eurasian Curlew,57.22973,-5.75369,7.5,Spring,0.0571,159,32
Eurasian Curlew,57.22973,-5.50885,7.5,Spring,0.1125,128,8
Eurasian Curlew,57.22973,-4.5295,7.5,Spring,0.0591,45,4
Eurasian Curlew,57.22973,-4.28466,7.5,Spring,0.1459,11,7
Eurasian Curlew,57.22973,-4.03983,7.5,Spring,0.1817,252,111
Eurasian Curlew,57.22973,-3.79499,7.5,Spring,0.0696,2240,100
Eurasian Curlew,57.22973,-3.55015,7.5,Spring,0.1656,560,91
Eurasian Curlew,57.22973,-3.30531,7.5,Spring,0.2249,123,56
Eurasian Curlew,57.22973,-3.06047,7.5,Spring,0.2008,10,1
Eurasian Curlew,57.22973,-2.81564,7.5,Spring,0.1549,24,5
Eurasian Curlew,57.22973,-2.5708,7.5,Spring,0.1009,20,2
Eurasian Curlew,57.22973,-2.32596,7.5,Spring,0.0586,52,2
Eurasian Curlew,57.22973,-2.08112,7.5,Spring,0.1659,488,21
Eurasian Curlew,57.36486,-7.46756,7.5,Spring,0.1407,199,44
Eurasian Curlew,57.36486,-7.22272,7.5,Spring,0.1807,119,17
Eurasian Curlew,57.36486,-6.73304,7.5,Spring,0.185,87,2
Eurasian Curlew,57.36486,-6.48821,7.5,Spring,0.2105,77,12
Eurasian Curlew,57.36486,-6.24337,7.5,Spring,0.0944,242,20
Eurasian Curlew,57.36486,-5.99853,7.5,Spring,0.2042,41,5
Eurasian Curlew,57.36486,-5.75369,7.5,Spring,0.1176,69,2
Eurasian Curlew,57.36486,-5.50885,7.5,Spring,0.169,59,13
Eurasian Curlew,57.36486,-4.77434,7.5,Spring,0.0599,86,12
Eurasian Curlew,57.36486,-4.5295,7.5,Spring,0.0574,272,11
Eurasian Curlew,57.36486,-4.28466,7.5,Spring,0.1854,333,100
Eurasian Curlew,57.36486,-4.03983,7.5,Spring,0.2297,118,29
Eurasian Curlew,57.36486,-3.79499,7.5,Spring,0.2626,407,204
Eurasian Curlew,57.36486,-3.55015,7.5,Spring,0.2098,445,71
Eurasian Curlew,57.36486,-3.30531,7.5,Spring,0.2527,43,14
Eurasian Curlew,57.36486,-3.06047,7.5,Spring,0.1891,5,2
Eurasian Curlew,57.36486,-2.81564,7.5,Spring,0.154,14,1
Eurasian Curlew,57.36486,-2.32596,7.5,Spring,0.0633,30,1
Eurasian Curlew,57.36486,-2.08112,7.5,Spring,0.06,274,144
Eurasian Curlew,57.36486,-1.83628,7.5,Spring,0.2602,69,5
Eurasian Curlew,57.5,-7.7124,7.5,Spring,0.0945,1,1
Eurasian Curlew,57.5,-7.46756,7.5,Spring,0.1192,266,75
Eurasian Curlew,57.5,-7.22272,7.5,Spring,0.1858,151,32
Eurasian Curlew,57.5,-6.73304,7.5,Spring,0.1483,445,38
Eurasian Curlew,57.5,-6.48821,7.5,Spring,0.1089,129,16
Eurasian Curlew,57.5,-6.24337,7.5,Spring,0.0676,165,18
Eurasian Curlew,57.5,-5.75369,7.5,Spring,0.0585,47,4
Eurasian Curlew,57.5,-5.50885,7.5,Spring,0.0532,38,12
Eurasian Curlew,57.5,-5.26402,7.5,Spring,0.0499,21,2
Eurasian Curlew,57.5,-4.5295,7.5,Spring,0.0474,192,4
Eurasian Curlew,57.5,-4.28466,7.5,Spring,0.1194,915,181
Eurasian Curlew,57.5,-4.03983,7.5,Spring,0.1254,691,185
Eurasian Curlew,57.5,-3.79499,7.5,Spring,0.1198,39,6
Eurasian Curlew,57.5,-3.55015,7.5,Spring,0.1377,26,4
Eurasian Curlew,57.5,-3.30531,7.5,Spring,0.1453,49,1
Eurasian Curlew,57.5,-1.83628,7.5,Spring,0.2434,128,7
Eurasian Curlew,57.63514,-7.46756,7.5,Spring,0.2392,489,128
Eurasian Curlew,57.63514,-7.22272,7.5,Spring,0.1693,123,10
Eurasian Curlew,57.63514,-6.48821,7.5,Spring,0.0668,131,10
Eurasian Curlew,57.63514,-6.24337,7.5,Spring,0.1619,360,25
Eurasian Curlew,57.63514,-5.75369,7.5,Spring,0.1614,56,3
Eurasian Curlew,57.63514,-5.01918,7.5,Spring,0.0502,22,2
Eurasian Curlew,57.63514,-4.77434,7.5,Spring,0.0519,38,1
Eurasian Curlew,57.63514,-4.5295,7.5,Spring,0.0496,168,11
Eurasian Curlew,57.63514,-4.28466,7.5,Spring,0.5361,160,39
Eurasian Curlew,57.63514,-4.03983,7.5,Spring,0.5293,569,199
Eurasian Curlew,57.63514,-3.79499,7.5,Spring,0.1231,223,50
Eurasian Curlew,57.63514,-3.55015,7.5,Spring,0.1697,328,81
Eurasian Curlew,57.63514,-3.30531,7.5,Spring,0.0565,232,32
Eurasian Curlew,57.63514,-3.06047,7.5,Spring,0.1577,167,26
Eurasian Curlew,57.63514,-2.81564,7.5,Spring,0.081,87,6
Eurasian Curlew,57.63514,-2.5708,7.5,Spring,0.2268,131,13
Eurasian Curlew,57.63514,-2.32596,7.5,Spring,0.2253,147,3
Eurasian Curlew,57.63514,-2.08112,7.5,Spring,0.0817,51,10
Eurasian Curlew,57.63514,-1.83628,7.5,Spring,0.3461,232,69
Eurasian Curlew,57.77027,-8.69175,7.5,Spring,0.0696,65,3
Eurasian Curlew,57.77027,-7.22272,7.5,Spring,0.0711,66,8
Eurasian Curlew,57.77027,-6.97788,7.5,Spring,0.0801,68,9
Eurasian Curlew,57.77027,-6.24337,7.5,Spring,0.0547,7,1
Eurasian Curlew,57.77027,-5.75369,7.5,Spring,0.0641,131,11
Eurasian Curlew,57.77027,-5.50885,7.5,Spring,0.0508,84,14
Eurasian Curlew,57.77027,-5.01918,7.5,Spring,0.0456,49,2
Eurasian Curlew,57.77027,-4.28466,7.5,Spring,0.1207,40,3
Eurasian Curlew,57.77027,-4.03983,7.5,Spring,0.1237,201,93
Eurasian Curlew,57.77027,-3.79499,7.5,Spring,0.1267,199,67
Eurasian Curlew,57.77027,-3.55015,7.5,Spring,0.1156,157,19
Eurasian Curlew,57.77027,-3.30531,7.5,Spring,0.1328,165,56
Eurasian Curlew,57.90541,-6.97788,7.5,Spring,0.1277,91,9
Eurasian Curlew,57.90541,-6.73304,7.5,Spring,0.1369,58,4
Eurasian Curlew,57.90541,-6.24337,7.5,Spring,0.0588,31,3
Eurasian Curlew,57.90541,-5.50885,7.5,Spring,0.0718,117,9
Eurasian Curlew,57.90541,-5.26402,7.5,Spring,0.1256,130,21
Eurasian Curlew,57.90541,-5.01918,7.5,Spring,0.0467,7,1
Eurasian Curlew,57.90541,-4.5295,7.5,Spring,0.0517,18,2
Eurasian Curlew,57.90541,-4.28466,7.5,Spring,0.1194,115,31
Eurasian Curlew,57.90541,-4.03983,7.5,Spring,0.1553,326,141
Eurasian Curlew,57.90541,-3.79499,7.5,Spring,0.1199,70,25
Eurasian Curlew,58.04054,-6.97788,7.5,Spring,0.1323,23,2
Eurasian Curlew,58.04054,-6.73304,7.5,Spring,0.1375,42,7
Eurasian Curlew,58.04054,-5.50885,7.5,Spring,0.0532,6,2
Eurasian Curlew,58.04054,-5.26402,7.5,Spring,0.052,24,1
Eurasian Curlew,58.04054,-4.77434,7.5,Spring,0.0549,1,1
Eurasian Curlew,58.04054,-4.5295,7.5,Spring,0.0632,61,12
Eurasian Curlew,58.04054,-4.28466,7.5,Spring,0.1269,55,2
Eurasian Curlew,58.04054,-4.03983,7.5,Spring,0.1176,61,4
Eurasian Curlew,58.04054,-3.79499,7.5,Spring,0.3165,75,16
Eurasian Curlew,58.04054,-1.83628,7.5,Spring,0.0896,1,1
Eurasian Curlew,58.17568,-6.97788,7.5,Spring,0.1001,41,4
Eurasian Curlew,58.17568,-6.73304,7.5,Spring,0.2323,86,16
Eurasian Curlew,58.17568,-6.48821,7.5,Spring,0.0922,169,16
Eurasian Curlew,58.17568,-6.24337,7.5,Spring,0.2793,77,19
Eurasian Curlew,58.17568,-5.26402,7.5,Spring,0.0698,130,6
Eurasian Curlew,58.17568,-4.03983,7.5,Spring,0.1696,8,6
Eurasian Curlew,58.17568,-3.79499,7.5,Spring,0.1346,13,6
Eurasian Curlew,58.17568,-3.55015,7.5,Spring,0.186,19,1
Eurasian Curlew,58.31081,-6.97788,7.5,Spring,0.0755,33,2
Eurasian Curlew,58.31081,-6.73304,7.5,Spring,0.2184,84,16
Eurasian Curlew,58.31081,-6.48821,7.5,Spring,0.0948,58,19
Eurasian Curlew,58.31081,-6.24337,7.5,Spring,0.3125,135,49
Eurasian Curlew,58.31081,-5.26402,7.5,Spring,0.0541,43,1
Eurasian Curlew,58.31081,-5.01918,7.5,Spring,0.0576,43,4
Eurasian Curlew,58.31081,-4.5295,7.5,Spring,0.0645,14,5
Eurasian Curlew,58.31081,-4.28466,7.5,Spring,0.1558,7,1
Eurasian Curlew,58.31081,-4.03983,7.5,Spring,0.1576,3,2
Eurasian Curlew,58.31081,-3.79499,7.5,Spring,0.1582,31,2
Eurasian Curlew,58.31081,-3.55015,7.5,Spring,0.1521,14,1
Eurasian Curlew,58.31081,-3.30531,7.5,Spring,0.1941,19,6
Eurasian Curlew,58.31081,-3.06047,7.5,Spring,0.0853,18,5
Eurasian Curlew,58.44595,-6.48821,7.5,Spring,0.095,12,4
Eurasian Curlew,58.44595,-6.24337,7.5,Spring,0.1158,106,29
Eurasian Curlew,58.44595,-5.26402,7.5,Spring,0.0524,89,3
Eurasian Curlew,58.44595,-5.01918,7.5,Spring,0.1132,31,7
Eurasian Curlew,58.44595,-4.5295,7.5,Spring,0.0826,28,4
Eurasian Curlew,58.44595,-4.03983,7.5,Spring,0.1474,1,1
Eurasian Curlew,58.44595,-3.55015,7.5,Spring,0.1554,11,1
Eurasian Curlew,58.44595,-3.30531,7.5,Spring,0.151,21,7
Eurasian Curlew,58.44595,-3.06047,7.5,Spring,0.3933,87,26
Eurasian Curlew,58.58108,-6.24337,7.5,Spring,0.0721,71,8
Eurasian Curlew,58.58108,-4.77434,7.5,Spring,0.1254,149,8
Eurasian Curlew,58.58108,-4.5295,7.5,Spring,0.1763,1,1
Eurasian Curlew,58.58108,-4.28466,7.5,Spring,0.1264,22,5
Eurasian Curlew,58.58108,-4.03983,7.5,Spring,0.4654,19,6
Eurasian Curlew,58.58108,-3.79499,7.5,Spring,0.4534,34,9
Eurasian Curlew,58.58108,-3.55015,7.5,Spring,0.1334,95,14
Eurasian Curlew,58.58108,-3.30531,7.5,Spring,0.1774,100,24
Eurasian Curlew,58.58108,-3.06047,7.5,Spring,0.4695,142,51
Eurasian Curlew,58.71622,-3.30531,7.5,Spring,0.1849,86,10
Eurasian Curlew,58.71622,-3.06047,7.5,Spring,0.1642,32,16
Eurasian Curlew,58.85135,-3.30531,7.5,Spring,0.3473,97,19
Eurasian Curlew,58.85135,-3.06047,7.5,Spring,0.4607,66,40
Eurasian Curlew,58.85135,-2.81564,7.5,Spring,0.3978,115,47
Eurasian Curlew,58.98649,-3.30531,7.5,Spring,0.5452,299,137
Eurasian Curlew,58.98649,-3.06047,7.5,Spring,0.5656,323,126
Eurasian Curlew,58.98649,-2.81564,7.5,Spring,0.5675,106,64
Eurasian Curlew,59.12162,-3.30531,7.5,Spring,0.5734,228,131
Eurasian Curlew,59.12162,-3.06047,7.5,Spring,0.6074,182,119
Eurasian Curlew,59.12162,-2.81564,7.5,Spring,0.5638,15,8
Eurasian Curlew,59.12162,-2.5708,7.5,Spring,0.5442,7,4
Eurasian Curlew,59.25676,-3.06047,7.5,Spring,0.536,27,12
Eurasian Curlew,59.25676,-2.81564,7.5,Spring,0.5488,23,5
Eurasian Curlew,59.25676,-2.5708,7.5,Spring,0.5648,8,6
Eurasian Curlew,59.25676,-1.34661,7.5,Spring,0.1219,1,1
Eurasian Curlew,59.39189,-3.06047,7.5,Spring,0.4303,21,2
Eurasian Curlew,59.39189,-2.81564,7.5,Spring,0.3146,24,14
Eurasian Curlew,59.39189,-2.32596,7.5,Spring,0.2434,344,273
Eurasian Curlew,59.52703,-1.59145,7.5,Spring,0.574,456,322
Eurasian Curlew,59.7973,-1.34661,7.5,Spring,0.2876,175,20
Eurasian Curlew,59.93243,-1.34661,7.5,Spring,0.6704,1629,1066
Eurasian Curlew,59.93243,-1.10177,7.5,Spring,0.2227,131,36
Eurasian Curlew,60.06757,-2.08112,7.5,Spring,0.4292,22,7
Eurasian Curlew,60.06757,-1.34661,7.5,Spring,0.6367,437,312
Eurasian Curlew,60.06757,-1.10177,7.5,Spring,0.3188,123,45
Eurasian Curlew,60.2027,-1.59145,7.5,Spring,0.6455,49,23
Eurasian Curlew,60.2027,-1.34661,7.5,Spring,0.6387,134,66
Eurasian Curlew,60.2027,-1.10177,7.5,Spring,0.5463,488,94
Eurasian Curlew,60.33784,-1.59145,7.5,Spring,0.6078,34,19
Eurasian Curlew,60.33784,-1.34661,7.5,Spring,0.6403,70,41
Eurasian Curlew,60.33784,-1.10177,7.5,Spring,0.6584,26,18
Eurasian Curlew,60.33784,-0.85693,7.5,Spring,0.446,5,1
Eurasian Curlew,60.47297,-1.59145,7.5,Spring,0.6241,71,26
Eurasian Curlew,60.47297,-1.34661,7.5,Spring,0.6267,52,28
Eurasian Curlew,60.47297,-1.10177,7.5,Spring,0.6021,58,23
Eurasian Curlew,60.47297,-0.85693,7.5,Spring,0.3419,26,17
Eurasian Curlew,60.60811,-1.34661,7.5,Spring,0.6092,24,12
Eurasian Curlew,60.60811,-1.10177,7.5,Spring,0.6469,33,10
Eurasian Curlew,60.60811,-0.85693,7.5,Spring,0.6531,78,29
Eurasian Curlew,60.74324,-1.10177,7.5,Spring,0.669,20,6
Eurasian Curlew,60.74324,-0.85693,7.5,Spring,0.6859,385,223
Eurasian Curlew,60.87838,-0.85693,7.5,Spring,0.3218,114,28
Eurasian Curlew,54.66216,-4.77434,7.5,Summer,0.0553,43,5
Eurasian Curlew,54.66216,-4.28466,7.5,Summer,0.0529,11,2
Eurasian Curlew,54.7973,-5.01918,7.5,Summer,0.1157,55,1
Eurasian Curlew,54.7973,-4.77434,7.5,Summer,0.0717,8,5
Eurasian Curlew,54.7973,-4.5295,7.5,Summer,0.0581,34,8
Eurasian Curlew,54.7973,-4.28466,7.5,Summer,0.0652,27,12
Eurasian Curlew,54.7973,-4.03983,7.5,Summer,0.4817,46,6
Eurasian Curlew,54.7973,-3.79499,7.5,Summer,0.0725,22,8
Eurasian Curlew,54.93243,-5.26402,7.5,Summer,0.0512,2,1
Eurasian Curlew,54.93243,-5.01918,7.5,Summer,0.1493,74,27
Eurasian Curlew,54.93243,-4.77434,7.5,Summer,0.0567,13,1
Eurasian Curlew,54.93243,-4.28466,7.5,Summer,0.0449,35,2
Eurasian Curlew,54.93243,-4.03983,7.5,Summer,0.0455,106,1
Eurasian Curlew,54.93243,-3.79499,7.5,Summer,0.0538,76,18
Eurasian Curlew,54.93243,-3.55015,7.5,Summer,0.4864,171,69
Eurasian Curlew,54.93243,-3.30531,7.5,Summer,0.537,22,9
Eurasian Curlew,54.93243,-3.06047,7.5,Summer,0.2115,41,19
Eurasian Curlew,55.06757,-5.26402,7.5,Summer,0.0601,23,6
Eurasian Curlew,55.06757,-5.01918,7.5,Summer,0.2367,12,3
Eurasian Curlew,55.06757,-4.77434,7.5,Summer,0.0711,10,4
Eurasian Curlew,55.06757,-4.03983,7.5,Summer,0.0569,63,2
Eurasian Curlew,55.06757,-3.55015,7.5,Summer,0.0332,192,11
Eurasian Curlew,55.06757,-3.30531,7.5,Summer,0.0619,52,1
Eurasian Curlew,55.2027,-5.01918,7.5,Summer,0.0564,17,3
Eurasian Curlew,55.2027,-4.77434,7.5,Summer,0.0618,30,4
Eurasian Curlew,55.2027,-4.28466,7.5,Summer,0.0534,23,2
Eurasian Curlew,55.2027,-4.03983,7.5,Summer,0.0563,23,1
Eurasian Curlew,55.2027,-3.55015,7.5,Summer,0.0663,9,1
Eurasian Curlew,55.2027,-2.81564,7.5,Summer,0.0862,13,1
Eurasian Curlew,55.33784,-5.75369,7.5,Summer,0.0738,17,2
Eurasian Curlew,55.33784,-5.50885,7.5,Summer,0.1185,14,3
Eurasian Curlew,55.33784,-4.77434,7.5,Summer,0.1252,137,37
Eurasian Curlew,55.33784,-4.28466,7.5,Summer,0.0537,47,3
Eurasian Curlew,55.33784,-3.79499,7.5,Summer,0.0562,22,1
Eurasian Curlew,55.33784,-2.5708,7.5,Summer,0.073,8,1
Eurasian Curlew,55.47297,-5.75369,7.5,Summer,0.1123,39,9
Eurasian Curlew,55.47297,-5.50885,7.5,Summer,0.2764,25,5
Eurasian Curlew,55.47297,-5.26402,7.5,Summer,0.1173,20,6
Eurasian Curlew,55.47297,-5.01918,7.5,Summer,0.072,38,16
Eurasian Curlew,55.47297,-4.77434,7.5,Summer,0.0848,450,126
Eurasian Curlew,55.47297,-4.5295,7.5,Summer,0.0467,794,82
Eurasian Curlew,55.47297,-4.28466,7.5,Summer,0.0614,34,2
Eurasian Curlew,55.47297,-3.79499,7.5,Summer,0.0709,96,26
Eurasian Curlew,55.47297,-3.55015,7.5,Summer,0.0719,88,6
Eurasian Curlew,55.47297,-3.30531,7.5,Summer,0.0632,63,2
Eurasian Curlew,55.47297,-2.81564,7.5,Summer,0.0433,11,1
Eurasian Curlew,55.60811,-6.24337,7.5,Summer,0.1737,83,5
Eurasian Curlew,55.60811,-5.99853,7.5,Summer,0.0572,10,1
Eurasian Curlew,55.60811,-5.75369,7.5,Summer,0.0689,15,2
Eurasian Curlew,55.60811,-5.50885,7.5,Summer,0.2174,12,1
Eurasian Curlew,55.60811,-5.26402,7.5,Summer,0.0533,104,4
Eurasian Curlew,55.60811,-5.01918,7.5,Summer,0.0562,24,1
Eurasian Curlew,55.60811,-4.77434,7.5,Summer,0.1133,3125,780
Eurasian Curlew,55.60811,-4.5295,7.5,Summer,0.0302,27860,271
Eurasian Curlew,55.60811,-4.28466,7.5,Summer,0.059,20,1
Eurasian Curlew,55.60811,-4.03983,7.5,Summer,0.0582,5,1
Eurasian Curlew,55.60811,-3.55015,7.5,Summer,0.063,78,9
Eurasian Curlew,55.60811,-3.06047,7.5,Summer,0.0483,83,1
Eurasian Curlew,55.60811,-2.81564,7.5,Summer,0.0344,109,2
Eurasian Curlew,55.60811,-2.5708,7.5,Summer,0.0385,41,1
Eurasian Curlew,55.74324,-6.48821,7.5,Summer,0.2714,38,9
Eurasian Curlew,55.74324,-6.24337,7.5,Summer,0.0802,63,18
Eurasian Curlew,55.74324,-5.75369,7.5,Summer,0.0625,17,3
Eurasian Curlew,55.74324,-5.50885,7.5,Summer,0.0758,42,8
Eurasian Curlew,55.74324,-5.26402,7.5,Summer,0.1066,32,4
Eurasian Curlew,55.74324,-5.01918,7.5,Summer,0.3685,93,20
Eurasian Curlew,55.74324,-4.77434,7.5,Summer,0.0657,62,16
Eurasian Curlew,55.74324,-4.5295,7.5,Summer,0.0503,277,9
Eurasian Curlew,55.74324,-4.28466,7.5,Summer,0.0465,507,2
Eurasian Curlew,55.74324,-4.03983,7.5,Summer,0.0465,219,45
Eurasian Curlew,55.74324,-3.55015,7.5,Summer,0.0847,24,18
Eurasian Curlew,55.74324,-3.30531,7.5,Summer,0.0888,29,4
Eurasian Curlew,55.74324,-3.06047,7.5,Summer,0.1255,133,48
Eurasian Curlew,55.74324,-2.81564,7.5,Summer,0.0643,18,1
Eurasian Curlew,55.74324,-2.5708,7.5,Summer,0.078,14,5
Eurasian Curlew,55.74324,-2.08112,7.5,Summer,0.0756,40,1
Eurasian Curlew,55.87838,-6.48821,7.5,Summer,0.0738,11,2
Eurasian Curlew,55.87838,-6.24337,7.5,Summer,0.1956,94,17
Eurasian Curlew,55.87838,-5.99853,7.5,Summer,0.0669,21,1
Eurasian Curlew,55.87838,-5.75369,7.5,Summer,0.0664,7,1
Eurasian Curlew,55.87838,-5.50885,7.5,Summer,0.0653,48,14
Eurasian Curlew,55.87838,-5.26402,7.5,Summer,0.1234,24,10
Eurasian Curlew,55.87838,-5.01918,7.5,Summer,0.3273,15,1
Eurasian Curlew,55.87838,-4.77434,7.5,Summer,0.0661,45,5
Eurasian Curlew,55.87838,-4.5295,7.5,Summer,0.0602,292,20
Eurasian Curlew,55.87838,-4.28466,7.5,Summer,0.023,1378,2
Eurasian Curlew,55.87838,-4.03983,7.5,Summer,0.0254,131,2
Eurasian Curlew,55.87838,-3.79499,7.5,Summer,0.056,42,3
Eurasian Curlew,55.87838,-3.55015,7.5,Summer,0.0275,134,15
Eurasian Curlew,55.87838,-3.30531,7.5,Summer,0.0496,1184,20
Eurasian Curlew,55.87838,-3.06047,7.5,Summer,0.0343,1626,165
Eurasian Curlew,55.87838,-2.81564,7.5,Summer,0.0669,98,4
Eurasian Curlew,55.87838,-2.5708,7.5,Summer,0.2753,109,48
Eurasian Curlew,55.87838,-2.32596,7.5,Summer,0.0773,75,15
Eurasian Curlew,55.87838,-2.08112,7.5,Summer,0.298,295,63
Eurasian Curlew,56.01351,-6.24337,7.5,Summer,0.1116,22,3
Eurasian Curlew,56.01351,-5.99853,7.5,Summer,0.2484,3,2
Eurasian Curlew,56.01351,-5.75369,7.5,Summer,0.1773,13,3
Eurasian Curlew,56.01351,-5.50885,7.5,Summer,0.058,37,5
Eurasian Curlew,56.01351,-5.26402,7.5,Summer,0.0764,22,7
Eurasian Curlew,56.01351,-5.01918,7.5,Summer,0.0418,85,31
Eurasian Curlew,56.01351,-4.77434,7.5,Summer,0.4597,128,29
Eurasian Curlew,56.01351,-4.28466,7.5,Summer,0.0516,90,1
Eurasian Curlew,56.01351,-4.03983,7.5,Summer,0.0524,53,3
Eurasian Curlew,56.01351,-3.79499,7.5,Summer,0.029,365,75
Eurasian Curlew,56.01351,-3.55015,7.5,Summer,0.5501,266,89
Eurasian Curlew,56.01351,-3.30531,7.5,Summer,0.168,2181,302
Eurasian Curlew,56.01351,-3.06047,7.5,Summer,0.0782,2396,909
Eurasian Curlew,56.01351,-2.81564,7.5,Summer,0.2916,786,262
Eurasian Curlew,56.01351,-2.5708,7.5,Summer,0.6205,613,199
Eurasian Curlew,56.01351,-2.32596,7.5,Summer,0.1098,130,81
Eurasian Curlew,56.14865,-6.24337,7.5,Summer,0.0551,6,1
Eurasian Curlew,56.14865,-5.50885,7.5,Summer,0.1104,74,10
Eurasian Curlew,56.14865,-5.26402,7.5,Summer,0.0691,28,1
Eurasian Curlew,56.14865,-4.77434,7.5,Summer,0.0431,98,2
Eurasian Curlew,56.14865,-4.28466,7.5,Summer,0.0546,111,6
Eurasian Curlew,56.14865,-4.03983,7.5,Summer,0.0508,349,3
Eurasian Curlew,56.14865,-3.79499,7.5,Summer,0.0546,328,32
Eurasian Curlew,56.14865,-3.30531,7.5,Summer,0.0993,405,84
Eurasian Curlew,56.14865,-3.06047,7.5,Summer,0.1525,158,27
Eurasian Curlew,56.14865,-2.81564,7.5,Summer,0.1822,174,83
Eurasian Curlew,56.14865,-2.5708,7.5,Summer,0.0911,245,34
Eurasian Curlew,56.28378,-6.48821,7.5,Summer,0.0527,238,21
Eurasian Curlew,56.28378,-6.24337,7.5,Summer,0.2451,89,20
Eurasian Curlew,56.28378,-5.99853,7.5,Summer,0.0772,3,1
Eurasian Curlew,56.28378,-5.75369,7.5,Summer,0.0439,34,8
Eurasian Curlew,56.28378,-5.50885,7.5,Summer,0.2286,51,1
Eurasian Curlew,56.28378,-4.28466,7.5,Summer,0.055,205,1
Eurasian Curlew,56.28378,-4.03983,7.5,Summer,0.0621,8,1
Eurasian Curlew,56.28378,-3.79499,7.5,Summer,0.059,77,3
Eurasian Curlew,56.28378,-3.55015,7.5,Summer,0.0638,35,1
Eurasian Curlew,56.28378,-3.30531,7.5,Summer,0.0904,90,4
Eurasian Curlew,56.28378,-3.06047,7.5,Summer,0.0627,322,41
Eurasian Curlew,56.28378,-2.81564,7.5,Summer,0.1128,1122,174
Eurasian Curlew,56.28378,-2.5708,7.5,Summer,0.497,524,224
Eurasian Curlew,56.41892,-6.97788,7.5,Summer,0.0699,37,7
Eurasian Curlew,56.41892,-6.24337,7.5,Summer,0.0628,224,15
Eurasian Curlew,56.41892,-5.99853,7.5,Summer,0.0701,294,91
Eurasian Curlew,56.41892,-5.75369,7.5,Summer,0.3041,361,103
Eurasian Curlew,56.41892,-5.50885,7.5,Summer,0.1608,433,31
Eurasian Curlew,56.41892,-5.26402,7.5,Summer,0.0726,25,1
Eurasian Curlew,56.41892,-4.28466,7.5,Summer,0.0501,97,1
Eurasian Curlew,56.41892,-4.03983,7.5,Summer,0.0616,50,11
Eurasian Curlew,56.41892,-3.79499,7.5,Summer,0.0596,78,1
Eurasian Curlew,56.41892,-3.55015,7.5,Summer,0.0654,110,1
Eurasian Curlew,56.41892,-3.30531,7.5,Summer,0.0698,198,15
Eurasian Curlew,56.41892,-3.06047,7.5,Summer,0.1169,357,16
Eurasian Curlew,56.41892,-2.81564,7.5,Summer,0.4888,590,261
Eurasian Curlew,56.55405,-6.97788,7.5,Summer,0.0711,19,1
Eurasian Curlew,56.55405,-6.73304,7.5,Summer,0.2015,37,9
Eurasian Curlew,56.55405,-6.48821,7.5,Summer,0.0561,134,5
Eurasian Curlew,56.55405,-6.24337,7.5,Summer,0.0863,192,43
Eurasian Curlew,56.55405,-5.99853,7.5,Summer,0.1264,274,92
Eurasian Curlew,56.55405,-5.75369,7.5,Summer,0.2832,81,22
Eurasian Curlew,56.55405,-5.50885,7.5,Summer,0.0941,37,6
Eurasian Curlew,56.55405,-5.26402,7.5,Summer,0.2479,36,11
Eurasian Curlew,56.55405,-4.77434,7.5,Summer,0.0378,50,1
Eurasian Curlew,56.55405,-4.03983,7.5,Summer,0.0643,49,2
Eurasian Curlew,56.55405,-3.79499,7.5,Summer,0.0624,45,12
Eurasian Curlew,56.55405,-3.55015,7.5,Summer,0.0635,287,6
Eurasian Curlew,56.55405,-3.06047,7.5,Summer,0.0639,31,1
Eurasian Curlew,56.55405,-2.81564,7.5,Summer,0.0517,30,9
Eurasian Curlew,56.55405,-2.5708,7.5,Summer,0.3107,98,33
Eurasian Curlew,56.68919,-6.48821,7.5,Summer,0.2478,30,8
Eurasian Curlew,56.68919,-6.24337,7.5,Summer,0.1774,70,9
Eurasian Curlew,56.68919,-5.99853,7.5,Summer,0.1826,168,12
Eurasian Curlew,56.68919,-5.75369,7.5,Summer,0.2051,30,2
Eurasian Curlew,56.68919,-5.50885,7.5,Summer,0.0964,44,6
Eurasian Curlew,56.68919,-5.26402,7.5,Summer,0.1533,139,9
Eurasian Curlew,56.68919,-5.01918,7.5,Summer,0.0839,304,19
Eurasian Curlew,56.68919,-4.28466,7.5,Summer,0.0614,18,3
Eurasian Curlew,56.68919,-4.03983,7.5,Summer,0.0771,50,5
Eurasian Curlew,56.68919,-3.79499,7.5,Summer,0.0458,268,1
Eurasian Curlew,56.68919,-3.30531,7.5,Summer,0.0944,40,10
Eurasian Curlew,56.68919,-3.06047,7.5,Summer,0.0811,142,15
Eurasian Curlew,56.68919,-2.81564,7.5,Summer,0.0856,56,3
Eurasian Curlew,56.68919,-2.5708,7.5,Summer,0.1505,238,114
Eurasian Curlew,56.68919,-2.32596,7.5,Summer,0.0772,30,16
Eurasian Curlew,56.82432,-6.24337,7.5,Summer,0.0666,21,4
Eurasian Curlew,56.82432,-5.99853,7.5,Summer,0.0631,11,1
Eurasian Curlew,56.82432,-5.75369,7.5,Summer,0.0872,93,17
Eurasian Curlew,56.82432,-5.26402,7.5,Summer,0.0493,33,4
Eurasian Curlew,56.82432,-5.01918,7.5,Summer,0.0371,276,9
Eurasian Curlew,56.82432,-4.28466,7.5,Summer,0.0657,15,2
Eurasian Curlew,56.82432,-4.03983,7.5,Summer,0.0895,25,1
Eurasian Curlew,56.82432,-3.79499,7.5,Summer,0.0561,56,1
Eurasian Curlew,56.82432,-3.55015,7.5,Summer,0.0637,25,1
Eurasian Curlew,56.82432,-3.30531,7.5,Summer,0.0883,104,10
Eurasian Curlew,56.82432,-3.06047,7.5,Summer,0.1144,27,13
Eurasian Curlew,56.82432,-2.81564,7.5,Summer,0.1381,11,6
Eurasian Curlew,56.82432,-2.32596,7.5,Summer,0.3907,71,19
Eurasian Curlew,56.95946,-7.46756,7.5,Summer,0.2072,118,13
Eurasian Curlew,56.95946,-6.24337,7.5,Summer,0.1452,43,24
Eurasian Curlew,56.95946,-5.75369,7.5,Summer,0.0446,122,6
Eurasian Curlew,56.95946,-4.5295,7.5,Summer,0.0392,28,2
Eurasian Curlew,56.95946,-4.28466,7.5,Summer,0.0802,75,10
Eurasian Curlew,56.95946,-3.55015,7.5,Summer,0.0636,70,13
Eurasian Curlew,56.95946,-3.30531,7.5,Summer,0.0802,105,4
Eurasian Curlew,56.95946,-3.06047,7.5,Summer,0.0928,26,2
Eurasian Curlew,56.95946,-2.81564,7.5,Summer,0.1411,64,21
Eurasian Curlew,56.95946,-2.5708,7.5,Summer,0.0905,21,4
Eurasian Curlew,56.95946,-2.32596,7.5,Summer,0.0493,53,5
Eurasian Curlew,56.95946,-2.08112,7.5,Summer,0.0615,272,39
Eurasian Curlew,57.09459,-7.46756,7.5,Summer,0.0774,86,17
Eurasian Curlew,57.09459,-7.22272,7.5,Summer,0.215,41,6
Eurasian Curlew,57.09459,-6.48821,7.5,Summer,0.0833,39,12
Eurasian Curlew,57.09459,-5.99853,7.5,Summer,0.2166,105,4
Eurasian Curlew,57.09459,-5.75369,7.5,Summer,0.1687,94,2
Eurasian Curlew,57.09459,-4.03983,7.5,Summer,0.0607,526,126
Eurasian Curlew,57.09459,-3.79499,7.5,Summer,0.0473,311,1
Eurasian Curlew,57.09459,-3.55015,7.5,Summer,0.0615,315,2
Eurasian Curlew,57.09459,-3.30531,7.5,Summer,0.0773,90,4
Eurasian Curlew,57.09459,-3.06047,7.5,Summer,0.0723,80,5
Eurasian Curlew,57.09459,-2.81564,7.5,Summer,0.0798,84,4
Eurasian Curlew,57.09459,-2.08112,7.5,Summer,0.414,1194,346
Eurasian Curlew,57.22973,-7.46756,7.5,Summer,0.294,112,38
Eurasian Curlew,57.22973,-7.22272,7.5,Summer,0.1629,26,4
Eurasian Curlew,57.22973,-6.24337,7.5,Summer,0.0695,148,10
Eurasian Curlew,57.22973,-5.99853,7.5,Summer,0.1292,364,96
Eurasian Curlew,57.22973,-5.75369,7.5,Summer,0.0495,148,28
Eurasian Curlew,57.22973,-5.50885,7.5,Summer,0.1113,171,11
Eurasian Curlew,57.22973,-4.5295,7.5,Summer,0.0411,77,4
Eurasian Curlew,57.22973,-4.03983,7.5,Summer,0.0784,133,43
Eurasian Curlew,57.22973,-3.79499,7.5,Summer,0.0423,1932,47
Eurasian Curlew,57.22973,-3.55015,7.5,Summer,0.0739,441,41
Eurasian Curlew,57.22973,-3.30531,7.5,Summer,0.0924,128,28
Eurasian Curlew,57.22973,-3.06047,7.5,Summer,0.097,7,2
Eurasian Curlew,57.22973,-2.81564,7.5,Summer,0.0827,22,1
Eurasian Curlew,57.22973,-2.32596,7.5,Summer,0.0456,9,1
Eurasian Curlew,57.22973,-2.08112,7.5,Summer,0.1822,267,32
Eurasian Curlew,57.22973,-1.83628,7.5,Summer,0.0578,5,1
Eurasian Curlew,57.36486,-7.46756,7.5,Summer,0.1131,123,40
Eurasian Curlew,57.36486,-7.22272,7.5,Summer,0.1929,80,21
Eurasian Curlew,57.36486,-6.48821,7.5,Summer,0.2334,93,37
Eurasian Curlew,57.36486,-6.24337,7.5,Summer,0.0787,292,47
Eurasian Curlew,57.36486,-5.99853,7.5,Summer,0.2417,33,6
Eurasian Curlew,57.36486,-5.75369,7.5,Summer,0.1187,65,3
Eurasian Curlew,57.36486,-5.50885,7.5,Summer,0.1866,51,7
Eurasian Curlew,57.36486,-4.77434,7.5,Summer,0.0437,58,3
Eurasian Curlew,57.36486,-4.5295,7.5,Summer,0.0438,222,2
Eurasian Curlew,57.36486,-4.28466,7.5,Summer,0.0937,264,48
Eurasian Curlew,57.36486,-4.03983,7.5,Summer,0.105,86,17
Eurasian Curlew,57.36486,-3.79499,7.5,Summer,0.1172,308,95
Eurasian Curlew,57.36486,-3.55015,7.5,Summer,0.0885,381,26
Eurasian Curlew,57.36486,-3.30531,7.5,Summer,0.1012,71,10
Eurasian Curlew,57.36486,-3.06047,7.5,Summer,0.0867,14,4
Eurasian Curlew,57.36486,-2.81564,7.5,Summer,0.0878,7,2
Eurasian Curlew,57.36486,-2.5708,7.5,Summer,0.0668,84,1
Eurasian Curlew,57.36486,-2.08112,7.5,Summer,0.0481,330,175
Eurasian Curlew,57.36486,-1.83628,7.5,Summer,0.2564,74,8
Eurasian Curlew,57.5,-7.46756,7.5,Summer,0.0945,165,29
Eurasian Curlew,57.5,-7.22272,7.5,Summer,0.1874,111,23
Eurasian Curlew,57.5,-6.73304,7.5,Summer,0.1737,402,57
Eurasian Curlew,57.5,-6.48821,7.5,Summer,0.1112,157,22
Eurasian Curlew,57.5,-6.24337,7.5,Summer,0.0581,189,24
Eurasian Curlew,57.5,-5.75369,7.5,Summer,0.051,62,16
Eurasian Curlew,57.5,-5.50885,7.5,Summer,0.048,59,17
Eurasian Curlew,57.5,-5.01918,7.5,Summer,0.043,8,1
Eurasian Curlew,57.5,-4.28466,7.5,Summer,0.1147,814,206
Eurasian Curlew,57.5,-4.03983,7.5,Summer,0.0968,626,147
Eurasian Curlew,57.5,-3.79499,7.5,Summer,0.0838,60,4
Eurasian Curlew,57.5,-3.30531,7.5,Summer,0.0863,48,2
Eurasian Curlew,57.5,-1.83628,7.5,Summer,0.2436,107,5
Eurasian Curlew,57.63514,-7.46756,7.5,Summer,0.2283,350,102
Eurasian Curlew,57.63514,-7.22272,7.5,Summer,0.1804,116,22
Eurasian Curlew,57.63514,-6.73304,7.5,Summer,0.057,13,1
Eurasian Curlew,57.63514,-6.48821,7.5,Summer,0.0638,167,26
Eurasian Curlew,57.63514,-6.24337,7.5,Summer,0.1704,443,26
Eurasian Curlew,57.63514,-5.75369,7.5,Summer,0.1826,46,3
Eurasian Curlew,57.63514,-5.50885,7.5,Summer,0.0425,49,1
Eurasian Curlew,57.63514,-5.26402,7.5,Summer,0.0485,100,1
Eurasian Curlew,57.63514,-5.01918,7.5,Summer,0.0426,27,3
Eurasian Curlew,57.63514,-4.77434,7.5,Summer,0.0415,32,1
Eurasian Curlew,57.63514,-4.5295,7.5,Summer,0.0444,173,8
Eurasian Curlew,57.63514,-4.28466,7.5,Summer,0.5665,189,55
Eurasian Curlew,57.63514,-4.03983,7.5,Summer,0.5552,742,313
Eurasian Curlew,57.63514,-3.79499,7.5,Summer,0.1033,187,45
Eurasian Curlew,57.63514,-3.55015,7.5,Summer,0.1833,190,75
Eurasian Curlew,57.63514,-3.30531,7.5,Summer,0.048,127,2
Eurasian Curlew,57.63514,-3.06047,7.5,Summer,0.1553,170,50
Eurasian Curlew,57.63514,-2.81564,7.5,Summer,0.0621,26,4
Eurasian Curlew,57.63514,-2.5708,7.5,Summer,0.2265,33,2
Eurasian Curlew,57.63514,-2.32596,7.5,Summer,0.2189,124,3
Eurasian Curlew,57.63514,-2.08112,7.5,Summer,0.0678,34,2
Eurasian Curlew,57.63514,-1.83628,7.5,Summer,0.3575,145,44
Eurasian Curlew,57.77027,-8.69175,7.5,Summer,0.0665,36,1
Eurasian Curlew,57.77027,-7.22272,7.5,Summer,0.0682,64,6
Eurasian Curlew,57.77027,-6.97788,7.5,Summer,0.0739,108,17
Eurasian Curlew,57.77027,-6.24337,7.5,Summer,0.0512,14,2
Eurasian Curlew,57.77027,-5.75369,7.5,Summer,0.0594,159,9
Eurasian Curlew,57.77027,-5.50885,7.5,Summer,0.0476,82,44
Eurasian Curlew,57.77027,-5.01918,7.5,Summer,0.0419,41,1
Eurasian Curlew,57.77027,-4.28466,7.5,Summer,0.0809,33,1
Eurasian Curlew,57.77027,-4.03983,7.5,Summer,0.1017,134,47
Eurasian Curlew,57.77027,-3.79499,7.5,Summer,0.1033,180,57
Eurasian Curlew,57.77027,-3.55015,7.5,Summer,0.0889,104,28
Eurasian Curlew,57.77027,-3.30531,7.5,Summer,0.1057,140,63
Eurasian Curlew,57.90541,-6.97788,7.5,Summer,0.1215,77,14
Eurasian Curlew,57.90541,-6.73304,7.5,Summer,0.1369,63,5
Eurasian Curlew,57.90541,-6.24337,7.5,Summer,0.0549,17,1
Eurasian Curlew,57.90541,-5.50885,7.5,Summer,0.0712,122,14
Eurasian Curlew,57.90541,-5.26402,7.5,Summer,0.1552,175,31
Eurasian Curlew,57.90541,-4.28466,7.5,Summer,0.0857,66,15
Eurasian Curlew,57.90541,-4.03983,7.5,Summer,0.1437,246,99
Eurasian Curlew,57.90541,-3.79499,7.5,Summer,0.1003,52,18
Eurasian Curlew,58.04054,-6.73304,7.5,Summer,0.1535,36,5
Eurasian Curlew,58.04054,-6.48821,7.5,Summer,0.0928,51,10
Eurasian Curlew,58.04054,-5.26402,7.5,Summer,0.0494,31,2
Eurasian Curlew,58.04054,-4.77434,7.5,Summer,0.0476,10,1
Eurasian Curlew,58.04054,-4.5295,7.5,Summer,0.0544,45,10
Eurasian Curlew,58.04054,-4.03983,7.5,Summer,0.0824,57,7
Eurasian Curlew,58.04054,-3.79499,7.5,Summer,0.3278,81,13
Eurasian Curlew,58.17568,-6.97788,7.5,Summer,0.0963,82,9
Eurasian Curlew,58.17568,-6.73304,7.5,Summer,0.2682,84,21
Eurasian Curlew,58.17568,-6.48821,7.5,Summer,0.0946,142,11
Eurasian Curlew,58.17568,-6.24337,7.5,Summer,0.3244,101,29
Eurasian Curlew,58.17568,-5.50885,7.5,Summer,0.0521,27,3
Eurasian Curlew,58.17568,-5.26402,7.5,Summer,0.0771,123,17
Eurasian Curlew,58.17568,-3.79499,7.5,Summer,0.1017,23,4
Eurasian Curlew,58.17568,-3.55015,7.5,Summer,0.1808,44,8
Eurasian Curlew,58.17568,-3.30531,7.5,Summer,0.1061,48,3
Eurasian Curlew,58.31081,-6.73304,7.5,Summer,0.2143,126,33
Eurasian Curlew,58.31081,-6.48821,7.5,Summer,0.0964,64,18
Eurasian Curlew,58.31081,-6.24337,7.5,Summer,0.3448,163,58
Eurasian Curlew,58.31081,-5.26402,7.5,Summer,0.0525,70,5
Eurasian Curlew,58.31081,-5.01918,7.5,Summer,0.0537,40,4
Eurasian Curlew,58.31081,-3.79499,7.5,Summer,0.0933,47,1
Eurasian Curlew,58.31081,-3.30531,7.5,Summer,0.1665,52,5
Eurasian Curlew,58.31081,-3.06047,7.5,Summer,0.0637,6,2
Eurasian Curlew,58.44595,-6.48821,7.5,Summer,0.109,19,5
Eurasian Curlew,58.44595,-6.24337,7.5,Summer,0.1265,130,38
Eurasian Curlew,58.44595,-5.26402,7.5,Summer,0.0529,94,14
Eurasian Curlew,58.44595,-5.01918,7.5,Summer,0.1287,54,2
Eurasian Curlew,58.44595,-4.77434,7.5,Summer,0.1642,11,1
Eurasian Curlew,58.44595,-4.5295,7.5,Summer,0.0889,33,9
Eurasian Curlew,58.44595,-4.28466,7.5,Summer,0.0925,27,1
Eurasian Curlew,58.44595,-3.79499,7.5,Summer,0.1131,16,4
Eurasian Curlew,58.44595,-3.55015,7.5,Summer,0.1094,5,2
Eurasian Curlew,58.44595,-3.06047,7.5,Summer,0.4246,74,12
Eurasian Curlew,58.58108,-6.24337,7.5,Summer,0.0739,87,9
Eurasian Curlew,58.58108,-4.77434,7.5,Summer,0.1725,110,17
Eurasian Curlew,58.58108,-4.5295,7.5,Summer,0.2123,26,1
Eurasian Curlew,58.58108,-4.28466,7.5,Summer,0.0992,31,7
Eurasian Curlew,58.58108,-4.03983,7.5,Summer,0.4851,37,25
Eurasian Curlew,58.58108,-3.79499,7.5,Summer,0.481,34,12
Eurasian Curlew,58.58108,-3.55015,7.5,Summer,0.1352,117,11
Eurasian Curlew,58.58108,-3.30531,7.5,Summer,0.164,172,47
Eurasian Curlew,58.58108,-3.06047,7.5,Summer,0.4909,174,49
Eurasian Curlew,58.71622,-3.30531,7.5,Summer,0.1599,103,10
Eurasian Curlew,58.71622,-3.06047,7.5,Summer,0.1241,37,13
Eurasian Curlew,58.71622,-2.81564,7.5,Summer,0.1294,3,2
Eurasian Curlew,58.85135,-3.30531,7.5,Summer,0.3051,113,37
Eurasian Curlew,58.85135,-3.06047,7.5,Summer,0.4177,70,32
Eurasian Curlew,58.85135,-2.81564,7.5,Summer,0.3741,183,38
Eurasian Curlew,58.98649,-3.30531,7.5,Summer,0.5353,530,213
Eurasian Curlew,58.98649,-3.06047,7.5,Summer,0.5553,416,102
Eurasian Curlew,58.98649,-2.81564,7.5,Summer,0.5668,119,64
Eurasian Curlew,59.12162,-3.30531,7.5,Summer,0.5575,447,227
Eurasian Curlew,59.12162,-3.06047,7.5,Summer,0.5962,316,167
Eurasian Curlew,59.12162,-2.81564,7.5,Summer,0.5405,13,9
Eurasian Curlew,59.12162,-2.5708,7.5,Summer,0.5562,12,8
Eurasian Curlew,59.25676,-3.06047,7.5,Summer,0.4856,56,24
Eurasian Curlew,59.25676,-2.81564,7.5,Summer,0.5672,63,25
Eurasian Curlew,59.25676,-2.5708,7.5,Summer,0.5771,15,12
Eurasian Curlew,59.25676,-2.32596,7.5,Summer,0.4081,5,4
Eurasian Curlew,59.39189,-3.06047,7.5,Summer,0.3682,41,3
Eurasian Curlew,59.39189,-2.81564,7.5,Summer,0.2703,16,9
Eurasian Curlew,59.39189,-2.32596,7.5,Summer,0.2046,184,139
Eurasian Curlew,59.52703,-1.59145,7.5,Summer,0.5759,354,285
Eurasian Curlew,59.7973,-1.34661,7.5,Summer,0.2636,226,29
Eurasian Curlew,59.93243,-1.34661,7.5,Summer,0.6771,1489,947
Eurasian Curlew,59.93243,-1.10177,7.5,Summer,0.1965,126,17
Eurasian Curlew,60.06757,-2.08112,7.5,Summer,0.3904,17,2
Eurasian Curlew,60.06757,-1.34661,7.5,Summer,0.652,208,124
Eurasian Curlew,60.06757,-1.10177,7.5,Summer,0.28,75,25
Eurasian Curlew,60.2027,-2.08112,7.5,Summer,0.432,4,2
Eurasian Curlew,60.2027,-1.59145,7.5,Summer,0.65,33,20
Eurasian Curlew,60.2027,-1.34661,7.5,Summer,0.6436,126,88
Eurasian Curlew,60.2027,-1.10177,7.5,Summer,0.5236,394,72
Eurasian Curlew,60.33784,-1.59145,7.5,Summer,0.6044,54,22
Eurasian Curlew,60.33784,-1.34661,7.5,Summer,0.6411,85,45
Eurasian Curlew,60.33784,-1.10177,7.5,Summer,0.6449,45,18
Eurasian Curlew,60.33784,-0.85693,7.5,Summer,0.4084,1,1
Eurasian Curlew,60.47297,-1.59145,7.5,Summer,0.6308,123,53
Eurasian Curlew,60.47297,-1.34661,7.5,Summer,0.636,54,27
Eurasian Curlew,60.47297,-1.10177,7.5,Summer,0.5954,77,21
Eurasian Curlew,60.47297,-0.85693,7.5,Summer,0.3139,10,7
Eurasian Curlew,60.60811,-1.34661,7.5,Summer,0.6294,30,19
Eurasian Curlew,60.60811,-1.10177,7.5,Summer,0.6465,58,25
Eurasian Curlew,60.60811,-0.85693,7.5,Summer,0.6659,218,88
Eurasian Curlew,60.74324,-1.10177,7.5,Summer,0.6621,31,15
Eurasian Curlew,60.74324,-0.85693,7.5,Summer,0.6857,401,233
Eurasian Curlew,60.87838,-0.85693,7.5,Summer,0.298,127,26
Eurasian Curlew,54.66216,-4.77434,7.5,Winter,0.0555,12,4
Eurasian Curlew,54.66216,-4.28466,7.5,Winter,0.0534,3,1
Eurasian Curlew,54.7973,-5.01918,7.5,Winter,0.2258,27,6
Eurasian Curlew,54.7973,-4.77434,7.5,Winter,0.0794,8,2
Eurasian Curlew,54.7973,-4.5295,7.5,Winter,0.0732,47,27
Eurasian Curlew,54.7973,-4.28466,7.5,Winter,0.082,16,14
Eurasian Curlew,54.7973,-4.03983,7.5,Winter,0.6279,10,6
Eurasian Curlew,54.7973,-3.79499,7.5,Winter,0.0948,14,9
Eurasian Curlew,54.93243,-5.26402,7.5,Winter,0.0533,7,4
Eurasian Curlew,54.93243,-5.01918,7.5,Winter,0.2507,90,44
Eurasian Curlew,54.93243,-4.77434,7.5,Winter,0.0514,5,2
Eurasian Curlew,54.93243,-4.5295,7.5,Winter,0.04,25,1
Eurasian Curlew,54.93243,-4.28466,7.5,Winter,0.0407,45,9
Eurasian Curlew,54.93243,-4.03983,7.5,Winter,0.0378,59,2
Eurasian Curlew,54.93243,-3.79499,7.5,Winter,0.0554,69,36
Eurasian Curlew,54.93243,-3.55015,7.5,Winter,0.6167,289,191
Eurasian Curlew,54.93243,-3.30531,7.5,Winter,0.6458,29,20
Eurasian Curlew,54.93243,-3.06047,7.5,Winter,0.2681,29,14
Eurasian Curlew,55.06757,-5.01918,7.5,Winter,0.4975,14,5
Eurasian Curlew,55.06757,-4.03983,7.5,Winter,0.0373,37,1
Eurasian Curlew,55.06757,-3.55015,7.5,Winter,0.0305,173,12
Eurasian Curlew,55.2027,-5.01918,7.5,Winter,0.0556,8,3
Eurasian Curlew,55.2027,-4.77434,7.5,Winter,0.0582,20,11
Eurasian Curlew,55.33784,-4.77434,7.5,Winter,0.1958,114,73
Eurasian Curlew,55.33784,-4.5295,7.5,Winter,0.0353,24,2
Eurasian Curlew,55.33784,-4.28466,7.5,Winter,0.0375,67,3
Eurasian Curlew,55.33784,-3.55015,7.5,Winter,0.0391,23,1
Eurasian Curlew,55.33784,-2.81564,7.5,Winter,0.0354,7,1
Eurasian Curlew,55.47297,-5.75369,7.5,Winter,0.1864,36,12
Eurasian Curlew,55.47297,-5.50885,7.5,Winter,0.5595,15,7
Eurasian Curlew,55.47297,-5.26402,7.5,Winter,0.1644,10,5
Eurasian Curlew,55.47297,-5.01918,7.5,Winter,0.0792,8,3
Eurasian Curlew,55.47297,-4.77434,7.5,Winter,0.0795,596,187
Eurasian Curlew,55.47297,-4.5295,7.5,Winter,0.041,1316,180
Eurasian Curlew,55.60811,-6.24337,7.5,Winter,0.2592,95,9
Eurasian Curlew,55.60811,-5.99853,7.5,Winter,0.0623,6,1
Eurasian Curlew,55.60811,-5.75369,7.5,Winter,0.0732,25,14
Eurasian Curlew,55.60811,-5.50885,7.5,Winter,0.4765,7,4
Eurasian Curlew,55.60811,-5.26402,7.5,Winter,0.0553,26,6
Eurasian Curlew,55.60811,-4.77434,7.5,Winter,0.1889,4222,1141
Eurasian Curlew,55.60811,-4.5295,7.5,Winter,0.0275,17240,2439
Eurasian Curlew,55.60811,-3.30531,7.5,Winter,0.038,25,1
Eurasian Curlew,55.60811,-2.81564,7.5,Winter,0.0286,95,1
Eurasian Curlew,55.74324,-6.48821,7.5,Winter,0.3971,93,18
Eurasian Curlew,55.74324,-6.24337,7.5,Winter,0.0827,265,67
Eurasian Curlew,55.74324,-5.99853,7.5,Winter,0.1439,16,3
Eurasian Curlew,55.74324,-5.75369,7.5,Winter,0.0619,761,3
Eurasian Curlew,55.74324,-5.50885,7.5,Winter,0.0772,43,16
Eurasian Curlew,55.74324,-5.26402,7.5,Winter,0.1661,9,8
Eurasian Curlew,55.74324,-5.01918,7.5,Winter,0.5759,103,22
Eurasian Curlew,55.74324,-4.77434,7.5,Winter,0.0643,99,39
Eurasian Curlew,55.74324,-4.5295,7.5,Winter,0.0342,329,1
Eurasian Curlew,55.74324,-4.03983,7.5,Winter,0.0378,253,15
Eurasian Curlew,55.74324,-3.55015,7.5,Winter,0.0402,34,1
Eurasian Curlew,55.74324,-3.06047,7.5,Winter,0.043,248,3
Eurasian Curlew,55.74324,-2.08112,7.5,Winter,0.0733,13,2
Eurasian Curlew,55.87838,-6.48821,7.5,Winter,0.0795,23,3
Eurasian Curlew,55.87838,-6.24337,7.5,Winter,0.4489,204,120
Eurasian Curlew,55.87838,-5.99853,7.5,Winter,0.0674,16,1
Eurasian Curlew,55.87838,-5.50885,7.5,Winter,0.0654,28,9
Eurasian Curlew,55.87838,-5.26402,7.5,Winter,0.1693,17,4
Eurasian Curlew,55.87838,-5.01918,7.5,Winter,0.563,15,4
Eurasian Curlew,55.87838,-4.77434,7.5,Winter,0.0649,20,5
Eurasian Curlew,55.87838,-4.5295,7.5,Winter,0.0823,384,74
Eurasian Curlew,55.87838,-4.28466,7.5,Winter,0.0226,1701,2
Eurasian Curlew,55.87838,-3.79499,7.5,Winter,0.0369,88,11
Eurasian Curlew,55.87838,-3.55015,7.5,Winter,0.0259,227,5
Eurasian Curlew,55.87838,-3.30531,7.5,Winter,0.0404,1796,5
Eurasian Curlew,55.87838,-3.06047,7.5,Winter,0.03,1773,128
Eurasian Curlew,55.87838,-2.81564,7.5,Winter,0.0338,163,1
Eurasian Curlew,55.87838,-2.5708,7.5,Winter,0.0715,32,1
Eurasian Curlew,55.87838,-2.32596,7.5,Winter,0.0549,71,12
Eurasian Curlew,55.87838,-2.08112,7.5,Winter,0.3513,65,19
Eurasian Curlew,56.01351,-5.75369,7.5,Winter,0.2923,4,2
Eurasian Curlew,56.01351,-5.50885,7.5,Winter,0.0666,25,12
Eurasian Curlew,56.01351,-5.26402,7.5,Winter,0.0843,33,16
Eurasian Curlew,56.01351,-5.01918,7.5,Winter,0.0517,105,63
Eurasian Curlew,56.01351,-4.77434,7.5,Winter,0.6117,80,42
Eurasian Curlew,56.01351,-4.5295,7.5,Winter,0.0331,162,1
Eurasian Curlew,56.01351,-3.79499,7.5,Winter,0.0345,358,79
Eurasian Curlew,56.01351,-3.55015,7.5,Winter,0.603,507,183
Eurasian Curlew,56.01351,-3.30531,7.5,Winter,0.223,2000,500
Eurasian Curlew,56.01351,-3.06047,7.5,Winter,0.0936,1585,645
Eurasian Curlew,56.01351,-2.81564,7.5,Winter,0.3942,874,345
Eurasian Curlew,56.01351,-2.5708,7.5,Winter,0.6757,643,397
Eurasian Curlew,56.01351,-2.32596,7.5,Winter,0.1265,144,105
Eurasian Curlew,56.14865,-5.50885,7.5,Winter,0.1546,10,4
Eurasian Curlew,56.14865,-4.77434,7.5,Winter,0.051,38,14
Eurasian Curlew,56.14865,-4.03983,7.5,Winter,0.0481,363,4
Eurasian Curlew,56.14865,-3.79499,7.5,Winter,0.0616,490,69
Eurasian Curlew,56.14865,-3.55015,7.5,Winter,0.0734,196,4
Eurasian Curlew,56.14865,-3.30531,7.5,Winter,0.1117,535,223
Eurasian Curlew,56.14865,-3.06047,7.5,Winter,0.1857,302,68
Eurasian Curlew,56.14865,-2.81564,7.5,Winter,0.2893,219,117
Eurasian Curlew,56.14865,-2.5708,7.5,Winter,0.0756,4,3
Eurasian Curlew,56.28378,-6.24337,7.5,Winter,0.4798,4,4
Eurasian Curlew,56.28378,-5.50885,7.5,Winter,0.4036,14,3
Eurasian Curlew,56.28378,-5.01918,7.5,Winter,0.0467,7,1
Eurasian Curlew,56.28378,-4.77434,7.5,Winter,0.0356,19,1
Eurasian Curlew,56.28378,-4.28466,7.5,Winter,0.0364,56,2
Eurasian Curlew,56.28378,-3.30531,7.5,Winter,0.1064,81,3
Eurasian Curlew,56.28378,-3.06047,7.5,Winter,0.0687,327,27
Eurasian Curlew,56.28378,-2.81564,7.5,Winter,0.1624,1177,323
Eurasian Curlew,56.28378,-2.5708,7.5,Winter,0.5962,333,167
Eurasian Curlew,56.41892,-6.24337,7.5,Winter,0.0665,2,2
Eurasian Curlew,56.41892,-5.99853,7.5,Winter,0.07,10,6
Eurasian Curlew,56.41892,-5.75369,7.5,Winter,0.4913,18,7
Eurasian Curlew,56.41892,-5.50885,7.5,Winter,0.3036,66,14
Eurasian Curlew,56.41892,-5.26402,7.5,Winter,0.081,12,1
Eurasian Curlew,56.41892,-4.28466,7.5,Winter,0.033,48,1
Eurasian Curlew,56.41892,-3.55015,7.5,Winter,0.0587,90,4
Eurasian Curlew,56.41892,-3.30531,7.5,Winter,0.0744,176,15
Eurasian Curlew,56.41892,-3.06047,7.5,Winter,0.1329,316,22
Eurasian Curlew,56.41892,-2.81564,7.5,Winter,0.5529,524,286
Eurasian Curlew,56.55405,-6.24337,7.5,Winter,0.0848,25,10
Eurasian Curlew,56.55405,-5.99853,7.5,Winter,0.1581,9,3
Eurasian Curlew,56.55405,-5.75369,7.5,Winter,0.4631,4,1
Eurasian Curlew,56.55405,-5.26402,7.5,Winter,0.4584,6,4
Eurasian Curlew,56.55405,-3.79499,7.5,Winter,0.0384,15,1
Eurasian Curlew,56.55405,-2.81564,7.5,Winter,0.0505,28,5
Eurasian Curlew,56.55405,-2.5708,7.5,Winter,0.3898,56,17
Eurasian Curlew,56.68919,-6.24337,7.5,Winter,0.4166,13,2
Eurasian Curlew,56.68919,-5.99853,7.5,Winter,0.419,5,1
Eurasian Curlew,56.68919,-5.75369,7.5,Winter,0.4429,16,5
Eurasian Curlew,56.68919,-5.50885,7.5,Winter,0.1381,9,6
Eurasian Curlew,56.68919,-5.26402,7.5,Winter,0.2262,14,6
Eurasian Curlew,56.68919,-3.06047,7.5,Winter,0.0554,60,2
Eurasian Curlew,56.68919,-2.5708,7.5,Winter,0.1807,202,120
Eurasian Curlew,56.68919,-2.32596,7.5,Winter,0.0771,13,7
Eurasian Curlew,56.82432,-5.75369,7.5,Winter,0.129,29,14
Eurasian Curlew,56.82432,-5.26402,7.5,Winter,0.0649,2,2
Eurasian Curlew,56.82432,-5.01918,7.5,Winter,0.045,42,12
Eurasian Curlew,56.82432,-2.5708,7.5,Winter,0.09,130,3
Eurasian Curlew,56.82432,-2.32596,7.5,Winter,0.482,83,34
Eurasian Curlew,56.95946,-6.24337,7.5,Winter,0.2248,45,28
Eurasian Curlew,56.95946,-5.75369,7.5,Winter,0.0495,18,4
Eurasian Curlew,56.95946,-3.06047,7.5,Winter,0.0588,4,1
Eurasian Curlew,56.95946,-2.32596,7.5,Winter,0.0472,21,3
Eurasian Curlew,56.95946,-2.08112,7.5,Winter,0.065,42,12
Eurasian Curlew,57.09459,-5.99853,7.5,Winter,0.4578,8,4
Eurasian Curlew,57.09459,-5.75369,7.5,Winter,0.3948,11,4
Eurasian Curlew,57.09459,-4.03983,7.5,Winter,0.0339,301,9
Eurasian Curlew,57.09459,-2.08112,7.5,Winter,0.479,1022,245
Eurasian Curlew,57.22973,-7.46756,7.5,Winter,0.4139,35,12
Eurasian Curlew,57.22973,-5.99853,7.5,Winter,0.1984,81,31
Eurasian Curlew,57.22973,-5.75369,7.5,Winter,0.054,16,2
Eurasian Curlew,57.22973,-5.50885,7.5,Winter,0.1759,15,2
Eurasian Curlew,57.22973,-3.79499,7.5,Winter,0.0299,583,1
Eurasian Curlew,57.22973,-3.55015,7.5,Winter,0.0414,232,4
Eurasian Curlew,57.22973,-2.5708,7.5,Winter,0.0447,31,3
Eurasian Curlew,57.22973,-2.08112,7.5,Winter,0.2102,305,18
Eurasian Curlew,57.36486,-7.46756,7.5,Winter,0.1005,8,5
Eurasian Curlew,57.36486,-6.48821,7.5,Winter,0.3461,8,4
Eurasian Curlew,57.36486,-6.24337,7.5,Winter,0.0778,51,15
Eurasian Curlew,57.36486,-5.75369,7.5,Winter,0.183,11,2
Eurasian Curlew,57.36486,-5.50885,7.5,Winter,0.4119,7,2
Eurasian Curlew,57.36486,-4.28466,7.5,Winter,0.0496,66,2
Eurasian Curlew,57.36486,-3.55015,7.5,Winter,0.0423,228,4
Eurasian Curlew,57.36486,-2.08112,7.5,Winter,0.0485,95,74
Eurasian Curlew,57.36486,-1.83628,7.5,Winter,0.3098,23,3
Eurasian Curlew,57.5,-7.46756,7.5,Winter,0.0916,6,2
Eurasian Curlew,57.5,-6.73304,7.5,Winter,0.3072,244,42
Eurasian Curlew,57.5,-6.48821,7.5,Winter,0.139,32,4
Eurasian Curlew,57.5,-6.24337,7.5,Winter,0.0637,24,12
Eurasian Curlew,57.5,-5.75369,7.5,Winter,0.0572,7,2
Eurasian Curlew,57.5,-4.5295,7.5,Winter,0.041,25,2
Eurasian Curlew,57.5,-4.28466,7.5,Winter,0.139,622,195
Eurasian Curlew,57.5,-4.03983,7.5,Winter,0.0895,511,205
Eurasian Curlew,57.5,-1.83628,7.5,Winter,0.3053,27,11
Eurasian Curlew,57.63514,-7.46756,7.5,Winter,0.2434,7,4
Eurasian Curlew,57.63514,-6.48821,7.5,Winter,0.0702,11,6
Eurasian Curlew,57.63514,-6.24337,7.5,Winter,0.4062,95,30
Eurasian Curlew,57.63514,-4.5295,7.5,Winter,0.0474,66,16
Eurasian Curlew,57.63514,-4.28466,7.5,Winter,0.656,56,28
Eurasian Curlew,57.63514,-4.03983,7.5,Winter,0.6313,354,217
Eurasian Curlew,57.63514,-3.79499,7.5,Winter,0.1023,297,82
Eurasian Curlew,57.63514,-3.55015,7.5,Winter,0.1943,318,81
Eurasian Curlew,57.63514,-3.30531,7.5,Winter,0.0522,341,31
Eurasian Curlew,57.63514,-3.06047,7.5,Winter,0.1841,52,16
Eurasian Curlew,57.63514,-2.81564,7.5,Winter,0.0572,6,3
Eurasian Curlew,57.63514,-2.5708,7.5,Winter,0.2912,9,2
Eurasian Curlew,57.63514,-2.32596,7.5,Winter,0.2841,9,1
Eurasian Curlew,57.63514,-2.08112,7.5,Winter,0.0687,57,26
Eurasian Curlew,57.63514,-1.83628,7.5,Winter,0.4521,140,82
Eurasian Curlew,57.77027,-7.22272,7.5,Winter,0.0724,6,2
Eurasian Curlew,57.77027,-6.97788,7.5,Winter,0.0833,5,4
Eurasian Curlew,57.77027,-5.75369,7.5,Winter,0.0738,31,14
Eurasian Curlew,57.77027,-5.50885,7.5,Winter,0.0552,19,11
Eurasian Curlew,57.77027,-4.03983,7.5,Winter,0.1093,88,51
Eurasian Curlew,57.77027,-3.79499,7.5,Winter,0.096,153,73
Eurasian Curlew,57.77027,-3.55015,7.5,Winter,0.0808,140,40
Eurasian Curlew,57.77027,-3.30531,7.5,Winter,0.1105,185,115
Eurasian Curlew,57.77027,-2.81564,7.5,Winter,0.0592,2,1
Eurasian Curlew,57.90541,-6.97788,7.5,Winter,0.2833,8,2
Eurasian Curlew,57.90541,-6.24337,7.5,Winter,0.0483,89,2
Eurasian Curlew,57.90541,-5.50885,7.5,Winter,0.1004,41,7
Eurasian Curlew,57.90541,-5.26402,7.5,Winter,0.3821,35,14
Eurasian Curlew,57.90541,-4.28466,7.5,Winter,0.0873,43,12
Eurasian Curlew,57.90541,-4.03983,7.5,Winter,0.1857,192,70
Eurasian Curlew,57.90541,-3.79499,7.5,Winter,0.1102,17,13
Eurasian Curlew,58.04054,-4.03983,7.5,Winter,0.0599,10,2
Eurasian Curlew,58.04054,-3.79499,7.5,Winter,0.4599,38,14
Eurasian Curlew,58.17568,-6.48821,7.5,Winter,0.1011,51,13
Eurasian Curlew,58.17568,-6.24337,7.5,Winter,0.4904,54,44
Eurasian Curlew,58.17568,-3.55015,7.5,Winter,0.2183,14,2
Eurasian Curlew,58.31081,-6.73304,7.5,Winter,0.3599,11,6
Eurasian Curlew,58.31081,-6.48821,7.5,Winter,0.0885,3,2
Eurasian Curlew,58.31081,-6.24337,7.5,Winter,0.5051,53,23
Eurasian Curlew,58.31081,-3.30531,7.5,Winter,0.1894,8,2
Eurasian Curlew,58.44595,-6.48821,7.5,Winter,0.1064,1,1
Eurasian Curlew,58.44595,-6.24337,7.5,Winter,0.1247,13,9
Eurasian Curlew,58.44595,-3.30531,7.5,Winter,0.0956,16,1
Eurasian Curlew,58.44595,-3.06047,7.5,Winter,0.49,32,9
Eurasian Curlew,58.58108,-6.24337,7.5,Winter,0.0673,9,3
Eurasian Curlew,58.58108,-4.77434,7.5,Winter,0.4227,27,13
Eurasian Curlew,58.58108,-4.03983,7.5,Winter,0.5775,3,1
Eurasian Curlew,58.58108,-3.79499,7.5,Winter,0.5606,15,7
Eurasian Curlew,58.58108,-3.55015,7.5,Winter,0.1268,57,8
Eurasian Curlew,58.58108,-3.30531,7.5,Winter,0.1717,39,16
Eurasian Curlew,58.58108,-3.06047,7.5,Winter,0.5674,30,16
Eurasian Curlew,58.71622,-3.30531,7.5,Winter,0.1505,10,3
Eurasian Curlew,58.71622,-3.06047,7.5,Winter,0.1349,2,2
Eurasian Curlew,58.85135,-3.30531,7.5,Winter,0.3229,3,2
Eurasian Curlew,58.85135,-3.06047,7.5,Winter,0.4384,16,14
Eurasian Curlew,58.85135,-2.81564,7.5,Winter,0.4307,28,16
Eurasian Curlew,58.98649,-3.30531,7.5,Winter,0.5065,20,9
Eurasian Curlew,58.98649,-3.06047,7.5,Winter,0.6132,31,7
Eurasian Curlew,58.98649,-2.81564,7.5,Winter,0.6147,12,4
Eurasian Curlew,59.12162,-3.30531,7.5,Winter,0.6058,15,8
Eurasian Curlew,59.12162,-3.06047,7.5,Winter,0.6353,28,13
Eurasian Curlew,59.25676,-3.06047,7.5,Winter,0.4948,5,1
Eurasian Curlew,59.25676,-2.81564,7.5,Winter,0.6085,3,1
Eurasian Curlew,59.25676,-2.5708,7.5,Winter,0.6201,15,5
Eurasian Curlew,59.39189,-2.32596,7.5,Winter,0.1987,15,14
Eurasian Curlew,59.52703,-1.59145,7.5,Winter,0.6215,87,50
Eurasian Curlew,59.7973,-1.34661,7.5,Winter,0.2554,30,4
Eurasian Curlew,59.93243,-1.34661,7.5,Winter,0.69,905,658
Eurasian Curlew,59.93243,-1.10177,7.5,Winter,0.1941,48,36
Eurasian Curlew,60.06757,-2.08112,7.5,Winter,0.3966,7,6
Eurasian Curlew,60.06757,-1.34661,7.5,Winter,0.6637,290,221
Eurasian Curlew,60.06757,-1.10177,7.5,Winter,0.3255,96,49
Eurasian Curlew,60.2027,-2.08112,7.5,Winter,0.4432,3,3
Eurasian Curlew,60.2027,-1.59145,7.5,Winter,0.6603,8,5
Eurasian Curlew,60.2027,-1.34661,7.5,Winter,0.649,47,21
Eurasian Curlew,60.2027,-1.10177,7.5,Winter,0.5642,254,69
Eurasian Curlew,60.33784,-1.59145,7.5,Winter,0.605,9,5
Eurasian Curlew,60.33784,-1.34661,7.5,Winter,0.6499,23,6
Eurasian Curlew,60.33784,-1.10177,7.5,Winter,0.6627,18,6
Eurasian Curlew,60.33784,-0.85693,7.5,Winter,0.4136,3,1
Eurasian Curlew,60.47297,-1.59145,7.5,Winter,0.6415,6,1
Eurasian Curlew,60.47297,-1.34661,7.5,Winter,0.6472,17,2
Eurasian Curlew,60.47297,-1.10177,7.5,Winter,0.6134,13,7
Eurasian Curlew,60.47297,-0.85693,7.5,Winter,0.3022,1,1
Eurasian Curlew,60.60811,-1.34661,7.5,Winter,0.6411,4,2
Eurasian Curlew,60.60811,-1.10177,7.5,Winter,0.6636,50,9
Eurasian Curlew,60.60811,-0.85693,7.5,Winter,0.6607,4,3
Eurasian Curlew,60.74324,-1.10177,7.5,Winter,0.6754,15,5
Eurasian Curlew,60.74324,-0.85693,7.5,Winter,0.6902,280,176
Eurasian Curlew,60.87838,-0.85693,7.5,Winter,0.3363,32,20
European Golden-Plover,54.66216,-5.01918,7.5,Autumn,0.01,21,4
European Golden-Plover,54.7973,-4.5295,7.5,Autumn,0.012,46,6
European Golden-Plover,54.7973,-4.28466,7.5,Autumn,0.0127,6,1
European Golden-Plover,54.93243,-5.01918,7.5,Autumn,0.0297,93,4
European Golden-Plover,54.93243,-4.5295,7.5,Autumn,0.0061,19,1
European Golden-Plover,54.93243,-4.28466,7.5,Autumn,0.0055,30,1
European Golden-Plover,54.93243,-4.03983,7.5,Autumn,0.0065,53,2
European Golden-Plover,54.93243,-3.55015,7.5,Autumn,0.0739,239,34
European Golden-Plover,54.93243,-3.06047,7.5,Autumn,0.0423,46,8
European Golden-Plover,55.06757,-5.26402,7.5,Autumn,0.0057,16,2
European Golden-Plover,55.06757,-5.01918,7.5,Autumn,0.0495,27,1
European Golden-Plover,55.06757,-3.55015,7.5,Autumn,0.0022,165,1
European Golden-Plover,55.33784,-4.77434,7.5,Autumn,0.0201,125,4
European Golden-Plover,55.33784,-3.79499,7.5,Autumn,0.0048,15,1
European Golden-Plover,55.47297,-5.75369,7.5,Autumn,0.0492,16,3
European Golden-Plover,55.47297,-5.26402,7.5,Autumn,0.0196,50,1
European Golden-Plover,55.47297,-4.77434,7.5,Autumn,0.0061,581,35
European Golden-Plover,55.47297,-4.5295,7.5,Autumn,0.0027,1154,7
European Golden-Plover,55.60811,-6.24337,7.5,Autumn,0.0306,96,4
European Golden-Plover,55.60811,-5.26402,7.5,Autumn,0.0044,81,3
European Golden-Plover,55.60811,-4.77434,7.5,Autumn,0.0121,3758,97
European Golden-Plover,55.60811,-4.5295,7.5,Autumn,0.0021,21393,25
European Golden-Plover,55.60811,-2.5708,7.5,Autumn,0.006,19,1
European Golden-Plover,55.74324,-6.48821,7.5,Autumn,0.0339,54,2
European Golden-Plover,55.74324,-6.24337,7.5,Autumn,0.0122,173,3
European Golden-Plover,55.74324,-5.26402,7.5,Autumn,0.0212,34,2
European Golden-Plover,55.74324,-5.01918,7.5,Autumn,0.0352,76,1
European Golden-Plover,55.74324,-4.03983,7.5,Autumn,0.0023,208,1
European Golden-Plover,55.74324,-3.55015,7.5,Autumn,0.0147,38,3
European Golden-Plover,55.74324,-3.30531,7.5,Autumn,0.0108,26,1
European Golden-Plover,55.74324,-3.06047,7.5,Autumn,0.0152,165,9
European Golden-Plover,55.74324,-2.81564,7.5,Autumn,0.0178,10,2
European Golden-Plover,55.74324,-2.5708,7.5,Autumn,0.0117,3,1
European Golden-Plover,55.74324,-2.32596,7.5,Autumn,0.007,14,1
European Golden-Plover,55.87838,-6.24337,7.5,Autumn,0.0576,142,35
European Golden-Plover,55.87838,-5.01918,7.5,Autumn,0.0376,16,1
European Golden-Plover,55.87838,-4.5295,7.5,Autumn,0.0043,297,1
European Golden-Plover,55.87838,-3.79499,7.5,Autumn,0.0047,50,1
European Golden-Plover,55.87838,-3.55015,7.5,Autumn,0.0021,74,2
European Golden-Plover,55.87838,-3.30531,7.5,Autumn,0.0038,892,1
European Golden-Plover,55.87838,-3.06047,7.5,Autumn,0.0055,1429,15
European Golden-Plover,55.87838,-2.81564,7.5,Autumn,0.0076,104,1
European Golden-Plover,55.87838,-2.5708,7.5,Autumn,0.0077,13,1
European Golden-Plover,55.87838,-2.32596,7.5,Autumn,0.0073,105,6
European Golden-Plover,56.01351,-6.24337,7.5,Autumn,0.039,25,6
European Golden-Plover,56.01351,-5.75369,7.5,Autumn,0.037,10,1
European Golden-Plover,56.01351,-5.26402,7.5,Autumn,0.0161,7,1
European Golden-Plover,56.01351,-5.01918,7.5,Autumn,0.0064,72,1
European Golden-Plover,56.01351,-3.79499,7.5,Autumn,0.0021,285,17
European Golden-Plover,56.01351,-3.55015,7.5,Autumn,0.0372,300,33
European Golden-Plover,56.01351,-3.30531,7.5,Autumn,0.0084,1675,11
European Golden-Plover,56.01351,-3.06047,7.5,Autumn,0.0051,1856,37
European Golden-Plover,56.01351,-2.81564,7.5,Autumn,0.0729,652,62
European Golden-Plover,56.01351,-2.5708,7.5,Autumn,0.1362,447,22
European Golden-Plover,56.01351,-2.32596,7.5,Autumn,0.0109,379,32
European Golden-Plover,56.14865,-3.79499,7.5,Autumn,0.0048,274,2
European Golden-Plover,56.14865,-3.30531,7.5,Autumn,0.0044,374,2
European Golden-Plover,56.14865,-3.06047,7.5,Autumn,0.0093,103,1
European Golden-Plover,56.14865,-2.81564,7.5,Autumn,0.0288,81,10
European Golden-Plover,56.28378,-6.48821,7.5,Autumn,0.0038,55,1
European Golden-Plover,56.28378,-6.24337,7.5,Autumn,0.0611,22,2
European Golden-Plover,56.28378,-3.79499,7.5,Autumn,0.0043,75,1
European Golden-Plover,56.28378,-3.06047,7.5,Autumn,0.0041,309,1
European Golden-Plover,56.28378,-2.81564,7.5,Autumn,0.0082,885,9
European Golden-Plover,56.28378,-2.5708,7.5,Autumn,0.0797,604,59
European Golden-Plover,56.41892,-5.99853,7.5,Autumn,0.0107,72,5
European Golden-Plover,56.41892,-5.75369,7.5,Autumn,0.0491,123,2
European Golden-Plover,56.41892,-3.30531,7.5,Autumn,0.0055,131,6
European Golden-Plover,56.41892,-3.06047,7.5,Autumn,0.0065,363,1
European Golden-Plover,56.41892,-2.81564,7.5,Autumn,0.0231,548,48
European Golden-Plover,56.55405,-6.97788,7.5,Autumn,0.0139,27,7
European Golden-Plover,56.55405,-6.73304,7.5,Autumn,0.111,6,3
European Golden-Plover,56.55405,-6.24337,7.5,Autumn,0.011,64,1
European Golden-Plover,56.55405,-5.99853,7.5,Autumn,0.0268,81,2
European Golden-Plover,56.55405,-5.75369,7.5,Autumn,0.0214,70,4
European Golden-Plover,56.55405,-4.77434,7.5,Autumn,0.0042,28,1
European Golden-Plover,56.55405,-2.5708,7.5,Autumn,0.0602,60,1
European Golden-Plover,56.68919,-6.24337,7.5,Autumn,0.0606,44,2
European Golden-Plover,56.68919,-3.06047,7.5,Autumn,0.0056,95,2
European Golden-Plover,56.68919,-2.5708,7.5,Autumn,0.0106,265,24
European Golden-Plover,56.82432,-5.26402,7.5,Autumn,0.0051,9,1
European Golden-Plover,56.82432,-2.5708,7.5,Autumn,0.01,79,11
European Golden-Plover,56.82432,-2.32596,7.5,Autumn,0.0465,51,1
European Golden-Plover,56.95946,-7.46756,7.5,Autumn,0.2301,26,3
European Golden-Plover,56.95946,-6.24337,7.5,Autumn,0.0278,68,10
European Golden-Plover,56.95946,-5.75369,7.5,Autumn,0.0076,105,13
European Golden-Plover,57.09459,-7.46756,7.5,Autumn,0.052,14,2
European Golden-Plover,57.09459,-7.22272,7.5,Autumn,0.1962,13,1
European Golden-Plover,57.09459,-6.24337,7.5,Autumn,0.006,5,2
European Golden-Plover,57.09459,-5.99853,7.5,Autumn,0.0336,37,2
European Golden-Plover,57.09459,-2.08112,7.5,Autumn,0.0097,1071,18
European Golden-Plover,57.22973,-7.46756,7.5,Autumn,0.258,56,15
European Golden-Plover,57.22973,-5.75369,7.5,Autumn,0.0125,61,2
European Golden-Plover,57.22973,-4.03983,7.5,Autumn,0.0066,90,3
European Golden-Plover,57.22973,-3.79499,7.5,Autumn,0.0029,655,1
European Golden-Plover,57.22973,-2.08112,7.5,Autumn,0.0053,282,1
European Golden-Plover,57.36486,-7.46756,7.5,Autumn,0.0717,73,19
European Golden-Plover,57.36486,-6.24337,7.5,Autumn,0.0107,155,1
European Golden-Plover,57.36486,-5.75369,7.5,Autumn,0.0253,43,1
European Golden-Plover,57.36486,-3.30531,7.5,Autumn,0.0046,10,1
European Golden-Plover,57.36486,-2.32596,7.5,Autumn,0.0061,10,1
European Golden-Plover,57.36486,-2.08112,7.5,Autumn,0.0116,200,55
European Golden-Plover,57.36486,-1.83628,7.5,Autumn,0.0944,66,1
European Golden-Plover,57.5,-7.46756,7.5,Autumn,0.0314,50,11
European Golden-Plover,57.5,-7.22272,7.5,Autumn,0.1295,14,2
European Golden-Plover,57.5,-6.73304,7.5,Autumn,0.0341,244,7
European Golden-Plover,57.5,-4.28466,7.5,Autumn,0.0037,562,4
European Golden-Plover,57.5,-4.03983,7.5,Autumn,0.0065,423,20
European Golden-Plover,57.5,-3.06047,7.5,Autumn,0.0072,14,1
European Golden-Plover,57.5,-1.83628,7.5,Autumn,0.0897,45,4
European Golden-Plover,57.63514,-7.46756,7.5,Autumn,0.1219,72,20
European Golden-Plover,57.63514,-7.22272,7.5,Autumn,0.1296,32,5
European Golden-Plover,57.63514,-5.75369,7.5,Autumn,0.0461,3,1
European Golden-Plover,57.63514,-4.28466,7.5,Autumn,0.0681,93,4
European Golden-Plover,57.63514,-4.03983,7.5,Autumn,0.078,581,34
European Golden-Plover,57.63514,-3.55015,7.5,Autumn,0.0242,283,29
European Golden-Plover,57.63514,-3.06047,7.5,Autumn,0.0151,109,1
European Golden-Plover,57.63514,-2.5708,7.5,Autumn,0.0482,29,2
European Golden-Plover,57.63514,-2.08112,7.5,Autumn,0.017,39,1
European Golden-Plover,57.63514,-1.83628,7.5,Autumn,0.1418,165,28
European Golden-Plover,57.77027,-8.69175,7.5,Autumn,0.0113,2,1
European Golden-Plover,57.77027,-7.22272,7.5,Autumn,0.0137,18,6
European Golden-Plover,57.77027,-4.03983,7.5,Autumn,0.0178,104,14
European Golden-Plover,57.77027,-3.79499,7.5,Autumn,0.0083,172,11
European Golden-Plover,57.77027,-3.30531,7.5,Autumn,0.0081,202,4
European Golden-Plover,57.90541,-5.26402,7.5,Autumn,0.0268,101,2
European Golden-Plover,57.90541,-4.28466,7.5,Autumn,0.0103,86,2
European Golden-Plover,57.90541,-4.03983,7.5,Autumn,0.0138,167,1
European Golden-Plover,57.90541,-3.79499,7.5,Autumn,0.0143,76,21
European Golden-Plover,58.17568,-7.22272,7.5,Autumn,0.0153,4,1
European Golden-Plover,58.17568,-6.97788,7.5,Autumn,0.0386,67,12
European Golden-Plover,58.17568,-6.73304,7.5,Autumn,0.1134,14,1
European Golden-Plover,58.17568,-6.24337,7.5,Autumn,0.0427,72,8
European Golden-Plover,58.17568,-5.50885,7.5,Autumn,0.0109,8,2
European Golden-Plover,58.31081,-6.73304,7.5,Autumn,0.1064,87,18
European Golden-Plover,58.31081,-6.48821,7.5,Autumn,0.0227,22,2
European Golden-Plover,58.31081,-6.24337,7.5,Autumn,0.1113,117,6
European Golden-Plover,58.44595,-6.48821,7.5,Autumn,0.0517,12,1
European Golden-Plover,58.44595,-6.24337,7.5,Autumn,0.0778,109,39
European Golden-Plover,58.44595,-3.55015,7.5,Autumn,0.0624,4,3
European Golden-Plover,58.44595,-3.30531,7.5,Autumn,0.0661,3,1
European Golden-Plover,58.44595,-3.06047,7.5,Autumn,0.0325,54,6
European Golden-Plover,58.58108,-6.24337,7.5,Autumn,0.0335,58,13
European Golden-Plover,58.58108,-4.77434,7.5,Autumn,0.0422,66,5
European Golden-Plover,58.58108,-4.03983,7.5,Autumn,0.1624,21,1
European Golden-Plover,58.58108,-3.55015,7.5,Autumn,0.0072,31,1
European Golden-Plover,58.58108,-3.06047,7.5,Autumn,0.1036,95,5
European Golden-Plover,58.71622,-3.06047,7.5,Autumn,0.0376,35,6
European Golden-Plover,58.71622,-2.81564,7.5,Autumn,0.0447,5,2
European Golden-Plover,58.85135,-3.06047,7.5,Autumn,0.0477,54,4
European Golden-Plover,58.85135,-2.81564,7.5,Autumn,0.0702,100,18
European Golden-Plover,58.98649,-3.30531,7.5,Autumn,0.096,157,29
European Golden-Plover,58.98649,-3.06047,7.5,Autumn,0.0703,134,2
European Golden-Plover,58.98649,-2.81564,7.5,Autumn,0.0982,98,24
European Golden-Plover,59.12162,-3.30531,7.5,Autumn,0.2963,100,28
European Golden-Plover,59.12162,-3.06047,7.5,Autumn,0.2332,80,4
European Golden-Plover,59.12162,-2.5708,7.5,Autumn,0.2788,41,11
European Golden-Plover,59.25676,-2.5708,7.5,Autumn,0.2977,8,3
European Golden-Plover,59.25676,-2.32596,7.5,Autumn,0.1692,3,2
European Golden-Plover,59.39189,-3.06047,7.5,Autumn,0.0574,1,1
European Golden-Plover,59.39189,-2.81564,7.5,Autumn,0.0413,11,5
European Golden-Plover,59.39189,-2.32596,7.5,Autumn,0.0347,327,214
European Golden-Plover,59.52703,-1.59145,7.5,Autumn,0.234,323,157
European Golden-Plover,59.7973,-1.34661,7.5,Autumn,0.0529,168,5
European Golden-Plover,59.93243,-1.34661,7.5,Autumn,0.2487,2628,214
European Golden-Plover,59.93243,-1.10177,7.5,Autumn,0.0532,77,23
European Golden-Plover,60.06757,-2.08112,7.5,Autumn,0.1916,16,5
European Golden-Plover,60.06757,-1.34661,7.5,Autumn,0.2136,907,119
European Golden-Plover,60.06757,-1.10177,7.5,Autumn,0.043,253,23
European Golden-Plover,60.2027,-1.59145,7.5,Autumn,0.2499,63,11
European Golden-Plover,60.2027,-1.34661,7.5,Autumn,0.1633,500,30
European Golden-Plover,60.2027,-1.10177,7.5,Autumn,0.1177,824,51
European Golden-Plover,60.33784,-1.59145,7.5,Autumn,0.1352,107,16
European Golden-Plover,60.33784,-1.34661,7.5,Autumn,0.2118,397,17
European Golden-Plover,60.33784,-1.10177,7.5,Autumn,0.2703,219,20
European Golden-Plover,60.33784,-0.85693,7.5,Autumn,0.1123,31,9
European Golden-Plover,60.47297,-1.59145,7.5,Autumn,0.3181,176,84
European Golden-Plover,60.47297,-1.34661,7.5,Autumn,0.1983,240,29
European Golden-Plover,60.47297,-1.10177,7.5,Autumn,0.1552,149,15
European Golden-Plover,60.47297,-0.85693,7.5,Autumn,0.0596,36,5
European Golden-Plover,60.60811,-1.34661,7.5,Autumn,0.2797,63,27
European Golden-Plover,60.60811,-1.10177,7.5,Autumn,0.3581,106,11
European Golden-Plover,60.60811,-0.85693,7.5,Autumn,0.3679,32,4
European Golden-Plover,60.74324,-1.10177,7.5,Autumn,0.3663,54,16
European Golden-Plover,60.74324,-0.85693,7.5,Autumn,0.4055,798,177
European Golden-Plover,60.87838,-0.85693,7.5,Autumn,0.0742,125,23
European Golden-Plover,54.66216,-4.77434,7.5,Spring,0.0091,75,1
European Golden-Plover,54.66216,-4.28466,7.5,Spring,0.0106,9,1
European Golden-Plover,54.7973,-4.5295,7.5,Spring,0.0116,51,5
European Golden-Plover,54.93243,-5.01918,7.5,Spring,0.0128,134,1
European Golden-Plover,54.93243,-4.5295,7.5,Spring,0.0073,64,4
European Golden-Plover,54.93243,-3.79499,7.5,Spring,0.006,108,1
European Golden-Plover,54.93243,-3.55015,7.5,Spring,0.0181,256,38
European Golden-Plover,54.93243,-3.06047,7.5,Spring,0.0096,53,1
European Golden-Plover,55.06757,-3.30531,7.5,Spring,0.0065,79,1
European Golden-Plover,55.2027,-3.55015,7.5,Spring,0.0054,7,2
European Golden-Plover,55.2027,-3.06047,7.5,Spring,0.0065,49,2
European Golden-Plover,55.33784,-4.03983,7.5,Spring,0.0046,11,2
European Golden-Plover,55.33784,-3.79499,7.5,Spring,0.0048,69,1
European Golden-Plover,55.33784,-3.55015,7.5,Spring,0.0049,100,1
European Golden-Plover,55.47297,-5.75369,7.5,Spring,0.0227,50,1
European Golden-Plover,55.47297,-4.77434,7.5,Spring,0.0078,561,6
European Golden-Plover,55.47297,-4.5295,7.5,Spring,0.0043,1120,28
European Golden-Plover,55.47297,-4.28466,7.5,Spring,0.0045,36,1
European Golden-Plover,55.47297,-4.03983,7.5,Spring,0.0057,6,1
European Golden-Plover,55.60811,-6.24337,7.5,Spring,0.0202,237,13
European Golden-Plover,55.60811,-5.26402,7.5,Spring,0.0043,166,2
European Golden-Plover,55.60811,-4.77434,7.5,Spring,0.0059,3607,6
European Golden-Plover,55.60811,-4.5295,7.5,Spring,0.0023,21683,2
European Golden-Plover,55.74324,-6.48821,7.5,Spring,0.0352,81,4
European Golden-Plover,55.74324,-6.24337,7.5,Spring,0.0134,131,1
European Golden-Plover,55.74324,-5.75369,7.5,Spring,0.0072,3418,1
European Golden-Plover,55.74324,-5.01918,7.5,Spring,0.0088,108,1
European Golden-Plover,55.74324,-4.77434,7.5,Spring,0.0044,124,3
European Golden-Plover,55.74324,-3.79499,7.5,Spring,0.0051,52,1
European Golden-Plover,55.74324,-3.06047,7.5,Spring,0.0095,398,5
European Golden-Plover,55.74324,-2.5708,7.5,Spring,0.0069,11,1
European Golden-Plover,55.87838,-6.24337,7.5,Spring,0.034,110,11
European Golden-Plover,55.87838,-4.77434,7.5,Spring,0.0058,59,1
European Golden-Plover,55.87838,-3.55015,7.5,Spring,0.0021,219,1
European Golden-Plover,55.87838,-3.30531,7.5,Spring,0.0043,2071,10
European Golden-Plover,55.87838,-3.06047,7.5,Spring,0.0069,2165,18
European Golden-Plover,55.87838,-2.81564,7.5,Spring,0.0104,239,4
European Golden-Plover,55.87838,-2.5708,7.5,Spring,0.0089,232,6
European Golden-Plover,55.87838,-2.32596,7.5,Spring,0.0058,169,2
European Golden-Plover,56.01351,-6.24337,7.5,Spring,0.0286,34,2
European Golden-Plover,56.01351,-5.99853,7.5,Spring,0.017,11,1
European Golden-Plover,56.01351,-3.79499,7.5,Spring,0.002,421,1
European Golden-Plover,56.01351,-3.55015,7.5,Spring,0.0034,493,1
European Golden-Plover,56.01351,-3.30531,7.5,Spring,0.0033,2906,1
European Golden-Plover,56.01351,-3.06047,7.5,Spring,0.0038,2432,8
European Golden-Plover,56.01351,-2.81564,7.5,Spring,0.009,928,10
European Golden-Plover,56.01351,-2.5708,7.5,Spring,0.0135,754,8
European Golden-Plover,56.01351,-2.32596,7.5,Spring,0.0076,300,6
European Golden-Plover,56.14865,-4.28466,7.5,Spring,0.0037,180,2
European Golden-Plover,56.14865,-2.81564,7.5,Spring,0.0059,399,1
European Golden-Plover,56.14865,-2.5708,7.5,Spring,0.0045,243,1
European Golden-Plover,56.28378,-6.48821,7.5,Spring,0.0046,342,12
European Golden-Plover,56.28378,-6.24337,7.5,Spring,0.0137,133,3
European Golden-Plover,56.28378,-5.75369,7.5,Spring,0.005,17,3
European Golden-Plover,56.28378,-3.55015,7.5,Spring,0.0041,32,1
European Golden-Plover,56.28378,-3.30531,7.5,Spring,0.0042,146,4
European Golden-Plover,56.28378,-3.06047,7.5,Spring,0.0039,546,2
European Golden-Plover,56.28378,-2.81564,7.5,Spring,0.0054,1514,2
European Golden-Plover,56.28378,-2.5708,7.5,Spring,0.0104,559,10
European Golden-Plover,56.41892,-6.97788,7.5,Spring,0.021,28,2
European Golden-Plover,56.41892,-6.24337,7.5,Spring,0.0094,177,2
European Golden-Plover,56.41892,-5.99853,7.5,Spring,0.0106,401,14
European Golden-Plover,56.41892,-5.75369,7.5,Spring,0.015,385,6
European Golden-Plover,56.41892,-4.03983,7.5,Spring,0.0045,122,4
European Golden-Plover,56.41892,-3.06047,7.5,Spring,0.0046,540,1
European Golden-Plover,56.41892,-2.81564,7.5,Spring,0.0036,655,1
European Golden-Plover,56.55405,-6.97788,7.5,Spring,0.0202,33,5
European Golden-Plover,56.55405,-6.73304,7.5,Spring,0.0852,34,2
European Golden-Plover,56.55405,-6.24337,7.5,Spring,0.0119,182,2
European Golden-Plover,56.55405,-5.99853,7.5,Spring,0.0165,283,5
European Golden-Plover,56.55405,-5.75369,7.5,Spring,0.0126,158,1
European Golden-Plover,56.55405,-4.03983,7.5,Spring,0.0047,55,2
European Golden-Plover,56.55405,-3.79499,7.5,Spring,0.0045,74,1
European Golden-Plover,56.55405,-2.5708,7.5,Spring,0.0105,109,1
European Golden-Plover,56.68919,-6.48821,7.5,Spring,0.0196,42,3
European Golden-Plover,56.68919,-5.99853,7.5,Spring,0.0191,205,1
European Golden-Plover,56.68919,-5.75369,7.5,Spring,0.0185,96,1
European Golden-Plover,56.68919,-5.50885,7.5,Spring,0.0168,74,4
European Golden-Plover,56.68919,-5.26402,7.5,Spring,0.0122,113,4
European Golden-Plover,56.68919,-4.5295,7.5,Spring,0.0043,10,1
European Golden-Plover,56.68919,-2.5708,7.5,Spring,0.0061,253,1
European Golden-Plover,56.82432,-7.7124,7.5,Spring,0.0208,11,2
European Golden-Plover,56.82432,-5.26402,7.5,Spring,0.0055,28,4
European Golden-Plover,56.82432,-4.28466,7.5,Spring,0.006,17,1
European Golden-Plover,56.82432,-3.30531,7.5,Spring,0.0047,111,4
European Golden-Plover,56.82432,-3.06047,7.5,Spring,0.0047,25,2
European Golden-Plover,56.82432,-2.5708,7.5,Spring,0.0098,127,7
European Golden-Plover,56.82432,-2.32596,7.5,Spring,0.0127,78,1
European Golden-Plover,56.95946,-7.46756,7.5,Spring,0.1689,82,9
European Golden-Plover,56.95946,-6.24337,7.5,Spring,0.0268,108,11
European Golden-Plover,56.95946,-4.28466,7.5,Spring,0.0166,91,7
European Golden-Plover,56.95946,-4.03983,7.5,Spring,0.034,3,1
European Golden-Plover,56.95946,-3.55015,7.5,Spring,0.0236,57,1
European Golden-Plover,56.95946,-3.30531,7.5,Spring,0.0127,107,3
European Golden-Plover,56.95946,-2.81564,7.5,Spring,0.0064,10,3
European Golden-Plover,56.95946,-2.08112,7.5,Spring,0.0042,269,1
European Golden-Plover,57.09459,-7.46756,7.5,Spring,0.1317,60,7
European Golden-Plover,57.09459,-7.22272,7.5,Spring,0.2216,65,10
European Golden-Plover,57.09459,-5.99853,7.5,Spring,0.0137,100,2
European Golden-Plover,57.09459,-4.5295,7.5,Spring,0.0052,8,1
European Golden-Plover,57.09459,-4.03983,7.5,Spring,0.0043,709,6
European Golden-Plover,57.09459,-3.79499,7.5,Spring,0.0042,375,4
European Golden-Plover,57.09459,-3.55015,7.5,Spring,0.0166,433,1
European Golden-Plover,57.09459,-2.08112,7.5,Spring,0.0027,1560,1
European Golden-Plover,57.22973,-7.46756,7.5,Spring,0.2393,214,40
European Golden-Plover,57.22973,-6.48821,7.5,Spring,0.0105,23,1
European Golden-Plover,57.22973,-6.24337,7.5,Spring,0.0194,115,1
European Golden-Plover,57.22973,-5.99853,7.5,Spring,0.0226,315,6
European Golden-Plover,57.22973,-5.75369,7.5,Spring,0.0191,159,3
European Golden-Plover,57.22973,-5.50885,7.5,Spring,0.0162,128,1
European Golden-Plover,57.22973,-4.28466,7.5,Spring,0.0116,11,2
European Golden-Plover,57.22973,-4.03983,7.5,Spring,0.0167,252,49
European Golden-Plover,57.22973,-3.79499,7.5,Spring,0.0036,2240,21
European Golden-Plover,57.22973,-3.55015,7.5,Spring,0.0043,560,1
European Golden-Plover,57.22973,-3.30531,7.5,Spring,0.005,123,3
European Golden-Plover,57.36486,-7.46756,7.5,Spring,0.1279,199,27
European Golden-Plover,57.36486,-7.22272,7.5,Spring,0.1059,119,3
European Golden-Plover,57.36486,-5.99853,7.5,Spring,0.0221,41,3
European Golden-Plover,57.36486,-5.75369,7.5,Spring,0.0347,69,4
European Golden-Plover,57.36486,-5.01918,7.5,Spring,0.0161,15,1
European Golden-Plover,57.36486,-4.28466,7.5,Spring,0.0061,333,5
European Golden-Plover,57.36486,-4.03983,7.5,Spring,0.0103,118,2
European Golden-Plover,57.36486,-3.79499,7.5,Spring,0.0133,407,12
European Golden-Plover,57.36486,-3.55015,7.5,Spring,0.0071,445,1
European Golden-Plover,57.36486,-3.30531,7.5,Spring,0.0086,43,2
European Golden-Plover,57.36486,-2.08112,7.5,Spring,0.006,274,10
European Golden-Plover,57.5,-7.46756,7.5,Spring,0.0386,266,12
European Golden-Plover,57.5,-7.22272,7.5,Spring,0.1088,151,5
European Golden-Plover,57.5,-6.73304,7.5,Spring,0.0207,445,8
European Golden-Plover,57.5,-6.48821,7.5,Spring,0.0291,129,1
European Golden-Plover,57.5,-6.24337,7.5,Spring,0.0138,165,1
European Golden-Plover,57.5,-5.75369,7.5,Spring,0.0199,47,2
European Golden-Plover,57.5,-5.50885,7.5,Spring,0.0334,38,6
European Golden-Plover,57.5,-5.26402,7.5,Spring,0.0224,21,1
European Golden-Plover,57.5,-5.01918,7.5,Spring,0.0159,14,2
European Golden-Plover,57.5,-4.5295,7.5,Spring,0.0055,192,1
European Golden-Plover,57.5,-4.28466,7.5,Spring,0.0031,915,7
European Golden-Plover,57.5,-4.03983,7.5,Spring,0.0065,691,7
European Golden-Plover,57.5,-3.79499,7.5,Spring,0.011,39,3
European Golden-Plover,57.5,-3.55015,7.5,Spring,0.0088,26,1
European Golden-Plover,57.63514,-7.46756,7.5,Spring,0.1403,489,28
European Golden-Plover,57.63514,-7.22272,7.5,Spring,0.0771,123,2
European Golden-Plover,57.63514,-6.24337,7.5,Spring,0.0254,360,2
European Golden-Plover,57.63514,-5.75369,7.5,Spring,0.0354,56,5
European Golden-Plover,57.63514,-5.01918,7.5,Spring,0.0171,22,1
European Golden-Plover,57.63514,-4.28466,7.5,Spring,0.0129,160,1
European Golden-Plover,57.63514,-3.55015,7.5,Spring,0.0076,328,2
European Golden-Plover,57.63514,-3.30531,7.5,Spring,0.0023,232,1
European Golden-Plover,57.63514,-2.81564,7.5,Spring,0.0066,87,1
European Golden-Plover,57.63514,-1.83628,7.5,Spring,0.0683,232,13
European Golden-Plover,57.77027,-8.69175,7.5,Spring,0.016,65,3
European Golden-Plover,57.77027,-8.44691,7.5,Spring,0.0139,23,1
European Golden-Plover,57.77027,-7.22272,7.5,Spring,0.0234,66,9
European Golden-Plover,57.77027,-6.97788,7.5,Spring,0.0639,68,4
European Golden-Plover,57.77027,-5.75369,7.5,Spring,0.0463,131,6
European Golden-Plover,57.77027,-5.01918,7.5,Spring,0.022,49,1
European Golden-Plover,57.77027,-4.5295,7.5,Spring,0.0125,3,1
European Golden-Plover,57.77027,-4.28466,7.5,Spring,0.013,40,2
European Golden-Plover,57.77027,-4.03983,7.5,Spring,0.0174,201,3
European Golden-Plover,57.77027,-3.30531,7.5,Spring,0.0072,165,1
European Golden-Plover,57.90541,-6.97788,7.5,Spring,0.2012,91,19
European Golden-Plover,57.90541,-6.73304,7.5,Spring,0.0564,58,3
European Golden-Plover,57.90541,-5.75369,7.5,Spring,0.037,31,3
European Golden-Plover,57.90541,-5.50885,7.5,Spring,0.0404,117,6
European Golden-Plover,57.90541,-5.26402,7.5,Spring,0.0431,130,7
European Golden-Plover,57.90541,-4.28466,7.5,Spring,0.0312,115,7
European Golden-Plover,57.90541,-4.03983,7.5,Spring,0.0298,326,13
European Golden-Plover,57.90541,-3.79499,7.5,Spring,0.0222,70,8
European Golden-Plover,58.04054,-7.22272,7.5,Spring,0.0213,4,3
European Golden-Plover,58.04054,-6.97788,7.5,Spring,0.2156,23,5
European Golden-Plover,58.04054,-6.73304,7.5,Spring,0.0443,42,3
European Golden-Plover,58.04054,-6.48821,7.5,Spring,0.0344,31,3
European Golden-Plover,58.04054,-5.26402,7.5,Spring,0.0396,24,1
European Golden-Plover,58.04054,-5.01918,7.5,Spring,0.0291,23,1
European Golden-Plover,58.04054,-4.5295,7.5,Spring,0.0523,61,3
European Golden-Plover,58.04054,-4.28466,7.5,Spring,0.0478,55,3
European Golden-Plover,58.04054,-4.03983,7.5,Spring,0.0395,61,1
European Golden-Plover,58.17568,-7.22272,7.5,Spring,0.0284,1,1
European Golden-Plover,58.17568,-6.97788,7.5,Spring,0.0837,41,6
European Golden-Plover,58.17568,-6.73304,7.5,Spring,0.1171,86,5
European Golden-Plover,58.17568,-6.24337,7.5,Spring,0.0083,77,4
European Golden-Plover,58.17568,-5.26402,7.5,Spring,0.0402,130,4
European Golden-Plover,58.17568,-4.5295,7.5,Spring,0.0708,9,6
European Golden-Plover,58.17568,-3.79499,7.5,Spring,0.0316,13,1
European Golden-Plover,58.31081,-6.73304,7.5,Spring,0.1103,84,10
European Golden-Plover,58.31081,-6.48821,7.5,Spring,0.0155,58,17
European Golden-Plover,58.31081,-6.24337,7.5,Spring,0.0436,135,3
European Golden-Plover,58.31081,-5.01918,7.5,Spring,0.0446,43,4
European Golden-Plover,58.31081,-3.79499,7.5,Spring,0.0744,31,3
European Golden-Plover,58.31081,-3.55015,7.5,Spring,0.0537,14,1
European Golden-Plover,58.31081,-3.30531,7.5,Spring,0.0345,19,2
European Golden-Plover,58.44595,-6.48821,7.5,Spring,0.0503,12,3
European Golden-Plover,58.44595,-6.24337,7.5,Spring,0.0876,106,13
European Golden-Plover,58.44595,-5.26402,7.5,Spring,0.0335,89,1
European Golden-Plover,58.58108,-6.24337,7.5,Spring,0.0268,71,2
European Golden-Plover,58.58108,-5.01918,7.5,Spring,0.0198,3,1
European Golden-Plover,58.58108,-4.77434,7.5,Spring,0.03,149,13
European Golden-Plover,58.58108,-4.03983,7.5,Spring,0.0446,19,3
European Golden-Plover,58.58108,-3.79499,7.5,Spring,0.0157,34,2
European Golden-Plover,58.58108,-3.55015,7.5,Spring,0.0038,95,3
European Golden-Plover,58.58108,-3.30531,7.5,Spring,0.0094,100,3
European Golden-Plover,58.85135,-3.06047,7.5,Spring,0.0112,66,3
European Golden-Plover,58.85135,-2.81564,7.5,Spring,0.0153,115,2
European Golden-Plover,58.98649,-3.30531,7.5,Spring,0.0356,299,4
European Golden-Plover,58.98649,-3.06047,7.5,Spring,0.0069,323,2
European Golden-Plover,58.98649,-2.81564,7.5,Spring,0.0123,106,5
European Golden-Plover,59.12162,-3.30531,7.5,Spring,0.0543,228,4
European Golden-Plover,59.12162,-3.06047,7.5,Spring,0.0235,182,5
European Golden-Plover,59.25676,-3.06047,7.5,Spring,0.0479,27,4
European Golden-Plover,59.25676,-2.81564,7.5,Spring,0.05,23,1
European Golden-Plover,59.39189,-2.81564,7.5,Spring,0.0368,24,3
European Golden-Plover,59.39189,-2.32596,7.5,Spring,0.032,344,93
European Golden-Plover,59.52703,-1.59145,7.5,Spring,0.1319,456,204
European Golden-Plover,59.7973,-1.34661,7.5,Spring,0.0343,175,1
European Golden-Plover,59.93243,-1.34661,7.5,Spring,0.0979,1629,84
European Golden-Plover,59.93243,-1.10177,7.5,Spring,0.0334,131,9
European Golden-Plover,60.06757,-2.08112,7.5,Spring,0.1496,22,3
European Golden-Plover,60.06757,-1.34661,7.5,Spring,0.0472,437,56
European Golden-Plover,60.06757,-1.10177,7.5,Spring,0.0136,123,1
European Golden-Plover,60.2027,-1.59145,7.5,Spring,0.15,49,6
European Golden-Plover,60.2027,-1.34661,7.5,Spring,0.0487,134,2
European Golden-Plover,60.2027,-1.10177,7.5,Spring,0.0296,488,22
European Golden-Plover,60.33784,-1.59145,7.5,Spring,0.1211,34,1
European Golden-Plover,60.33784,-1.34661,7.5,Spring,0.135,70,3
European Golden-Plover,60.33784,-1.10177,7.5,Spring,0.2156,26,2
European Golden-Plover,60.33784,-0.85693,7.5,Spring,0.0816,5,1
European Golden-Plover,60.47297,-1.59145,7.5,Spring,0.2127,71,5
European Golden-Plover,60.47297,-1.34661,7.5,Spring,0.1542,52,10
European Golden-Plover,60.47297,-1.10177,7.5,Spring,0.1228,58,6
European Golden-Plover,60.47297,-0.85693,7.5,Spring,0.0481,26,3
European Golden-Plover,60.60811,-1.34661,7.5,Spring,0.2172,24,5
European Golden-Plover,60.60811,-1.10177,7.5,Spring,0.2954,33,5
European Golden-Plover,60.60811,-0.85693,7.5,Spring,0.3426,78,15
European Golden-Plover,60.74324,-1.10177,7.5,Spring,0.3087,20,1
European Golden-Plover,60.74324,-0.85693,7.5,Spring,0.3705,385,64
European Golden-Plover,60.87838,-0.85693,7.5,Spring,0.0856,114,17
European Golden-Plover,54.7973,-4.77434,7.5,Summer,0.0073,8,4
European Golden-Plover,54.7973,-4.28466,7.5,Summer,0.0062,27,2
European Golden-Plover,54.93243,-5.01918,7.5,Summer,0.0084,74,1
European Golden-Plover,54.93243,-3.55015,7.5,Summer,0.0118,171,5
European Golden-Plover,54.93243,-3.30531,7.5,Summer,0.023,22,1
European Golden-Plover,54.93243,-3.06047,7.5,Summer,0.0105,41,6
European Golden-Plover,55.33784,-4.77434,7.5,Summer,0.006,137,1
European Golden-Plover,55.60811,-4.77434,7.5,Summer,0.0057,3125,13
European Golden-Plover,55.60811,-4.5295,7.5,Summer,0.002,27860,1
European Golden-Plover,55.74324,-3.55015,7.5,Summer,0.0082,24,3
European Golden-Plover,55.74324,-3.06047,7.5,Summer,0.0107,133,2
European Golden-Plover,55.74324,-2.5708,7.5,Summer,0.0085,14,1
European Golden-Plover,55.87838,-6.24337,7.5,Summer,0.0132,94,2
European Golden-Plover,55.87838,-5.26402,7.5,Summer,0.008,24,1
European Golden-Plover,55.87838,-4.28466,7.5,Summer,0.002,1378,1
European Golden-Plover,55.87838,-3.06047,7.5,Summer,0.0041,1626,3
European Golden-Plover,55.87838,-2.5708,7.5,Summer,0.0081,109,6
European Golden-Plover,55.87838,-2.32596,7.5,Summer,0.0055,75,3
European Golden-Plover,56.01351,-3.79499,7.5,Summer,0.002,365,2
European Golden-Plover,56.01351,-3.55015,7.5,Summer,0.0032,266,1
European Golden-Plover,56.01351,-3.30531,7.5,Summer,0.0026,2181,1
European Golden-Plover,56.01351,-3.06047,7.5,Summer,0.0028,2396,11
European Golden-Plover,56.01351,-2.81564,7.5,Summer,0.0101,786,21
European Golden-Plover,56.01351,-2.5708,7.5,Summer,0.0167,613,7
European Golden-Plover,56.01351,-2.32596,7.5,Summer,0.0075,130,3
European Golden-Plover,56.14865,-3.30531,7.5,Summer,0.0026,405,1
European Golden-Plover,56.14865,-2.81564,7.5,Summer,0.0061,174,1
European Golden-Plover,56.14865,-2.5708,7.5,Summer,0.0044,245,1
European Golden-Plover,56.28378,-6.48821,7.5,Summer,0.0037,238,3
European Golden-Plover,56.28378,-6.24337,7.5,Summer,0.0092,89,2
European Golden-Plover,56.28378,-2.81564,7.5,Summer,0.0043,1122,1
European Golden-Plover,56.28378,-2.5708,7.5,Summer,0.0124,524,24
European Golden-Plover,56.41892,-6.24337,7.5,Summer,0.0075,224,2
European Golden-Plover,56.41892,-5.99853,7.5,Summer,0.0103,294,10
European Golden-Plover,56.41892,-5.75369,7.5,Summer,0.0158,361,9
European Golden-Plover,56.41892,-2.81564,7.5,Summer,0.0049,590,9
European Golden-Plover,56.55405,-5.99853,7.5,Summer,0.0129,274,12
European Golden-Plover,56.55405,-5.75369,7.5,Summer,0.0091,81,7
European Golden-Plover,56.55405,-4.77434,7.5,Summer,0.0044,50,1
European Golden-Plover,56.55405,-3.55015,7.5,Summer,0.0048,287,2
European Golden-Plover,56.68919,-6.48821,7.5,Summer,0.0081,30,1
European Golden-Plover,56.68919,-5.01918,7.5,Summer,0.0087,304,1
European Golden-Plover,56.68919,-4.28466,7.5,Summer,0.0061,18,3
European Golden-Plover,56.68919,-2.5708,7.5,Summer,0.0053,238,2
European Golden-Plover,56.82432,-6.24337,7.5,Summer,0.0071,21,1
European Golden-Plover,56.82432,-5.26402,7.5,Summer,0.0046,33,5
European Golden-Plover,56.82432,-4.28466,7.5,Summer,0.006,15,1
European Golden-Plover,56.82432,-3.55015,7.5,Summer,0.0051,25,1
European Golden-Plover,56.82432,-3.30531,7.5,Summer,0.0047,104,2
European Golden-Plover,56.82432,-3.06047,7.5,Summer,0.0048,27,1
European Golden-Plover,56.95946,-7.46756,7.5,Summer,0.0993,118,8
European Golden-Plover,56.95946,-6.24337,7.5,Summer,0.0121,43,1
European Golden-Plover,56.95946,-4.28466,7.5,Summer,0.0131,75,2
European Golden-Plover,56.95946,-3.30531,7.5,Summer,0.0102,105,3
European Golden-Plover,56.95946,-2.81564,7.5,Summer,0.0069,64,3
European Golden-Plover,57.09459,-6.48821,7.5,Summer,0.0104,39,1
European Golden-Plover,57.09459,-5.75369,7.5,Summer,0.0117,94,1
European Golden-Plover,57.09459,-4.03983,7.5,Summer,0.0042,526,1
European Golden-Plover,57.09459,-3.79499,7.5,Summer,0.0049,311,10
European Golden-Plover,57.09459,-3.55015,7.5,Summer,0.0156,315,1
European Golden-Plover,57.09459,-3.06047,7.5,Summer,0.0083,80,1
European Golden-Plover,57.09459,-2.08112,7.5,Summer,0.0033,1194,5
European Golden-Plover,57.22973,-7.46756,7.5,Summer,0.1273,112,9
European Golden-Plover,57.22973,-6.24337,7.5,Summer,0.0104,148,3
European Golden-Plover,57.22973,-5.99853,7.5,Summer,0.0138,364,6
European Golden-Plover,57.22973,-5.75369,7.5,Summer,0.0149,148,3
European Golden-Plover,57.22973,-5.26402,7.5,Summer,0.0075,9,1
European Golden-Plover,57.22973,-4.28466,7.5,Summer,0.007,4,1
European Golden-Plover,57.22973,-4.03983,7.5,Summer,0.0094,133,2
European Golden-Plover,57.22973,-3.79499,7.5,Summer,0.0044,1932,20
European Golden-Plover,57.22973,-3.55015,7.5,Summer,0.0048,441,2
European Golden-Plover,57.22973,-3.30531,7.5,Summer,0.0049,128,1
European Golden-Plover,57.36486,-7.46756,7.5,Summer,0.1014,123,15
European Golden-Plover,57.36486,-7.22272,7.5,Summer,0.0874,80,6
European Golden-Plover,57.36486,-6.48821,7.5,Summer,0.0104,93,1
European Golden-Plover,57.36486,-5.99853,7.5,Summer,0.0101,33,1
European Golden-Plover,57.36486,-5.75369,7.5,Summer,0.0221,65,6
European Golden-Plover,57.36486,-5.01918,7.5,Summer,0.0137,3,1
European Golden-Plover,57.36486,-4.03983,7.5,Summer,0.0047,86,1
European Golden-Plover,57.36486,-3.79499,7.5,Summer,0.009,308,16
European Golden-Plover,57.36486,-3.55015,7.5,Summer,0.006,381,1
European Golden-Plover,57.36486,-2.81564,7.5,Summer,0.005,7,1
European Golden-Plover,57.36486,-2.08112,7.5,Summer,0.0048,330,18
European Golden-Plover,57.36486,-1.83628,7.5,Summer,0.0175,74,1
European Golden-Plover,57.5,-7.46756,7.5,Summer,0.0285,165,12
European Golden-Plover,57.5,-7.22272,7.5,Summer,0.0746,111,10
European Golden-Plover,57.5,-6.73304,7.5,Summer,0.008,402,4
European Golden-Plover,57.5,-6.24337,7.5,Summer,0.0084,189,1
European Golden-Plover,57.5,-5.50885,7.5,Summer,0.0203,59,1
European Golden-Plover,57.5,-5.26402,7.5,Summer,0.0177,15,1
European Golden-Plover,57.5,-4.28466,7.5,Summer,0.0026,814,2
European Golden-Plover,57.5,-4.03983,7.5,Summer,0.0042,626,3
European Golden-Plover,57.63514,-7.46756,7.5,Summer,0.1376,350,32
European Golden-Plover,57.63514,-7.22272,7.5,Summer,0.0676,116,3
European Golden-Plover,57.63514,-5.75369,7.5,Summer,0.0196,46,3
European Golden-Plover,57.63514,-5.26402,7.5,Summer,0.0162,100,1
European Golden-Plover,57.63514,-4.28466,7.5,Summer,0.0145,189,1
European Golden-Plover,57.63514,-4.03983,7.5,Summer,0.0167,742,9
European Golden-Plover,57.63514,-3.79499,7.5,Summer,0.0073,187,1
European Golden-Plover,57.63514,-3.55015,7.5,Summer,0.0086,190,5
European Golden-Plover,57.63514,-3.06047,7.5,Summer,0.0064,170,5
European Golden-Plover,57.63514,-1.83628,7.5,Summer,0.0265,145,2
European Golden-Plover,57.77027,-8.69175,7.5,Summer,0.0158,36,3
European Golden-Plover,57.77027,-7.22272,7.5,Summer,0.0182,64,4
European Golden-Plover,57.77027,-6.97788,7.5,Summer,0.0386,108,4
European Golden-Plover,57.77027,-5.75369,7.5,Summer,0.0285,159,2
European Golden-Plover,57.77027,-3.79499,7.5,Summer,0.0087,180,1
European Golden-Plover,57.77027,-3.55015,7.5,Summer,0.0065,104,6
European Golden-Plover,57.77027,-3.30531,7.5,Summer,0.0053,140,3
European Golden-Plover,57.77027,-1.83628,7.5,Summer,0.0177,2,1
European Golden-Plover,57.90541,-6.97788,7.5,Summer,0.0806,77,7
European Golden-Plover,57.90541,-6.73304,7.5,Summer,0.0261,63,7
European Golden-Plover,57.90541,-5.75369,7.5,Summer,0.024,41,1
European Golden-Plover,57.90541,-5.26402,7.5,Summer,0.0185,175,2
European Golden-Plover,57.90541,-4.28466,7.5,Summer,0.0167,66,3
European Golden-Plover,57.90541,-4.03983,7.5,Summer,0.0183,246,2
European Golden-Plover,58.04054,-4.77434,7.5,Summer,0.0313,10,3
European Golden-Plover,58.04054,-4.5295,7.5,Summer,0.0288,45,1
European Golden-Plover,58.04054,-3.79499,7.5,Summer,0.016,81,2
European Golden-Plover,58.17568,-7.22272,7.5,Summer,0.0219,2,1
European Golden-Plover,58.17568,-6.97788,7.5,Summer,0.0485,82,4
European Golden-Plover,58.17568,-6.73304,7.5,Summer,0.0799,84,7
European Golden-Plover,58.17568,-6.24337,7.5,Summer,0.0077,101,3
European Golden-Plover,58.17568,-5.50885,7.5,Summer,0.0219,27,1
European Golden-Plover,58.17568,-5.26402,7.5,Summer,0.0192,123,3
European Golden-Plover,58.17568,-5.01918,7.5,Summer,0.0138,52,1
European Golden-Plover,58.17568,-4.5295,7.5,Summer,0.0383,7,1
European Golden-Plover,58.17568,-3.30531,7.5,Summer,0.0178,48,1
European Golden-Plover,58.31081,-6.73304,7.5,Summer,0.0636,126,5
European Golden-Plover,58.31081,-6.48821,7.5,Summer,0.0138,64,14
European Golden-Plover,58.31081,-6.24337,7.5,Summer,0.0454,163,5
European Golden-Plover,58.31081,-5.01918,7.5,Summer,0.0233,40,2
European Golden-Plover,58.31081,-4.03983,7.5,Summer,0.0961,14,2
European Golden-Plover,58.31081,-3.79499,7.5,Summer,0.0779,47,5
European Golden-Plover,58.31081,-3.30531,7.5,Summer,0.0245,52,1
European Golden-Plover,58.44595,-6.48821,7.5,Summer,0.035,19,1
European Golden-Plover,58.44595,-6.24337,7.5,Summer,0.0506,130,10
European Golden-Plover,58.44595,-5.01918,7.5,Summer,0.0095,54,3
European Golden-Plover,58.44595,-4.5295,7.5,Summer,0.0248,33,1
European Golden-Plover,58.44595,-4.28466,7.5,Summer,0.037,27,2
European Golden-Plover,58.44595,-3.79499,7.5,Summer,0.0438,16,2
European Golden-Plover,58.58108,-6.24337,7.5,Summer,0.0209,87,6
European Golden-Plover,58.58108,-4.77434,7.5,Summer,0.0114,110,1
European Golden-Plover,58.58108,-4.5295,7.5,Summer,0.027,26,1
European Golden-Plover,58.58108,-4.03983,7.5,Summer,0.0277,37,4
European Golden-Plover,58.58108,-3.06047,7.5,Summer,0.0083,174,1
European Golden-Plover,58.71622,-3.30531,7.5,Summer,0.0166,103,1
European Golden-Plover,58.85135,-3.06047,7.5,Summer,0.0077,70,2
European Golden-Plover,58.85135,-2.81564,7.5,Summer,0.0111,183,2
European Golden-Plover,58.98649,-3.06047,7.5,Summer,0.0066,416,2
European Golden-Plover,58.98649,-2.81564,7.5,Summer,0.0132,119,2
European Golden-Plover,59.12162,-3.30531,7.5,Summer,0.0433,447,9
European Golden-Plover,59.12162,-3.06047,7.5,Summer,0.0192,316,15
European Golden-Plover,59.25676,-3.06047,7.5,Summer,0.0528,56,1
European Golden-Plover,59.25676,-2.81564,7.5,Summer,0.0509,63,4
European Golden-Plover,59.25676,-2.5708,7.5,Summer,0.0848,15,3
European Golden-Plover,59.25676,-2.32596,7.5,Summer,0.1136,5,2
European Golden-Plover,59.39189,-3.06047,7.5,Summer,0.0593,41,1
European Golden-Plover,59.39189,-2.81564,7.5,Summer,0.0442,16,2
European Golden-Plover,59.39189,-2.32596,7.5,Summer,0.0343,184,105
European Golden-Plover,59.52703,-1.59145,7.5,Summer,0.0772,354,88
European Golden-Plover,59.7973,-1.34661,7.5,Summer,0.0376,226,2
European Golden-Plover,59.93243,-1.34661,7.5,Summer,0.0618,1489,45
European Golden-Plover,59.93243,-1.10177,7.5,Summer,0.021,126,4
European Golden-Plover,60.06757,-1.34661,7.5,Summer,0.0215,208,5
European Golden-Plover,60.06757,-1.10177,7.5,Summer,0.0118,75,2
European Golden-Plover,60.2027,-1.59145,7.5,Summer,0.104,33,5
European Golden-Plover,60.2027,-1.34661,7.5,Summer,0.0305,126,8
European Golden-Plover,60.2027,-1.10177,7.5,Summer,0.0217,394,22
European Golden-Plover,60.33784,-1.59145,7.5,Summer,0.104,54,2
European Golden-Plover,60.33784,-1.34661,7.5,Summer,0.0571,85,1
European Golden-Plover,60.33784,-1.10177,7.5,Summer,0.0775,45,1
European Golden-Plover,60.47297,-1.59145,7.5,Summer,0.1371,123,10
European Golden-Plover,60.47297,-1.34661,7.5,Summer,0.0868,54,8
European Golden-Plover,60.47297,-1.10177,7.5,Summer,0.0724,77,2
European Golden-Plover,60.60811,-1.34661,7.5,Summer,0.2095,30,7
European Golden-Plover,60.60811,-1.10177,7.5,Summer,0.2749,58,6
European Golden-Plover,60.60811,-0.85693,7.5,Summer,0.3395,218,52
European Golden-Plover,60.74324,-1.10177,7.5,Summer,0.2612,31,1
European Golden-Plover,60.74324,-0.85693,7.5,Summer,0.3237,401,69
European Golden-Plover,60.87838,-0.85693,7.5,Summer,0.0637,127,32
European Golden-Plover,54.7973,-5.01918,7.5,Winter,0.023,27,2
European Golden-Plover,54.7973,-4.77434,7.5,Winter,0.0166,8,1
European Golden-Plover,54.7973,-4.5295,7.5,Winter,0.0124,47,10
European Golden-Plover,54.7973,-4.28466,7.5,Winter,0.0112,16,3
European Golden-Plover,54.93243,-5.01918,7.5,Winter,0.0312,90,3
European Golden-Plover,54.93243,-3.79499,7.5,Winter,0.006,69,5
European Golden-Plover,54.93243,-3.55015,7.5,Winter,0.0599,289,67
European Golden-Plover,54.93243,-3.30531,7.5,Winter,0.1256,29,1
European Golden-Plover,54.93243,-3.06047,7.5,Winter,0.0253,29,3
European Golden-Plover,55.06757,-5.26402,7.5,Winter,0.005,3,1
European Golden-Plover,55.06757,-3.55015,7.5,Winter,0.0021,173,2
European Golden-Plover,55.33784,-4.77434,7.5,Winter,0.0174,114,5
European Golden-Plover,55.33784,-3.55015,7.5,Winter,0.0041,23,1
European Golden-Plover,55.47297,-5.75369,7.5,Winter,0.0607,36,9
European Golden-Plover,55.47297,-4.77434,7.5,Winter,0.0057,596,24
European Golden-Plover,55.47297,-4.5295,7.5,Winter,0.0029,1316,7
European Golden-Plover,55.60811,-6.24337,7.5,Winter,0.0331,95,1
European Golden-Plover,55.60811,-5.75369,7.5,Winter,0.0161,25,1
European Golden-Plover,55.60811,-4.77434,7.5,Winter,0.0099,4222,102
European Golden-Plover,55.60811,-4.5295,7.5,Winter,0.0021,17240,10
European Golden-Plover,55.74324,-6.48821,7.5,Winter,0.0341,93,4
European Golden-Plover,55.74324,-6.24337,7.5,Winter,0.0161,265,8
European Golden-Plover,55.74324,-5.75369,7.5,Winter,0.0057,761,2
European Golden-Plover,55.74324,-4.77434,7.5,Winter,0.0046,99,1
European Golden-Plover,55.74324,-3.55015,7.5,Winter,0.0064,34,1
European Golden-Plover,55.74324,-3.06047,7.5,Winter,0.0097,248,8
European Golden-Plover,55.87838,-6.48821,7.5,Winter,0.0193,23,3
European Golden-Plover,55.87838,-6.24337,7.5,Winter,0.0548,204,84
European Golden-Plover,55.87838,-3.55015,7.5,Winter,0.0021,227,2
European Golden-Plover,55.87838,-3.30531,7.5,Winter,0.0034,1796,5
European Golden-Plover,55.87838,-3.06047,7.5,Winter,0.0048,1773,10
European Golden-Plover,55.87838,-2.81564,7.5,Winter,0.0068,163,7
European Golden-Plover,55.87838,-2.32596,7.5,Winter,0.0058,71,1
European Golden-Plover,56.01351,-4.03983,7.5,Winter,0.003,24,1
European Golden-Plover,56.01351,-3.79499,7.5,Winter,0.0021,358,2
European Golden-Plover,56.01351,-3.55015,7.5,Winter,0.0052,507,10
European Golden-Plover,56.01351,-3.30531,7.5,Winter,0.0039,2000,1
European Golden-Plover,56.01351,-3.06047,7.5,Winter,0.004,1585,23
European Golden-Plover,56.01351,-2.81564,7.5,Winter,0.0295,874,38
European Golden-Plover,56.01351,-2.5708,7.5,Winter,0.0682,643,20
European Golden-Plover,56.01351,-2.32596,7.5,Winter,0.0083,144,16
European Golden-Plover,56.14865,-3.06047,7.5,Winter,0.0057,302,1
European Golden-Plover,56.14865,-2.81564,7.5,Winter,0.0123,219,9
European Golden-Plover,56.28378,-6.24337,7.5,Winter,0.0244,4,2
European Golden-Plover,56.28378,-3.79499,7.5,Winter,0.0037,54,1
European Golden-Plover,56.28378,-2.81564,7.5,Winter,0.0055,1177,2
European Golden-Plover,56.28378,-2.5708,7.5,Winter,0.0356,333,11
European Golden-Plover,56.41892,-6.24337,7.5,Winter,0.0093,2,2
European Golden-Plover,56.41892,-3.30531,7.5,Winter,0.0033,176,4
European Golden-Plover,56.41892,-2.81564,7.5,Winter,0.0074,524,10
European Golden-Plover,56.68919,-3.79499,7.5,Winter,0.0033,70,1
European Golden-Plover,56.68919,-2.5708,7.5,Winter,0.0067,202,10
European Golden-Plover,56.82432,-2.5708,7.5,Winter,0.008,130,14
European Golden-Plover,56.82432,-2.32596,7.5,Winter,0.0389,83,3
European Golden-Plover,56.95946,-6.24337,7.5,Winter,0.02,45,2
European Golden-Plover,57.09459,-4.03983,7.5,Winter,0.0035,301,2
European Golden-Plover,57.22973,-7.46756,7.5,Winter,0.1699,35,8
European Golden-Plover,57.22973,-4.03983,7.5,Winter,0.0086,69,5
European Golden-Plover,57.22973,-3.55015,7.5,Winter,0.0036,232,1
European Golden-Plover,57.36486,-7.46756,7.5,Winter,0.067,8,2
European Golden-Plover,57.36486,-6.24337,7.5,Winter,0.0115,51,2
European Golden-Plover,57.36486,-2.08112,7.5,Winter,0.0058,95,24
European Golden-Plover,57.5,-7.46756,7.5,Winter,0.0235,6,1
European Golden-Plover,57.5,-6.73304,7.5,Winter,0.0195,244,3
European Golden-Plover,57.5,-6.48821,7.5,Winter,0.0166,32,4
European Golden-Plover,57.5,-4.28466,7.5,Winter,0.0033,622,5
European Golden-Plover,57.5,-4.03983,7.5,Winter,0.005,511,23
European Golden-Plover,57.5,-1.83628,7.5,Winter,0.0824,27,9
European Golden-Plover,57.63514,-7.46756,7.5,Winter,0.0882,7,2
European Golden-Plover,57.63514,-6.24337,7.5,Winter,0.0302,95,2
European Golden-Plover,57.63514,-4.03983,7.5,Winter,0.0319,354,3
European Golden-Plover,57.63514,-3.55015,7.5,Winter,0.0115,318,9
European Golden-Plover,57.63514,-3.06047,7.5,Winter,0.0089,52,1
European Golden-Plover,57.63514,-2.08112,7.5,Winter,0.015,57,1
European Golden-Plover,57.63514,-1.83628,7.5,Winter,0.1429,140,46
European Golden-Plover,57.77027,-7.22272,7.5,Winter,0.0159,6,2
European Golden-Plover,57.77027,-6.97788,7.5,Winter,0.0312,5,2
European Golden-Plover,57.77027,-4.03983,7.5,Winter,0.0153,88,2
European Golden-Plover,57.77027,-3.79499,7.5,Winter,0.0083,153,2
European Golden-Plover,57.77027,-3.30531,7.5,Winter,0.0059,185,3
European Golden-Plover,57.90541,-3.79499,7.5,Winter,0.0163,17,3
European Golden-Plover,58.04054,-4.5295,7.5,Winter,0.0183,9,1
European Golden-Plover,58.04054,-3.79499,7.5,Winter,0.0286,38,2
European Golden-Plover,58.17568,-6.97788,7.5,Winter,0.0461,3,1
European Golden-Plover,58.17568,-6.24337,7.5,Winter,0.0132,54,1
European Golden-Plover,58.31081,-6.73304,7.5,Winter,0.1035,11,3
European Golden-Plover,58.31081,-6.48821,7.5,Winter,0.014,3,2
European Golden-Plover,58.31081,-3.79499,7.5,Winter,0.0971,9,4
European Golden-Plover,58.31081,-3.55015,7.5,Winter,0.0562,1,1
European Golden-Plover,58.31081,-3.30531,7.5,Winter,0.0488,8,2
European Golden-Plover,58.44595,-6.24337,7.5,Winter,0.0713,13,5
European Golden-Plover,58.58108,-6.24337,7.5,Winter,0.0275,9,1
European Golden-Plover,58.58108,-4.77434,7.5,Winter,0.0269,27,2
European Golden-Plover,58.85135,-3.06047,7.5,Winter,0.0229,16,1
European Golden-Plover,58.85135,-2.81564,7.5,Winter,0.0253,28,4
European Golden-Plover,58.98649,-3.30531,7.5,Winter,0.0659,20,5
European Golden-Plover,58.98649,-2.81564,7.5,Winter,0.021,12,2
European Golden-Plover,59.12162,-3.30531,7.5,Winter,0.1266,15,1
European Golden-Plover,59.12162,-3.06047,7.5,Winter,0.0783,28,4
European Golden-Plover,59.25676,-3.06047,7.5,Winter,0.0774,5,1
European Golden-Plover,59.25676,-2.5708,7.5,Winter,0.1638,15,1
European Golden-Plover,59.25676,-2.32596,7.5,Winter,0.1316,5,1
European Golden-Plover,59.39189,-2.32596,7.5,Winter,0.0285,15,5
European Golden-Plover,59.52703,-1.59145,7.5,Winter,0.1619,87,6
European Golden-Plover,59.93243,-1.34661,7.5,Winter,0.1619,905,71
European Golden-Plover,59.93243,-1.10177,7.5,Winter,0.034,48,21
European Golden-Plover,60.06757,-1.34661,7.5,Winter,0.0581,290,69
European Golden-Plover,60.06757,-1.10177,7.5,Winter,0.0124,96,1
European Golden-Plover,60.2027,-1.10177,7.5,Winter,0.0192,254,13
European Golden-Plover,60.33784,-1.34661,7.5,Winter,0.1386,23,1
European Golden-Plover,60.33784,-0.85693,7.5,Winter,0.0752,3,1
European Golden-Plover,60.47297,-1.34661,7.5,Winter,0.1477,17,1
European Golden-Plover,60.60811,-1.34661,7.5,Winter,0.2147,4,1
European Golden-Plover,60.60811,-1.10177,7.5,Winter,0.2816,50,7
European Golden-Plover,60.60811,-0.85693,7.5,Winter,0.2903,4,2
European Golden-Plover,60.74324,-1.10177,7.5,Winter,0.2671,15,5
European Golden-Plover,60.74324,-0.85693,7.5,Winter,0.2769,280,36
Long-tailed Tit,54.66216,-5.01918,7.5,Autumn,0.0376,21,1
Long-tailed Tit,54.7973,-5.01918,7.5,Autumn,0.0277,38,1
Long-tailed Tit,54.7973,-4.77434,7.5,Autumn,0.0406,7,1
Long-tailed Tit,54.7973,-4.5295,7.5,Autumn,0.0714,46,6
Long-tailed Tit,54.7973,-3.79499,7.5,Autumn,0.1986,7,1
Long-tailed Tit,54.93243,-5.01918,7.5,Autumn,0.0261,93,1
Long-tailed Tit,54.93243,-4.77434,7.5,Autumn,0.0474,2,1
Long-tailed Tit,54.93243,-4.5295,7.5,Autumn,0.0892,19,5
Long-tailed Tit,54.93243,-4.28466,7.5,Autumn,0.2466,30,6
Long-tailed Tit,54.93243,-4.03983,7.5,Autumn,0.2752,53,20
Long-tailed Tit,54.93243,-3.79499,7.5,Autumn,0.3017,92,27
Long-tailed Tit,54.93243,-3.55015,7.5,Autumn,0.247,239,49
Long-tailed Tit,54.93243,-3.30531,7.5,Autumn,0.1475,26,1
Long-tailed Tit,54.93243,-3.06047,7.5,Autumn,0.148,46,2
Long-tailed Tit,55.06757,-5.01918,7.5,Autumn,0.0317,27,1
Long-tailed Tit,55.06757,-4.77434,7.5,Autumn,0.116,7,2
Long-tailed Tit,55.06757,-4.5295,7.5,Autumn,0.253,13,5
Long-tailed Tit,55.06757,-4.28466,7.5,Autumn,0.2721,13,1
Long-tailed Tit,55.06757,-4.03983,7.5,Autumn,0.2608,42,18
Long-tailed Tit,55.06757,-3.79499,7.5,Autumn,0.3291,21,2
Long-tailed Tit,55.06757,-3.55015,7.5,Autumn,0.3661,165,26
Long-tailed Tit,55.06757,-3.30531,7.5,Autumn,0.3213,30,7
Long-tailed Tit,55.06757,-3.06047,7.5,Autumn,0.2937,13,1
Long-tailed Tit,55.2027,-4.03983,7.5,Autumn,0.2255,11,2
Long-tailed Tit,55.2027,-3.79499,7.5,Autumn,0.2692,13,3
Long-tailed Tit,55.2027,-3.30531,7.5,Autumn,0.2652,21,4
Long-tailed Tit,55.2027,-3.06047,7.5,Autumn,0.2516,2,1
Long-tailed Tit,55.33784,-4.77434,7.5,Autumn,0.0631,125,2
Long-tailed Tit,55.33784,-3.79499,7.5,Autumn,0.2082,15,2
Long-tailed Tit,55.33784,-2.81564,7.5,Autumn,0.2527,11,3
Long-tailed Tit,55.47297,-5.01918,7.5,Autumn,0.1184,41,5
Long-tailed Tit,55.47297,-4.77434,7.5,Autumn,0.1173,581,5
Long-tailed Tit,55.47297,-4.5295,7.5,Autumn,0.3119,1154,73
Long-tailed Tit,55.47297,-3.30531,7.5,Autumn,0.1503,22,2
Long-tailed Tit,55.47297,-2.81564,7.5,Autumn,0.2908,43,8
Long-tailed Tit,55.47297,-2.5708,7.5,Autumn,0.2828,31,5
Long-tailed Tit,55.60811,-6.24337,7.5,Autumn,0.0388,96,5
Long-tailed Tit,55.60811,-5.99853,7.5,Autumn,0.0293,6,1
Long-tailed Tit,55.60811,-5.50885,7.5,Autumn,0.073,5,1
Long-tailed Tit,55.60811,-5.26402,7.5,Autumn,0.1665,81,5
Long-tailed Tit,55.60811,-5.01918,7.5,Autumn,0.1892,20,2
Long-tailed Tit,55.60811,-4.77434,7.5,Autumn,0.1732,3758,35
Long-tailed Tit,55.60811,-4.5295,7.5,Autumn,0.2999,21393,146
Long-tailed Tit,55.60811,-4.28466,7.5,Autumn,0.2779,7,1
Long-tailed Tit,55.60811,-3.79499,7.5,Autumn,0.2691,26,1
Long-tailed Tit,55.60811,-3.55015,7.5,Autumn,0.2343,48,4
Long-tailed Tit,55.60811,-3.30531,7.5,Autumn,0.2516,58,14
Long-tailed Tit,55.60811,-3.06047,7.5,Autumn,0.3302,31,3
Long-tailed Tit,55.60811,-2.81564,7.5,Autumn,0.4153,83,37
Long-tailed Tit,55.60811,-2.5708,7.5,Autumn,0.3297,19,5
Long-tailed Tit,55.60811,-2.32596,7.5,Autumn,0.2914,28,13
Long-tailed Tit,55.74324,-6.24337,7.5,Autumn,0.0284,173,9
Long-tailed Tit,55.74324,-5.50885,7.5,Autumn,0.0916,28,1
Long-tailed Tit,55.74324,-5.26402,7.5,Autumn,0.1445,34,1
Long-tailed Tit,55.74324,-5.01918,7.5,Autumn,0.0885,76,4
Long-tailed Tit,55.74324,-4.77434,7.5,Autumn,0.2146,71,3
Long-tailed Tit,55.74324,-4.5295,7.5,Autumn,0.2276,278,56
Long-tailed Tit,55.74324,-4.28466,7.5,Autumn,0.3041,566,30
Long-tailed Tit,55.74324,-4.03983,7.5,Autumn,0.3921,208,91
Long-tailed Tit,55.74324,-3.79499,7.5,Autumn,0.2836,18,2
Long-tailed Tit,55.74324,-3.55015,7.5,Autumn,0.2841,38,5
Long-tailed Tit,55.74324,-3.30531,7.5,Autumn,0.2889,26,6
Long-tailed Tit,55.74324,-3.06047,7.5,Autumn,0.3043,165,30
Long-tailed Tit,55.74324,-2.81564,7.5,Autumn,0.3141,10,4
Long-tailed Tit,55.74324,-2.5708,7.5,Autumn,0.2956,3,1
Long-tailed Tit,55.74324,-2.32596,7.5,Autumn,0.2977,14,4
Long-tailed Tit,55.74324,-2.08112,7.5,Autumn,0.2461,9,2
Long-tailed Tit,55.87838,-6.24337,7.5,Autumn,0.0501,142,1
Long-tailed Tit,55.87838,-5.50885,7.5,Autumn,0.1331,16,1
Long-tailed Tit,55.87838,-5.26402,7.5,Autumn,0.1502,14,4
Long-tailed Tit,55.87838,-5.01918,7.5,Autumn,0.134,16,2
Long-tailed Tit,55.87838,-4.77434,7.5,Autumn,0.184,36,2
Long-tailed Tit,55.87838,-4.5295,7.5,Autumn,0.3367,297,73
Long-tailed Tit,55.87838,-4.28466,7.5,Autumn,0.4251,1614,337
Long-tailed Tit,55.87838,-4.03983,7.5,Autumn,0.4147,110,16
Long-tailed Tit,55.87838,-3.79499,7.5,Autumn,0.3745,50,11
Long-tailed Tit,55.87838,-3.55015,7.5,Autumn,0.4238,74,20
Long-tailed Tit,55.87838,-3.30531,7.5,Autumn,0.3958,892,233
Long-tailed Tit,55.87838,-3.06047,7.5,Autumn,0.4171,1429,570
Long-tailed Tit,55.87838,-2.81564,7.5,Autumn,0.3608,104,35
Long-tailed Tit,55.87838,-2.32596,7.5,Autumn,0.262,105,17
Long-tailed Tit,55.87838,-2.08112,7.5,Autumn,0.0391,169,14
Long-tailed Tit,56.01351,-6.24337,7.5,Autumn,0.0509,25,3
Long-tailed Tit,56.01351,-5.75369,7.5,Autumn,0.0678,10,1
Long-tailed Tit,56.01351,-5.50885,7.5,Autumn,0.1478,48,8
Long-tailed Tit,56.01351,-5.01918,7.5,Autumn,0.2402,72,31
Long-tailed Tit,56.01351,-4.77434,7.5,Autumn,0.0811,77,7
Long-tailed Tit,56.01351,-4.5295,7.5,Autumn,0.3344,132,30
Long-tailed Tit,56.01351,-4.28466,7.5,Autumn,0.3355,26,6
Long-tailed Tit,56.01351,-4.03983,7.5,Autumn,0.3555,27,6
Long-tailed Tit,56.01351,-3.79499,7.5,Autumn,0.3735,285,56
Long-tailed Tit,56.01351,-3.55015,7.5,Autumn,0.3308,300,74
Long-tailed Tit,56.01351,-3.30531,7.5,Autumn,0.3359,1675,516
Long-tailed Tit,56.01351,-3.06047,7.5,Autumn,0.3577,1856,367
Long-tailed Tit,56.01351,-2.81564,7.5,Autumn,0.2735,652,97
Long-tailed Tit,56.01351,-2.5708,7.5,Autumn,0.1746,447,63
Long-tailed Tit,56.01351,-2.32596,7.5,Autumn,0.0953,379,27
Long-tailed Tit,56.14865,-5.50885,7.5,Autumn,0.1127,29,4
Long-tailed Tit,56.14865,-5.01918,7.5,Autumn,0.2113,7,2
Long-tailed Tit,56.14865,-4.77434,7.5,Autumn,0.2357,53,7
Long-tailed Tit,56.14865,-4.5295,7.5,Autumn,0.2932,103,10
Long-tailed Tit,56.14865,-4.28466,7.5,Autumn,0.3064,31,6
Long-tailed Tit,56.14865,-4.03983,7.5,Autumn,0.3678,176,52
Long-tailed Tit,56.14865,-3.79499,7.5,Autumn,0.3672,274,70
Long-tailed Tit,56.14865,-3.55015,7.5,Autumn,0.3627,52,9
Long-tailed Tit,56.14865,-3.30531,7.5,Autumn,0.3708,374,84
Long-tailed Tit,56.14865,-3.06047,7.5,Autumn,0.338,103,9
Long-tailed Tit,56.14865,-2.81564,7.5,Autumn,0.311,81,5
Long-tailed Tit,56.14865,-2.5708,7.5,Autumn,0.1713,22,2
Long-tailed Tit,56.28378,-6.24337,7.5,Autumn,0.0354,22,2
Long-tailed Tit,56.28378,-5.26402,7.5,Autumn,0.2288,2,1
Long-tailed Tit,56.28378,-5.01918,7.5,Autumn,0.2165,23,7
Long-tailed Tit,56.28378,-4.77434,7.5,Autumn,0.2375,22,5
Long-tailed Tit,56.28378,-4.5295,7.5,Autumn,0.293,7,3
Long-tailed Tit,56.28378,-4.28466,7.5,Autumn,0.3044,38,7
Long-tailed Tit,56.28378,-3.79499,7.5,Autumn,0.3329,75,11
Long-tailed Tit,56.28378,-3.55015,7.5,Autumn,0.3534,13,1
Long-tailed Tit,56.28378,-3.30531,7.5,Autumn,0.3615,77,18
Long-tailed Tit,56.28378,-3.06047,7.5,Autumn,0.3749,309,72
Long-tailed Tit,56.28378,-2.81564,7.5,Autumn,0.3318,885,131
Long-tailed Tit,56.28378,-2.5708,7.5,Autumn,0.0692,604,43
Long-tailed Tit,56.41892,-5.99853,7.5,Autumn,0.0767,72,1
Long-tailed Tit,56.41892,-5.75369,7.5,Autumn,0.0824,123,6
Long-tailed Tit,56.41892,-5.50885,7.5,Autumn,0.0603,147,5
Long-tailed Tit,56.41892,-5.26402,7.5,Autumn,0.1877,5,1
Long-tailed Tit,56.41892,-5.01918,7.5,Autumn,0.2088,16,5
Long-tailed Tit,56.41892,-4.77434,7.5,Autumn,0.251,25,1
Long-tailed Tit,56.41892,-4.5295,7.5,Autumn,0.2362,10,1
Long-tailed Tit,56.41892,-4.28466,7.5,Autumn,0.3133,69,30
Long-tailed Tit,56.41892,-4.03983,7.5,Autumn,0.3069,23,5
Long-tailed Tit,56.41892,-3.79499,7.5,Autumn,0.3038,24,6
Long-tailed Tit,56.41892,-3.55015,7.5,Autumn,0.3346,96,15
Long-tailed Tit,56.41892,-3.30531,7.5,Autumn,0.349,131,44
Long-tailed Tit,56.41892,-3.06047,7.5,Autumn,0.323,363,44
Long-tailed Tit,56.41892,-2.81564,7.5,Autumn,0.2254,548,56
Long-tailed Tit,56.55405,-6.24337,7.5,Autumn,0.0551,64,7
Long-tailed Tit,56.55405,-5.99853,7.5,Autumn,0.082,81,9
Long-tailed Tit,56.55405,-5.75369,7.5,Autumn,0.0727,70,4
Long-tailed Tit,56.55405,-5.50885,7.5,Autumn,0.1467,22,5
Long-tailed Tit,56.55405,-5.26402,7.5,Autumn,0.1184,16,2
Long-tailed Tit,56.55405,-4.77434,7.5,Autumn,0.2456,28,5
Long-tailed Tit,56.55405,-4.28466,7.5,Autumn,0.1024,12,1
Long-tailed Tit,56.55405,-4.03983,7.5,Autumn,0.2827,32,8
Long-tailed Tit,56.55405,-3.79499,7.5,Autumn,0.2855,16,4
Long-tailed Tit,56.55405,-3.55015,7.5,Autumn,0.2812,128,25
Long-tailed Tit,56.55405,-3.30531,7.5,Autumn,0.2912,23,2
Long-tailed Tit,56.55405,-3.06047,7.5,Autumn,0.3066,12,1
Long-tailed Tit,56.55405,-2.81564,7.5,Autumn,0.2933,26,4
Long-tailed Tit,56.55405,-2.5708,7.5,Autumn,0.1881,60,2
Long-tailed Tit,56.68919,-6.24337,7.5,Autumn,0.0593,44,8
Long-tailed Tit,56.68919,-5.99853,7.5,Autumn,0.075,45,3
Long-tailed Tit,56.68919,-5.75369,7.5,Autumn,0.098,30,4
Long-tailed Tit,56.68919,-5.50885,7.5,Autumn,0.129,20,5
Long-tailed Tit,56.68919,-5.26402,7.5,Autumn,0.1372,49,3
Long-tailed Tit,56.68919,-5.01918,7.5,Autumn,0.1993,142,20
Long-tailed Tit,56.68919,-4.28466,7.5,Autumn,0.1255,10,4
Long-tailed Tit,56.68919,-4.03983,7.5,Autumn,0.139,22,2
Long-tailed Tit,56.68919,-3.79499,7.5,Autumn,0.2802,146,36
Long-tailed Tit,56.68919,-3.30531,7.5,Autumn,0.2729,28,5
Long-tailed Tit,56.68919,-3.06047,7.5,Autumn,0.2801,95,32
Long-tailed Tit,56.68919,-2.81564,7.5,Autumn,0.268,37,5
Long-tailed Tit,56.68919,-2.5708,7.5,Autumn,0.2304,265,29
Long-tailed Tit,56.68919,-2.32596,7.5,Autumn,0.2046,26,2
Long-tailed Tit,56.82432,-5.75369,7.5,Autumn,0.1185,36,8
Long-tailed Tit,56.82432,-5.50885,7.5,Autumn,0.163,63,8
Long-tailed Tit,56.82432,-5.26402,7.5,Autumn,0.1475,9,1
Long-tailed Tit,56.82432,-5.01918,7.5,Autumn,0.174,127,14
Long-tailed Tit,56.82432,-4.5295,7.5,Autumn,0.2677,1,1
Long-tailed Tit,56.82432,-4.03983,7.5,Autumn,0.058,8,1
Long-tailed Tit,56.82432,-3.79499,7.5,Autumn,0.0537,22,5
Long-tailed Tit,56.82432,-3.30531,7.5,Autumn,0.2705,52,3
Long-tailed Tit,56.82432,-2.81564,7.5,Autumn,0.2677,7,1
Long-tailed Tit,56.82432,-2.5708,7.5,Autumn,0.2329,79,9
Long-tailed Tit,56.82432,-2.32596,7.5,Autumn,0.11,51,4
Long-tailed Tit,56.95946,-6.24337,7.5,Autumn,0.0548,68,5
Long-tailed Tit,56.95946,-5.75369,7.5,Autumn,0.1105,105,6
Long-tailed Tit,56.95946,-5.50885,7.5,Autumn,0.1593,2,1
Long-tailed Tit,56.95946,-5.01918,7.5,Autumn,0.2206,16,2
Long-tailed Tit,56.95946,-4.77434,7.5,Autumn,0.2241,9,1
Long-tailed Tit,56.95946,-4.5295,7.5,Autumn,0.277,23,9
Long-tailed Tit,56.95946,-4.28466,7.5,Autumn,0.0407,18,2
Long-tailed Tit,56.95946,-3.55015,7.5,Autumn,0.0672,22,6
Long-tailed Tit,56.95946,-3.30531,7.5,Autumn,0.0494,46,8
Long-tailed Tit,56.95946,-2.5708,7.5,Autumn,0.247,12,3
Long-tailed Tit,56.95946,-2.32596,7.5,Autumn,0.2327,29,2
Long-tailed Tit,56.95946,-2.08112,7.5,Autumn,0.1704,92,5
Long-tailed Tit,57.09459,-5.99853,7.5,Autumn,0.0498,37,6
Long-tailed Tit,57.09459,-5.75369,7.5,Autumn,0.0698,33,2
Long-tailed Tit,57.09459,-4.77434,7.5,Autumn,0.2473,37,2
Long-tailed Tit,57.09459,-4.03983,7.5,Autumn,0.2803,242,48
Long-tailed Tit,57.09459,-3.79499,7.5,Autumn,0.0686,105,20
Long-tailed Tit,57.09459,-3.06047,7.5,Autumn,0.041,41,5
Long-tailed Tit,57.09459,-2.81564,7.5,Autumn,0.2746,64,18
Long-tailed Tit,57.09459,-2.5708,7.5,Autumn,0.2447,23,1
Long-tailed Tit,57.09459,-2.32596,7.5,Autumn,0.2644,56,14
Long-tailed Tit,57.09459,-2.08112,7.5,Autumn,0.1321,1071,107
Long-tailed Tit,57.22973,-7.22272,7.5,Autumn,0.0115,11,1
Long-tailed Tit,57.22973,-5.99853,7.5,Autumn,0.0552,170,7
Long-tailed Tit,57.22973,-5.75369,7.5,Autumn,0.0305,61,8
Long-tailed Tit,57.22973,-5.50885,7.5,Autumn,0.078,94,5
Long-tailed Tit,57.22973,-5.01918,7.5,Autumn,0.1959,6,1
Long-tailed Tit,57.22973,-4.77434,7.5,Autumn,0.2277,8,4
Long-tailed Tit,57.22973,-4.5295,7.5,Autumn,0.2384,23,5
Long-tailed Tit,57.22973,-4.03983,7.5,Autumn,0.2349,90,11
Long-tailed Tit,57.22973,-3.79499,7.5,Autumn,0.238,655,97
Long-tailed Tit,57.22973,-3.55015,7.5,Autumn,0.1965,169,33
Long-tailed Tit,57.22973,-3.30531,7.5,Autumn,0.1581,35,2
Long-tailed Tit,57.22973,-3.06047,7.5,Autumn,0.1496,4,1
Long-tailed Tit,57.22973,-2.81564,7.5,Autumn,0.239,21,4
Long-tailed Tit,57.22973,-2.5708,7.5,Autumn,0.2295,12,3
Long-tailed Tit,57.22973,-2.32596,7.5,Autumn,0.2369,8,2
Long-tailed Tit,57.22973,-2.08112,7.5,Autumn,0.1489,282,31
Long-tailed Tit,57.36486,-6.73304,7.5,Autumn,0.0159,40,1
Long-tailed Tit,57.36486,-6.24337,7.5,Autumn,0.0244,155,9
Long-tailed Tit,57.36486,-5.75369,7.5,Autumn,0.051,43,1
Long-tailed Tit,57.36486,-5.50885,7.5,Autumn,0.0616,30,3
Long-tailed Tit,57.36486,-4.77434,7.5,Autumn,0.1693,26,4
Long-tailed Tit,57.36486,-4.5295,7.5,Autumn,0.1961,158,25
Long-tailed Tit,57.36486,-4.28466,7.5,Autumn,0.2419,108,24
Long-tailed Tit,57.36486,-3.79499,7.5,Autumn,0.1659,98,4
Long-tailed Tit,57.36486,-3.55015,7.5,Autumn,0.1754,167,30
Long-tailed Tit,57.36486,-3.06047,7.5,Autumn,0.1933,5,1
Long-tailed Tit,57.36486,-2.5708,7.5,Autumn,0.1923,46,7
Long-tailed Tit,57.36486,-2.32596,7.5,Autumn,0.1777,10,1
Long-tailed Tit,57.36486,-2.08112,7.5,Autumn,0.1597,200,7
Long-tailed Tit,57.36486,-1.83628,7.5,Autumn,0.0458,66,1
Long-tailed Tit,57.5,-6.73304,7.5,Autumn,0.0231,244,18
Long-tailed Tit,57.5,-6.48821,7.5,Autumn,0.024,64,5
Long-tailed Tit,57.5,-6.24337,7.5,Autumn,0.0187,77,5
Long-tailed Tit,57.5,-4.5295,7.5,Autumn,0.2427,80,18
Long-tailed Tit,57.5,-4.28466,7.5,Autumn,0.144,562,97
Long-tailed Tit,57.5,-4.03983,7.5,Autumn,0.2355,423,24
Long-tailed Tit,57.5,-3.79499,7.5,Autumn,0.2095,17,2
Long-tailed Tit,57.5,-3.30531,7.5,Autumn,0.213,33,4
Long-tailed Tit,57.5,-3.06047,7.5,Autumn,0.218,14,1
Long-tailed Tit,57.5,-2.08112,7.5,Autumn,0.1733,32,8
Long-tailed Tit,57.63514,-6.48821,7.5,Autumn,0.0108,42,1
Long-tailed Tit,57.63514,-6.24337,7.5,Autumn,0.0229,184,4
Long-tailed Tit,57.63514,-5.50885,7.5,Autumn,0.0363,11,1
Long-tailed Tit,57.63514,-5.26402,7.5,Autumn,0.0678,23,3
Long-tailed Tit,57.63514,-5.01918,7.5,Autumn,0.099,9,1
Long-tailed Tit,57.63514,-4.77434,7.5,Autumn,0.1581,9,3
Long-tailed Tit,57.63514,-4.5295,7.5,Autumn,0.2229,83,19
Long-tailed Tit,57.63514,-4.28466,7.5,Autumn,0.0926,93,11
Long-tailed Tit,57.63514,-4.03983,7.5,Autumn,0.0825,581,21
Long-tailed Tit,57.63514,-3.79499,7.5,Autumn,0.2117,202,34
Long-tailed Tit,57.63514,-3.55015,7.5,Autumn,0.2098,283,41
Long-tailed Tit,57.63514,-3.30531,7.5,Autumn,0.2757,151,35
Long-tailed Tit,57.63514,-3.06047,7.5,Autumn,0.2169,109,11
Long-tailed Tit,57.63514,-2.81564,7.5,Autumn,0.1896,40,1
Long-tailed Tit,57.63514,-2.5708,7.5,Autumn,0.1659,29,2
Long-tailed Tit,57.63514,-2.32596,7.5,Autumn,0.0601,32,1
Long-tailed Tit,57.63514,-1.83628,7.5,Autumn,0.0202,165,17
Long-tailed Tit,57.77027,-5.50885,7.5,Autumn,0.0412,25,1
Long-tailed Tit,57.77027,-5.01918,7.5,Autumn,0.111,22,5
Long-tailed Tit,57.77027,-4.03983,7.5,Autumn,0.1474,104,14
Long-tailed Tit,57.77027,-3.79499,7.5,Autumn,0.0907,172,5
Long-tailed Tit,57.77027,-3.30531,7.5,Autumn,0.0635,202,8
Long-tailed Tit,57.90541,-5.50885,7.5,Autumn,0.0316,58,2
Long-tailed Tit,57.90541,-5.26402,7.5,Autumn,0.0323,101,5
Long-tailed Tit,57.90541,-5.01918,7.5,Autumn,0.0602,5,4
Long-tailed Tit,57.90541,-4.5295,7.5,Autumn,0.07,32,2
Long-tailed Tit,57.90541,-4.28466,7.5,Autumn,0.0922,86,11
Long-tailed Tit,57.90541,-4.03983,7.5,Autumn,0.0527,167,5
Long-tailed Tit,57.90541,-3.79499,7.5,Autumn,0.0517,76,5
Long-tailed Tit,58.04054,-4.03983,7.5,Autumn,0.024,14,1
Long-tailed Tit,58.17568,-6.48821,7.5,Autumn,0.0162,64,5
Long-tailed Tit,58.17568,-3.55015,7.5,Autumn,0.0134,13,1
Long-tailed Tit,58.44595,-4.5295,7.5,Autumn,0.0244,8,1
Long-tailed Tit,58.58108,-4.77434,7.5,Autumn,0.0152,66,6
Long-tailed Tit,58.98649,-3.06047,7.5,Autumn,0.007,134,1
Long-tailed Tit,59.12162,-3.30531,7.5,Autumn,0.0059,100,1
Long-tailed Tit,60.2027,-1.34661,7.5,Autumn,0.005,500,3
Long-tailed Tit,60.47297,-1.10177,7.5,Autumn,0.0051,149,1
Long-tailed Tit,60.74324,-0.85693,7.5,Autumn,0.005,798,1
Long-tailed Tit,54.66216,-4.77434,7.5,Spring,0.0241,75,1
Long-tailed Tit,54.7973,-5.01918,7.5,Spring,0.0201,84,1
Long-tailed Tit,54.7973,-4.5295,7.5,Spring,0.053,51,2
Long-tailed Tit,54.7973,-4.28466,7.5,Spring,0.1037,23,1
Long-tailed Tit,54.7973,-4.03983,7.5,Spring,0.0601,114,3
Long-tailed Tit,54.7973,-3.79499,7.5,Spring,0.1563,19,2
Long-tailed Tit,54.93243,-5.01918,7.5,Spring,0.021,134,1
Long-tailed Tit,54.93243,-4.77434,7.5,Spring,0.0269,32,1
Long-tailed Tit,54.93243,-4.5295,7.5,Spring,0.0687,64,6
Long-tailed Tit,54.93243,-4.28466,7.5,Spring,0.209,37,4
Long-tailed Tit,54.93243,-4.03983,7.5,Spring,0.2394,118,15
Long-tailed Tit,54.93243,-3.79499,7.5,Spring,0.2665,108,7
Long-tailed Tit,54.93243,-3.55015,7.5,Spring,0.2376,256,32
Long-tailed Tit,54.93243,-3.06047,7.5,Spring,0.1312,53,1
Long-tailed Tit,55.06757,-4.5295,7.5,Spring,0.2206,70,15
Long-tailed Tit,55.06757,-4.28466,7.5,Spring,0.2378,28,2
Long-tailed Tit,55.06757,-4.03983,7.5,Spring,0.2323,73,17
Long-tailed Tit,55.06757,-3.55015,7.5,Spring,0.3382,243,35
Long-tailed Tit,55.06757,-3.30531,7.5,Spring,0.3017,79,21
Long-tailed Tit,55.06757,-3.06047,7.5,Spring,0.2574,32,2
Long-tailed Tit,55.06757,-2.81564,7.5,Spring,0.2697,8,5
Long-tailed Tit,55.2027,-4.77434,7.5,Spring,0.098,32,2
Long-tailed Tit,55.2027,-4.03983,7.5,Spring,0.2025,25,1
Long-tailed Tit,55.2027,-3.79499,7.5,Spring,0.2429,36,3
Long-tailed Tit,55.2027,-3.55015,7.5,Spring,0.2584,7,1
Long-tailed Tit,55.2027,-3.30531,7.5,Spring,0.2392,75,4
Long-tailed Tit,55.2027,-3.06047,7.5,Spring,0.2207,49,8
Long-tailed Tit,55.2027,-2.81564,7.5,Spring,0.25,29,10
Long-tailed Tit,55.33784,-4.77434,7.5,Spring,0.0638,92,6
Long-tailed Tit,55.33784,-4.5295,7.5,Spring,0.2564,62,3
Long-tailed Tit,55.33784,-4.28466,7.5,Spring,0.2199,147,17
Long-tailed Tit,55.33784,-3.79499,7.5,Spring,0.1888,69,2
Long-tailed Tit,55.33784,-3.55015,7.5,Spring,0.1979,100,2
Long-tailed Tit,55.33784,-3.30531,7.5,Spring,0.1992,18,5
Long-tailed Tit,55.33784,-2.81564,7.5,Spring,0.229,9,1
Long-tailed Tit,55.47297,-5.26402,7.5,Spring,0.0611,53,5
Long-tailed Tit,55.47297,-5.01918,7.5,Spring,0.0875,71,8
Long-tailed Tit,55.47297,-4.77434,7.5,Spring,0.0947,561,2
Long-tailed Tit,55.47297,-4.5295,7.5,Spring,0.2872,1120,67
Long-tailed Tit,55.47297,-4.28466,7.5,Spring,0.2512,36,5
Long-tailed Tit,55.47297,-3.30531,7.5,Spring,0.1024,66,5
Long-tailed Tit,55.47297,-2.81564,7.5,Spring,0.2241,51,1
Long-tailed Tit,55.47297,-2.5708,7.5,Spring,0.2341,52,13
Long-tailed Tit,55.47297,-2.32596,7.5,Spring,0.2121,5,2
Long-tailed Tit,55.60811,-6.24337,7.5,Spring,0.0152,237,1
Long-tailed Tit,55.60811,-5.99853,7.5,Spring,0.0134,16,1
Long-tailed Tit,55.60811,-5.50885,7.5,Spring,0.0497,16,2
Long-tailed Tit,55.60811,-5.26402,7.5,Spring,0.1037,166,9
Long-tailed Tit,55.60811,-4.77434,7.5,Spring,0.1492,3607,70
Long-tailed Tit,55.60811,-4.5295,7.5,Spring,0.2684,21683,109
Long-tailed Tit,55.60811,-4.28466,7.5,Spring,0.2579,65,4
Long-tailed Tit,55.60811,-4.03983,7.5,Spring,0.274,18,1
Long-tailed Tit,55.60811,-3.79499,7.5,Spring,0.2444,38,4
Long-tailed Tit,55.60811,-3.55015,7.5,Spring,0.2086,77,1
Long-tailed Tit,55.60811,-3.30531,7.5,Spring,0.2244,97,12
Long-tailed Tit,55.60811,-3.06047,7.5,Spring,0.3071,58,12
Long-tailed Tit,55.60811,-2.81564,7.5,Spring,0.3809,127,36
Long-tailed Tit,55.60811,-2.5708,7.5,Spring,0.29,64,10
Long-tailed Tit,55.60811,-2.32596,7.5,Spring,0.2331,44,3
Long-tailed Tit,55.74324,-6.24337,7.5,Spring,0.0135,131,4
Long-tailed Tit,55.74324,-5.75369,7.5,Spring,0.0133,3418,3
Long-tailed Tit,55.74324,-5.50885,7.5,Spring,0.0464,40,1
Long-tailed Tit,55.74324,-5.26402,7.5,Spring,0.1299,38,2
Long-tailed Tit,55.74324,-5.01918,7.5,Spring,0.0891,108,4
Long-tailed Tit,55.74324,-4.77434,7.5,Spring,0.1892,124,11
Long-tailed Tit,55.74324,-4.5295,7.5,Spring,0.2147,468,88
Long-tailed Tit,55.74324,-4.28466,7.5,Spring,0.2785,998,38
Long-tailed Tit,55.74324,-4.03983,7.5,Spring,0.3655,315,111
Long-tailed Tit,55.74324,-3.79499,7.5,Spring,0.2673,52,14
Long-tailed Tit,55.74324,-3.55015,7.5,Spring,0.261,38,1
Long-tailed Tit,55.74324,-3.30531,7.5,Spring,0.2675,64,4
Long-tailed Tit,55.74324,-3.06047,7.5,Spring,0.282,398,41
Long-tailed Tit,55.74324,-2.81564,7.5,Spring,0.2945,30,1
Long-tailed Tit,55.74324,-2.5708,7.5,Spring,0.2573,11,1
Long-tailed Tit,55.74324,-2.32596,7.5,Spring,0.2453,14,4
Long-tailed Tit,55.74324,-2.08112,7.5,Spring,0.2067,42,8
Long-tailed Tit,55.87838,-5.99853,7.5,Spring,0.0138,48,3
Long-tailed Tit,55.87838,-5.50885,7.5,Spring,0.0773,30,1
Long-tailed Tit,55.87838,-5.26402,7.5,Spring,0.1393,41,10
Long-tailed Tit,55.87838,-5.01918,7.5,Spring,0.1292,56,4
Long-tailed Tit,55.87838,-4.77434,7.5,Spring,0.1542,59,3
Long-tailed Tit,55.87838,-4.5295,7.5,Spring,0.3207,458,80
Long-tailed Tit,55.87838,-4.28466,7.5,Spring,0.3952,2168,472
Long-tailed Tit,55.87838,-4.03983,7.5,Spring,0.3853,258,52
Long-tailed Tit,55.87838,-3.79499,7.5,Spring,0.3609,47,2
Long-tailed Tit,55.87838,-3.55015,7.5,Spring,0.3932,219,42
Long-tailed Tit,55.87838,-3.30531,7.5,Spring,0.3811,2071,511
Long-tailed Tit,55.87838,-3.06047,7.5,Spring,0.4019,2165,742
Long-tailed Tit,55.87838,-2.81564,7.5,Spring,0.3302,239,63
Long-tailed Tit,55.87838,-2.5708,7.5,Spring,0.1766,232,4
Long-tailed Tit,55.87838,-2.32596,7.5,Spring,0.2097,169,27
Long-tailed Tit,55.87838,-2.08112,7.5,Spring,0.0338,288,12
Long-tailed Tit,56.01351,-6.24337,7.5,Spring,0.026,34,2
Long-tailed Tit,56.01351,-5.50885,7.5,Spring,0.0852,97,5
Long-tailed Tit,56.01351,-5.26402,7.5,Spring,0.1501,45,7
Long-tailed Tit,56.01351,-5.01918,7.5,Spring,0.2068,167,66
Long-tailed Tit,56.01351,-4.77434,7.5,Spring,0.0741,189,14
Long-tailed Tit,56.01351,-4.5295,7.5,Spring,0.3259,435,96
Long-tailed Tit,56.01351,-4.28466,7.5,Spring,0.3168,175,34
Long-tailed Tit,56.01351,-4.03983,7.5,Spring,0.335,39,9
Long-tailed Tit,56.01351,-3.79499,7.5,Spring,0.3469,421,69
Long-tailed Tit,56.01351,-3.55015,7.5,Spring,0.3306,493,113
Long-tailed Tit,56.01351,-3.30531,7.5,Spring,0.3288,2906,631
Long-tailed Tit,56.01351,-3.06047,7.5,Spring,0.3545,2432,515
Long-tailed Tit,56.01351,-2.81564,7.5,Spring,0.2516,928,130
Long-tailed Tit,56.01351,-2.5708,7.5,Spring,0.1591,754,124
Long-tailed Tit,56.01351,-2.32596,7.5,Spring,0.073,300,12
Long-tailed Tit,56.14865,-5.50885,7.5,Spring,0.0894,78,2
Long-tailed Tit,56.14865,-5.26402,7.5,Spring,0.1283,28,4
Long-tailed Tit,56.14865,-5.01918,7.5,Spring,0.1683,25,3
Long-tailed Tit,56.14865,-4.77434,7.5,Spring,0.2046,77,5
Long-tailed Tit,56.14865,-4.5295,7.5,Spring,0.2566,234,43
Long-tailed Tit,56.14865,-4.28466,7.5,Spring,0.2895,180,17
Long-tailed Tit,56.14865,-4.03983,7.5,Spring,0.3438,535,145
Long-tailed Tit,56.14865,-3.79499,7.5,Spring,0.3482,695,177
Long-tailed Tit,56.14865,-3.55015,7.5,Spring,0.3497,219,20
Long-tailed Tit,56.14865,-3.30531,7.5,Spring,0.3511,652,122
Long-tailed Tit,56.14865,-3.06047,7.5,Spring,0.3381,422,36
Long-tailed Tit,56.14865,-2.81564,7.5,Spring,0.2934,399,20
Long-tailed Tit,56.28378,-6.24337,7.5,Spring,0.0164,133,1
Long-tailed Tit,56.28378,-5.99853,7.5,Spring,0.0346,21,1
Long-tailed Tit,56.28378,-5.50885,7.5,Spring,0.1129,44,3
Long-tailed Tit,56.28378,-5.26402,7.5,Spring,0.1717,4,2
Long-tailed Tit,56.28378,-5.01918,7.5,Spring,0.155,58,3
Long-tailed Tit,56.28378,-4.77434,7.5,Spring,0.1514,86,16
Long-tailed Tit,56.28378,-4.5295,7.5,Spring,0.2364,56,4
Long-tailed Tit,56.28378,-4.28466,7.5,Spring,0.2598,269,50
Long-tailed Tit,56.28378,-4.03983,7.5,Spring,0.305,43,5
Long-tailed Tit,56.28378,-3.79499,7.5,Spring,0.3134,106,22
Long-tailed Tit,56.28378,-3.55015,7.5,Spring,0.3402,32,1
Long-tailed Tit,56.28378,-3.30531,7.5,Spring,0.3463,146,23
Long-tailed Tit,56.28378,-3.06047,7.5,Spring,0.363,546,85
Long-tailed Tit,56.28378,-2.81564,7.5,Spring,0.3145,1514,246
Long-tailed Tit,56.28378,-2.5708,7.5,Spring,0.0407,559,9
Long-tailed Tit,56.41892,-6.24337,7.5,Spring,0.0227,177,4
Long-tailed Tit,56.41892,-5.99853,7.5,Spring,0.0293,401,3
Long-tailed Tit,56.41892,-5.75369,7.5,Spring,0.065,385,13
Long-tailed Tit,56.41892,-5.50885,7.5,Spring,0.0493,396,9
Long-tailed Tit,56.41892,-5.26402,7.5,Spring,0.1331,39,3
Long-tailed Tit,56.41892,-5.01918,7.5,Spring,0.1266,73,1
Long-tailed Tit,56.41892,-4.77434,7.5,Spring,0.1473,54,7
Long-tailed Tit,56.41892,-4.5295,7.5,Spring,0.2013,40,5
Long-tailed Tit,56.41892,-4.28466,7.5,Spring,0.2488,86,13
Long-tailed Tit,56.41892,-4.03983,7.5,Spring,0.246,122,12
Long-tailed Tit,56.41892,-3.79499,7.5,Spring,0.2584,80,6
Long-tailed Tit,56.41892,-3.55015,7.5,Spring,0.296,238,40
Long-tailed Tit,56.41892,-3.30531,7.5,Spring,0.3099,261,74
Long-tailed Tit,56.41892,-3.06047,7.5,Spring,0.3049,540,71
Long-tailed Tit,56.41892,-2.81564,7.5,Spring,0.2256,655,79
Long-tailed Tit,56.55405,-6.24337,7.5,Spring,0.0232,182,4
Long-tailed Tit,56.55405,-5.99853,7.5,Spring,0.0487,283,11
Long-tailed Tit,56.55405,-5.75369,7.5,Spring,0.0554,158,9
Long-tailed Tit,56.55405,-5.50885,7.5,Spring,0.0917,85,8
Long-tailed Tit,56.55405,-5.26402,7.5,Spring,0.0987,50,8
Long-tailed Tit,56.55405,-4.5295,7.5,Spring,0.2015,2,1
Long-tailed Tit,56.55405,-4.28466,7.5,Spring,0.0684,17,1
Long-tailed Tit,56.55405,-4.03983,7.5,Spring,0.1971,55,3
Long-tailed Tit,56.55405,-3.79499,7.5,Spring,0.2066,74,5
Long-tailed Tit,56.55405,-3.55015,7.5,Spring,0.2353,294,29
Long-tailed Tit,56.55405,-3.30531,7.5,Spring,0.2484,54,11
Long-tailed Tit,56.55405,-3.06047,7.5,Spring,0.2595,50,9
Long-tailed Tit,56.55405,-2.81564,7.5,Spring,0.2567,55,6
Long-tailed Tit,56.55405,-2.5708,7.5,Spring,0.1217,109,3
Long-tailed Tit,56.68919,-6.24337,7.5,Spring,0.0251,84,1
Long-tailed Tit,56.68919,-5.99853,7.5,Spring,0.0513,205,7
Long-tailed Tit,56.68919,-5.75369,7.5,Spring,0.069,96,5
Long-tailed Tit,56.68919,-5.50885,7.5,Spring,0.0879,74,6
Long-tailed Tit,56.68919,-5.26402,7.5,Spring,0.1101,113,8
Long-tailed Tit,56.68919,-5.01918,7.5,Spring,0.1522,215,11
Long-tailed Tit,56.68919,-4.28466,7.5,Spring,0.0874,19,1
Long-tailed Tit,56.68919,-4.03983,7.5,Spring,0.0866,46,1
Long-tailed Tit,56.68919,-3.79499,7.5,Spring,0.2035,290,45
Long-tailed Tit,56.68919,-3.55015,7.5,Spring,0.1988,26,3
Long-tailed Tit,56.68919,-3.30531,7.5,Spring,0.2021,83,15
Long-tailed Tit,56.68919,-3.06047,7.5,Spring,0.2107,181,30
Long-tailed Tit,56.68919,-2.81564,7.5,Spring,0.2059,111,25
Long-tailed Tit,56.68919,-2.5708,7.5,Spring,0.1503,253,11
Long-tailed Tit,56.68919,-2.32596,7.5,Spring,0.1455,22,1
Long-tailed Tit,56.82432,-5.75369,7.5,Spring,0.0677,83,12
Long-tailed Tit,56.82432,-5.50885,7.5,Spring,0.0881,86,4
Long-tailed Tit,56.82432,-5.26402,7.5,Spring,0.0871,28,1
Long-tailed Tit,56.82432,-5.01918,7.5,Spring,0.1057,256,17
Long-tailed Tit,56.82432,-4.03983,7.5,Spring,0.0335,45,3
Long-tailed Tit,56.82432,-3.79499,7.5,Spring,0.0329,59,2
Long-tailed Tit,56.82432,-3.30531,7.5,Spring,0.2061,111,2
Long-tailed Tit,56.82432,-3.06047,7.5,Spring,0.2041,25,1
Long-tailed Tit,56.82432,-2.81564,7.5,Spring,0.1978,10,2
Long-tailed Tit,56.82432,-2.5708,7.5,Spring,0.1597,127,9
Long-tailed Tit,56.82432,-2.32596,7.5,Spring,0.0733,78,1
Long-tailed Tit,56.95946,-6.24337,7.5,Spring,0.0261,108,10
Long-tailed Tit,56.95946,-5.75369,7.5,Spring,0.0577,175,3
Long-tailed Tit,56.95946,-5.01918,7.5,Spring,0.1424,46,3
Long-tailed Tit,56.95946,-4.77434,7.5,Spring,0.1403,11,2
Long-tailed Tit,56.95946,-4.5295,7.5,Spring,0.1921,55,5
Long-tailed Tit,56.95946,-4.28466,7.5,Spring,0.0243,91,4
Long-tailed Tit,56.95946,-3.79499,7.5,Spring,0.0325,7,1
Long-tailed Tit,56.95946,-3.55015,7.5,Spring,0.0321,57,1
Long-tailed Tit,56.95946,-3.30531,7.5,Spring,0.0326,107,3
Long-tailed Tit,56.95946,-2.81564,7.5,Spring,0.1913,10,1
Long-tailed Tit,56.95946,-2.5708,7.5,Spring,0.169,21,1
Long-tailed Tit,56.95946,-2.32596,7.5,Spring,0.1667,74,4
Long-tailed Tit,57.09459,-5.99853,7.5,Spring,0.0244,100,4
Long-tailed Tit,57.09459,-4.77434,7.5,Spring,0.1453,114,12
Long-tailed Tit,57.09459,-4.28466,7.5,Spring,0.2064,5,1
Long-tailed Tit,57.09459,-4.03983,7.5,Spring,0.2084,709,94
Long-tailed Tit,57.09459,-3.79499,7.5,Spring,0.0365,375,34
Long-tailed Tit,57.09459,-3.55015,7.5,Spring,0.0278,433,1
Long-tailed Tit,57.09459,-3.30531,7.5,Spring,0.0352,78,14
Long-tailed Tit,57.09459,-3.06047,7.5,Spring,0.0297,69,4
Long-tailed Tit,57.09459,-2.81564,7.5,Spring,0.2157,188,34
Long-tailed Tit,57.09459,-2.5708,7.5,Spring,0.1722,64,5
Long-tailed Tit,57.09459,-2.32596,7.5,Spring,0.2254,89,11
Long-tailed Tit,57.09459,-2.08112,7.5,Spring,0.1167,1560,110
Long-tailed Tit,57.22973,-7.22272,7.5,Spring,0.0076,50,2
Long-tailed Tit,57.22973,-5.99853,7.5,Spring,0.0276,315,3
Long-tailed Tit,57.22973,-5.75369,7.5,Spring,0.0188,159,9
Long-tailed Tit,57.22973,-5.50885,7.5,Spring,0.0473,128,4
Long-tailed Tit,57.22973,-5.01918,7.5,Spring,0.0981,41,10
Long-tailed Tit,57.22973,-4.77434,7.5,Spring,0.1103,34,2
Long-tailed Tit,57.22973,-4.5295,7.5,Spring,0.1439,45,4
Long-tailed Tit,57.22973,-4.03983,7.5,Spring,0.1394,252,7
Long-tailed Tit,57.22973,-3.79499,7.5,Spring,0.1424,2240,185
Long-tailed Tit,57.22973,-3.55015,7.5,Spring,0.1224,560,60
Long-tailed Tit,57.22973,-3.30531,7.5,Spring,0.0888,123,3
Long-tailed Tit,57.22973,-2.81564,7.5,Spring,0.154,24,2
Long-tailed Tit,57.22973,-2.5708,7.5,Spring,0.1395,20,2
Long-tailed Tit,57.22973,-2.32596,7.5,Spring,0.1799,52,6
Long-tailed Tit,57.22973,-2.08112,7.5,Spring,0.1085,488,43
Long-tailed Tit,57.36486,-6.48821,7.5,Spring,0.0071,77,1
Long-tailed Tit,57.36486,-6.24337,7.5,Spring,0.0124,242,4
Long-tailed Tit,57.36486,-5.75369,7.5,Spring,0.0253,69,2
Long-tailed Tit,57.36486,-5.50885,7.5,Spring,0.033,59,1
Long-tailed Tit,57.36486,-4.77434,7.5,Spring,0.0988,86,15
Long-tailed Tit,57.36486,-4.5295,7.5,Spring,0.1447,272,29
Long-tailed Tit,57.36486,-4.28466,7.5,Spring,0.1847,333,21
Long-tailed Tit,57.36486,-4.03983,7.5,Spring,0.1668,118,7
Long-tailed Tit,57.36486,-3.79499,7.5,Spring,0.1124,407,3
Long-tailed Tit,57.36486,-3.55015,7.5,Spring,0.1295,445,36
Long-tailed Tit,57.36486,-3.30531,7.5,Spring,0.1386,43,3
Long-tailed Tit,57.36486,-2.81564,7.5,Spring,0.1575,14,2
Long-tailed Tit,57.36486,-2.08112,7.5,Spring,0.1063,274,1
Long-tailed Tit,57.5,-6.73304,7.5,Spring,0.0081,445,8
Long-tailed Tit,57.5,-6.48821,7.5,Spring,0.0102,129,2
Long-tailed Tit,57.5,-6.24337,7.5,Spring,0.0114,165,5
Long-tailed Tit,57.5,-5.75369,7.5,Spring,0.0141,47,1
Long-tailed Tit,57.5,-5.50885,7.5,Spring,0.0209,38,1
Long-tailed Tit,57.5,-5.26402,7.5,Spring,0.0496,21,1
Long-tailed Tit,57.5,-4.5295,7.5,Spring,0.1908,192,29
Long-tailed Tit,57.5,-4.28466,7.5,Spring,0.1162,915,86
Long-tailed Tit,57.5,-4.03983,7.5,Spring,0.1761,691,29
Long-tailed Tit,57.5,-3.79499,7.5,Spring,0.1435,39,1
Long-tailed Tit,57.5,-3.55015,7.5,Spring,0.1725,26,2
Long-tailed Tit,57.5,-3.30531,7.5,Spring,0.1758,49,5
Long-tailed Tit,57.5,-3.06047,7.5,Spring,0.1765,32,3
Long-tailed Tit,57.5,-2.81564,7.5,Spring,0.1442,26,1
Long-tailed Tit,57.5,-2.32596,7.5,Spring,0.1397,43,6
Long-tailed Tit,57.5,-2.08112,7.5,Spring,0.1211,46,4
Long-tailed Tit,57.63514,-6.48821,7.5,Spring,0.0076,131,1
Long-tailed Tit,57.63514,-6.24337,7.5,Spring,0.0134,360,1
Long-tailed Tit,57.63514,-5.26402,7.5,Spring,0.0449,54,6
Long-tailed Tit,57.63514,-4.77434,7.5,Spring,0.0874,38,3
Long-tailed Tit,57.63514,-4.5295,7.5,Spring,0.1684,168,17
Long-tailed Tit,57.63514,-4.28466,7.5,Spring,0.0753,160,6
Long-tailed Tit,57.63514,-4.03983,7.5,Spring,0.0596,569,25
Long-tailed Tit,57.63514,-3.79499,7.5,Spring,0.1517,223,25
Long-tailed Tit,57.63514,-3.55015,7.5,Spring,0.172,328,41
Long-tailed Tit,57.63514,-3.30531,7.5,Spring,0.2417,232,43
Long-tailed Tit,57.63514,-3.06047,7.5,Spring,0.1855,167,4
Long-tailed Tit,57.63514,-2.81564,7.5,Spring,0.1456,87,3
Long-tailed Tit,57.63514,-1.83628,7.5,Spring,0.0157,232,7
Long-tailed Tit,57.77027,-5.75369,7.5,Spring,0.0141,131,2
Long-tailed Tit,57.77027,-5.01918,7.5,Spring,0.055,49,1
Long-tailed Tit,57.77027,-4.28466,7.5,Spring,0.0915,40,2
Long-tailed Tit,57.77027,-4.03983,7.5,Spring,0.1243,201,19
Long-tailed Tit,57.77027,-3.30531,7.5,Spring,0.0575,165,4
Long-tailed Tit,57.90541,-5.26402,7.5,Spring,0.02,130,3
Long-tailed Tit,57.90541,-4.28466,7.5,Spring,0.0988,115,8
Long-tailed Tit,57.90541,-4.03983,7.5,Spring,0.0528,326,6
Long-tailed Tit,58.04054,-4.5295,7.5,Spring,0.039,61,4
Long-tailed Tit,58.04054,-4.03983,7.5,Spring,0.0352,61,8
Long-tailed Tit,58.17568,-6.48821,7.5,Spring,0.0148,169,10
Long-tailed Tit,58.17568,-5.50885,7.5,Spring,0.0197,17,1
Long-tailed Tit,58.17568,-5.26402,7.5,Spring,0.0225,130,13
Long-tailed Tit,58.31081,-4.5295,7.5,Spring,0.0233,14,2
Long-tailed Tit,58.31081,-3.55015,7.5,Spring,0.0119,14,1
Long-tailed Tit,58.31081,-3.30531,7.5,Spring,0.0102,19,1
Long-tailed Tit,58.44595,-4.5295,7.5,Spring,0.0264,28,2
Long-tailed Tit,58.44595,-4.28466,7.5,Spring,0.0318,8,1
Long-tailed Tit,58.44595,-4.03983,7.5,Spring,0.0221,1,1
Long-tailed Tit,58.44595,-3.06047,7.5,Spring,0.0073,87,1
Long-tailed Tit,58.58108,-4.03983,7.5,Spring,0.0092,19,2
Long-tailed Tit,58.98649,-3.06047,7.5,Spring,0.0067,323,1
Long-tailed Tit,54.7973,-5.01918,7.5,Summer,0.0251,55,1
Long-tailed Tit,54.7973,-4.03983,7.5,Summer,0.0345,46,1
Long-tailed Tit,54.7973,-3.79499,7.5,Summer,0.0915,22,2
Long-tailed Tit,54.93243,-5.01918,7.5,Summer,0.0249,74,1
Long-tailed Tit,54.93243,-4.77434,7.5,Summer,0.0338,13,1
Long-tailed Tit,54.93243,-4.5295,7.5,Summer,0.0774,52,9
Long-tailed Tit,54.93243,-4.28466,7.5,Summer,0.1323,35,1
Long-tailed Tit,54.93243,-4.03983,7.5,Summer,0.1462,106,8
Long-tailed Tit,54.93243,-3.79499,7.5,Summer,0.1352,76,3
Long-tailed Tit,54.93243,-3.55015,7.5,Summer,0.0564,171,9
Long-tailed Tit,54.93243,-3.30531,7.5,Summer,0.0536,22,2
Long-tailed Tit,54.93243,-3.06047,7.5,Summer,0.0638,41,1
Long-tailed Tit,55.06757,-5.01918,7.5,Summer,0.0296,12,1
Long-tailed Tit,55.06757,-4.5295,7.5,Summer,0.1789,44,13
Long-tailed Tit,55.06757,-4.28466,7.5,Summer,0.1648,16,2
Long-tailed Tit,55.06757,-4.03983,7.5,Summer,0.1495,63,9
Long-tailed Tit,55.06757,-3.79499,7.5,Summer,0.1901,17,1
Long-tailed Tit,55.06757,-3.55015,7.5,Summer,0.1821,192,16
Long-tailed Tit,55.06757,-3.30531,7.5,Summer,0.1697,52,1
Long-tailed Tit,55.06757,-3.06047,7.5,Summer,0.1795,13,1
Long-tailed Tit,55.2027,-4.03983,7.5,Summer,0.1314,23,1
Long-tailed Tit,55.2027,-3.79499,7.5,Summer,0.1459,14,2
Long-tailed Tit,55.2027,-3.55015,7.5,Summer,0.1501,9,1
Long-tailed Tit,55.2027,-3.30531,7.5,Summer,0.1481,58,1
Long-tailed Tit,55.2027,-3.06047,7.5,Summer,0.1448,22,1
Long-tailed Tit,55.2027,-2.81564,7.5,Summer,0.1553,13,1
Long-tailed Tit,55.33784,-4.77434,7.5,Summer,0.0396,137,2
Long-tailed Tit,55.33784,-4.5295,7.5,Summer,0.1929,7,1
Long-tailed Tit,55.33784,-4.28466,7.5,Summer,0.1436,47,4
Long-tailed Tit,55.33784,-3.55015,7.5,Summer,0.1361,45,2
Long-tailed Tit,55.33784,-3.30531,7.5,Summer,0.1275,14,3
Long-tailed Tit,55.33784,-2.5708,7.5,Summer,0.1322,8,1
Long-tailed Tit,55.47297,-5.75369,7.5,Summer,0.0217,39,2
Long-tailed Tit,55.47297,-5.26402,7.5,Summer,0.0548,20,1
Long-tailed Tit,55.47297,-5.01918,7.5,Summer,0.0641,38,2
Long-tailed Tit,55.47297,-4.5295,7.5,Summer,0.2379,794,42
Long-tailed Tit,55.47297,-4.28466,7.5,Summer,0.1627,34,8
Long-tailed Tit,55.47297,-3.79499,7.5,Summer,0.069,96,1
Long-tailed Tit,55.47297,-3.30531,7.5,Summer,0.0666,63,4
Long-tailed Tit,55.47297,-2.81564,7.5,Summer,0.1322,11,2
Long-tailed Tit,55.47297,-2.5708,7.5,Summer,0.1641,29,3
Long-tailed Tit,55.60811,-6.24337,7.5,Summer,0.0161,83,1
Long-tailed Tit,55.60811,-5.50885,7.5,Summer,0.0495,12,1
Long-tailed Tit,55.60811,-5.26402,7.5,Summer,0.0828,104,7
Long-tailed Tit,55.60811,-4.77434,7.5,Summer,0.1009,3125,14
Long-tailed Tit,55.60811,-4.5295,7.5,Summer,0.2189,27860,64
Long-tailed Tit,55.60811,-4.28466,7.5,Summer,0.1771,20,3
Long-tailed Tit,55.60811,-3.79499,7.5,Summer,0.1503,38,2
Long-tailed Tit,55.60811,-3.55015,7.5,Summer,0.137,78,2
Long-tailed Tit,55.60811,-3.30531,7.5,Summer,0.1476,49,1
Long-tailed Tit,55.60811,-3.06047,7.5,Summer,0.1951,83,5
Long-tailed Tit,55.60811,-2.81564,7.5,Summer,0.1714,109,15
Long-tailed Tit,55.60811,-2.5708,7.5,Summer,0.2102,41,3
Long-tailed Tit,55.60811,-2.32596,7.5,Summer,0.1951,20,5
Long-tailed Tit,55.74324,-6.24337,7.5,Summer,0.0152,63,3
Long-tailed Tit,55.74324,-5.01918,7.5,Summer,0.0445,93,6
Long-tailed Tit,55.74324,-4.77434,7.5,Summer,0.108,62,1
Long-tailed Tit,55.74324,-4.5295,7.5,Summer,0.1706,277,31
Long-tailed Tit,55.74324,-4.28466,7.5,Summer,0.2145,507,15
Long-tailed Tit,55.74324,-4.03983,7.5,Summer,0.2463,219,49
Long-tailed Tit,55.74324,-3.79499,7.5,Summer,0.1804,20,3
Long-tailed Tit,55.74324,-3.06047,7.5,Summer,0.2196,133,18
Long-tailed Tit,55.74324,-2.81564,7.5,Summer,0.2143,18,1
Long-tailed Tit,55.74324,-2.32596,7.5,Summer,0.1764,10,1
Long-tailed Tit,55.74324,-2.08112,7.5,Summer,0.1245,40,2
Long-tailed Tit,55.87838,-5.99853,7.5,Summer,0.0163,21,2
Long-tailed Tit,55.87838,-5.26402,7.5,Summer,0.0913,24,2
Long-tailed Tit,55.87838,-5.01918,7.5,Summer,0.0805,15,1
Long-tailed Tit,55.87838,-4.77434,7.5,Summer,0.1015,45,1
Long-tailed Tit,55.87838,-4.5295,7.5,Summer,0.2211,292,26
Long-tailed Tit,55.87838,-4.28466,7.5,Summer,0.2503,1378,140
Long-tailed Tit,55.87838,-4.03983,7.5,Summer,0.2444,131,16
Long-tailed Tit,55.87838,-3.79499,7.5,Summer,0.2286,42,2
Long-tailed Tit,55.87838,-3.55015,7.5,Summer,0.2323,134,9
Long-tailed Tit,55.87838,-3.30531,7.5,Summer,0.249,1184,174
Long-tailed Tit,55.87838,-3.06047,7.5,Summer,0.3173,1626,346
Long-tailed Tit,55.87838,-2.81564,7.5,Summer,0.2622,98,22
Long-tailed Tit,55.87838,-2.5708,7.5,Summer,0.1551,109,1
Long-tailed Tit,55.87838,-2.32596,7.5,Summer,0.156,75,3
Long-tailed Tit,55.87838,-2.08112,7.5,Summer,0.0302,295,14
Long-tailed Tit,56.01351,-5.75369,7.5,Summer,0.0449,13,1
Long-tailed Tit,56.01351,-5.50885,7.5,Summer,0.0753,37,3
Long-tailed Tit,56.01351,-5.26402,7.5,Summer,0.1005,22,1
Long-tailed Tit,56.01351,-5.01918,7.5,Summer,0.1308,85,16
Long-tailed Tit,56.01351,-4.77434,7.5,Summer,0.0556,128,5
Long-tailed Tit,56.01351,-4.5295,7.5,Summer,0.1808,279,45
Long-tailed Tit,56.01351,-4.28466,7.5,Summer,0.1685,90,10
Long-tailed Tit,56.01351,-4.03983,7.5,Summer,0.1692,53,4
Long-tailed Tit,56.01351,-3.79499,7.5,Summer,0.1299,365,33
Long-tailed Tit,56.01351,-3.55015,7.5,Summer,0.1114,266,24
Long-tailed Tit,56.01351,-3.30531,7.5,Summer,0.1469,2181,274
Long-tailed Tit,56.01351,-3.06047,7.5,Summer,0.1946,2396,231
Long-tailed Tit,56.01351,-2.81564,7.5,Summer,0.142,786,41
Long-tailed Tit,56.01351,-2.5708,7.5,Summer,0.0962,613,51
Long-tailed Tit,56.14865,-6.24337,7.5,Summer,0.0137,6,1
Long-tailed Tit,56.14865,-5.50885,7.5,Summer,0.0608,74,4
Long-tailed Tit,56.14865,-5.26402,7.5,Summer,0.0814,28,2
Long-tailed Tit,56.14865,-5.01918,7.5,Summer,0.0927,10,1
Long-tailed Tit,56.14865,-4.77434,7.5,Summer,0.1088,98,2
Long-tailed Tit,56.14865,-4.5295,7.5,Summer,0.1565,225,17
Long-tailed Tit,56.14865,-4.28466,7.5,Summer,0.1706,111,12
Long-tailed Tit,56.14865,-4.03983,7.5,Summer,0.1809,349,26
Long-tailed Tit,56.14865,-3.79499,7.5,Summer,0.178,328,27
Long-tailed Tit,56.14865,-3.55015,7.5,Summer,0.1941,114,4
Long-tailed Tit,56.14865,-3.30531,7.5,Summer,0.1955,405,39
Long-tailed Tit,56.14865,-3.06047,7.5,Summer,0.154,158,5
Long-tailed Tit,56.14865,-2.5708,7.5,Summer,0.0506,245,1
Long-tailed Tit,56.28378,-6.48821,7.5,Summer,0.0107,238,1
Long-tailed Tit,56.28378,-6.24337,7.5,Summer,0.0161,89,1
Long-tailed Tit,56.28378,-5.50885,7.5,Summer,0.0841,51,7
Long-tailed Tit,56.28378,-5.26402,7.5,Summer,0.141,19,1
Long-tailed Tit,56.28378,-5.01918,7.5,Summer,0.0926,74,2
Long-tailed Tit,56.28378,-4.77434,7.5,Summer,0.0933,90,5
Long-tailed Tit,56.28378,-4.5295,7.5,Summer,0.1537,49,2
Long-tailed Tit,56.28378,-4.28466,7.5,Summer,0.1625,205,28
Long-tailed Tit,56.28378,-4.03983,7.5,Summer,0.1714,8,2
Long-tailed Tit,56.28378,-3.79499,7.5,Summer,0.1731,77,2
Long-tailed Tit,56.28378,-3.30531,7.5,Summer,0.1909,90,9
Long-tailed Tit,56.28378,-3.06047,7.5,Summer,0.214,322,31
Long-tailed Tit,56.28378,-2.81564,7.5,Summer,0.1395,1122,64
Long-tailed Tit,56.28378,-2.5708,7.5,Summer,0.0189,524,1
Long-tailed Tit,56.41892,-6.24337,7.5,Summer,0.024,224,3
Long-tailed Tit,56.41892,-5.99853,7.5,Summer,0.0259,294,2
Long-tailed Tit,56.41892,-5.75369,7.5,Summer,0.0457,361,6
Long-tailed Tit,56.41892,-5.50885,7.5,Summer,0.0319,433,7
Long-tailed Tit,56.41892,-5.26402,7.5,Summer,0.1015,25,1
Long-tailed Tit,56.41892,-5.01918,7.5,Summer,0.1122,33,1
Long-tailed Tit,56.41892,-4.77434,7.5,Summer,0.1031,64,2
Long-tailed Tit,56.41892,-4.5295,7.5,Summer,0.119,45,4
Long-tailed Tit,56.41892,-4.28466,7.5,Summer,0.1656,97,8
Long-tailed Tit,56.41892,-4.03983,7.5,Summer,0.1596,50,1
Long-tailed Tit,56.41892,-3.79499,7.5,Summer,0.1679,78,4
Long-tailed Tit,56.41892,-3.55015,7.5,Summer,0.148,110,5
Long-tailed Tit,56.41892,-3.30531,7.5,Summer,0.157,198,16
Long-tailed Tit,56.41892,-3.06047,7.5,Summer,0.1642,357,23
Long-tailed Tit,56.41892,-2.81564,7.5,Summer,0.076,590,39
Long-tailed Tit,56.55405,-6.24337,7.5,Summer,0.0224,192,6
Long-tailed Tit,56.55405,-5.99853,7.5,Summer,0.0456,274,16
Long-tailed Tit,56.55405,-5.75369,7.5,Summer,0.0383,81,3
Long-tailed Tit,56.55405,-5.50885,7.5,Summer,0.0814,37,5
Long-tailed Tit,56.55405,-4.77434,7.5,Summer,0.0991,50,1
Long-tailed Tit,56.55405,-4.28466,7.5,Summer,0.0496,36,2
Long-tailed Tit,56.55405,-4.03983,7.5,Summer,0.1416,49,7
Long-tailed Tit,56.55405,-3.79499,7.5,Summer,0.1463,45,2
Long-tailed Tit,56.55405,-3.55015,7.5,Summer,0.168,287,28
Long-tailed Tit,56.55405,-3.30531,7.5,Summer,0.1688,47,3
Long-tailed Tit,56.55405,-3.06047,7.5,Summer,0.1846,31,2
Long-tailed Tit,56.55405,-2.81564,7.5,Summer,0.1637,30,2
Long-tailed Tit,56.55405,-2.5708,7.5,Summer,0.0548,98,2
Long-tailed Tit,56.68919,-5.99853,7.5,Summer,0.0475,168,4
Long-tailed Tit,56.68919,-5.75369,7.5,Summer,0.0597,30,1
Long-tailed Tit,56.68919,-5.50885,7.5,Summer,0.0728,44,7
Long-tailed Tit,56.68919,-5.26402,7.5,Summer,0.075,139,2
Long-tailed Tit,56.68919,-5.01918,7.5,Summer,0.096,304,22
Long-tailed Tit,56.68919,-4.5295,7.5,Summer,0.1383,12,1
Long-tailed Tit,56.68919,-4.28466,7.5,Summer,0.0647,18,2
Long-tailed Tit,56.68919,-3.79499,7.5,Summer,0.1373,268,23
Long-tailed Tit,56.68919,-3.30531,7.5,Summer,0.1423,40,1
Long-tailed Tit,56.68919,-3.06047,7.5,Summer,0.1366,142,21
Long-tailed Tit,56.68919,-2.81564,7.5,Summer,0.1211,56,4
Long-tailed Tit,56.68919,-2.5708,7.5,Summer,0.0721,238,7
Long-tailed Tit,56.68919,-2.32596,7.5,Summer,0.077,30,1
Long-tailed Tit,56.82432,-5.75369,7.5,Summer,0.0522,93,1
Long-tailed Tit,56.82432,-5.50885,7.5,Summer,0.0902,78,12
Long-tailed Tit,56.82432,-5.26402,7.5,Summer,0.0875,33,2
Long-tailed Tit,56.82432,-5.01918,7.5,Summer,0.0886,276,18
Long-tailed Tit,56.82432,-4.03983,7.5,Summer,0.0224,25,2
Long-tailed Tit,56.82432,-3.55015,7.5,Summer,0.0367,25,2
Long-tailed Tit,56.82432,-3.30531,7.5,Summer,0.14,104,3
Long-tailed Tit,56.82432,-2.5708,7.5,Summer,0.0918,78,3
Long-tailed Tit,56.95946,-6.24337,7.5,Summer,0.0278,43,2
Long-tailed Tit,56.95946,-5.75369,7.5,Summer,0.042,122,2
Long-tailed Tit,56.95946,-5.26402,7.5,Summer,0.1177,6,1
Long-tailed Tit,56.95946,-5.01918,7.5,Summer,0.1222,48,7
Long-tailed Tit,56.95946,-4.77434,7.5,Summer,0.104,11,1
Long-tailed Tit,56.95946,-4.5295,7.5,Summer,0.1462,28,4
Long-tailed Tit,56.95946,-4.28466,7.5,Summer,0.0192,75,3
Long-tailed Tit,56.95946,-3.55015,7.5,Summer,0.0209,70,4
Long-tailed Tit,56.95946,-3.30531,7.5,Summer,0.0183,105,1
Long-tailed Tit,56.95946,-2.81564,7.5,Summer,0.0981,64,1
Long-tailed Tit,56.95946,-2.5708,7.5,Summer,0.1036,21,3
Long-tailed Tit,56.95946,-2.08112,7.5,Summer,0.09,272,1
Long-tailed Tit,57.09459,-5.99853,7.5,Summer,0.0262,105,5
Long-tailed Tit,57.09459,-5.75369,7.5,Summer,0.0394,94,3
Long-tailed Tit,57.09459,-4.77434,7.5,Summer,0.1033,136,4
Long-tailed Tit,57.09459,-4.03983,7.5,Summer,0.1416,526,47
Long-tailed Tit,57.09459,-3.79499,7.5,Summer,0.0196,311,27
Long-tailed Tit,57.09459,-3.55015,7.5,Summer,0.0173,315,1
Long-tailed Tit,57.09459,-3.30531,7.5,Summer,0.018,90,6
Long-tailed Tit,57.09459,-3.06047,7.5,Summer,0.018,80,4
Long-tailed Tit,57.09459,-2.81564,7.5,Summer,0.1341,84,6
Long-tailed Tit,57.09459,-2.32596,7.5,Summer,0.1708,68,7
Long-tailed Tit,57.09459,-2.08112,7.5,Summer,0.0514,1194,35
Long-tailed Tit,57.22973,-5.99853,7.5,Summer,0.0298,364,4
Long-tailed Tit,57.22973,-5.75369,7.5,Summer,0.0174,148,8
Long-tailed Tit,57.22973,-5.50885,7.5,Summer,0.0395,171,1
Long-tailed Tit,57.22973,-5.01918,7.5,Summer,0.0893,28,2
Long-tailed Tit,57.22973,-4.77434,7.5,Summer,0.0907,35,2
Long-tailed Tit,57.22973,-4.5295,7.5,Summer,0.1279,77,3
Long-tailed Tit,57.22973,-4.03983,7.5,Summer,0.1225,133,3
Long-tailed Tit,57.22973,-3.79499,7.5,Summer,0.1243,1932,128
Long-tailed Tit,57.22973,-3.55015,7.5,Summer,0.0968,441,44
Long-tailed Tit,57.22973,-3.30531,7.5,Summer,0.0932,128,2
Long-tailed Tit,57.22973,-2.5708,7.5,Summer,0.1295,23,5
Long-tailed Tit,57.22973,-2.32596,7.5,Summer,0.1379,9,2
Long-tailed Tit,57.22973,-2.08112,7.5,Summer,0.062,267,10
Long-tailed Tit,57.36486,-6.24337,7.5,Summer,0.0099,292,9
Long-tailed Tit,57.36486,-5.99853,7.5,Summer,0.0198,33,1
Long-tailed Tit,57.36486,-5.75369,7.5,Summer,0.0257,65,4
Long-tailed Tit,57.36486,-4.77434,7.5,Summer,0.0826,58,6
Long-tailed Tit,57.36486,-4.5295,7.5,Summer,0.098,222,7
Long-tailed Tit,57.36486,-4.28466,7.5,Summer,0.1067,264,23
Long-tailed Tit,57.36486,-4.03983,7.5,Summer,0.0938,86,2
Long-tailed Tit,57.36486,-3.79499,7.5,Summer,0.0686,308,1
Long-tailed Tit,57.36486,-3.55015,7.5,Summer,0.0946,381,35
Long-tailed Tit,57.36486,-3.30531,7.5,Summer,0.0949,71,9
Long-tailed Tit,57.36486,-2.81564,7.5,Summer,0.1012,7,1
Long-tailed Tit,57.36486,-2.5708,7.5,Summer,0.0866,84,7
Long-tailed Tit,57.36486,-2.08112,7.5,Summer,0.0754,330,4
Long-tailed Tit,57.36486,-1.83628,7.5,Summer,0.021,74,1
Long-tailed Tit,57.5,-6.73304,7.5,Summer,0.0085,402,10
Long-tailed Tit,57.5,-6.48821,7.5,Summer,0.0112,157,3
Long-tailed Tit,57.5,-6.24337,7.5,Summer,0.0094,189,3
Long-tailed Tit,57.5,-5.99853,7.5,Summer,0.0177,4,2
Long-tailed Tit,57.5,-5.75369,7.5,Summer,0.0132,62,1
Long-tailed Tit,57.5,-5.26402,7.5,Summer,0.089,15,1
Long-tailed Tit,57.5,-4.77434,7.5,Summer,0.0745,6,2
Long-tailed Tit,57.5,-4.5295,7.5,Summer,0.1288,186,11
Long-tailed Tit,57.5,-4.28466,7.5,Summer,0.0406,814,52
Long-tailed Tit,57.5,-4.03983,7.5,Summer,0.0764,626,5
Long-tailed Tit,57.5,-3.79499,7.5,Summer,0.0863,60,2
Long-tailed Tit,57.5,-3.55015,7.5,Summer,0.1084,9,1
Long-tailed Tit,57.5,-3.30531,7.5,Summer,0.1118,48,3
Long-tailed Tit,57.5,-1.83628,7.5,Summer,0.0195,107,1
Long-tailed Tit,57.63514,-6.24337,7.5,Summer,0.0165,443,4
Long-tailed Tit,57.63514,-5.75369,7.5,Summer,0.019,46,4
Long-tailed Tit,57.63514,-5.50885,7.5,Summer,0.0277,49,1
Long-tailed Tit,57.63514,-5.26402,7.5,Summer,0.0824,100,14
Long-tailed Tit,57.63514,-5.01918,7.5,Summer,0.0726,27,1
Long-tailed Tit,57.63514,-4.5295,7.5,Summer,0.1154,173,11
Long-tailed Tit,57.63514,-4.28466,7.5,Summer,0.0259,189,4
Long-tailed Tit,57.63514,-4.03983,7.5,Summer,0.0198,742,14
Long-tailed Tit,57.63514,-3.79499,7.5,Summer,0.0762,187,8
Long-tailed Tit,57.63514,-3.55015,7.5,Summer,0.065,190,13
Long-tailed Tit,57.63514,-3.30531,7.5,Summer,0.1327,127,14
Long-tailed Tit,57.63514,-3.06047,7.5,Summer,0.0946,170,2
Long-tailed Tit,57.63514,-2.81564,7.5,Summer,0.0705,26,1
Long-tailed Tit,57.63514,-1.83628,7.5,Summer,0.0121,145,3
Long-tailed Tit,57.77027,-5.50885,7.5,Summer,0.0304,82,6
Long-tailed Tit,57.77027,-5.01918,7.5,Summer,0.1041,41,8
Long-tailed Tit,57.77027,-4.28466,7.5,Summer,0.053,33,2
Long-tailed Tit,57.77027,-4.03983,7.5,Summer,0.0419,134,2
Long-tailed Tit,57.77027,-3.30531,7.5,Summer,0.0305,140,1
Long-tailed Tit,57.90541,-5.50885,7.5,Summer,0.0236,122,5
Long-tailed Tit,57.90541,-5.26402,7.5,Summer,0.0242,175,4
Long-tailed Tit,57.90541,-5.01918,7.5,Summer,0.0556,18,1
Long-tailed Tit,57.90541,-4.77434,7.5,Summer,0.0457,11,1
Long-tailed Tit,57.90541,-4.5295,7.5,Summer,0.0495,28,4
Long-tailed Tit,57.90541,-4.28466,7.5,Summer,0.0519,66,4
Long-tailed Tit,57.90541,-4.03983,7.5,Summer,0.0223,246,2
Long-tailed Tit,58.04054,-4.5295,7.5,Summer,0.0283,45,1
Long-tailed Tit,58.04054,-4.28466,7.5,Summer,0.0226,26,3
Long-tailed Tit,58.04054,-4.03983,7.5,Summer,0.0202,57,1
Long-tailed Tit,58.17568,-6.48821,7.5,Summer,0.0106,142,4
Long-tailed Tit,58.17568,-5.26402,7.5,Summer,0.0216,123,3
Long-tailed Tit,58.17568,-5.01918,7.5,Summer,0.024,52,2
Long-tailed Tit,58.31081,-3.30531,7.5,Summer,0.0092,52,2
Long-tailed Tit,58.44595,-4.5295,7.5,Summer,0.0179,33,2
Long-tailed Tit,58.44595,-4.28466,7.5,Summer,0.0206,27,4
Long-tailed Tit,54.7973,-4.77434,7.5,Winter,0.0265,8,1
Long-tailed Tit,54.7973,-4.5295,7.5,Winter,0.053,47,2
Long-tailed Tit,54.7973,-3.79499,7.5,Winter,0.1613,14,6
Long-tailed Tit,54.93243,-5.01918,7.5,Winter,0.0205,90,2
Long-tailed Tit,54.93243,-4.5295,7.5,Winter,0.0687,25,1
Long-tailed Tit,54.93243,-4.28466,7.5,Winter,0.1973,45,3
Long-tailed Tit,54.93243,-4.03983,7.5,Winter,0.2255,59,8
Long-tailed Tit,54.93243,-3.79499,7.5,Winter,0.28,69,16
Long-tailed Tit,54.93243,-3.55015,7.5,Winter,0.2272,289,30
Long-tailed Tit,54.93243,-3.30531,7.5,Winter,0.1503,29,1
Long-tailed Tit,54.93243,-3.06047,7.5,Winter,0.1326,29,5
Long-tailed Tit,55.06757,-4.5295,7.5,Winter,0.2054,5,1
Long-tailed Tit,55.06757,-4.03983,7.5,Winter,0.206,37,12
Long-tailed Tit,55.06757,-3.79499,7.5,Winter,0.3106,26,3
Long-tailed Tit,55.06757,-3.55015,7.5,Winter,0.3627,173,28
Long-tailed Tit,55.06757,-3.30531,7.5,Winter,0.3095,37,11
Long-tailed Tit,55.06757,-3.06047,7.5,Winter,0.2523,10,1
Long-tailed Tit,55.2027,-4.28466,7.5,Winter,0.1788,6,1
Long-tailed Tit,55.2027,-4.03983,7.5,Winter,0.1828,7,1
Long-tailed Tit,55.2027,-3.79499,7.5,Winter,0.2399,8,1
Long-tailed Tit,55.2027,-3.06047,7.5,Winter,0.2025,5,1
Long-tailed Tit,55.33784,-5.50885,7.5,Winter,0.0208,3,1
Long-tailed Tit,55.33784,-4.5295,7.5,Winter,0.2562,24,3
Long-tailed Tit,55.33784,-4.28466,7.5,Winter,0.2,67,6
Long-tailed Tit,55.33784,-3.55015,7.5,Winter,0.1846,23,2
Long-tailed Tit,55.33784,-3.30531,7.5,Winter,0.185,5,1
Long-tailed Tit,55.47297,-5.26402,7.5,Winter,0.0546,10,1
Long-tailed Tit,55.47297,-5.01918,7.5,Winter,0.0841,8,2
Long-tailed Tit,55.47297,-4.77434,7.5,Winter,0.107,596,6
Long-tailed Tit,55.47297,-4.5295,7.5,Winter,0.3004,1316,158
Long-tailed Tit,55.47297,-3.55015,7.5,Winter,0.132,34,1
Long-tailed Tit,55.47297,-3.30531,7.5,Winter,0.1358,14,2
Long-tailed Tit,55.47297,-2.81564,7.5,Winter,0.3101,75,26
Long-tailed Tit,55.47297,-2.5708,7.5,Winter,0.2681,52,10
Long-tailed Tit,55.60811,-5.75369,7.5,Winter,0.017,25,1
Long-tailed Tit,55.60811,-5.50885,7.5,Winter,0.0515,7,2
Long-tailed Tit,55.60811,-5.26402,7.5,Winter,0.1124,26,1
Long-tailed Tit,55.60811,-4.77434,7.5,Winter,0.144,4222,39
Long-tailed Tit,55.60811,-4.5295,7.5,Winter,0.279,17240,142
Long-tailed Tit,55.60811,-3.79499,7.5,Winter,0.2493,26,3
Long-tailed Tit,55.60811,-3.55015,7.5,Winter,0.2175,36,1
Long-tailed Tit,55.60811,-3.30531,7.5,Winter,0.2317,25,4
Long-tailed Tit,55.60811,-3.06047,7.5,Winter,0.3318,23,5
Long-tailed Tit,55.60811,-2.81564,7.5,Winter,0.4182,95,37
Long-tailed Tit,55.60811,-2.5708,7.5,Winter,0.3258,20,11
Long-tailed Tit,55.60811,-2.32596,7.5,Winter,0.2779,53,22
Long-tailed Tit,55.74324,-6.48821,7.5,Winter,0.0097,93,1
Long-tailed Tit,55.74324,-6.24337,7.5,Winter,0.0164,265,11
Long-tailed Tit,55.74324,-5.75369,7.5,Winter,0.0165,761,8
Long-tailed Tit,55.74324,-5.50885,7.5,Winter,0.0492,43,1
Long-tailed Tit,55.74324,-5.26402,7.5,Winter,0.114,9,2
Long-tailed Tit,55.74324,-5.01918,7.5,Winter,0.0946,103,7
Long-tailed Tit,55.74324,-4.77434,7.5,Winter,0.1798,99,9
Long-tailed Tit,55.74324,-4.5295,7.5,Winter,0.2052,329,76
Long-tailed Tit,55.74324,-4.28466,7.5,Winter,0.3054,631,25
Long-tailed Tit,55.74324,-4.03983,7.5,Winter,0.4035,253,86
Long-tailed Tit,55.74324,-3.79499,7.5,Winter,0.278,44,19
Long-tailed Tit,55.74324,-3.55015,7.5,Winter,0.2793,34,2
Long-tailed Tit,55.74324,-3.30531,7.5,Winter,0.2798,43,4
Long-tailed Tit,55.74324,-3.06047,7.5,Winter,0.2928,248,15
Long-tailed Tit,55.74324,-2.81564,7.5,Winter,0.3104,26,2
Long-tailed Tit,55.74324,-2.32596,7.5,Winter,0.278,4,1
Long-tailed Tit,55.74324,-2.08112,7.5,Winter,0.2124,13,3
Long-tailed Tit,55.87838,-6.24337,7.5,Winter,0.0336,204,4
Long-tailed Tit,55.87838,-5.50885,7.5,Winter,0.0774,28,3
Long-tailed Tit,55.87838,-4.77434,7.5,Winter,0.1641,20,1
Long-tailed Tit,55.87838,-4.5295,7.5,Winter,0.3369,384,103
Long-tailed Tit,55.87838,-4.28466,7.5,Winter,0.4374,1701,436
Long-tailed Tit,55.87838,-4.03983,7.5,Winter,0.4245,209,57
Long-tailed Tit,55.87838,-3.79499,7.5,Winter,0.3733,88,4
Long-tailed Tit,55.87838,-3.55015,7.5,Winter,0.4332,227,42
Long-tailed Tit,55.87838,-3.30531,7.5,Winter,0.4055,1796,548
Long-tailed Tit,55.87838,-3.06047,7.5,Winter,0.4241,1773,649
Long-tailed Tit,55.87838,-2.81564,7.5,Winter,0.3399,163,58
Long-tailed Tit,55.87838,-2.5708,7.5,Winter,0.2307,32,1
Long-tailed Tit,55.87838,-2.32596,7.5,Winter,0.2365,71,7
Long-tailed Tit,55.87838,-2.08112,7.5,Winter,0.0342,65,5
Long-tailed Tit,56.01351,-5.26402,7.5,Winter,0.1349,33,2
Long-tailed Tit,56.01351,-5.01918,7.5,Winter,0.2011,105,31
Long-tailed Tit,56.01351,-4.77434,7.5,Winter,0.0706,80,7
Long-tailed Tit,56.01351,-4.5295,7.5,Winter,0.3235,162,46
Long-tailed Tit,56.01351,-4.28466,7.5,Winter,0.3344,55,6
Long-tailed Tit,56.01351,-4.03983,7.5,Winter,0.363,24,2
Long-tailed Tit,56.01351,-3.79499,7.5,Winter,0.3836,358,80
Long-tailed Tit,56.01351,-3.55015,7.5,Winter,0.334,507,105
Long-tailed Tit,56.01351,-3.30531,7.5,Winter,0.3423,2000,653
Long-tailed Tit,56.01351,-3.06047,7.5,Winter,0.3652,1585,308
Long-tailed Tit,56.01351,-2.81564,7.5,Winter,0.2544,874,122
Long-tailed Tit,56.01351,-2.5708,7.5,Winter,0.1893,643,131
Long-tailed Tit,56.01351,-2.32596,7.5,Winter,0.0863,144,1
Long-tailed Tit,56.14865,-4.77434,7.5,Winter,0.1976,38,5
Long-tailed Tit,56.14865,-4.5295,7.5,Winter,0.2598,46,10
Long-tailed Tit,56.14865,-4.28466,7.5,Winter,0.2976,34,3
Long-tailed Tit,56.14865,-4.03983,7.5,Winter,0.3763,363,128
Long-tailed Tit,56.14865,-3.79499,7.5,Winter,0.3764,490,142
Long-tailed Tit,56.14865,-3.55015,7.5,Winter,0.3751,196,23
Long-tailed Tit,56.14865,-3.30531,7.5,Winter,0.3767,535,158
Long-tailed Tit,56.14865,-3.06047,7.5,Winter,0.3383,302,26
Long-tailed Tit,56.14865,-2.81564,7.5,Winter,0.3046,219,13
Long-tailed Tit,56.28378,-5.50885,7.5,Winter,0.1078,14,1
Long-tailed Tit,56.28378,-5.26402,7.5,Winter,0.191,11,1
Long-tailed Tit,56.28378,-4.77434,7.5,Winter,0.174,19,7
Long-tailed Tit,56.28378,-4.5295,7.5,Winter,0.251,4,2
Long-tailed Tit,56.28378,-4.28466,7.5,Winter,0.2687,56,13
Long-tailed Tit,56.28378,-3.79499,7.5,Winter,0.3279,54,11
Long-tailed Tit,56.28378,-3.55015,7.5,Winter,0.3585,18,1
Long-tailed Tit,56.28378,-3.30531,7.5,Winter,0.3652,81,13
Long-tailed Tit,56.28378,-3.06047,7.5,Winter,0.377,327,64
Long-tailed Tit,56.28378,-2.81564,7.5,Winter,0.3243,1177,212
Long-tailed Tit,56.28378,-2.5708,7.5,Winter,0.0733,333,12
Long-tailed Tit,56.41892,-5.75369,7.5,Winter,0.0692,18,1
Long-tailed Tit,56.41892,-5.50885,7.5,Winter,0.051,66,2
Long-tailed Tit,56.41892,-5.26402,7.5,Winter,0.1431,12,2
Long-tailed Tit,56.41892,-4.28466,7.5,Winter,0.2669,48,13
Long-tailed Tit,56.41892,-4.03983,7.5,Winter,0.2654,50,4
Long-tailed Tit,56.41892,-3.79499,7.5,Winter,0.2749,27,1
Long-tailed Tit,56.41892,-3.55015,7.5,Winter,0.3408,90,30
Long-tailed Tit,56.41892,-3.30531,7.5,Winter,0.3511,176,51
Long-tailed Tit,56.41892,-3.06047,7.5,Winter,0.3203,316,58
Long-tailed Tit,56.41892,-2.81564,7.5,Winter,0.2184,524,58
Long-tailed Tit,56.55405,-5.50885,7.5,Winter,0.0962,5,1
Long-tailed Tit,56.55405,-5.26402,7.5,Winter,0.1188,6,1
Long-tailed Tit,56.55405,-4.28466,7.5,Winter,0.0928,36,1
Long-tailed Tit,56.55405,-4.03983,7.5,Winter,0.2338,14,2
Long-tailed Tit,56.55405,-3.79499,7.5,Winter,0.2426,15,5
Long-tailed Tit,56.55405,-3.55015,7.5,Winter,0.2752,81,20
Long-tailed Tit,56.55405,-3.30531,7.5,Winter,0.2905,24,3
Long-tailed Tit,56.55405,-3.06047,7.5,Winter,0.3091,29,2
Long-tailed Tit,56.55405,-2.81564,7.5,Winter,0.301,28,8
Long-tailed Tit,56.55405,-2.5708,7.5,Winter,0.1534,56,2
Long-tailed Tit,56.68919,-6.24337,7.5,Winter,0.036,13,1
Long-tailed Tit,56.68919,-5.99853,7.5,Winter,0.0542,5,1
Long-tailed Tit,56.68919,-5.75369,7.5,Winter,0.0749,16,1
Long-tailed Tit,56.68919,-5.50885,7.5,Winter,0.0881,9,3
Long-tailed Tit,56.68919,-5.01918,7.5,Winter,0.1511,14,1
Long-tailed Tit,56.68919,-4.5295,7.5,Winter,0.2261,12,1
Long-tailed Tit,56.68919,-4.28466,7.5,Winter,0.113,4,2
Long-tailed Tit,56.68919,-4.03983,7.5,Winter,0.1267,5,1
Long-tailed Tit,56.68919,-3.79499,7.5,Winter,0.2393,70,15
Long-tailed Tit,56.68919,-3.30531,7.5,Winter,0.228,15,5
Long-tailed Tit,56.68919,-3.06047,7.5,Winter,0.2414,60,19
Long-tailed Tit,56.68919,-2.81564,7.5,Winter,0.234,35,15
Long-tailed Tit,56.68919,-2.5708,7.5,Winter,0.189,202,21
Long-tailed Tit,56.68919,-2.32596,7.5,Winter,0.1669,13,2
Long-tailed Tit,56.82432,-5.75369,7.5,Winter,0.0663,29,2
Long-tailed Tit,56.82432,-5.26402,7.5,Winter,0.1148,2,2
Long-tailed Tit,56.82432,-5.01918,7.5,Winter,0.1272,42,2
Long-tailed Tit,56.82432,-4.77434,7.5,Winter,0.1655,7,2
Long-tailed Tit,56.82432,-4.03983,7.5,Winter,0.0616,11,3
Long-tailed Tit,56.82432,-2.5708,7.5,Winter,0.1919,130,4
Long-tailed Tit,56.82432,-2.32596,7.5,Winter,0.0993,83,8
Long-tailed Tit,56.95946,-6.24337,7.5,Winter,0.0339,45,11
Long-tailed Tit,56.95946,-5.26402,7.5,Winter,0.148,1,1
Long-tailed Tit,56.95946,-4.5295,7.5,Winter,0.2237,15,3
Long-tailed Tit,56.95946,-3.79499,7.5,Winter,0.0591,3,1
Long-tailed Tit,56.95946,-3.30531,7.5,Winter,0.0564,33,2
Long-tailed Tit,56.95946,-3.06047,7.5,Winter,0.0853,4,1
Long-tailed Tit,56.95946,-2.81564,7.5,Winter,0.2035,2,1
Long-tailed Tit,56.95946,-2.32596,7.5,Winter,0.1967,21,1
Long-tailed Tit,56.95946,-2.08112,7.5,Winter,0.1447,42,2
Long-tailed Tit,57.09459,-5.99853,7.5,Winter,0.0363,8,2
Long-tailed Tit,57.09459,-4.77434,7.5,Winter,0.1703,13,3
Long-tailed Tit,57.09459,-4.03983,7.5,Winter,0.247,301,55
Long-tailed Tit,57.09459,-3.79499,7.5,Winter,0.0657,97,9
Long-tailed Tit,57.09459,-3.55015,7.5,Winter,0.0456,126,2
Long-tailed Tit,57.09459,-3.30531,7.5,Winter,0.0575,25,7
Long-tailed Tit,57.09459,-2.81564,7.5,Winter,0.241,32,9
Long-tailed Tit,57.09459,-2.5708,7.5,Winter,0.2029,33,3
Long-tailed Tit,57.09459,-2.32596,7.5,Winter,0.258,110,31
Long-tailed Tit,57.09459,-2.08112,7.5,Winter,0.1342,1022,110
Long-tailed Tit,57.22973,-5.99853,7.5,Winter,0.0346,81,2
Long-tailed Tit,57.22973,-5.75369,7.5,Winter,0.0204,16,1
Long-tailed Tit,57.22973,-5.01918,7.5,Winter,0.1302,3,2
Long-tailed Tit,57.22973,-4.77434,7.5,Winter,0.1551,4,3
Long-tailed Tit,57.22973,-4.5295,7.5,Winter,0.1918,11,1
Long-tailed Tit,57.22973,-4.03983,7.5,Winter,0.1897,69,2
Long-tailed Tit,57.22973,-3.79499,7.5,Winter,0.1956,583,63
Long-tailed Tit,57.22973,-3.55015,7.5,Winter,0.1616,232,42
Long-tailed Tit,57.22973,-3.30531,7.5,Winter,0.1308,38,1
Long-tailed Tit,57.22973,-2.81564,7.5,Winter,0.206,9,1
Long-tailed Tit,57.22973,-2.5708,7.5,Winter,0.1763,31,6
Long-tailed Tit,57.22973,-2.32596,7.5,Winter,0.2207,26,4
Long-tailed Tit,57.22973,-2.08112,7.5,Winter,0.1391,305,43
Long-tailed Tit,57.36486,-5.75369,7.5,Winter,0.0353,11,1
Long-tailed Tit,57.36486,-4.77434,7.5,Winter,0.1128,10,2
Long-tailed Tit,57.36486,-4.5295,7.5,Winter,0.1726,125,22
Long-tailed Tit,57.36486,-4.28466,7.5,Winter,0.242,66,12
Long-tailed Tit,57.36486,-4.03983,7.5,Winter,0.2184,35,1
Long-tailed Tit,57.36486,-3.55015,7.5,Winter,0.144,228,36
Long-tailed Tit,57.36486,-3.30531,7.5,Winter,0.1543,32,1
Long-tailed Tit,57.36486,-2.5708,7.5,Winter,0.1537,67,8
Long-tailed Tit,57.36486,-2.32596,7.5,Winter,0.1426,2,1
Long-tailed Tit,57.36486,-2.08112,7.5,Winter,0.1384,95,1
Long-tailed Tit,57.5,-6.73304,7.5,Winter,0.0125,244,6
Long-tailed Tit,57.5,-4.5295,7.5,Winter,0.2404,25,3
Long-tailed Tit,57.5,-4.28466,7.5,Winter,0.1443,622,93
Long-tailed Tit,57.5,-4.03983,7.5,Winter,0.2306,511,37
Long-tailed Tit,57.5,-3.79499,7.5,Winter,0.1842,23,2
Long-tailed Tit,57.5,-3.55015,7.5,Winter,0.2181,4,1
Long-tailed Tit,57.5,-3.30531,7.5,Winter,0.2098,6,1
Long-tailed Tit,57.5,-3.06047,7.5,Winter,0.2068,6,2
Long-tailed Tit,57.5,-2.08112,7.5,Winter,0.146,30,5
Long-tailed Tit,57.63514,-6.24337,7.5,Winter,0.0198,95,6
Long-tailed Tit,57.63514,-4.5295,7.5,Winter,0.1973,66,15
Long-tailed Tit,57.63514,-4.28466,7.5,Winter,0.1018,56,5
Long-tailed Tit,57.63514,-4.03983,7.5,Winter,0.0795,354,14
Long-tailed Tit,57.63514,-3.79499,7.5,Winter,0.1811,297,26
Long-tailed Tit,57.63514,-3.55015,7.5,Winter,0.2096,318,88
Long-tailed Tit,57.63514,-3.30531,7.5,Winter,0.2444,341,109
Long-tailed Tit,57.63514,-3.06047,7.5,Winter,0.2135,52,3
Long-tailed Tit,57.63514,-2.5708,7.5,Winter,0.1437,9,1
Long-tailed Tit,57.63514,-2.08112,7.5,Winter,0.0492,57,1
Long-tailed Tit,57.63514,-1.83628,7.5,Winter,0.0182,140,11
Long-tailed Tit,57.77027,-5.75369,7.5,Winter,0.0156,31,5
Long-tailed Tit,57.77027,-4.28466,7.5,Winter,0.1151,3,1
Long-tailed Tit,57.77027,-4.03983,7.5,Winter,0.1315,88,8
Long-tailed Tit,57.77027,-3.79499,7.5,Winter,0.0836,153,2
Long-tailed Tit,57.77027,-3.55015,7.5,Winter,0.0805,140,1
Long-tailed Tit,57.77027,-3.30531,7.5,Winter,0.0703,185,6
Long-tailed Tit,57.90541,-5.50885,7.5,Winter,0.0243,41,2
Long-tailed Tit,57.90541,-5.26402,7.5,Winter,0.0228,35,1
Long-tailed Tit,57.90541,-5.01918,7.5,Winter,0.0479,36,5
Long-tailed Tit,57.90541,-4.5295,7.5,Winter,0.0929,10,3
Long-tailed Tit,57.90541,-4.03983,7.5,Winter,0.051,192,7
Long-tailed Tit,57.90541,-3.79499,7.5,Winter,0.0482,17,1
Long-tailed Tit,58.04054,-3.79499,7.5,Winter,0.0149,38,1
Long-tailed Tit,58.17568,-6.48821,7.5,Winter,0.0165,51,3
Long-tailed Tit,58.85135,-3.06047,7.5,Winter,0.0104,16,1
Long-tailed Tit,60.2027,-1.34661,7.5,Winter,0.0054,47,1
Manx Shearwater,54.66216,-4.77434,7.5,Autumn,0.0041,22,3
Manx Shearwater,54.66216,-4.28466,7.5,Autumn,0.002,8,1
Manx Shearwater,54.7973,-5.01918,7.5,Autumn,0.0038,38,2
Manx Shearwater,55.06757,-5.26402,7.5,Autumn,0.0133,16,5
Manx Shearwater,55.06757,-5.01918,7.5,Autumn,0.0191,27,1
Manx Shearwater,55.33784,-5.50885,7.5,Autumn,0.0071,7,1
Manx Shearwater,55.33784,-4.77434,7.5,Autumn,0.0106,125,2
Manx Shearwater,55.47297,-5.75369,7.5,Autumn,0.0049,16,1
Manx Shearwater,55.47297,-5.01918,7.5,Autumn,0.0213,41,6
Manx Shearwater,55.47297,-4.77434,7.5,Autumn,0.0078,581,9
Manx Shearwater,55.60811,-5.99853,7.5,Autumn,0.0165,6,2
Manx Shearwater,55.60811,-5.26402,7.5,Autumn,0.0116,81,3
Manx Shearwater,55.60811,-5.01918,7.5,Autumn,0.0239,20,3
Manx Shearwater,55.60811,-4.77434,7.5,Autumn,0.0141,3758,101
Manx Shearwater,55.74324,-6.48821,7.5,Autumn,0.023,54,1
Manx Shearwater,55.74324,-5.01918,7.5,Autumn,0.0086,76,2
Manx Shearwater,55.87838,-6.24337,7.5,Autumn,0.0174,142,2
Manx Shearwater,55.87838,-2.32596,7.5,Autumn,0.0025,105,3
Manx Shearwater,55.87838,-2.08112,7.5,Autumn,0.0143,169,25
Manx Shearwater,56.01351,-5.01918,7.5,Autumn,0.003,72,1
Manx Shearwater,56.01351,-4.77434,7.5,Autumn,0.0046,77,1
Manx Shearwater,56.01351,-3.55015,7.5,Autumn,0.0015,300,1
Manx Shearwater,56.01351,-3.30531,7.5,Autumn,0.0008,1675,2
Manx Shearwater,56.01351,-3.06047,7.5,Autumn,0.0009,1856,19
Manx Shearwater,56.01351,-2.81564,7.5,Autumn,0.001,652,3
Manx Shearwater,56.01351,-2.5708,7.5,Autumn,0.0083,447,4
Manx Shearwater,56.01351,-2.32596,7.5,Autumn,0.0084,379,16
Manx Shearwater,56.14865,-6.24337,7.5,Autumn,0.0203,9,2
Manx Shearwater,56.14865,-2.5708,7.5,Autumn,0.0028,22,2
Manx Shearwater,56.28378,-6.73304,7.5,Autumn,0.0294,1,1
Manx Shearwater,56.28378,-5.99853,7.5,Autumn,0.0087,9,2
Manx Shearwater,56.28378,-2.81564,7.5,Autumn,0.0009,885,3
Manx Shearwater,56.28378,-2.5708,7.5,Autumn,0.0088,604,158
Manx Shearwater,56.41892,-6.97788,7.5,Autumn,0.0379,2,1
Manx Shearwater,56.41892,-5.99853,7.5,Autumn,0.0082,72,1
Manx Shearwater,56.41892,-5.75369,7.5,Autumn,0.01,123,1
Manx Shearwater,56.41892,-5.50885,7.5,Autumn,0.002,147,3
Manx Shearwater,56.41892,-2.81564,7.5,Autumn,0.0082,548,1
Manx Shearwater,56.55405,-7.46756,7.5,Autumn,0.0529,1,1
Manx Shearwater,56.55405,-6.97788,7.5,Autumn,0.0506,27,1
Manx Shearwater,56.55405,-6.24337,7.5,Autumn,0.0251,64,1
Manx Shearwater,56.68919,-6.24337,7.5,Autumn,0.0662,44,7
Manx Shearwater,56.68919,-5.99853,7.5,Autumn,0.0304,45,2
Manx Shearwater,56.68919,-2.5708,7.5,Autumn,0.0029,265,2
Manx Shearwater,56.68919,-2.32596,7.5,Autumn,0.0043,26,6
Manx Shearwater,56.82432,-7.22272,7.5,Autumn,0.0507,2,2
Manx Shearwater,56.82432,-5.99853,7.5,Autumn,0.0983,2,1
Manx Shearwater,56.95946,-7.46756,7.5,Autumn,0.0172,26,2
Manx Shearwater,56.95946,-5.75369,7.5,Autumn,0.007,105,5
Manx Shearwater,56.95946,-2.08112,7.5,Autumn,0.0015,92,4
Manx Shearwater,57.09459,-7.46756,7.5,Autumn,0.0186,14,1
Manx Shearwater,57.09459,-6.24337,7.5,Autumn,0.0336,5,1
Manx Shearwater,57.09459,-5.99853,7.5,Autumn,0.026,37,1
Manx Shearwater,57.09459,-5.75369,7.5,Autumn,0.0099,33,7
Manx Shearwater,57.09459,-2.08112,7.5,Autumn,0.0078,1071,41
Manx Shearwater,57.22973,-7.46756,7.5,Autumn,0.0356,56,6
Manx Shearwater,57.22973,-5.99853,7.5,Autumn,0.0037,170,1
Manx Shearwater,57.22973,-2.08112,7.5,Autumn,0.001,282,1
Manx Shearwater,57.36486,-6.73304,7.5,Autumn,0.0052,40,2
Manx Shearwater,57.36486,-5.99853,7.5,Autumn,0.0057,26,1
Manx Shearwater,57.36486,-1.83628,7.5,Autumn,0.0017,66,2
Manx Shearwater,57.5,-6.73304,7.5,Autumn,0.0091,244,4
Manx Shearwater,57.5,-4.03983,7.5,Autumn,0.0009,423,1
Manx Shearwater,57.63514,-7.46756,7.5,Autumn,0.0037,72,2
Manx Shearwater,57.63514,-4.03983,7.5,Autumn,0.0109,581,9
Manx Shearwater,57.63514,-3.79499,7.5,Autumn,0.0013,202,1
Manx Shearwater,57.63514,-3.55015,7.5,Autumn,0.0012,283,1
Manx Shearwater,57.63514,-2.08112,7.5,Autumn,0.0049,39,1
Manx Shearwater,57.77027,-8.44691,7.5,Autumn,0.0278,1,1
Manx Shearwater,57.77027,-6.97788,7.5,Autumn,0.0115,28,2
Manx Shearwater,57.77027,-6.24337,7.5,Autumn,0.0229,1,1
Manx Shearwater,57.77027,-3.55015,7.5,Autumn,0.0014,162,2
Manx Shearwater,57.90541,-4.03983,7.5,Autumn,0.0022,167,2
Manx Shearwater,57.90541,-3.79499,7.5,Autumn,0.0026,76,6
Manx Shearwater,58.04054,-5.75369,7.5,Autumn,0.0118,3,3
Manx Shearwater,58.04054,-3.79499,7.5,Autumn,0.0048,34,4
Manx Shearwater,58.17568,-6.97788,7.5,Autumn,0.012,67,5
Manx Shearwater,58.17568,-6.73304,7.5,Autumn,0.0168,14,2
Manx Shearwater,58.17568,-6.24337,7.5,Autumn,0.0101,72,2
Manx Shearwater,58.17568,-5.50885,7.5,Autumn,0.0041,8,1
Manx Shearwater,58.17568,-3.55015,7.5,Autumn,0.0035,13,2
Manx Shearwater,58.17568,-3.30531,7.5,Autumn,0.004,14,2
Manx Shearwater,58.31081,-6.73304,7.5,Autumn,0.0146,87,6
Manx Shearwater,58.31081,-6.24337,7.5,Autumn,0.0142,117,1
Manx Shearwater,58.31081,-3.30531,7.5,Autumn,0.0014,14,1
Manx Shearwater,58.44595,-3.06047,7.5,Autumn,0.0061,54,4
Manx Shearwater,58.58108,-6.24337,7.5,Autumn,0.0243,58,16
Manx Shearwater,58.58108,-4.77434,7.5,Autumn,0.0066,66,1
Manx Shearwater,58.58108,-4.03983,7.5,Autumn,0.0096,21,7
Manx Shearwater,58.85135,-2.81564,7.5,Autumn,0.0011,100,2
Manx Shearwater,59.12162,-3.30531,7.5,Autumn,0.0035,100,2
Manx Shearwater,59.39189,-2.32596,7.5,Autumn,0.0232,327,26
Manx Shearwater,59.52703,-1.59145,7.5,Autumn,0.0031,323,4
Manx Shearwater,59.7973,-1.34661,7.5,Autumn,0.0029,168,11
Manx Shearwater,60.47297,-1.59145,7.5,Autumn,0.0011,176,1
Manx Shearwater,54.66216,-4.77434,7.5,Spring,0.0044,75,2
Manx Shearwater,54.66216,-4.28466,7.5,Spring,0.0019,9,1
Manx Shearwater,54.93243,-5.26402,7.5,Spring,0.0073,4,1
Manx Shearwater,55.06757,-5.26402,7.5,Spring,0.0214,20,6
Manx Shearwater,55.06757,-5.01918,7.5,Spring,0.0177,15,1
Manx Shearwater,55.2027,-5.01918,7.5,Spring,0.0136,21,1
Manx Shearwater,55.33784,-4.77434,7.5,Spring,0.018,92,8
Manx Shearwater,55.47297,-6.24337,7.5,Spring,0.0259,1,1
Manx Shearwater,55.47297,-5.75369,7.5,Spring,0.0064,50,1
Manx Shearwater,55.47297,-5.01918,7.5,Spring,0.0277,71,7
Manx Shearwater,55.47297,-4.77434,7.5,Spring,0.0086,561,14
Manx Shearwater,55.60811,-6.24337,7.5,Spring,0.0125,237,2
Manx Shearwater,55.60811,-5.26402,7.5,Spring,0.0105,166,3
Manx Shearwater,55.60811,-5.01918,7.5,Spring,0.0188,34,4
Manx Shearwater,55.60811,-4.77434,7.5,Spring,0.0147,3607,102
Manx Shearwater,55.74324,-6.48821,7.5,Spring,0.0258,81,5
Manx Shearwater,55.74324,-5.99853,7.5,Spring,0.0066,27,1
Manx Shearwater,55.87838,-3.06047,7.5,Spring,0.0009,2165,3
Manx Shearwater,55.87838,-2.32596,7.5,Spring,0.0016,169,1
Manx Shearwater,55.87838,-2.08112,7.5,Spring,0.0176,288,11
Manx Shearwater,56.01351,-5.99853,7.5,Spring,0.0276,11,1
Manx Shearwater,56.01351,-5.26402,7.5,Spring,0.002,45,1
Manx Shearwater,56.01351,-3.06047,7.5,Spring,0.0009,2432,3
Manx Shearwater,56.01351,-2.5708,7.5,Spring,0.0041,754,1
Manx Shearwater,56.01351,-2.32596,7.5,Spring,0.004,300,6
Manx Shearwater,56.14865,-6.73304,7.5,Spring,0.0416,1,1
Manx Shearwater,56.14865,-3.06047,7.5,Spring,0.001,422,4
Manx Shearwater,56.14865,-2.81564,7.5,Spring,0.0009,399,6
Manx Shearwater,56.14865,-2.5708,7.5,Spring,0.0018,243,5
Manx Shearwater,56.28378,-6.48821,7.5,Spring,0.0736,342,5
Manx Shearwater,56.28378,-6.24337,7.5,Spring,0.0479,133,1
Manx Shearwater,56.28378,-2.81564,7.5,Spring,0.0009,1514,2
Manx Shearwater,56.28378,-2.5708,7.5,Spring,0.0061,559,68
Manx Shearwater,56.41892,-7.7124,7.5,Spring,0.0423,1,1
Manx Shearwater,56.41892,-6.97788,7.5,Spring,0.0623,28,1
Manx Shearwater,56.41892,-6.48821,7.5,Spring,0.0625,4,1
Manx Shearwater,56.41892,-6.24337,7.5,Spring,0.0143,177,10
Manx Shearwater,56.41892,-5.99853,7.5,Spring,0.0051,401,1
Manx Shearwater,56.41892,-5.75369,7.5,Spring,0.0049,385,1
Manx Shearwater,56.41892,-5.50885,7.5,Spring,0.0015,396,12
Manx Shearwater,56.41892,-2.81564,7.5,Spring,0.0031,655,2
Manx Shearwater,56.55405,-6.97788,7.5,Spring,0.0803,33,6
Manx Shearwater,56.55405,-6.73304,7.5,Spring,0.1073,34,4
Manx Shearwater,56.55405,-6.48821,7.5,Spring,0.1499,149,14
Manx Shearwater,56.55405,-6.24337,7.5,Spring,0.0345,182,4
Manx Shearwater,56.55405,-5.99853,7.5,Spring,0.0091,283,3
Manx Shearwater,56.68919,-6.73304,7.5,Spring,0.1251,4,1
Manx Shearwater,56.68919,-6.48821,7.5,Spring,0.0604,42,11
Manx Shearwater,56.68919,-6.24337,7.5,Spring,0.1046,84,31
Manx Shearwater,56.68919,-5.99853,7.5,Spring,0.0346,205,6
Manx Shearwater,56.82432,-6.48821,7.5,Spring,0.0673,1,1
Manx Shearwater,56.82432,-6.24337,7.5,Spring,0.139,25,6
Manx Shearwater,56.82432,-5.99853,7.5,Spring,0.1418,17,7
Manx Shearwater,56.82432,-5.75369,7.5,Spring,0.0037,83,2
Manx Shearwater,56.82432,-2.5708,7.5,Spring,0.0016,127,1
Manx Shearwater,56.95946,-6.73304,7.5,Spring,0.0865,2,1
Manx Shearwater,56.95946,-6.24337,7.5,Spring,0.0589,108,12
Manx Shearwater,56.95946,-5.99853,7.5,Spring,0.1408,11,6
Manx Shearwater,56.95946,-5.75369,7.5,Spring,0.0039,175,8
Manx Shearwater,56.95946,-2.08112,7.5,Spring,0.0012,269,2
Manx Shearwater,57.09459,-7.22272,7.5,Spring,0.0263,65,1
Manx Shearwater,57.09459,-6.48821,7.5,Spring,0.032,30,4
Manx Shearwater,57.09459,-6.24337,7.5,Spring,0.0425,5,1
Manx Shearwater,57.09459,-5.99853,7.5,Spring,0.0329,100,2
Manx Shearwater,57.09459,-2.08112,7.5,Spring,0.0034,1560,10
Manx Shearwater,57.22973,-7.46756,7.5,Spring,0.028,214,7
Manx Shearwater,57.22973,-6.97788,7.5,Spring,0.0461,1,1
Manx Shearwater,57.22973,-6.73304,7.5,Spring,0.0431,1,1
Manx Shearwater,57.22973,-5.99853,7.5,Spring,0.0052,315,1
Manx Shearwater,57.22973,-2.08112,7.5,Spring,0.001,488,1
Manx Shearwater,57.22973,-1.83628,7.5,Spring,0.0018,6,1
Manx Shearwater,57.36486,-7.46756,7.5,Spring,0.0123,199,1
Manx Shearwater,57.36486,-6.97788,7.5,Spring,0.029,1,1
Manx Shearwater,57.36486,-6.73304,7.5,Spring,0.0063,87,6
Manx Shearwater,57.36486,-1.83628,7.5,Spring,0.0016,69,1
Manx Shearwater,57.5,-7.46756,7.5,Spring,0.0112,266,1
Manx Shearwater,57.5,-6.73304,7.5,Spring,0.0112,445,6
Manx Shearwater,57.5,-1.83628,7.5,Spring,0.0021,128,1
Manx Shearwater,57.5,-1.59145,7.5,Spring,0.0029,4,1
Manx Shearwater,57.63514,-7.46756,7.5,Spring,0.0031,489,12
Manx Shearwater,57.63514,-7.22272,7.5,Spring,0.0092,123,2
Manx Shearwater,57.63514,-6.97788,7.5,Spring,0.0148,10,1
Manx Shearwater,57.63514,-6.48821,7.5,Spring,0.0141,131,2
Manx Shearwater,57.63514,-4.03983,7.5,Spring,0.0024,569,3
Manx Shearwater,57.63514,-2.5708,7.5,Spring,0.002,131,3
Manx Shearwater,57.63514,-2.08112,7.5,Spring,0.0032,51,1
Manx Shearwater,57.63514,-1.83628,7.5,Spring,0.0021,232,1
Manx Shearwater,57.77027,-8.69175,7.5,Spring,0.0479,65,7
Manx Shearwater,57.77027,-8.44691,7.5,Spring,0.0488,23,5
Manx Shearwater,57.77027,-7.95723,7.5,Spring,0.0464,1,1
Manx Shearwater,57.77027,-6.97788,7.5,Spring,0.0103,68,1
Manx Shearwater,57.77027,-6.73304,7.5,Spring,0.0227,10,1
Manx Shearwater,57.77027,-6.24337,7.5,Spring,0.0173,7,1
Manx Shearwater,57.77027,-3.55015,7.5,Spring,0.0011,157,1
Manx Shearwater,57.77027,-3.30531,7.5,Spring,0.0011,165,2
Manx Shearwater,57.90541,-6.24337,7.5,Spring,0.0129,31,2
Manx Shearwater,57.90541,-5.75369,7.5,Spring,0.004,31,3
Manx Shearwater,57.90541,-3.79499,7.5,Spring,0.0017,70,4
Manx Shearwater,58.04054,-6.24337,7.5,Spring,0.0125,3,1
Manx Shearwater,58.04054,-3.79499,7.5,Spring,0.0033,75,5
Manx Shearwater,58.17568,-6.97788,7.5,Spring,0.0079,41,1
Manx Shearwater,58.17568,-6.48821,7.5,Spring,0.0076,169,1
Manx Shearwater,58.17568,-6.24337,7.5,Spring,0.0122,77,4
Manx Shearwater,58.17568,-5.50885,7.5,Spring,0.0028,17,2
Manx Shearwater,58.17568,-3.55015,7.5,Spring,0.0025,19,1
Manx Shearwater,58.31081,-6.73304,7.5,Spring,0.0155,84,2
Manx Shearwater,58.31081,-6.48821,7.5,Spring,0.0117,58,3
Manx Shearwater,58.31081,-6.24337,7.5,Spring,0.0182,135,2
Manx Shearwater,58.44595,-6.24337,7.5,Spring,0.0089,106,1
Manx Shearwater,58.44595,-3.06047,7.5,Spring,0.0049,87,6
Manx Shearwater,58.58108,-6.24337,7.5,Spring,0.0158,71,3
Manx Shearwater,58.58108,-3.06047,7.5,Spring,0.0054,142,1
Manx Shearwater,58.71622,-3.30531,7.5,Spring,0.0011,86,2
Manx Shearwater,58.71622,-3.06047,7.5,Spring,0.0014,32,2
Manx Shearwater,58.85135,-3.55015,7.5,Spring,0.0013,6,2
Manx Shearwater,59.39189,-3.06047,7.5,Spring,0.0026,21,1
Manx Shearwater,59.39189,-2.32596,7.5,Spring,0.0103,344,5
Manx Shearwater,59.52703,-5.99853,7.5,Spring,0.0278,1,1
Manx Shearwater,59.52703,-1.59145,7.5,Spring,0.002,456,2
Manx Shearwater,59.7973,-1.34661,7.5,Spring,0.0024,175,2
Manx Shearwater,59.93243,-1.34661,7.5,Spring,0.0009,1629,1
Manx Shearwater,60.2027,-1.59145,7.5,Spring,0.0009,49,2
Manx Shearwater,60.2027,-1.10177,7.5,Spring,0.0009,488,2
Manx Shearwater,60.87838,-0.85693,7.5,Spring,0.0013,114,1
Manx Shearwater,54.52703,-5.01918,7.5,Summer,0.0237,2,2
Manx Shearwater,54.52703,-4.77434,7.5,Summer,0.0184,6,6
Manx Shearwater,54.66216,-5.01918,7.5,Summer,0.0278,12,2
Manx Shearwater,54.66216,-4.77434,7.5,Summer,0.0216,43,4
Manx Shearwater,54.66216,-4.28466,7.5,Summer,0.0036,11,1
Manx Shearwater,54.7973,-5.01918,7.5,Summer,0.0262,55,5
Manx Shearwater,54.7973,-4.77434,7.5,Summer,0.0185,8,2
Manx Shearwater,54.7973,-3.79499,7.5,Summer,0.002,22,1
Manx Shearwater,54.93243,-5.26402,7.5,Summer,0.0499,2,1
Manx Shearwater,54.93243,-5.01918,7.5,Summer,0.0239,74,2
Manx Shearwater,55.06757,-5.50885,7.5,Summer,0.0446,1,1
Manx Shearwater,55.06757,-5.26402,7.5,Summer,0.1227,23,19
Manx Shearwater,55.2027,-5.75369,7.5,Summer,0.1014,2,2
Manx Shearwater,55.2027,-5.01918,7.5,Summer,0.0488,17,2
Manx Shearwater,55.33784,-5.75369,7.5,Summer,0.0553,17,2
Manx Shearwater,55.33784,-5.50885,7.5,Summer,0.0449,14,3
Manx Shearwater,55.33784,-4.77434,7.5,Summer,0.049,137,17
Manx Shearwater,55.47297,-6.48821,7.5,Summer,0.1023,1,1
Manx Shearwater,55.47297,-5.99853,7.5,Summer,0.0843,1,1
Manx Shearwater,55.47297,-5.75369,7.5,Summer,0.0592,39,6
Manx Shearwater,55.47297,-5.01918,7.5,Summer,0.0603,38,2
Manx Shearwater,55.47297,-4.77434,7.5,Summer,0.0207,450,32
Manx Shearwater,55.60811,-6.24337,7.5,Summer,0.1294,83,2
Manx Shearwater,55.60811,-5.75369,7.5,Summer,0.0464,15,1
Manx Shearwater,55.60811,-5.26402,7.5,Summer,0.052,104,2
Manx Shearwater,55.60811,-5.01918,7.5,Summer,0.0494,24,9
Manx Shearwater,55.60811,-4.77434,7.5,Summer,0.0599,3125,350
Manx Shearwater,55.74324,-6.48821,7.5,Summer,0.1917,38,3
Manx Shearwater,55.74324,-6.24337,7.5,Summer,0.0431,63,1
Manx Shearwater,55.74324,-5.99853,7.5,Summer,0.0587,12,4
Manx Shearwater,55.74324,-5.75369,7.5,Summer,0.1044,17,3
Manx Shearwater,55.74324,-5.26402,7.5,Summer,0.0274,32,4
Manx Shearwater,55.74324,-5.01918,7.5,Summer,0.0412,93,7
Manx Shearwater,55.87838,-6.73304,7.5,Summer,0.1171,1,1
Manx Shearwater,55.87838,-6.24337,7.5,Summer,0.1561,94,2
Manx Shearwater,55.87838,-5.75369,7.5,Summer,0.0644,7,2
Manx Shearwater,55.87838,-5.50885,7.5,Summer,0.0214,48,5
Manx Shearwater,55.87838,-5.26402,7.5,Summer,0.0139,24,1
Manx Shearwater,55.87838,-4.77434,7.5,Summer,0.0063,45,1
Manx Shearwater,55.87838,-3.06047,7.5,Summer,0.001,1626,1
Manx Shearwater,55.87838,-2.32596,7.5,Summer,0.0066,75,3
Manx Shearwater,55.87838,-2.08112,7.5,Summer,0.0564,295,55
Manx Shearwater,56.01351,-7.22272,7.5,Summer,0.1069,1,1
Manx Shearwater,56.01351,-6.24337,7.5,Summer,0.0698,22,1
Manx Shearwater,56.01351,-5.75369,7.5,Summer,0.0428,13,1
Manx Shearwater,56.01351,-5.01918,7.5,Summer,0.0085,85,1
Manx Shearwater,56.01351,-4.77434,7.5,Summer,0.0224,128,1
Manx Shearwater,56.01351,-3.55015,7.5,Summer,0.002,266,1
Manx Shearwater,56.01351,-3.30531,7.5,Summer,0.0012,2181,7
Manx Shearwater,56.01351,-3.06047,7.5,Summer,0.0011,2396,39
Manx Shearwater,56.01351,-2.81564,7.5,Summer,0.0018,786,2
Manx Shearwater,56.01351,-2.5708,7.5,Summer,0.0404,613,15
Manx Shearwater,56.01351,-2.32596,7.5,Summer,0.0226,130,8
Manx Shearwater,56.14865,-6.24337,7.5,Summer,0.0883,6,1
Manx Shearwater,56.14865,-3.06047,7.5,Summer,0.0013,158,1
Manx Shearwater,56.14865,-2.81564,7.5,Summer,0.0014,174,3
Manx Shearwater,56.14865,-2.5708,7.5,Summer,0.0094,245,23
Manx Shearwater,56.14865,-2.32596,7.5,Summer,0.0037,2,1
Manx Shearwater,56.28378,-6.48821,7.5,Summer,0.1737,238,8
Manx Shearwater,56.28378,-5.75369,7.5,Summer,0.0224,34,2
Manx Shearwater,56.28378,-2.81564,7.5,Summer,0.0014,1122,22
Manx Shearwater,56.28378,-2.5708,7.5,Summer,0.0391,524,259
Manx Shearwater,56.28378,-2.32596,7.5,Summer,0.0022,1,1
Manx Shearwater,56.41892,-6.97788,7.5,Summer,0.1085,37,11
Manx Shearwater,56.41892,-6.48821,7.5,Summer,0.1359,1,1
Manx Shearwater,56.41892,-6.24337,7.5,Summer,0.0582,224,39
Manx Shearwater,56.41892,-5.99853,7.5,Summer,0.0259,294,3
Manx Shearwater,56.41892,-5.75369,7.5,Summer,0.0926,361,10
Manx Shearwater,56.41892,-5.50885,7.5,Summer,0.0249,433,25
Manx Shearwater,56.41892,-2.81564,7.5,Summer,0.0357,590,9
Manx Shearwater,56.55405,-6.97788,7.5,Summer,0.1342,19,2
Manx Shearwater,56.55405,-6.73304,7.5,Summer,0.2631,37,4
Manx Shearwater,56.55405,-6.48821,7.5,Summer,0.2815,134,20
Manx Shearwater,56.55405,-6.24337,7.5,Summer,0.1137,192,11
Manx Shearwater,56.55405,-5.99853,7.5,Summer,0.0634,274,4
Manx Shearwater,56.55405,-2.5708,7.5,Summer,0.0053,98,2
Manx Shearwater,56.68919,-6.48821,7.5,Summer,0.061,30,7
Manx Shearwater,56.68919,-6.24337,7.5,Summer,0.2506,70,26
Manx Shearwater,56.68919,-5.99853,7.5,Summer,0.1432,168,20
Manx Shearwater,56.68919,-5.26402,7.5,Summer,0.0061,139,1
Manx Shearwater,56.68919,-2.5708,7.5,Summer,0.0106,238,2
Manx Shearwater,56.68919,-2.32596,7.5,Summer,0.0156,30,2
Manx Shearwater,56.82432,-7.7124,7.5,Summer,0.0511,5,1
Manx Shearwater,56.82432,-6.73304,7.5,Summer,0.1276,5,4
Manx Shearwater,56.82432,-6.24337,7.5,Summer,0.2792,21,4
Manx Shearwater,56.82432,-5.99853,7.5,Summer,0.3049,11,5
Manx Shearwater,56.82432,-5.75369,7.5,Summer,0.0512,93,8
Manx Shearwater,56.82432,-2.32596,7.5,Summer,0.0093,71,6
Manx Shearwater,56.95946,-7.46756,7.5,Summer,0.0223,118,3
Manx Shearwater,56.95946,-7.22272,7.5,Summer,0.1231,1,1
Manx Shearwater,56.95946,-6.24337,7.5,Summer,0.1805,43,9
Manx Shearwater,56.95946,-5.99853,7.5,Summer,0.3268,9,5
Manx Shearwater,56.95946,-5.75369,7.5,Summer,0.049,122,22
Manx Shearwater,56.95946,-2.08112,7.5,Summer,0.0042,272,18
Manx Shearwater,57.09459,-7.46756,7.5,Summer,0.0167,86,2
Manx Shearwater,57.09459,-7.22272,7.5,Summer,0.1091,41,2
Manx Shearwater,57.09459,-6.97788,7.5,Summer,0.092,1,1
Manx Shearwater,57.09459,-6.73304,7.5,Summer,0.1129,2,2
Manx Shearwater,57.09459,-6.48821,7.5,Summer,0.0822,39,5
Manx Shearwater,57.09459,-6.24337,7.5,Summer,0.1387,7,3
Manx Shearwater,57.09459,-5.99853,7.5,Summer,0.1698,105,24
Manx Shearwater,57.09459,-5.75369,7.5,Summer,0.0664,94,36
Manx Shearwater,57.09459,-2.08112,7.5,Summer,0.0488,1194,148
Manx Shearwater,57.22973,-7.46756,7.5,Summer,0.0823,112,8
Manx Shearwater,57.22973,-7.22272,7.5,Summer,0.0144,26,1
Manx Shearwater,57.22973,-6.97788,7.5,Summer,0.0384,1,1
Manx Shearwater,57.22973,-6.48821,7.5,Summer,0.0187,21,2
Manx Shearwater,57.22973,-6.24337,7.5,Summer,0.008,148,1
Manx Shearwater,57.22973,-5.99853,7.5,Summer,0.01,364,3
Manx Shearwater,57.22973,-5.75369,7.5,Summer,0.0101,148,1
Manx Shearwater,57.22973,-1.83628,7.5,Summer,0.0041,5,1
Manx Shearwater,57.36486,-7.46756,7.5,Summer,0.0139,123,4
Manx Shearwater,57.36486,-6.73304,7.5,Summer,0.0284,94,25
Manx Shearwater,57.36486,-6.24337,7.5,Summer,0.0118,292,1
Manx Shearwater,57.36486,-1.83628,7.5,Summer,0.0046,74,5
Manx Shearwater,57.5,-7.46756,7.5,Summer,0.0214,165,1
Manx Shearwater,57.5,-6.73304,7.5,Summer,0.0505,402,17
Manx Shearwater,57.5,-4.28466,7.5,Summer,0.0012,814,1
Manx Shearwater,57.5,-4.03983,7.5,Summer,0.0014,626,2
Manx Shearwater,57.5,-1.83628,7.5,Summer,0.0052,107,1
Manx Shearwater,57.5,-1.10177,7.5,Summer,0.006,1,1
Manx Shearwater,57.63514,-7.46756,7.5,Summer,0.0127,350,19
Manx Shearwater,57.63514,-7.22272,7.5,Summer,0.0771,116,2
Manx Shearwater,57.63514,-6.97788,7.5,Summer,0.0439,9,1
Manx Shearwater,57.63514,-6.73304,7.5,Summer,0.063,13,7
Manx Shearwater,57.63514,-6.24337,7.5,Summer,0.0583,443,9
Manx Shearwater,57.63514,-5.75369,7.5,Summer,0.0163,46,1
Manx Shearwater,57.63514,-4.03983,7.5,Summer,0.0211,742,14
Manx Shearwater,57.63514,-3.55015,7.5,Summer,0.0038,190,1
Manx Shearwater,57.63514,-2.08112,7.5,Summer,0.0082,34,3
Manx Shearwater,57.63514,-1.83628,7.5,Summer,0.0051,145,2
Manx Shearwater,57.77027,-8.69175,7.5,Summer,0.0244,36,1
Manx Shearwater,57.77027,-7.22272,7.5,Summer,0.0447,64,3
Manx Shearwater,57.77027,-6.97788,7.5,Summer,0.0285,108,1
Manx Shearwater,57.77027,-6.73304,7.5,Summer,0.0937,13,3
Manx Shearwater,57.77027,-5.75369,7.5,Summer,0.0108,159,2
Manx Shearwater,57.77027,-3.79499,7.5,Summer,0.0088,180,12
Manx Shearwater,57.77027,-3.55015,7.5,Summer,0.0049,104,3
Manx Shearwater,57.77027,-3.30531,7.5,Summer,0.0043,140,3
Manx Shearwater,57.77027,-1.83628,7.5,Summer,0.0085,2,1
Manx Shearwater,57.90541,-6.97788,7.5,Summer,0.0983,77,2
Manx Shearwater,57.90541,-6.24337,7.5,Summer,0.0664,17,2
Manx Shearwater,57.90541,-5.75369,7.5,Summer,0.0209,41,7
Manx Shearwater,57.90541,-4.03983,7.5,Summer,0.0086,246,4
Manx Shearwater,57.90541,-3.79499,7.5,Summer,0.0111,52,18
Manx Shearwater,58.04054,-7.46756,7.5,Summer,0.0384,1,1
Manx Shearwater,58.04054,-5.99853,7.5,Summer,0.04,1,1
Manx Shearwater,58.04054,-5.75369,7.5,Summer,0.0289,27,11
Manx Shearwater,58.04054,-3.79499,7.5,Summer,0.0149,81,8
Manx Shearwater,58.04054,-1.83628,7.5,Summer,0.0243,1,1
Manx Shearwater,58.17568,-7.22272,7.5,Summer,0.0839,2,2
Manx Shearwater,58.17568,-6.97788,7.5,Summer,0.0425,82,4
Manx Shearwater,58.17568,-6.24337,7.5,Summer,0.0201,101,5
Manx Shearwater,58.17568,-5.75369,7.5,Summer,0.0283,5,2
Manx Shearwater,58.17568,-5.50885,7.5,Summer,0.0107,27,6
Manx Shearwater,58.17568,-3.55015,7.5,Summer,0.018,44,3
Manx Shearwater,58.17568,-3.30531,7.5,Summer,0.0113,48,5
Manx Shearwater,58.31081,-7.46756,7.5,Summer,0.0432,1,1
Manx Shearwater,58.31081,-6.73304,7.5,Summer,0.0826,126,19
Manx Shearwater,58.31081,-6.48821,7.5,Summer,0.0354,64,3
Manx Shearwater,58.31081,-6.24337,7.5,Summer,0.0716,163,15
Manx Shearwater,58.31081,-3.30531,7.5,Summer,0.0037,52,1
Manx Shearwater,58.44595,-6.48821,7.5,Summer,0.0882,19,2
Manx Shearwater,58.44595,-6.24337,7.5,Summer,0.0498,130,2
Manx Shearwater,58.44595,-5.75369,7.5,Summer,0.023,2,1
Manx Shearwater,58.44595,-5.50885,7.5,Summer,0.0087,1,1
Manx Shearwater,58.44595,-3.06047,7.5,Summer,0.0308,74,9
Manx Shearwater,58.58108,-6.24337,7.5,Summer,0.1083,87,22
Manx Shearwater,58.58108,-4.77434,7.5,Summer,0.0092,110,1
Manx Shearwater,58.58108,-4.5295,7.5,Summer,0.0111,26,1
Manx Shearwater,58.58108,-4.28466,7.5,Summer,0.0066,31,2
Manx Shearwater,58.58108,-4.03983,7.5,Summer,0.0231,37,8
Manx Shearwater,58.58108,-3.06047,7.5,Summer,0.06,174,8
Manx Shearwater,58.58108,0.12242,7.5,Summer,0.0189,10,1
Manx Shearwater,58.71622,-3.30531,7.5,Summer,0.0034,103,1
Manx Shearwater,58.71622,-3.06047,7.5,Summer,0.0044,37,1
Manx Shearwater,58.85135,-3.55015,7.5,Summer,0.0047,10,2
Manx Shearwater,58.85135,-2.81564,7.5,Summer,0.0026,183,1
Manx Shearwater,58.98649,-3.30531,7.5,Summer,0.0029,530,3
Manx Shearwater,58.98649,-3.06047,7.5,Summer,0.0084,416,2
Manx Shearwater,58.98649,-2.81564,7.5,Summer,0.0072,119,1
Manx Shearwater,59.25676,-2.81564,7.5,Summer,0.0157,63,1
Manx Shearwater,59.39189,-3.06047,7.5,Summer,0.0089,41,1
Manx Shearwater,59.39189,-2.32596,7.5,Summer,0.0356,184,23
Manx Shearwater,59.52703,-1.59145,7.5,Summer,0.0085,354,15
Manx Shearwater,59.7973,-1.34661,7.5,Summer,0.0064,226,15
Manx Shearwater,59.93243,-1.34661,7.5,Summer,0.0008,1489,1
Manx Shearwater,60.06757,-2.08112,7.5,Summer,0.0129,17,1
Manx Shearwater,60.06757,-1.10177,7.5,Summer,0.004,75,1
Manx Shearwater,60.2027,-3.79499,7.5,Summer,0.0383,6,3
Manx Shearwater,60.2027,-1.10177,7.5,Summer,0.0012,394,1
Manx Shearwater,60.33784,-1.59145,7.5,Summer,0.0019,54,1
Manx Shearwater,60.47297,-1.59145,7.5,Summer,0.0026,123,6
Manx Shearwater,60.60811,-0.85693,7.5,Summer,0.001,218,1
Manx Shearwater,60.87838,-1.83628,7.5,Summer,0.0293,1,1
Manx Shearwater,56.28378,-2.5708,7.5,Winter,0.001,333,13
Manx Shearwater,57.90541,-6.24337,7.5,Winter,0.0032,89,2
Northern Gannet,54.52703,-4.77434,7.5,Autumn,0.0643,1,1
Northern Gannet,54.66216,-5.01918,7.5,Autumn,0.0926,21,5
Northern Gannet,54.66216,-4.77434,7.5,Autumn,0.0519,22,17
Northern Gannet,54.66216,-4.28466,7.5,Autumn,0.0188,8,2
Northern Gannet,54.7973,-5.26402,7.5,Autumn,0.1207,1,1
Northern Gannet,54.7973,-5.01918,7.5,Autumn,0.1225,38,19
Northern Gannet,54.7973,-4.5295,7.5,Autumn,0.0156,46,1
Northern Gannet,54.93243,-5.01918,7.5,Autumn,0.0996,93,17
Northern Gannet,54.93243,-4.28466,7.5,Autumn,0.0046,30,1
Northern Gannet,55.06757,-5.26402,7.5,Autumn,0.145,16,12
Northern Gannet,55.06757,-5.01918,7.5,Autumn,0.4122,27,16
Northern Gannet,55.2027,-5.01918,7.5,Autumn,0.1119,6,2
Northern Gannet,55.2027,-4.77434,7.5,Autumn,0.0188,17,7
Northern Gannet,55.33784,-5.75369,7.5,Autumn,0.1725,8,3
Northern Gannet,55.33784,-5.50885,7.5,Autumn,0.1082,7,4
Northern Gannet,55.33784,-4.77434,7.5,Autumn,0.0325,125,47
Northern Gannet,55.47297,-5.75369,7.5,Autumn,0.1606,16,10
Northern Gannet,55.47297,-5.50885,7.5,Autumn,0.4318,19,6
Northern Gannet,55.47297,-5.26402,7.5,Autumn,0.083,50,11
Northern Gannet,55.47297,-5.01918,7.5,Autumn,0.119,41,22
Northern Gannet,55.47297,-4.77434,7.5,Autumn,0.0177,581,91
Northern Gannet,55.47297,-4.5295,7.5,Autumn,0.0026,1154,16
Northern Gannet,55.60811,-6.24337,7.5,Autumn,0.2905,96,16
Northern Gannet,55.60811,-5.99853,7.5,Autumn,0.1604,6,3
Northern Gannet,55.60811,-5.75369,7.5,Autumn,0.1664,11,4
Northern Gannet,55.60811,-5.50885,7.5,Autumn,0.3504,5,3
Northern Gannet,55.60811,-5.26402,7.5,Autumn,0.094,81,17
Northern Gannet,55.60811,-5.01918,7.5,Autumn,0.1455,20,9
Northern Gannet,55.60811,-4.77434,7.5,Autumn,0.0245,3758,592
Northern Gannet,55.60811,-4.5295,7.5,Autumn,0.0025,21393,1
Northern Gannet,55.74324,-6.48821,7.5,Autumn,0.3,54,7
Northern Gannet,55.74324,-6.24337,7.5,Autumn,0.0559,173,3
Northern Gannet,55.74324,-5.50885,7.5,Autumn,0.0656,28,6
Northern Gannet,55.74324,-5.26402,7.5,Autumn,0.0993,34,6
Northern Gannet,55.74324,-5.01918,7.5,Autumn,0.3469,76,17
Northern Gannet,55.74324,-4.77434,7.5,Autumn,0.0107,71,4
Northern Gannet,55.87838,-6.24337,7.5,Autumn,0.2263,142,7
Northern Gannet,55.87838,-5.99853,7.5,Autumn,0.1335,20,8
Northern Gannet,55.87838,-5.75369,7.5,Autumn,0.1173,1,1
Northern Gannet,55.87838,-5.50885,7.5,Autumn,0.033,16,2
Northern Gannet,55.87838,-5.26402,7.5,Autumn,0.1014,14,5
Northern Gannet,55.87838,-5.01918,7.5,Autumn,0.274,16,1
Northern Gannet,55.87838,-4.77434,7.5,Autumn,0.0069,36,4
Northern Gannet,55.87838,-4.5295,7.5,Autumn,0.0028,297,1
Northern Gannet,55.87838,-3.06047,7.5,Autumn,0.0032,1429,80
Northern Gannet,55.87838,-2.32596,7.5,Autumn,0.0388,105,37
Northern Gannet,55.87838,-2.08112,7.5,Autumn,0.5938,169,110
Northern Gannet,56.01351,-6.24337,7.5,Autumn,0.1417,25,5
Northern Gannet,56.01351,-5.75369,7.5,Autumn,0.1169,10,3
Northern Gannet,56.01351,-5.26402,7.5,Autumn,0.0244,7,1
Northern Gannet,56.01351,-5.01918,7.5,Autumn,0.0064,72,16
Northern Gannet,56.01351,-4.77434,7.5,Autumn,0.1161,77,5
Northern Gannet,56.01351,-3.79499,7.5,Autumn,0.0033,285,4
Northern Gannet,56.01351,-3.55015,7.5,Autumn,0.0493,300,10
Northern Gannet,56.01351,-3.30531,7.5,Autumn,0.0104,1675,110
Northern Gannet,56.01351,-3.06047,7.5,Autumn,0.0064,1856,435
Northern Gannet,56.01351,-2.81564,7.5,Autumn,0.0393,652,129
Northern Gannet,56.01351,-2.5708,7.5,Autumn,0.59,447,145
Northern Gannet,56.01351,-2.32596,7.5,Autumn,0.2009,379,211
Northern Gannet,56.14865,-6.24337,7.5,Autumn,0.1114,9,2
Northern Gannet,56.14865,-5.75369,7.5,Autumn,0.2201,3,2
Northern Gannet,56.14865,-5.50885,7.5,Autumn,0.0527,29,5
Northern Gannet,56.14865,-5.26402,7.5,Autumn,0.024,6,2
Northern Gannet,56.14865,-4.77434,7.5,Autumn,0.008,53,4
Northern Gannet,56.14865,-3.79499,7.5,Autumn,0.0038,274,4
Northern Gannet,56.14865,-3.30531,7.5,Autumn,0.0028,374,1
Northern Gannet,56.14865,-3.06047,7.5,Autumn,0.0243,103,21
Northern Gannet,56.14865,-2.81564,7.5,Autumn,0.0195,81,27
Northern Gannet,56.14865,-2.5708,7.5,Autumn,0.1011,22,18
Northern Gannet,56.14865,-2.32596,7.5,Autumn,0.0298,3,2
Northern Gannet,56.28378,-6.73304,7.5,Autumn,0.2249,1,1
Northern Gannet,56.28378,-6.48821,7.5,Autumn,0.2493,55,10
Northern Gannet,56.28378,-6.24337,7.5,Autumn,0.3187,22,1
Northern Gannet,56.28378,-5.99853,7.5,Autumn,0.0372,9,4
Northern Gannet,56.28378,-5.75369,7.5,Autumn,0.0163,4,1
Northern Gannet,56.28378,-5.01918,7.5,Autumn,0.0132,23,3
Northern Gannet,56.28378,-2.81564,7.5,Autumn,0.0049,885,137
Northern Gannet,56.28378,-2.5708,7.5,Autumn,0.5924,604,389
Northern Gannet,56.41892,-6.97788,7.5,Autumn,0.1774,2,1
Northern Gannet,56.41892,-5.99853,7.5,Autumn,0.0262,72,9
Northern Gannet,56.41892,-5.75369,7.5,Autumn,0.1933,123,11
Northern Gannet,56.41892,-5.50885,7.5,Autumn,0.0484,147,20
Northern Gannet,56.41892,-2.81564,7.5,Autumn,0.2972,548,86
Northern Gannet,56.41892,-2.32596,7.5,Autumn,0.0093,2,2
Northern Gannet,56.41892,-1.83628,7.5,Autumn,0.1945,1,1
Northern Gannet,56.55405,-6.97788,7.5,Autumn,0.1823,27,4
Northern Gannet,56.55405,-6.24337,7.5,Autumn,0.0327,64,9
Northern Gannet,56.55405,-5.99853,7.5,Autumn,0.0675,81,5
Northern Gannet,56.55405,-5.75369,7.5,Autumn,0.1677,70,3
Northern Gannet,56.55405,-5.50885,7.5,Autumn,0.0152,22,1
Northern Gannet,56.55405,-2.81564,7.5,Autumn,0.0042,26,2
Northern Gannet,56.55405,-2.5708,7.5,Autumn,0.1509,60,13
Northern Gannet,56.68919,-6.24337,7.5,Autumn,0.2773,44,17
Northern Gannet,56.68919,-5.99853,7.5,Autumn,0.1803,45,8
Northern Gannet,56.68919,-5.26402,7.5,Autumn,0.039,49,1
Northern Gannet,56.68919,-2.5708,7.5,Autumn,0.1078,265,20
Northern Gannet,56.68919,-2.32596,7.5,Autumn,0.078,26,19
Northern Gannet,56.82432,-7.22272,7.5,Autumn,0.2903,2,2
Northern Gannet,56.82432,-6.24337,7.5,Autumn,0.1168,6,2
Northern Gannet,56.82432,-5.99853,7.5,Autumn,0.1364,2,2
Northern Gannet,56.82432,-5.75369,7.5,Autumn,0.0324,36,2
Northern Gannet,56.82432,-2.32596,7.5,Autumn,0.1567,51,9
Northern Gannet,56.95946,-7.46756,7.5,Autumn,0.2649,26,11
Northern Gannet,56.95946,-6.24337,7.5,Autumn,0.1227,68,21
Northern Gannet,56.95946,-5.75369,7.5,Autumn,0.0193,105,34
Northern Gannet,56.95946,-2.32596,7.5,Autumn,0.0116,29,2
Northern Gannet,56.95946,-2.08112,7.5,Autumn,0.0208,92,33
Northern Gannet,57.09459,-7.46756,7.5,Autumn,0.2078,14,8
Northern Gannet,57.09459,-7.22272,7.5,Autumn,0.284,13,1
Northern Gannet,57.09459,-6.48821,7.5,Autumn,0.1018,1,1
Northern Gannet,57.09459,-6.24337,7.5,Autumn,0.0643,5,3
Northern Gannet,57.09459,-5.99853,7.5,Autumn,0.2911,37,13
Northern Gannet,57.09459,-5.75369,7.5,Autumn,0.1973,33,13
Northern Gannet,57.09459,-2.08112,7.5,Autumn,0.3776,1071,340
Northern Gannet,57.22973,-7.46756,7.5,Autumn,0.3421,56,15
Northern Gannet,57.22973,-6.48821,7.5,Autumn,0.1004,5,1
Northern Gannet,57.22973,-6.24337,7.5,Autumn,0.0207,53,4
Northern Gannet,57.22973,-5.99853,7.5,Autumn,0.0856,170,24
Northern Gannet,57.22973,-5.75369,7.5,Autumn,0.0467,61,5
Northern Gannet,57.22973,-5.50885,7.5,Autumn,0.059,94,2
Northern Gannet,57.22973,-2.08112,7.5,Autumn,0.0408,282,16
Northern Gannet,57.36486,-7.46756,7.5,Autumn,0.0993,73,7
Northern Gannet,57.36486,-6.73304,7.5,Autumn,0.2141,40,27
Northern Gannet,57.36486,-6.48821,7.5,Autumn,0.2776,31,2
Northern Gannet,57.36486,-6.24337,7.5,Autumn,0.028,155,11
Northern Gannet,57.36486,-5.99853,7.5,Autumn,0.221,26,3
Northern Gannet,57.36486,-5.75369,7.5,Autumn,0.0697,43,1
Northern Gannet,57.36486,-2.08112,7.5,Autumn,0.0107,200,16
Northern Gannet,57.36486,-1.83628,7.5,Autumn,0.0737,66,10
Northern Gannet,57.5,-7.46756,7.5,Autumn,0.1106,50,6
Northern Gannet,57.5,-6.73304,7.5,Autumn,0.268,244,62
Northern Gannet,57.5,-6.48821,7.5,Autumn,0.0571,64,5
Northern Gannet,57.5,-6.24337,7.5,Autumn,0.0193,77,4
Northern Gannet,57.5,-5.99853,7.5,Autumn,0.2188,2,1
Northern Gannet,57.5,-5.75369,7.5,Autumn,0.02,50,8
Northern Gannet,57.5,-4.5295,7.5,Autumn,0.0028,80,1
Northern Gannet,57.5,-4.28466,7.5,Autumn,0.0064,562,20
Northern Gannet,57.5,-4.03983,7.5,Autumn,0.003,423,56
Northern Gannet,57.5,-1.83628,7.5,Autumn,0.0656,45,16
Northern Gannet,57.5,-1.59145,7.5,Autumn,0.097,1,1
Northern Gannet,57.5,-1.34661,7.5,Autumn,0.1263,2,2
Northern Gannet,57.63514,-7.46756,7.5,Autumn,0.0763,72,25
Northern Gannet,57.63514,-7.22272,7.5,Autumn,0.346,32,5
Northern Gannet,57.63514,-6.73304,7.5,Autumn,0.1879,2,2
Northern Gannet,57.63514,-6.48821,7.5,Autumn,0.1934,42,4
Northern Gannet,57.63514,-6.24337,7.5,Autumn,0.3513,184,50
Northern Gannet,57.63514,-4.28466,7.5,Autumn,0.1204,93,1
Northern Gannet,57.63514,-4.03983,7.5,Autumn,0.3117,581,164
Northern Gannet,57.63514,-3.79499,7.5,Autumn,0.0223,202,66
Northern Gannet,57.63514,-3.55015,7.5,Autumn,0.017,283,55
Northern Gannet,57.63514,-3.30531,7.5,Autumn,0.0033,151,2
Northern Gannet,57.63514,-3.06047,7.5,Autumn,0.022,109,43
Northern Gannet,57.63514,-2.81564,7.5,Autumn,0.0482,40,27
Northern Gannet,57.63514,-2.5708,7.5,Autumn,0.0989,29,13
Northern Gannet,57.63514,-2.32596,7.5,Autumn,0.1063,32,22
Northern Gannet,57.63514,-2.08112,7.5,Autumn,0.0588,39,27
Northern Gannet,57.63514,-1.83628,7.5,Autumn,0.0811,165,43
Northern Gannet,57.63514,-1.59145,7.5,Autumn,0.1453,1,1
Northern Gannet,57.77027,-8.44691,7.5,Autumn,0.4196,1,1
Northern Gannet,57.77027,-7.22272,7.5,Autumn,0.3919,18,7
Northern Gannet,57.77027,-6.97788,7.5,Autumn,0.3234,28,10
Northern Gannet,57.77027,-6.73304,7.5,Autumn,0.3788,6,2
Northern Gannet,57.77027,-6.48821,7.5,Autumn,0.3114,1,1
Northern Gannet,57.77027,-6.24337,7.5,Autumn,0.25,1,1
Northern Gannet,57.77027,-5.75369,7.5,Autumn,0.1597,55,13
Northern Gannet,57.77027,-4.03983,7.5,Autumn,0.0623,104,14
Northern Gannet,57.77027,-3.79499,7.5,Autumn,0.0913,172,64
Northern Gannet,57.77027,-3.55015,7.5,Autumn,0.0508,162,92
Northern Gannet,57.77027,-3.30531,7.5,Autumn,0.0347,202,58
Northern Gannet,57.77027,-2.81564,7.5,Autumn,0.2916,11,6
Northern Gannet,57.90541,-6.97788,7.5,Autumn,0.343,32,8
Northern Gannet,57.90541,-6.73304,7.5,Autumn,0.2733,9,1
Northern Gannet,57.90541,-6.24337,7.5,Autumn,0.2718,5,5
Northern Gannet,57.90541,-5.75369,7.5,Autumn,0.1635,13,5
Northern Gannet,57.90541,-5.50885,7.5,Autumn,0.1029,58,13
Northern Gannet,57.90541,-5.26402,7.5,Autumn,0.2834,101,8
Northern Gannet,57.90541,-4.03983,7.5,Autumn,0.0664,167,43
Northern Gannet,57.90541,-3.79499,7.5,Autumn,0.0934,76,52
Northern Gannet,58.04054,-6.97788,7.5,Autumn,0.3274,8,2
Northern Gannet,58.04054,-5.75369,7.5,Autumn,0.1736,3,3
Northern Gannet,58.04054,-5.26402,7.5,Autumn,0.0524,6,2
Northern Gannet,58.04054,-4.03983,7.5,Autumn,0.0134,14,1
Northern Gannet,58.04054,-3.79499,7.5,Autumn,0.2594,34,19
Northern Gannet,58.04054,-2.08112,7.5,Autumn,0.3251,1,1
Northern Gannet,58.17568,-6.97788,7.5,Autumn,0.1794,67,19
Northern Gannet,58.17568,-6.73304,7.5,Autumn,0.2991,14,2
Northern Gannet,58.17568,-6.48821,7.5,Autumn,0.0682,64,3
Northern Gannet,58.17568,-6.24337,7.5,Autumn,0.2609,72,11
Northern Gannet,58.17568,-5.50885,7.5,Autumn,0.0736,8,6
Northern Gannet,58.17568,-5.26402,7.5,Autumn,0.1245,50,13
Northern Gannet,58.17568,-3.55015,7.5,Autumn,0.2515,13,8
Northern Gannet,58.17568,-3.30531,7.5,Autumn,0.1225,14,14
Northern Gannet,58.31081,-6.97788,7.5,Autumn,0.2871,8,3
Northern Gannet,58.31081,-6.73304,7.5,Autumn,0.3241,87,26
Northern Gannet,58.31081,-6.48821,7.5,Autumn,0.1201,22,3
Northern Gannet,58.31081,-6.24337,7.5,Autumn,0.4459,117,38
Northern Gannet,58.31081,-5.26402,7.5,Autumn,0.0474,10,1
Northern Gannet,58.31081,-3.30531,7.5,Autumn,0.0839,14,7
Northern Gannet,58.31081,-1.34661,7.5,Autumn,0.5092,2,2
Northern Gannet,58.44595,-6.24337,7.5,Autumn,0.1485,109,16
Northern Gannet,58.44595,-5.26402,7.5,Autumn,0.0467,1,1
Northern Gannet,58.44595,-4.77434,7.5,Autumn,0.2471,2,2
Northern Gannet,58.44595,-3.06047,7.5,Autumn,0.4175,54,32
Northern Gannet,58.44595,-2.81564,7.5,Autumn,0.0648,1,1
Northern Gannet,58.58108,-6.24337,7.5,Autumn,0.2509,58,52
Northern Gannet,58.58108,-5.01918,7.5,Autumn,0.3122,2,2
Northern Gannet,58.58108,-4.77434,7.5,Autumn,0.3359,66,17
Northern Gannet,58.58108,-4.28466,7.5,Autumn,0.0641,5,1
Northern Gannet,58.58108,-4.03983,7.5,Autumn,0.2786,21,15
Northern Gannet,58.58108,-3.79499,7.5,Autumn,0.2288,9,5
Northern Gannet,58.58108,-3.55015,7.5,Autumn,0.0253,31,6
Northern Gannet,58.58108,-3.30531,7.5,Autumn,0.0438,53,17
Northern Gannet,58.58108,-3.06047,7.5,Autumn,0.5183,95,45
Northern Gannet,58.71622,-3.55015,7.5,Autumn,0.0624,4,4
Northern Gannet,58.71622,-3.30531,7.5,Autumn,0.0689,18,14
Northern Gannet,58.71622,-3.06047,7.5,Autumn,0.3426,35,19
Northern Gannet,58.71622,-2.81564,7.5,Autumn,0.407,5,5
Northern Gannet,58.85135,-3.79499,7.5,Autumn,0.0809,1,1
Northern Gannet,58.85135,-3.30531,7.5,Autumn,0.1131,14,3
Northern Gannet,58.85135,-3.06047,7.5,Autumn,0.1267,54,12
Northern Gannet,58.85135,-2.81564,7.5,Autumn,0.1746,100,28
Northern Gannet,58.98649,-3.30531,7.5,Autumn,0.0545,157,23
Northern Gannet,58.98649,-3.06047,7.5,Autumn,0.4046,134,25
Northern Gannet,58.98649,-2.81564,7.5,Autumn,0.3749,98,34
Northern Gannet,58.98649,-2.5708,7.5,Autumn,0.108,1,1
Northern Gannet,59.12162,-3.30531,7.5,Autumn,0.2357,100,32
Northern Gannet,59.12162,-3.06047,7.5,Autumn,0.4425,80,26
Northern Gannet,59.12162,-2.81564,7.5,Autumn,0.1702,4,4
Northern Gannet,59.12162,-2.5708,7.5,Autumn,0.596,41,15
Northern Gannet,59.25676,-2.81564,7.5,Autumn,0.5229,2,1
Northern Gannet,59.25676,-2.5708,7.5,Autumn,0.5846,8,3
Northern Gannet,59.25676,-2.32596,7.5,Autumn,0.4533,3,1
Northern Gannet,59.25676,-1.83628,7.5,Autumn,0.556,1,1
Northern Gannet,59.39189,-2.81564,7.5,Autumn,0.3688,11,4
Northern Gannet,59.39189,-2.32596,7.5,Autumn,0.5048,327,223
Northern Gannet,59.52703,-1.59145,7.5,Autumn,0.6242,323,217
Northern Gannet,59.7973,-3.06047,7.5,Autumn,0.3999,1,1
Northern Gannet,59.7973,-2.81564,7.5,Autumn,0.4254,1,1
Northern Gannet,59.7973,-1.34661,7.5,Autumn,0.3112,168,114
Northern Gannet,59.93243,-4.03983,7.5,Autumn,0.5922,1,1
Northern Gannet,59.93243,-3.79499,7.5,Autumn,0.592,1,1
Northern Gannet,59.93243,-1.34661,7.5,Autumn,0.1305,2628,655
Northern Gannet,59.93243,-1.10177,7.5,Autumn,0.2787,77,20
Northern Gannet,59.93243,-0.85693,7.5,Autumn,0.3164,4,3
Northern Gannet,60.06757,-7.7124,7.5,Autumn,0.558,1,1
Northern Gannet,60.06757,-4.03983,7.5,Autumn,0.6023,7,7
Northern Gannet,60.06757,-3.79499,7.5,Autumn,0.614,3,3
Northern Gannet,60.06757,-3.30531,7.5,Autumn,0.5734,1,1
Northern Gannet,60.06757,-2.08112,7.5,Autumn,0.3588,16,9
Northern Gannet,60.06757,-1.34661,7.5,Autumn,0.1241,907,82
Northern Gannet,60.06757,-1.10177,7.5,Autumn,0.4031,253,103
Northern Gannet,60.2027,-4.03983,7.5,Autumn,0.5954,2,2
Northern Gannet,60.2027,-3.55015,7.5,Autumn,0.617,1,1
Northern Gannet,60.2027,-2.08112,7.5,Autumn,0.3349,3,2
Northern Gannet,60.2027,-1.59145,7.5,Autumn,0.098,63,4
Northern Gannet,60.2027,-1.34661,7.5,Autumn,0.1093,500,10
Northern Gannet,60.2027,-1.10177,7.5,Autumn,0.0814,824,205
Northern Gannet,60.33784,-4.28466,7.5,Autumn,0.5382,1,1
Northern Gannet,60.33784,-1.59145,7.5,Autumn,0.0639,107,49
Northern Gannet,60.33784,-1.34661,7.5,Autumn,0.0498,397,9
Northern Gannet,60.33784,-1.10177,7.5,Autumn,0.2401,219,36
Northern Gannet,60.33784,-0.85693,7.5,Autumn,0.1733,31,16
Northern Gannet,60.47297,-1.59145,7.5,Autumn,0.4769,176,69
Northern Gannet,60.47297,-1.34661,7.5,Autumn,0.321,240,12
Northern Gannet,60.47297,-1.10177,7.5,Autumn,0.1675,149,65
Northern Gannet,60.47297,-0.85693,7.5,Autumn,0.3087,36,16
Northern Gannet,60.60811,-1.34661,7.5,Autumn,0.3275,63,5
Northern Gannet,60.60811,-1.10177,7.5,Autumn,0.5506,106,34
Northern Gannet,60.60811,-0.85693,7.5,Autumn,0.1445,32,11
Northern Gannet,60.74324,-1.10177,7.5,Autumn,0.5739,54,24
Northern Gannet,60.74324,-0.85693,7.5,Autumn,0.1147,798,249
Northern Gannet,60.74324,-0.61209,7.5,Autumn,0.4082,1,1
Northern Gannet,60.87838,-0.85693,7.5,Autumn,0.2419,125,92
Northern Gannet,60.87838,0.85693,7.5,Autumn,0.5704,1,1
Northern Gannet,54.66216,-5.01918,7.5,Spring,0.0992,17,3
Northern Gannet,54.66216,-4.77434,7.5,Spring,0.0599,75,59
Northern Gannet,54.66216,-4.28466,7.5,Spring,0.0193,9,2
Northern Gannet,54.7973,-5.26402,7.5,Spring,0.1328,4,2
Northern Gannet,54.7973,-5.01918,7.5,Spring,0.1448,84,27
Northern Gannet,54.7973,-4.77434,7.5,Spring,0.0746,11,4
Northern Gannet,54.7973,-4.5295,7.5,Spring,0.0163,51,1
Northern Gannet,54.7973,-4.28466,7.5,Spring,0.0119,23,1
Northern Gannet,54.7973,-3.79499,7.5,Spring,0.0092,19,1
Northern Gannet,54.93243,-5.26402,7.5,Spring,0.1122,4,3
Northern Gannet,54.93243,-5.01918,7.5,Spring,0.0988,134,40
Northern Gannet,54.93243,-3.55015,7.5,Spring,0.0076,256,1
Northern Gannet,55.06757,-5.26402,7.5,Spring,0.1384,20,19
Northern Gannet,55.06757,-5.01918,7.5,Spring,0.4253,15,7
Northern Gannet,55.2027,-5.01918,7.5,Spring,0.0967,21,16
Northern Gannet,55.2027,-4.77434,7.5,Spring,0.0166,32,15
Northern Gannet,55.33784,-5.99853,7.5,Spring,0.2117,2,2
Northern Gannet,55.33784,-5.75369,7.5,Spring,0.1969,19,13
Northern Gannet,55.33784,-5.50885,7.5,Spring,0.1075,4,1
Northern Gannet,55.33784,-4.77434,7.5,Spring,0.0337,92,37
Northern Gannet,55.47297,-6.48821,7.5,Spring,0.3456,1,1
Northern Gannet,55.47297,-5.75369,7.5,Spring,0.1871,50,23
Northern Gannet,55.47297,-5.50885,7.5,Spring,0.4369,29,12
Northern Gannet,55.47297,-5.26402,7.5,Spring,0.0798,53,16
Northern Gannet,55.47297,-5.01918,7.5,Spring,0.1102,71,47
Northern Gannet,55.47297,-4.77434,7.5,Spring,0.0193,561,135
Northern Gannet,55.47297,-4.5295,7.5,Spring,0.0026,1120,41
Northern Gannet,55.60811,-6.48821,7.5,Spring,0.3087,4,2
Northern Gannet,55.60811,-6.24337,7.5,Spring,0.3096,237,53
Northern Gannet,55.60811,-5.75369,7.5,Spring,0.186,34,3
Northern Gannet,55.60811,-5.50885,7.5,Spring,0.3491,16,6
Northern Gannet,55.60811,-5.26402,7.5,Spring,0.0871,166,31
Northern Gannet,55.60811,-5.01918,7.5,Spring,0.124,34,16
Northern Gannet,55.60811,-4.77434,7.5,Spring,0.0253,3607,723
Northern Gannet,55.60811,-4.5295,7.5,Spring,0.0025,21683,3
Northern Gannet,55.74324,-6.48821,7.5,Spring,0.3159,81,18
Northern Gannet,55.74324,-6.24337,7.5,Spring,0.0658,131,3
Northern Gannet,55.74324,-5.99853,7.5,Spring,0.1052,27,8
Northern Gannet,55.74324,-5.75369,7.5,Spring,0.1789,3418,12
Northern Gannet,55.74324,-5.50885,7.5,Spring,0.0568,40,10
Northern Gannet,55.74324,-5.26402,7.5,Spring,0.0908,38,7
Northern Gannet,55.74324,-5.01918,7.5,Spring,0.3696,108,27
Northern Gannet,55.74324,-4.77434,7.5,Spring,0.0101,124,24
Northern Gannet,55.74324,-4.5295,7.5,Spring,0.0025,468,1
Northern Gannet,55.87838,-6.48821,7.5,Spring,0.1154,24,1
Northern Gannet,55.87838,-6.24337,7.5,Spring,0.2273,110,4
Northern Gannet,55.87838,-5.99853,7.5,Spring,0.1357,48,10
Northern Gannet,55.87838,-5.75369,7.5,Spring,0.1138,3,1
Northern Gannet,55.87838,-5.50885,7.5,Spring,0.0294,30,1
Northern Gannet,55.87838,-5.26402,7.5,Spring,0.0909,41,11
Northern Gannet,55.87838,-5.01918,7.5,Spring,0.2445,56,8
Northern Gannet,55.87838,-4.77434,7.5,Spring,0.007,59,1
Northern Gannet,55.87838,-3.06047,7.5,Spring,0.003,2165,65
Northern Gannet,55.87838,-2.32596,7.5,Spring,0.0322,169,72
Northern Gannet,55.87838,-2.08112,7.5,Spring,0.5927,288,151
Northern Gannet,56.01351,-6.24337,7.5,Spring,0.1537,34,4
Northern Gannet,56.01351,-5.99853,7.5,Spring,0.2339,11,2
Northern Gannet,56.01351,-5.75369,7.5,Spring,0.1153,19,5
Northern Gannet,56.01351,-5.26402,7.5,Spring,0.0214,45,4
Northern Gannet,56.01351,-5.01918,7.5,Spring,0.0057,167,14
Northern Gannet,56.01351,-4.77434,7.5,Spring,0.0872,189,25
Northern Gannet,56.01351,-4.5295,7.5,Spring,0.0026,435,1
Northern Gannet,56.01351,-3.55015,7.5,Spring,0.0173,493,1
Northern Gannet,56.01351,-3.30531,7.5,Spring,0.0069,2906,31
Northern Gannet,56.01351,-3.06047,7.5,Spring,0.0056,2432,305
Northern Gannet,56.01351,-2.81564,7.5,Spring,0.0349,928,293
Northern Gannet,56.01351,-2.5708,7.5,Spring,0.6022,754,285
Northern Gannet,56.01351,-2.32596,7.5,Spring,0.1747,300,203
Northern Gannet,56.14865,-6.24337,7.5,Spring,0.1102,11,4
Northern Gannet,56.14865,-5.50885,7.5,Spring,0.0456,78,11
Northern Gannet,56.14865,-5.26402,7.5,Spring,0.0203,28,1
Northern Gannet,56.14865,-5.01918,7.5,Spring,0.0124,25,5
Northern Gannet,56.14865,-4.77434,7.5,Spring,0.0069,77,2
Northern Gannet,56.14865,-3.79499,7.5,Spring,0.0033,695,1
Northern Gannet,56.14865,-3.06047,7.5,Spring,0.0219,422,170
Northern Gannet,56.14865,-2.81564,7.5,Spring,0.0196,399,202
Northern Gannet,56.14865,-2.5708,7.5,Spring,0.0955,243,160
Northern Gannet,56.28378,-7.7124,7.5,Spring,0.3562,1,1
Northern Gannet,56.28378,-6.48821,7.5,Spring,0.3099,342,110
Northern Gannet,56.28378,-6.24337,7.5,Spring,0.2955,133,11
Northern Gannet,56.28378,-5.99853,7.5,Spring,0.034,21,2
Northern Gannet,56.28378,-5.75369,7.5,Spring,0.0141,17,3
Northern Gannet,56.28378,-5.50885,7.5,Spring,0.1254,44,1
Northern Gannet,56.28378,-5.01918,7.5,Spring,0.0114,58,4
Northern Gannet,56.28378,-2.81564,7.5,Spring,0.0044,1514,139
Northern Gannet,56.28378,-2.5708,7.5,Spring,0.6074,559,377
Northern Gannet,56.41892,-7.7124,7.5,Spring,0.3607,1,1
Northern Gannet,56.41892,-6.97788,7.5,Spring,0.2235,28,5
Northern Gannet,56.41892,-6.48821,7.5,Spring,0.2222,4,1
Northern Gannet,56.41892,-6.24337,7.5,Spring,0.0243,177,38
Northern Gannet,56.41892,-5.99853,7.5,Spring,0.0222,401,27
Northern Gannet,56.41892,-5.75369,7.5,Spring,0.1489,385,41
Northern Gannet,56.41892,-5.50885,7.5,Spring,0.043,396,37
Northern Gannet,56.41892,-2.81564,7.5,Spring,0.227,655,55
Northern Gannet,56.55405,-6.97788,7.5,Spring,0.23,33,7
Northern Gannet,56.55405,-6.73304,7.5,Spring,0.2324,34,8
Northern Gannet,56.55405,-6.48821,7.5,Spring,0.301,149,44
Northern Gannet,56.55405,-6.24337,7.5,Spring,0.0313,182,12
Northern Gannet,56.55405,-5.99853,7.5,Spring,0.0576,283,21
Northern Gannet,56.55405,-5.75369,7.5,Spring,0.1441,158,6
Northern Gannet,56.55405,-5.50885,7.5,Spring,0.0133,85,5
Northern Gannet,56.55405,-5.26402,7.5,Spring,0.1409,50,1
Northern Gannet,56.55405,-2.81564,7.5,Spring,0.0036,55,5
Northern Gannet,56.55405,-2.5708,7.5,Spring,0.1653,109,29
Northern Gannet,56.68919,-6.73304,7.5,Spring,0.2281,4,3
Northern Gannet,56.68919,-6.48821,7.5,Spring,0.2749,42,9
Northern Gannet,56.68919,-6.24337,7.5,Spring,0.2433,84,38
Northern Gannet,56.68919,-5.99853,7.5,Spring,0.1432,205,29
Northern Gannet,56.68919,-5.75369,7.5,Spring,0.1392,96,1
Northern Gannet,56.68919,-5.26402,7.5,Spring,0.0343,113,5
Northern Gannet,56.68919,-2.81564,7.5,Spring,0.0029,111,1
Northern Gannet,56.68919,-2.5708,7.5,Spring,0.1185,253,15
Northern Gannet,56.68919,-2.32596,7.5,Spring,0.0724,22,9
Northern Gannet,56.82432,-7.7124,7.5,Spring,0.3328,11,1
Northern Gannet,56.82432,-7.46756,7.5,Spring,0.3107,5,5
Northern Gannet,56.82432,-6.48821,7.5,Spring,0.1973,1,1
Northern Gannet,56.82432,-6.24337,7.5,Spring,0.1249,25,4
Northern Gannet,56.82432,-5.99853,7.5,Spring,0.1264,17,7
Northern Gannet,56.82432,-5.75369,7.5,Spring,0.029,83,9
Northern Gannet,56.82432,-5.01918,7.5,Spring,0.0033,256,1
Northern Gannet,56.82432,-2.5708,7.5,Spring,0.0055,127,2
Northern Gannet,56.82432,-2.32596,7.5,Spring,0.1387,78,10
Northern Gannet,56.95946,-7.46756,7.5,Spring,0.2409,82,22
Northern Gannet,56.95946,-6.73304,7.5,Spring,0.2826,2,1
Northern Gannet,56.95946,-6.24337,7.5,Spring,0.1278,108,11
Northern Gannet,56.95946,-5.99853,7.5,Spring,0.1582,11,5
Northern Gannet,56.95946,-5.75369,7.5,Spring,0.0172,175,4
Northern Gannet,56.95946,-2.32596,7.5,Spring,0.0104,74,1
Northern Gannet,56.95946,-2.08112,7.5,Spring,0.0184,269,76
Northern Gannet,57.09459,-7.46756,7.5,Spring,0.2418,60,27
Northern Gannet,57.09459,-7.22272,7.5,Spring,0.2721,65,23
Northern Gannet,57.09459,-6.48821,7.5,Spring,0.1189,30,4
Northern Gannet,57.09459,-5.99853,7.5,Spring,0.238,100,9
Northern Gannet,57.09459,-5.75369,7.5,Spring,0.1507,50,1
Northern Gannet,57.09459,-2.08112,7.5,Spring,0.3281,1560,319
Northern Gannet,57.22973,-7.46756,7.5,Spring,0.3336,214,61
Northern Gannet,57.22973,-6.97788,7.5,Spring,0.2416,1,1
Northern Gannet,57.22973,-6.73304,7.5,Spring,0.2388,1,1
Northern Gannet,57.22973,-6.48821,7.5,Spring,0.1211,23,4
Northern Gannet,57.22973,-6.24337,7.5,Spring,0.0209,115,3
Northern Gannet,57.22973,-5.99853,7.5,Spring,0.0746,315,8
Northern Gannet,57.22973,-5.75369,7.5,Spring,0.0392,159,3
Northern Gannet,57.22973,-2.08112,7.5,Spring,0.0313,488,19
Northern Gannet,57.22973,-1.83628,7.5,Spring,0.0691,6,5
Northern Gannet,57.36486,-7.46756,7.5,Spring,0.1183,199,47
Northern Gannet,57.36486,-7.22272,7.5,Spring,0.0694,119,4
Northern Gannet,57.36486,-6.97788,7.5,Spring,0.2251,1,1
Northern Gannet,57.36486,-6.73304,7.5,Spring,0.1926,87,43
Northern Gannet,57.36486,-6.48821,7.5,Spring,0.2447,77,12
Northern Gannet,57.36486,-6.24337,7.5,Spring,0.0287,242,4
Northern Gannet,57.36486,-5.99853,7.5,Spring,0.1704,41,7
Northern Gannet,57.36486,-5.75369,7.5,Spring,0.0626,69,1
Northern Gannet,57.36486,-2.08112,7.5,Spring,0.0098,274,8
Northern Gannet,57.36486,-1.83628,7.5,Spring,0.0725,69,11
Northern Gannet,57.5,-7.7124,7.5,Spring,0.2261,1,1
Northern Gannet,57.5,-7.46756,7.5,Spring,0.1257,266,29
Northern Gannet,57.5,-7.22272,7.5,Spring,0.1852,151,4
Northern Gannet,57.5,-6.73304,7.5,Spring,0.2051,445,37
Northern Gannet,57.5,-6.24337,7.5,Spring,0.018,165,4
Northern Gannet,57.5,-5.99853,7.5,Spring,0.1617,6,2
Northern Gannet,57.5,-4.28466,7.5,Spring,0.0055,915,1
Northern Gannet,57.5,-4.03983,7.5,Spring,0.0028,691,23
Northern Gannet,57.5,-1.83628,7.5,Spring,0.0605,128,33
Northern Gannet,57.5,-1.59145,7.5,Spring,0.0863,4,3
Northern Gannet,57.63514,-7.46756,7.5,Spring,0.0783,489,115
Northern Gannet,57.63514,-7.22272,7.5,Spring,0.3144,123,13
Northern Gannet,57.63514,-6.73304,7.5,Spring,0.1978,5,4
Northern Gannet,57.63514,-6.48821,7.5,Spring,0.201,131,12
Northern Gannet,57.63514,-6.24337,7.5,Spring,0.3324,360,95
Northern Gannet,57.63514,-5.75369,7.5,Spring,0.323,56,23
Northern Gannet,57.63514,-4.28466,7.5,Spring,0.0983,160,1
Northern Gannet,57.63514,-4.03983,7.5,Spring,0.2224,569,85
Northern Gannet,57.63514,-3.79499,7.5,Spring,0.0128,223,42
Northern Gannet,57.63514,-3.55015,7.5,Spring,0.0123,328,63
Northern Gannet,57.63514,-3.30531,7.5,Spring,0.0029,232,1
Northern Gannet,57.63514,-3.06047,7.5,Spring,0.0157,167,33
Northern Gannet,57.63514,-2.81564,7.5,Spring,0.0418,87,51
Northern Gannet,57.63514,-2.5708,7.5,Spring,0.1005,131,82
Northern Gannet,57.63514,-2.32596,7.5,Spring,0.0863,147,121
Northern Gannet,57.63514,-2.08112,7.5,Spring,0.0441,51,39
Northern Gannet,57.63514,-1.83628,7.5,Spring,0.0674,232,23
Northern Gannet,57.63514,-1.10177,7.5,Spring,0.2329,1,1
Northern Gannet,57.77027,-8.69175,7.5,Spring,0.4569,65,24
Northern Gannet,57.77027,-8.44691,7.5,Spring,0.4612,23,12
Northern Gannet,57.77027,-7.95723,7.5,Spring,0.4205,1,1
Northern Gannet,57.77027,-7.22272,7.5,Spring,0.41,66,30
Northern Gannet,57.77027,-6.97788,7.5,Spring,0.3487,68,29
Northern Gannet,57.77027,-6.73304,7.5,Spring,0.381,10,4
Northern Gannet,57.77027,-6.24337,7.5,Spring,0.2241,7,6
Northern Gannet,57.77027,-5.75369,7.5,Spring,0.1503,131,40
Northern Gannet,57.77027,-5.50885,7.5,Spring,0.0792,84,3
Northern Gannet,57.77027,-4.03983,7.5,Spring,0.0266,201,2
Northern Gannet,57.77027,-3.79499,7.5,Spring,0.0371,199,53
Northern Gannet,57.77027,-3.55015,7.5,Spring,0.0242,157,92
Northern Gannet,57.77027,-3.30531,7.5,Spring,0.0178,165,33
Northern Gannet,57.77027,-2.81564,7.5,Spring,0.2354,41,13
Northern Gannet,57.90541,-8.44691,7.5,Spring,0.3618,3,3
Northern Gannet,57.90541,-6.97788,7.5,Spring,0.3375,91,21
Northern Gannet,57.90541,-6.73304,7.5,Spring,0.2793,58,11
Northern Gannet,57.90541,-6.48821,7.5,Spring,0.2874,1,1
Northern Gannet,57.90541,-6.24337,7.5,Spring,0.2563,31,16
Northern Gannet,57.90541,-5.75369,7.5,Spring,0.1541,31,17
Northern Gannet,57.90541,-5.50885,7.5,Spring,0.0928,117,19
Northern Gannet,57.90541,-5.26402,7.5,Spring,0.2488,130,3
Northern Gannet,57.90541,-4.03983,7.5,Spring,0.0375,326,47
Northern Gannet,57.90541,-3.79499,7.5,Spring,0.0394,70,44
Northern Gannet,58.04054,-7.22272,7.5,Spring,0.3036,4,2
Northern Gannet,58.04054,-6.97788,7.5,Spring,0.326,23,8
Northern Gannet,58.04054,-6.48821,7.5,Spring,0.1273,31,1
Northern Gannet,58.04054,-6.24337,7.5,Spring,0.1787,3,2
Northern Gannet,58.04054,-5.75369,7.5,Spring,0.167,13,4
Northern Gannet,58.04054,-5.50885,7.5,Spring,0.0883,6,1
Northern Gannet,58.04054,-3.79499,7.5,Spring,0.1754,75,37
Northern Gannet,58.17568,-7.22272,7.5,Spring,0.2918,1,1
Northern Gannet,58.17568,-6.97788,7.5,Spring,0.1988,41,12
Northern Gannet,58.17568,-6.73304,7.5,Spring,0.2548,86,1
Northern Gannet,58.17568,-6.48821,7.5,Spring,0.0672,169,9
Northern Gannet,58.17568,-6.24337,7.5,Spring,0.1991,77,19
Northern Gannet,58.17568,-5.75369,7.5,Spring,0.1661,1,1
Northern Gannet,58.17568,-5.50885,7.5,Spring,0.0651,17,11
Northern Gannet,58.17568,-5.26402,7.5,Spring,0.1215,130,16
Northern Gannet,58.17568,-3.55015,7.5,Spring,0.1762,19,3
Northern Gannet,58.17568,-1.83628,7.5,Spring,0.4276,1,1
Northern Gannet,58.31081,-6.97788,7.5,Spring,0.2784,33,13
Northern Gannet,58.31081,-6.73304,7.5,Spring,0.292,84,25
Northern Gannet,58.31081,-6.48821,7.5,Spring,0.1195,58,17
Northern Gannet,58.31081,-6.24337,7.5,Spring,0.4307,135,48
Northern Gannet,58.31081,-5.26402,7.5,Spring,0.0384,43,6
Northern Gannet,58.31081,-3.30531,7.5,Spring,0.0404,19,1
Northern Gannet,58.31081,-3.06047,7.5,Spring,0.0353,18,1
Northern Gannet,58.31081,-2.08112,7.5,Spring,0.2488,5,3
Northern Gannet,58.44595,-6.48821,7.5,Spring,0.2545,12,4
Northern Gannet,58.44595,-6.24337,7.5,Spring,0.1507,106,25
Northern Gannet,58.44595,-5.26402,7.5,Spring,0.0384,89,38
Northern Gannet,58.44595,-5.01918,7.5,Spring,0.2307,31,3
Northern Gannet,58.44595,-4.77434,7.5,Spring,0.2217,4,2
Northern Gannet,58.44595,-3.06047,7.5,Spring,0.2658,87,23
Northern Gannet,58.44595,-2.32596,7.5,Spring,0.1535,4,2
Northern Gannet,58.44595,0.36726,7.5,Spring,0.5068,2,1
Northern Gannet,58.58108,-6.24337,7.5,Spring,0.2287,71,58
Northern Gannet,58.58108,-5.01918,7.5,Spring,0.2813,3,2
Northern Gannet,58.58108,-4.77434,7.5,Spring,0.3061,149,25
Northern Gannet,58.58108,-4.28466,7.5,Spring,0.0385,22,1
Northern Gannet,58.58108,-4.03983,7.5,Spring,0.1906,19,8
Northern Gannet,58.58108,-3.79499,7.5,Spring,0.1548,34,7
Northern Gannet,58.58108,-3.55015,7.5,Spring,0.0192,95,10
Northern Gannet,58.58108,-3.30531,7.5,Spring,0.0222,100,5
Northern Gannet,58.58108,-3.06047,7.5,Spring,0.4482,142,55
Northern Gannet,58.58108,-2.32596,7.5,Spring,0.1917,3,1
Northern Gannet,58.71622,-3.55015,7.5,Spring,0.0363,6,6
Northern Gannet,58.71622,-3.30531,7.5,Spring,0.0331,86,27
Northern Gannet,58.71622,-3.06047,7.5,Spring,0.2414,32,5
Northern Gannet,58.71622,-2.32596,7.5,Spring,0.21,2,2
Northern Gannet,58.85135,-4.5295,7.5,Spring,0.0633,1,1
Northern Gannet,58.85135,-3.55015,7.5,Spring,0.1102,6,4
Northern Gannet,58.85135,-3.30531,7.5,Spring,0.0537,97,7
Northern Gannet,58.85135,-3.06047,7.5,Spring,0.0654,66,6
Northern Gannet,58.85135,-2.81564,7.5,Spring,0.1055,115,12
Northern Gannet,58.85135,-1.34661,7.5,Spring,0.5111,1,1
Northern Gannet,58.98649,-3.30531,7.5,Spring,0.0291,299,23
Northern Gannet,58.98649,-3.06047,7.5,Spring,0.2794,323,20
Northern Gannet,58.98649,-2.81564,7.5,Spring,0.2554,106,21
Northern Gannet,59.12162,-5.75369,7.5,Spring,0.4214,1,1
Northern Gannet,59.12162,-4.28466,7.5,Spring,0.1579,1,1
Northern Gannet,59.12162,-3.30531,7.5,Spring,0.1535,228,81
Northern Gannet,59.12162,-3.06047,7.5,Spring,0.334,182,17
Northern Gannet,59.12162,-2.81564,7.5,Spring,0.1113,15,4
Northern Gannet,59.12162,-2.5708,7.5,Spring,0.5872,7,1
Northern Gannet,59.25676,-3.06047,7.5,Spring,0.2652,27,9
Northern Gannet,59.25676,-2.81564,7.5,Spring,0.4812,23,3
Northern Gannet,59.25676,-2.5708,7.5,Spring,0.5805,8,1
Northern Gannet,59.25676,-2.32596,7.5,Spring,0.3967,2,2
Northern Gannet,59.39189,-3.06047,7.5,Spring,0.2462,21,11
Northern Gannet,59.39189,-2.81564,7.5,Spring,0.3206,24,10
Northern Gannet,59.39189,-2.32596,7.5,Spring,0.4429,344,217
Northern Gannet,59.39189,-2.08112,7.5,Spring,0.3812,2,2
Northern Gannet,59.39189,-1.83628,7.5,Spring,0.5012,4,4
Northern Gannet,59.39189,-1.59145,7.5,Spring,0.4848,3,3
Northern Gannet,59.52703,-7.22272,7.5,Spring,0.5059,1,1
Northern Gannet,59.52703,-5.99853,7.5,Spring,0.462,1,1
Northern Gannet,59.52703,-2.08112,7.5,Spring,0.4252,1,1
Northern Gannet,59.52703,-1.83628,7.5,Spring,0.4814,2,2
Northern Gannet,59.52703,-1.59145,7.5,Spring,0.6247,456,329
Northern Gannet,59.66216,-1.59145,7.5,Spring,0.4362,2,2
Northern Gannet,59.66216,-1.34661,7.5,Spring,0.3858,2,2
Northern Gannet,59.7973,-1.34661,7.5,Spring,0.2749,175,118
Northern Gannet,59.7973,-1.10177,7.5,Spring,0.3878,3,3
Northern Gannet,59.93243,-6.24337,7.5,Spring,0.4387,1,1
Northern Gannet,59.93243,-2.32596,7.5,Spring,0.3626,1,1
Northern Gannet,59.93243,-1.34661,7.5,Spring,0.1001,1629,263
Northern Gannet,59.93243,-1.10177,7.5,Spring,0.2767,131,33
Northern Gannet,59.93243,-0.85693,7.5,Spring,0.2736,1,1
Northern Gannet,60.06757,-2.08112,7.5,Spring,0.2874,22,7
Northern Gannet,60.06757,-1.34661,7.5,Spring,0.0787,437,36
Northern Gannet,60.06757,-1.10177,7.5,Spring,0.4193,123,36
Northern Gannet,60.2027,-1.59145,7.5,Spring,0.08,49,6
Northern Gannet,60.2027,-1.34661,7.5,Spring,0.0931,134,1
Northern Gannet,60.2027,-1.10177,7.5,Spring,0.1018,488,121
Northern Gannet,60.2027,-0.85693,7.5,Spring,0.2411,1,1
Northern Gannet,60.33784,-5.01918,7.5,Spring,0.3861,1,1
Northern Gannet,60.33784,-1.59145,7.5,Spring,0.066,34,10
Northern Gannet,60.33784,-1.34661,7.5,Spring,0.0456,70,2
Northern Gannet,60.33784,-1.10177,7.5,Spring,0.2161,26,9
Northern Gannet,60.33784,-0.85693,7.5,Spring,0.1573,5,2
Northern Gannet,60.47297,-1.59145,7.5,Spring,0.4399,71,26
Northern Gannet,60.47297,-1.34661,7.5,Spring,0.258,52,1
Northern Gannet,60.47297,-1.10177,7.5,Spring,0.1706,58,10
Northern Gannet,60.47297,-0.85693,7.5,Spring,0.278,26,15
Northern Gannet,60.60811,-1.34661,7.5,Spring,0.3273,24,3
Northern Gannet,60.60811,-1.10177,7.5,Spring,0.4669,33,4
Northern Gannet,60.60811,-0.85693,7.5,Spring,0.144,78,12
Northern Gannet,60.74324,-1.10177,7.5,Spring,0.514,20,7
Northern Gannet,60.74324,-0.85693,7.5,Spring,0.1252,385,86
Northern Gannet,60.87838,-0.85693,7.5,Spring,0.2498,114,90
Northern Gannet,54.52703,-5.01918,7.5,Summer,0.1507,2,2
Northern Gannet,54.52703,-4.77434,7.5,Summer,0.0803,6,6
Northern Gannet,54.66216,-5.26402,7.5,Summer,0.1942,2,2
Northern Gannet,54.66216,-5.01918,7.5,Summer,0.1264,12,6
Northern Gannet,54.66216,-4.77434,7.5,Summer,0.0667,43,36
Northern Gannet,54.66216,-4.5295,7.5,Summer,0.0634,1,1
Northern Gannet,54.66216,-4.28466,7.5,Summer,0.0241,11,4
Northern Gannet,54.7973,-5.01918,7.5,Summer,0.1512,55,17
Northern Gannet,54.7973,-4.77434,7.5,Summer,0.0873,8,4
Northern Gannet,54.7973,-4.5295,7.5,Summer,0.0204,34,1
Northern Gannet,54.7973,-4.28466,7.5,Summer,0.0135,27,4
Northern Gannet,54.7973,-3.79499,7.5,Summer,0.0102,22,2
Northern Gannet,54.93243,-5.50885,7.5,Summer,0.1367,2,2
Northern Gannet,54.93243,-5.26402,7.5,Summer,0.1541,2,2
Northern Gannet,54.93243,-5.01918,7.5,Summer,0.1085,74,28
Northern Gannet,54.93243,-3.79499,7.5,Summer,0.0031,76,2
Northern Gannet,55.06757,-5.50885,7.5,Summer,0.1262,1,1
Northern Gannet,55.06757,-5.26402,7.5,Summer,0.1844,23,22
Northern Gannet,55.06757,-5.01918,7.5,Summer,0.4197,12,5
Northern Gannet,55.2027,-5.75369,7.5,Summer,0.2967,2,2
Northern Gannet,55.2027,-5.01918,7.5,Summer,0.1376,17,10
Northern Gannet,55.2027,-4.77434,7.5,Summer,0.022,30,11
Northern Gannet,55.33784,-5.75369,7.5,Summer,0.2484,17,9
Northern Gannet,55.33784,-5.50885,7.5,Summer,0.1418,14,4
Northern Gannet,55.33784,-4.77434,7.5,Summer,0.039,137,62
Northern Gannet,55.47297,-5.99853,7.5,Summer,0.2955,1,1
Northern Gannet,55.47297,-5.75369,7.5,Summer,0.23,39,23
Northern Gannet,55.47297,-5.50885,7.5,Summer,0.4564,25,4
Northern Gannet,55.47297,-5.26402,7.5,Summer,0.1106,20,6
Northern Gannet,55.47297,-5.01918,7.5,Summer,0.1548,38,23
Northern Gannet,55.47297,-4.77434,7.5,Summer,0.0238,450,143
Northern Gannet,55.47297,-4.5295,7.5,Summer,0.0027,794,34
Northern Gannet,55.60811,-6.24337,7.5,Summer,0.3567,83,26
Northern Gannet,55.60811,-5.99853,7.5,Summer,0.2497,10,1
Northern Gannet,55.60811,-5.75369,7.5,Summer,0.2387,15,5
Northern Gannet,55.60811,-5.50885,7.5,Summer,0.3685,12,1
Northern Gannet,55.60811,-5.26402,7.5,Summer,0.1231,104,14
Northern Gannet,55.60811,-5.01918,7.5,Summer,0.1786,24,17
Northern Gannet,55.60811,-4.77434,7.5,Summer,0.0314,3125,844
Northern Gannet,55.60811,-4.5295,7.5,Summer,0.0026,27860,3
Northern Gannet,55.74324,-6.48821,7.5,Summer,0.3816,38,16
Northern Gannet,55.74324,-6.24337,7.5,Summer,0.1004,63,7
Northern Gannet,55.74324,-5.99853,7.5,Summer,0.1396,12,5
Northern Gannet,55.74324,-5.75369,7.5,Summer,0.2469,17,9
Northern Gannet,55.74324,-5.50885,7.5,Summer,0.0942,42,14
Northern Gannet,55.74324,-5.26402,7.5,Summer,0.124,32,10
Northern Gannet,55.74324,-5.01918,7.5,Summer,0.4117,93,35
Northern Gannet,55.74324,-4.77434,7.5,Summer,0.0139,62,5
Northern Gannet,55.87838,-6.73304,7.5,Summer,0.3563,1,1
Northern Gannet,55.87838,-6.48821,7.5,Summer,0.1523,11,4
Northern Gannet,55.87838,-6.24337,7.5,Summer,0.2969,94,13
Northern Gannet,55.87838,-5.99853,7.5,Summer,0.1815,21,2
Northern Gannet,55.87838,-5.75369,7.5,Summer,0.1613,7,4
Northern Gannet,55.87838,-5.50885,7.5,Summer,0.0429,48,23
Northern Gannet,55.87838,-5.26402,7.5,Summer,0.1338,24,11
Northern Gannet,55.87838,-5.01918,7.5,Summer,0.3268,15,5
Northern Gannet,55.87838,-4.77434,7.5,Summer,0.0087,45,7
Northern Gannet,55.87838,-3.30531,7.5,Summer,0.0026,1184,1
Northern Gannet,55.87838,-3.06047,7.5,Summer,0.0035,1626,116
Northern Gannet,55.87838,-2.32596,7.5,Summer,0.0472,75,29
Northern Gannet,55.87838,-2.08112,7.5,Summer,0.5967,295,185
Northern Gannet,56.01351,-7.22272,7.5,Summer,0.4311,1,1
Northern Gannet,56.01351,-6.73304,7.5,Summer,0.3668,1,1
Northern Gannet,56.01351,-6.24337,7.5,Summer,0.1789,22,3
Northern Gannet,56.01351,-5.99853,7.5,Summer,0.2999,3,2
Northern Gannet,56.01351,-5.75369,7.5,Summer,0.148,13,5
Northern Gannet,56.01351,-5.50885,7.5,Summer,0.0183,37,1
Northern Gannet,56.01351,-5.26402,7.5,Summer,0.0344,22,3
Northern Gannet,56.01351,-5.01918,7.5,Summer,0.0067,85,21
Northern Gannet,56.01351,-4.77434,7.5,Summer,0.1276,128,23
Northern Gannet,56.01351,-3.30531,7.5,Summer,0.0103,2181,94
Northern Gannet,56.01351,-3.06047,7.5,Summer,0.0083,2396,666
Northern Gannet,56.01351,-2.81564,7.5,Summer,0.049,786,308
Northern Gannet,56.01351,-2.5708,7.5,Summer,0.6337,613,333
Northern Gannet,56.01351,-2.32596,7.5,Summer,0.2618,130,97
Northern Gannet,56.14865,-7.46756,7.5,Summer,0.4385,1,1
Northern Gannet,56.14865,-6.24337,7.5,Summer,0.1513,6,1
Northern Gannet,56.14865,-5.75369,7.5,Summer,0.2478,5,1
Northern Gannet,56.14865,-5.50885,7.5,Summer,0.0649,74,5
Northern Gannet,56.14865,-5.26402,7.5,Summer,0.0328,28,2
Northern Gannet,56.14865,-5.01918,7.5,Summer,0.0154,10,1
Northern Gannet,56.14865,-4.77434,7.5,Summer,0.0085,98,16
Northern Gannet,56.14865,-4.5295,7.5,Summer,0.0027,225,1
Northern Gannet,56.14865,-3.06047,7.5,Summer,0.032,158,50
Northern Gannet,56.14865,-2.81564,7.5,Summer,0.0227,174,95
Northern Gannet,56.14865,-2.5708,7.5,Summer,0.1429,245,205
Northern Gannet,56.14865,-2.32596,7.5,Summer,0.0251,2,2
Northern Gannet,56.28378,-8.69175,7.5,Summer,0.4448,1,1
Northern Gannet,56.28378,-6.48821,7.5,Summer,0.329,238,75
Northern Gannet,56.28378,-6.24337,7.5,Summer,0.3308,89,6
Northern Gannet,56.28378,-5.99853,7.5,Summer,0.046,3,1
Northern Gannet,56.28378,-5.75369,7.5,Summer,0.0208,34,10
Northern Gannet,56.28378,-5.50885,7.5,Summer,0.1821,51,5
Northern Gannet,56.28378,-5.01918,7.5,Summer,0.014,74,9
Northern Gannet,56.28378,-2.81564,7.5,Summer,0.0055,1122,170
Northern Gannet,56.28378,-2.5708,7.5,Summer,0.638,524,422
Northern Gannet,56.28378,-2.32596,7.5,Summer,0.0109,1,1
Northern Gannet,56.28378,-1.34661,7.5,Summer,0.3789,3,3
Northern Gannet,56.41892,-8.20207,7.5,Summer,0.4397,1,1
Northern Gannet,56.41892,-6.97788,7.5,Summer,0.2417,37,17
Northern Gannet,56.41892,-6.48821,7.5,Summer,0.2417,1,1
Northern Gannet,56.41892,-6.24337,7.5,Summer,0.0346,224,68
Northern Gannet,56.41892,-5.99853,7.5,Summer,0.0332,294,24
Northern Gannet,56.41892,-5.75369,7.5,Summer,0.2274,361,61
Northern Gannet,56.41892,-5.50885,7.5,Summer,0.0685,433,72
Northern Gannet,56.41892,-2.81564,7.5,Summer,0.3135,590,76
Northern Gannet,56.55405,-6.97788,7.5,Summer,0.2352,19,4
Northern Gannet,56.55405,-6.73304,7.5,Summer,0.3024,37,8
Northern Gannet,56.55405,-6.48821,7.5,Summer,0.3119,134,46
Northern Gannet,56.55405,-6.24337,7.5,Summer,0.0489,192,26
Northern Gannet,56.55405,-5.99853,7.5,Summer,0.0934,274,21
Northern Gannet,56.55405,-5.75369,7.5,Summer,0.2194,81,9
Northern Gannet,56.55405,-5.50885,7.5,Summer,0.0177,37,3
Northern Gannet,56.55405,-5.26402,7.5,Summer,0.2202,36,1
Northern Gannet,56.55405,-2.81564,7.5,Summer,0.0041,30,6
Northern Gannet,56.55405,-2.5708,7.5,Summer,0.2203,98,33
Northern Gannet,56.55405,0.36726,7.5,Summer,0.3755,1,1
Northern Gannet,56.68919,-6.73304,7.5,Summer,0.2391,2,1
Northern Gannet,56.68919,-6.48821,7.5,Summer,0.3212,30,10
Northern Gannet,56.68919,-6.24337,7.5,Summer,0.2939,70,33
Northern Gannet,56.68919,-5.99853,7.5,Summer,0.1985,168,20
Northern Gannet,56.68919,-5.50885,7.5,Summer,0.0428,44,3
Northern Gannet,56.68919,-5.26402,7.5,Summer,0.0434,139,14
Northern Gannet,56.68919,-5.01918,7.5,Summer,0.0153,304,1
Northern Gannet,56.68919,-2.5708,7.5,Summer,0.1651,238,32
Northern Gannet,56.68919,-2.32596,7.5,Summer,0.1184,30,24
Northern Gannet,56.82432,-8.93659,7.5,Summer,0.3853,2,2
Northern Gannet,56.82432,-7.7124,7.5,Summer,0.3611,5,3
Northern Gannet,56.82432,-6.73304,7.5,Summer,0.2977,5,4
Northern Gannet,56.82432,-6.24337,7.5,Summer,0.1628,21,5
Northern Gannet,56.82432,-5.99853,7.5,Summer,0.177,11,5
Northern Gannet,56.82432,-5.75369,7.5,Summer,0.0473,93,14
Northern Gannet,56.82432,-5.26402,7.5,Summer,0.0042,33,1
Northern Gannet,56.82432,-5.01918,7.5,Summer,0.0035,276,3
Northern Gannet,56.82432,-2.5708,7.5,Summer,0.0061,78,4
Northern Gannet,56.82432,-2.32596,7.5,Summer,0.2072,71,36
Northern Gannet,56.95946,-7.46756,7.5,Summer,0.2552,118,17
Northern Gannet,56.95946,-7.22272,7.5,Summer,0.303,1,1
Northern Gannet,56.95946,-6.24337,7.5,Summer,0.1547,43,10
Northern Gannet,56.95946,-5.99853,7.5,Summer,0.2073,9,6
Northern Gannet,56.95946,-5.75369,7.5,Summer,0.0268,122,27
Northern Gannet,56.95946,-2.32596,7.5,Summer,0.0177,53,5
Northern Gannet,56.95946,-2.08112,7.5,Summer,0.031,272,99
Northern Gannet,57.09459,-7.46756,7.5,Summer,0.2329,86,44
Northern Gannet,57.09459,-7.22272,7.5,Summer,0.2988,41,16
Northern Gannet,57.09459,-6.97788,7.5,Summer,0.3194,1,1
Northern Gannet,57.09459,-6.73304,7.5,Summer,0.2628,2,2
Northern Gannet,57.09459,-6.48821,7.5,Summer,0.1335,39,14
Northern Gannet,57.09459,-6.24337,7.5,Summer,0.0934,7,1
Northern Gannet,57.09459,-5.99853,7.5,Summer,0.3118,105,42
Northern Gannet,57.09459,-5.75369,7.5,Summer,0.2235,94,32
Northern Gannet,57.09459,-4.77434,7.5,Summer,0.0028,136,1
Northern Gannet,57.09459,-2.08112,7.5,Summer,0.3839,1194,482
Northern Gannet,57.09459,-1.83628,7.5,Summer,0.1068,2,2
Northern Gannet,57.22973,-7.46756,7.5,Summer,0.3372,112,42
Northern Gannet,57.22973,-7.22272,7.5,Summer,0.0756,26,3
Northern Gannet,57.22973,-6.97788,7.5,Summer,0.2525,1,1
Northern Gannet,57.22973,-6.48821,7.5,Summer,0.1113,21,6
Northern Gannet,57.22973,-6.24337,7.5,Summer,0.0247,148,5
Northern Gannet,57.22973,-5.99853,7.5,Summer,0.0988,364,35
Northern Gannet,57.22973,-5.75369,7.5,Summer,0.0512,148,14
Northern Gannet,57.22973,-5.50885,7.5,Summer,0.069,171,1
Northern Gannet,57.22973,-4.5295,7.5,Summer,0.0026,77,1
Northern Gannet,57.22973,-2.08112,7.5,Summer,0.0608,267,20
Northern Gannet,57.22973,-1.83628,7.5,Summer,0.1001,5,5
Northern Gannet,57.36486,-7.46756,7.5,Summer,0.1078,123,19
Northern Gannet,57.36486,-7.22272,7.5,Summer,0.0771,80,11
Northern Gannet,57.36486,-6.73304,7.5,Summer,0.2408,94,56
Northern Gannet,57.36486,-6.48821,7.5,Summer,0.3005,93,12
Northern Gannet,57.36486,-6.24337,7.5,Summer,0.0308,292,18
Northern Gannet,57.36486,-5.99853,7.5,Summer,0.2515,33,10
Northern Gannet,57.36486,-5.50885,7.5,Summer,0.1816,51,1
Northern Gannet,57.36486,-2.08112,7.5,Summer,0.0125,330,20
Northern Gannet,57.36486,-1.83628,7.5,Summer,0.0882,74,15
Northern Gannet,57.5,-7.46756,7.5,Summer,0.1159,165,10
Northern Gannet,57.5,-7.22272,7.5,Summer,0.2368,111,5
Northern Gannet,57.5,-6.73304,7.5,Summer,0.2927,402,109
Northern Gannet,57.5,-6.48821,7.5,Summer,0.0665,157,12
Northern Gannet,57.5,-6.24337,7.5,Summer,0.0222,189,7
Northern Gannet,57.5,-5.99853,7.5,Summer,0.24,4,1
Northern Gannet,57.5,-5.75369,7.5,Summer,0.0227,62,8
Northern Gannet,57.5,-5.50885,7.5,Summer,0.0139,59,3
Northern Gannet,57.5,-4.28466,7.5,Summer,0.0063,814,3
Northern Gannet,57.5,-4.03983,7.5,Summer,0.0029,626,11
Northern Gannet,57.5,-1.83628,7.5,Summer,0.0754,107,27
Northern Gannet,57.5,-1.10177,7.5,Summer,0.2082,1,1
Northern Gannet,57.63514,-7.46756,7.5,Summer,0.0767,350,86
Northern Gannet,57.63514,-7.22272,7.5,Summer,0.3554,116,12
Northern Gannet,57.63514,-6.97788,7.5,Summer,0.1479,9,5
Northern Gannet,57.63514,-6.73304,7.5,Summer,0.2016,13,9
Northern Gannet,57.63514,-6.48821,7.5,Summer,0.1984,167,19
Northern Gannet,57.63514,-6.24337,7.5,Summer,0.3627,443,104
Northern Gannet,57.63514,-5.75369,7.5,Summer,0.3597,46,14
Northern Gannet,57.63514,-4.28466,7.5,Summer,0.1053,189,6
Northern Gannet,57.63514,-4.03983,7.5,Summer,0.2401,742,141
Northern Gannet,57.63514,-3.79499,7.5,Summer,0.0154,187,26
Northern Gannet,57.63514,-3.55015,7.5,Summer,0.0148,190,20
Northern Gannet,57.63514,-3.06047,7.5,Summer,0.0219,170,49
Northern Gannet,57.63514,-2.81564,7.5,Summer,0.048,26,8
Northern Gannet,57.63514,-2.5708,7.5,Summer,0.1248,33,19
Northern Gannet,57.63514,-2.32596,7.5,Summer,0.1147,124,94
Northern Gannet,57.63514,-2.08112,7.5,Summer,0.0589,34,12
Northern Gannet,57.63514,-1.83628,7.5,Summer,0.0834,145,23
Northern Gannet,57.63514,-0.36726,7.5,Summer,0.338,1,1
Northern Gannet,57.77027,-8.69175,7.5,Summer,0.4515,36,18
Northern Gannet,57.77027,-8.44691,7.5,Summer,0.4592,18,13
Northern Gannet,57.77027,-7.22272,7.5,Summer,0.4026,64,19
Northern Gannet,57.77027,-6.97788,7.5,Summer,0.3395,108,35
Northern Gannet,57.77027,-6.73304,7.5,Summer,0.4061,13,6
Northern Gannet,57.77027,-6.48821,7.5,Summer,0.3623,5,5
Northern Gannet,57.77027,-6.24337,7.5,Summer,0.2933,14,10
Northern Gannet,57.77027,-5.75369,7.5,Summer,0.1769,159,60
Northern Gannet,57.77027,-5.50885,7.5,Summer,0.0897,82,5
Northern Gannet,57.77027,-3.79499,7.5,Summer,0.0596,180,84
Northern Gannet,57.77027,-3.55015,7.5,Summer,0.0367,104,64
Northern Gannet,57.77027,-3.30531,7.5,Summer,0.0247,140,40
Northern Gannet,57.77027,-2.81564,7.5,Summer,0.2711,24,10
Northern Gannet,57.77027,-1.83628,7.5,Summer,0.4124,2,2
Northern Gannet,57.77027,-1.59145,7.5,Summer,0.439,1,1
Northern Gannet,57.77027,-0.12242,7.5,Summer,0.5585,1,1
Northern Gannet,57.90541,-8.44691,7.5,Summer,0.4077,5,5
Northern Gannet,57.90541,-6.97788,7.5,Summer,0.3828,77,22
Northern Gannet,57.90541,-6.73304,7.5,Summer,0.3261,63,12
Northern Gannet,57.90541,-6.48821,7.5,Summer,0.3149,1,1
Northern Gannet,57.90541,-6.24337,7.5,Summer,0.3143,17,14
Northern Gannet,57.90541,-5.75369,7.5,Summer,0.1985,41,22
Northern Gannet,57.90541,-5.50885,7.5,Summer,0.1034,122,37
Northern Gannet,57.90541,-5.26402,7.5,Summer,0.3106,175,25
Northern Gannet,57.90541,-4.03983,7.5,Summer,0.0521,246,32
Northern Gannet,57.90541,-3.79499,7.5,Summer,0.0621,52,40
Northern Gannet,58.04054,-7.46756,7.5,Summer,0.25,1,1
Northern Gannet,58.04054,-6.97788,7.5,Summer,0.3606,28,5
Northern Gannet,58.04054,-6.73304,7.5,Summer,0.2473,36,1
Northern Gannet,58.04054,-6.48821,7.5,Summer,0.1281,51,4
Northern Gannet,58.04054,-6.24337,7.5,Summer,0.2223,1,1
Northern Gannet,58.04054,-5.75369,7.5,Summer,0.2041,27,25
Northern Gannet,58.04054,-5.50885,7.5,Summer,0.0996,7,2
Northern Gannet,58.04054,-5.26402,7.5,Summer,0.0464,31,9
Northern Gannet,58.04054,-4.03983,7.5,Summer,0.0102,57,4
Northern Gannet,58.04054,-3.79499,7.5,Summer,0.2428,81,30
Northern Gannet,58.04054,-1.83628,7.5,Summer,0.5066,1,1
Northern Gannet,58.17568,-7.22272,7.5,Summer,0.3174,2,2
Northern Gannet,58.17568,-6.97788,7.5,Summer,0.2148,82,37
Northern Gannet,58.17568,-6.73304,7.5,Summer,0.2915,84,3
Northern Gannet,58.17568,-6.48821,7.5,Summer,0.0703,142,7
Northern Gannet,58.17568,-6.24337,7.5,Summer,0.2736,101,20
Northern Gannet,58.17568,-5.75369,7.5,Summer,0.2143,5,1
Northern Gannet,58.17568,-5.50885,7.5,Summer,0.0735,27,25
Northern Gannet,58.17568,-5.26402,7.5,Summer,0.114,123,14
Northern Gannet,58.17568,-3.55015,7.5,Summer,0.2156,44,8
Northern Gannet,58.17568,-3.30531,7.5,Summer,0.0876,48,48
Northern Gannet,58.17568,-1.83628,7.5,Summer,0.5064,1,1
Northern Gannet,58.31081,-7.46756,7.5,Summer,0.2754,1,1
Northern Gannet,58.31081,-6.97788,7.5,Summer,0.3098,11,7
Northern Gannet,58.31081,-6.73304,7.5,Summer,0.3284,126,40
Northern Gannet,58.31081,-6.48821,7.5,Summer,0.1292,64,16
Northern Gannet,58.31081,-6.24337,7.5,Summer,0.4617,163,82
Northern Gannet,58.31081,-5.50885,7.5,Summer,0.0815,6,4
Northern Gannet,58.31081,-5.26402,7.5,Summer,0.0452,70,19
Northern Gannet,58.31081,-3.30531,7.5,Summer,0.0592,52,11
Northern Gannet,58.44595,-6.48821,7.5,Summer,0.292,19,4
Northern Gannet,58.44595,-6.24337,7.5,Summer,0.1816,130,37
Northern Gannet,58.44595,-5.50885,7.5,Summer,0.0748,1,1
Northern Gannet,58.44595,-5.26402,7.5,Summer,0.043,94,43
Northern Gannet,58.44595,-5.01918,7.5,Summer,0.3016,54,4
Northern Gannet,58.44595,-4.77434,7.5,Summer,0.2737,11,1
Northern Gannet,58.44595,-3.06047,7.5,Summer,0.3441,74,26
Northern Gannet,58.44595,-1.83628,7.5,Summer,0.5273,1,1
Northern Gannet,58.58108,-6.24337,7.5,Summer,0.2904,87,79
Northern Gannet,58.58108,-5.01918,7.5,Summer,0.3432,8,3
Northern Gannet,58.58108,-4.77434,7.5,Summer,0.3604,110,29
Northern Gannet,58.58108,-4.5295,7.5,Summer,0.2682,26,7
Northern Gannet,58.58108,-4.28466,7.5,Summer,0.0513,31,8
Northern Gannet,58.58108,-4.03983,7.5,Summer,0.2521,37,24
Northern Gannet,58.58108,-3.79499,7.5,Summer,0.1959,34,7
Northern Gannet,58.58108,-3.55015,7.5,Summer,0.0215,117,28
Northern Gannet,58.58108,-3.30531,7.5,Summer,0.0286,172,37
Northern Gannet,58.58108,-3.06047,7.5,Summer,0.4972,174,70
Northern Gannet,58.58108,0.12242,7.5,Summer,0.614,10,8
Northern Gannet,58.71622,-5.26402,7.5,Summer,0.1419,1,1
Northern Gannet,58.71622,-4.77434,7.5,Summer,0.0597,1,1
Northern Gannet,58.71622,-3.55015,7.5,Summer,0.049,6,3
Northern Gannet,58.71622,-3.30531,7.5,Summer,0.051,103,52
Northern Gannet,58.71622,-3.06047,7.5,Summer,0.3014,37,7
Northern Gannet,58.71622,-2.81564,7.5,Summer,0.3972,3,2
Northern Gannet,58.85135,-3.55015,7.5,Summer,0.1696,10,9
Northern Gannet,58.85135,-3.30531,7.5,Summer,0.0787,113,16
Northern Gannet,58.85135,-3.06047,7.5,Summer,0.0871,70,19
Northern Gannet,58.85135,-2.81564,7.5,Summer,0.1405,183,21
Northern Gannet,58.85135,-2.5708,7.5,Summer,0.1599,5,1
Northern Gannet,58.98649,-3.55015,7.5,Summer,0.122,1,1
Northern Gannet,58.98649,-3.30531,7.5,Summer,0.0411,530,51
Northern Gannet,58.98649,-3.06047,7.5,Summer,0.3644,416,26
Northern Gannet,58.98649,-2.81564,7.5,Summer,0.3511,119,45
Northern Gannet,58.98649,-2.5708,7.5,Summer,0.1042,2,1
Northern Gannet,59.12162,-6.24337,7.5,Summer,0.488,2,2
Northern Gannet,59.12162,-5.75369,7.5,Summer,0.4903,4,4
Northern Gannet,59.12162,-4.5295,7.5,Summer,0.2678,1,1
Northern Gannet,59.12162,-3.30531,7.5,Summer,0.2209,447,148
Northern Gannet,59.12162,-3.06047,7.5,Summer,0.45,316,53
Northern Gannet,59.12162,-2.81564,7.5,Summer,0.1579,13,6
Northern Gannet,59.12162,-2.5708,7.5,Summer,0.6258,12,5
Northern Gannet,59.25676,-3.06047,7.5,Summer,0.322,56,23
Northern Gannet,59.25676,-2.81564,7.5,Summer,0.5378,63,17
Northern Gannet,59.25676,-2.5708,7.5,Summer,0.6112,15,9
Northern Gannet,59.25676,-2.32596,7.5,Summer,0.4723,5,5
Northern Gannet,59.25676,-1.59145,7.5,Summer,0.6178,1,1
Northern Gannet,59.39189,-3.06047,7.5,Summer,0.2885,41,29
Northern Gannet,59.39189,-2.81564,7.5,Summer,0.3455,16,9
Northern Gannet,59.39189,-2.32596,7.5,Summer,0.5261,184,122
Northern Gannet,59.39189,-1.59145,7.5,Summer,0.5762,5,5
Northern Gannet,59.52703,-2.32596,7.5,Summer,0.464,1,1
Northern Gannet,59.52703,-1.59145,7.5,Summer,0.6576,354,310
Northern Gannet,59.52703,-1.10177,7.5,Summer,0.5859,2,2
Northern Gannet,59.66216,-1.34661,7.5,Summer,0.4857,1,1
Northern Gannet,59.66216,-1.10177,7.5,Summer,0.5042,1,1
Northern Gannet,59.7973,-1.34661,7.5,Summer,0.3657,226,165
Northern Gannet,59.93243,-1.34661,7.5,Summer,0.1329,1489,524
Northern Gannet,59.93243,-1.10177,7.5,Summer,0.331,126,45
Northern Gannet,60.06757,-5.01918,7.5,Summer,0.4415,1,1
Northern Gannet,60.06757,-2.08112,7.5,Summer,0.3768,17,7
Northern Gannet,60.06757,-1.34661,7.5,Summer,0.2131,208,27
Northern Gannet,60.06757,-1.10177,7.5,Summer,0.5046,75,44
Northern Gannet,60.06757,-0.85693,7.5,Summer,0.3503,2,2
Northern Gannet,60.2027,-3.79499,7.5,Summer,0.553,6,6
Northern Gannet,60.2027,-2.08112,7.5,Summer,0.3553,4,3
Northern Gannet,60.2027,-1.59145,7.5,Summer,0.1266,33,4
Northern Gannet,60.2027,-1.34661,7.5,Summer,0.1482,126,4
Northern Gannet,60.2027,-1.10177,7.5,Summer,0.1279,394,136
Northern Gannet,60.2027,1.10177,7.5,Summer,0.6369,1,1
Northern Gannet,60.2027,1.83628,7.5,Summer,0.635,2,2
Northern Gannet,60.33784,-1.59145,7.5,Summer,0.1093,54,25
Northern Gannet,60.33784,-1.34661,7.5,Summer,0.0784,85,3
Northern Gannet,60.33784,-1.10177,7.5,Summer,0.2708,45,9
Northern Gannet,60.33784,-0.61209,7.5,Summer,0.3845,1,1
Northern Gannet,60.47297,-2.08112,7.5,Summer,0.4007,1,1
Northern Gannet,60.47297,-1.59145,7.5,Summer,0.5079,123,53
Northern Gannet,60.47297,-1.34661,7.5,Summer,0.3223,54,5
Northern Gannet,60.47297,-1.10177,7.5,Summer,0.2087,77,27
Northern Gannet,60.47297,-0.85693,7.5,Summer,0.3461,10,6
Northern Gannet,60.60811,-2.32596,7.5,Summer,0.5083,1,1
Northern Gannet,60.60811,-1.34661,7.5,Summer,0.3936,30,1
Northern Gannet,60.60811,-1.10177,7.5,Summer,0.5202,58,9
Northern Gannet,60.60811,-0.85693,7.5,Summer,0.1729,218,51
Northern Gannet,60.60811,-0.12242,7.5,Summer,0.5895,1,1
Northern Gannet,60.74324,-1.59145,7.5,Summer,0.4663,1,1
Northern Gannet,60.74324,-1.10177,7.5,Summer,0.5579,31,12
Northern Gannet,60.74324,-0.85693,7.5,Summer,0.1455,401,124
Northern Gannet,60.74324,-0.36726,7.5,Summer,0.5546,1,1
Northern Gannet,60.74324,-0.12242,7.5,Summer,0.5971,1,1
Northern Gannet,60.87838,-1.83628,7.5,Summer,0.5943,1,1
Northern Gannet,60.87838,-0.85693,7.5,Summer,0.3026,127,106
Northern Gannet,61.01351,-1.83628,7.5,Summer,0.6009,1,1
Northern Gannet,54.66216,-4.77434,7.5,Winter,0.0232,12,3
Northern Gannet,54.7973,-5.01918,7.5,Winter,0.0236,27,1
Northern Gannet,54.93243,-5.01918,7.5,Winter,0.0076,90,1
Northern Gannet,55.06757,-5.26402,7.5,Winter,0.0178,3,1
Northern Gannet,55.33784,-4.77434,7.5,Winter,0.0046,114,2
Northern Gannet,55.47297,-5.75369,7.5,Winter,0.0144,36,2
Northern Gannet,55.47297,-4.77434,7.5,Winter,0.0046,596,5
Northern Gannet,55.60811,-6.24337,7.5,Winter,0.0266,95,9
Northern Gannet,55.60811,-5.50885,7.5,Winter,0.019,7,2
Northern Gannet,55.60811,-5.26402,7.5,Winter,0.0127,26,2
Northern Gannet,55.60811,-4.77434,7.5,Winter,0.0041,4222,32
Northern Gannet,55.74324,-6.48821,7.5,Winter,0.0329,93,1
Northern Gannet,55.74324,-6.24337,7.5,Winter,0.0072,265,2
Northern Gannet,55.74324,-5.99853,7.5,Winter,0.0097,16,2
Northern Gannet,55.87838,-6.48821,7.5,Winter,0.0112,23,1
Northern Gannet,55.87838,-6.24337,7.5,Winter,0.0141,204,3
Northern Gannet,55.87838,-5.99853,7.5,Winter,0.0125,16,1
Northern Gannet,55.87838,-2.32596,7.5,Winter,0.005,71,6
Northern Gannet,55.87838,-2.08112,7.5,Winter,0.1692,65,10
Northern Gannet,56.01351,-3.30531,7.5,Winter,0.0037,2000,9
Northern Gannet,56.01351,-3.06047,7.5,Winter,0.0031,1585,11
Northern Gannet,56.01351,-2.81564,7.5,Winter,0.004,874,12
Northern Gannet,56.01351,-2.5708,7.5,Winter,0.0284,643,35
Northern Gannet,56.01351,-2.32596,7.5,Winter,0.0143,144,25
Northern Gannet,56.14865,-3.06047,7.5,Winter,0.0042,302,10
Northern Gannet,56.14865,-2.81564,7.5,Winter,0.0038,219,12
Northern Gannet,56.28378,-2.81564,7.5,Winter,0.0028,1177,25
Northern Gannet,56.28378,-2.5708,7.5,Winter,0.0827,333,134
Northern Gannet,56.41892,-2.81564,7.5,Winter,0.0048,524,5
Northern Gannet,56.55405,-6.24337,7.5,Winter,0.0061,25,1
Northern Gannet,56.55405,-2.5708,7.5,Winter,0.0138,56,4
Northern Gannet,56.68919,-6.24337,7.5,Winter,0.0153,13,1
Northern Gannet,56.68919,-2.5708,7.5,Winter,0.0063,202,2
Northern Gannet,56.82432,-2.32596,7.5,Winter,0.0109,83,2
Northern Gannet,56.95946,-6.24337,7.5,Winter,0.0123,45,4
Northern Gannet,56.95946,-5.75369,7.5,Winter,0.0046,18,1
Northern Gannet,56.95946,-2.08112,7.5,Winter,0.0052,42,3
Northern Gannet,57.09459,-5.99853,7.5,Winter,0.01,8,1
Northern Gannet,57.09459,-2.08112,7.5,Winter,0.0102,1022,54
Northern Gannet,57.09459,-1.83628,7.5,Winter,0.0274,1,1
Northern Gannet,57.22973,-7.46756,7.5,Winter,0.0468,35,3
Northern Gannet,57.22973,-5.99853,7.5,Winter,0.0091,81,1
Northern Gannet,57.36486,-6.73304,7.5,Winter,0.0248,5,1
Northern Gannet,57.36486,-2.08112,7.5,Winter,0.0041,95,1
Northern Gannet,57.5,-6.73304,7.5,Winter,0.0154,244,5
Northern Gannet,57.5,-6.48821,7.5,Winter,0.0088,32,2
Northern Gannet,57.5,-4.28466,7.5,Winter,0.0031,622,1
Northern Gannet,57.5,-4.03983,7.5,Winter,0.0025,511,2
Northern Gannet,57.5,-1.83628,7.5,Winter,0.0098,27,8
Northern Gannet,57.63514,-7.46756,7.5,Winter,0.0199,7,2
Northern Gannet,57.63514,-6.24337,7.5,Winter,0.0374,95,15
Northern Gannet,57.63514,-4.03983,7.5,Winter,0.009,354,4
Northern Gannet,57.63514,-3.79499,7.5,Winter,0.0045,297,13
Northern Gannet,57.63514,-3.55015,7.5,Winter,0.0042,318,9
Northern Gannet,57.63514,-3.06047,7.5,Winter,0.0041,52,1
Northern Gannet,57.63514,-2.5708,7.5,Winter,0.0072,9,4
Northern Gannet,57.63514,-2.32596,7.5,Winter,0.0105,9,6
Northern Gannet,57.63514,-2.08112,7.5,Winter,0.0093,57,22
Northern Gannet,57.63514,-1.83628,7.5,Winter,0.0177,140,23
Northern Gannet,57.63514,-1.59145,7.5,Winter,0.0689,10,9
Northern Gannet,57.77027,-7.22272,7.5,Winter,0.0815,6,1
Northern Gannet,57.77027,-6.73304,7.5,Winter,0.077,5,1
Northern Gannet,57.77027,-5.75369,7.5,Winter,0.0293,31,2
Northern Gannet,57.77027,-3.79499,7.5,Winter,0.013,153,4
Northern Gannet,57.77027,-3.55015,7.5,Winter,0.0125,140,25
Northern Gannet,57.77027,-3.30531,7.5,Winter,0.0093,185,6
Northern Gannet,57.90541,-6.73304,7.5,Winter,0.0653,1,1
Northern Gannet,57.90541,-6.48821,7.5,Winter,0.0758,7,1
Northern Gannet,57.90541,-6.24337,7.5,Winter,0.1179,89,14
Northern Gannet,57.90541,-5.50885,7.5,Winter,0.0265,41,6
Northern Gannet,57.90541,-4.03983,7.5,Winter,0.0143,192,11
Northern Gannet,57.90541,-3.79499,7.5,Winter,0.0176,17,7
Northern Gannet,58.04054,-5.75369,7.5,Winter,0.0746,1,1
Northern Gannet,58.04054,-3.79499,7.5,Winter,0.0492,38,6
Northern Gannet,58.17568,-6.97788,7.5,Winter,0.0652,3,1
Northern Gannet,58.17568,-6.48821,7.5,Winter,0.0281,51,3
Northern Gannet,58.17568,-6.24337,7.5,Winter,0.0413,54,1
Northern Gannet,58.17568,-3.55015,7.5,Winter,0.0465,14,2
Northern Gannet,58.17568,-3.30531,7.5,Winter,0.0284,1,1
Northern Gannet,58.31081,-6.73304,7.5,Winter,0.0989,11,2
Northern Gannet,58.31081,-6.48821,7.5,Winter,0.0507,3,1
Northern Gannet,58.31081,-6.24337,7.5,Winter,0.1107,53,7
Northern Gannet,58.31081,-3.06047,7.5,Winter,0.0183,4,1
Northern Gannet,58.44595,-6.24337,7.5,Winter,0.0635,13,2
Northern Gannet,58.58108,-6.24337,7.5,Winter,0.1011,9,6
Northern Gannet,58.58108,-4.77434,7.5,Winter,0.0844,27,2
Northern Gannet,58.58108,-4.03983,7.5,Winter,0.0451,3,2
Northern Gannet,58.58108,-3.55015,7.5,Winter,0.0102,57,1
Northern Gannet,58.58108,-3.06047,7.5,Winter,0.0698,30,8
Northern Gannet,58.71622,-3.30531,7.5,Winter,0.0147,10,3
Northern Gannet,58.85135,-3.06047,7.5,Winter,0.0145,16,1
Northern Gannet,58.85135,-2.81564,7.5,Winter,0.0156,28,2
Northern Gannet,58.98649,-3.06047,7.5,Winter,0.0328,31,1
Northern Gannet,58.98649,-2.81564,7.5,Winter,0.0263,12,1
Northern Gannet,59.12162,-3.30531,7.5,Winter,0.0274,15,1
Northern Gannet,59.25676,-2.5708,7.5,Winter,0.166,15,1
Northern Gannet,59.39189,-2.32596,7.5,Winter,0.183,15,1
Northern Gannet,59.52703,-1.59145,7.5,Winter,0.5246,87,27
Northern Gannet,59.7973,-1.34661,7.5,Winter,0.0592,30,22
Northern Gannet,59.93243,-1.34661,7.5,Winter,0.0711,905,152
Northern Gannet,60.06757,-4.28466,7.5,Winter,0.4657,11,9
Northern Gannet,60.06757,-2.08112,7.5,Winter,0.1029,7,1
Northern Gannet,60.06757,-1.34661,7.5,Winter,0.0172,290,27
Northern Gannet,60.06757,-1.10177,7.5,Winter,0.0874,96,10
Northern Gannet,60.2027,-2.08112,7.5,Winter,0.0927,3,1
Northern Gannet,60.2027,-1.34661,7.5,Winter,0.0357,47,1
Northern Gannet,60.2027,-1.10177,7.5,Winter,0.0388,254,42
Northern Gannet,60.33784,-1.59145,7.5,Winter,0.0231,9,3
Northern Gannet,60.33784,-1.10177,7.5,Winter,0.1327,18,4
Northern Gannet,60.47297,-1.59145,7.5,Winter,0.254,6,1
Northern Gannet,60.47297,-1.10177,7.5,Winter,0.039,13,2
Northern Gannet,60.47297,-0.85693,7.5,Winter,0.088,1,1
Northern Gannet,60.60811,-1.10177,7.5,Winter,0.2234,50,1
Northern Gannet,60.60811,-0.85693,7.5,Winter,0.0419,4,2
Northern Gannet,60.74324,-1.10177,7.5,Winter,0.3302,15,1
Northern Gannet,60.74324,-0.85693,7.5,Winter,0.0588,280,59
Northern Gannet,60.87838,-0.85693,7.5,Winter,0.0987,32,21
Osprey,54.93243,-4.03983,7.5,Autumn,0.0056,53,1
Osprey,54.93243,-3.79499,7.5,Autumn,0.0018,92,1
Osprey,54.93243,-3.06047,7.5,Autumn,0.0024,46,2
Osprey,55.60811,-4.77434,7.5,Autumn,0.0012,3758,1
Osprey,55.60811,-2.81564,7.5,Autumn,0.0021,83,1
Osprey,55.74324,-6.24337,7.5,Autumn,0.0013,173,1
Osprey,55.74324,-3.06047,7.5,Autumn,0.0021,165,2
Osprey,55.74324,-2.08112,7.5,Autumn,0.0015,9,1
Osprey,55.87838,-5.50885,7.5,Autumn,0.0055,16,1
Osprey,55.87838,-4.5295,7.5,Autumn,0.0012,297,2
Osprey,55.87838,-3.79499,7.5,Autumn,0.002,50,3
Osprey,55.87838,-3.06047,7.5,Autumn,0.0016,1429,1
Osprey,56.01351,-5.75369,7.5,Autumn,0.0037,10,2
Osprey,56.01351,-5.50885,7.5,Autumn,0.0058,48,2
Osprey,56.01351,-4.77434,7.5,Autumn,0.0023,77,1
Osprey,56.01351,-4.5295,7.5,Autumn,0.0024,132,3
Osprey,56.01351,-4.03983,7.5,Autumn,0.002,27,1
Osprey,56.01351,-3.55015,7.5,Autumn,0.0012,300,1
Osprey,56.01351,-3.06047,7.5,Autumn,0.0012,1856,5
Osprey,56.01351,-2.81564,7.5,Autumn,0.0013,652,1
Osprey,56.14865,-6.24337,7.5,Autumn,0.0018,9,1
Osprey,56.14865,-4.77434,7.5,Autumn,0.0053,53,1
Osprey,56.14865,-4.03983,7.5,Autumn,0.0068,176,1
Osprey,56.14865,-3.79499,7.5,Autumn,0.0033,274,2
Osprey,56.14865,-3.30531,7.5,Autumn,0.0068,374,33
Osprey,56.28378,-5.26402,7.5,Autumn,0.0058,2,1
Osprey,56.28378,-4.77434,7.5,Autumn,0.0062,22,1
Osprey,56.28378,-4.28466,7.5,Autumn,0.0029,38,1
Osprey,56.28378,-3.30531,7.5,Autumn,0.0101,77,2
Osprey,56.28378,-3.06047,7.5,Autumn,0.0102,309,2
Osprey,56.28378,-2.81564,7.5,Autumn,0.0028,885,1
Osprey,56.41892,-4.28466,7.5,Autumn,0.0032,69,1
Osprey,56.41892,-2.81564,7.5,Autumn,0.0092,548,60
Osprey,56.55405,-3.55015,7.5,Autumn,0.0049,128,1
Osprey,56.68919,-3.79499,7.5,Autumn,0.0031,146,1
Osprey,56.68919,-3.06047,7.5,Autumn,0.0035,95,2
Osprey,56.68919,-2.81564,7.5,Autumn,0.0041,37,3
Osprey,56.68919,-2.5708,7.5,Autumn,0.0166,265,14
Osprey,56.82432,-5.01918,7.5,Autumn,0.0034,127,1
Osprey,56.82432,-2.5708,7.5,Autumn,0.0055,79,1
Osprey,57.09459,-5.99853,7.5,Autumn,0.0011,37,1
Osprey,57.09459,-4.03983,7.5,Autumn,0.0023,242,1
Osprey,57.09459,-3.79499,7.5,Autumn,0.0014,105,1
Osprey,57.22973,-5.75369,7.5,Autumn,0.0013,61,1
Osprey,57.22973,-3.79499,7.5,Autumn,0.0023,655,3
Osprey,57.36486,-4.5295,7.5,Autumn,0.0025,158,1
Osprey,57.36486,-4.28466,7.5,Autumn,0.0145,108,4
Osprey,57.36486,-2.08112,7.5,Autumn,0.0079,200,3
Osprey,57.5,-5.75369,7.5,Autumn,0.0013,50,2
Osprey,57.5,-4.77434,7.5,Autumn,0.0039,4,1
Osprey,57.5,-4.5295,7.5,Autumn,0.019,80,2
Osprey,57.5,-4.28466,7.5,Autumn,0.0253,562,20
Osprey,57.5,-4.03983,7.5,Autumn,0.04,423,9
Osprey,57.63514,-4.77434,7.5,Autumn,0.0072,9,1
Osprey,57.63514,-4.5295,7.5,Autumn,0.013,83,2
Osprey,57.63514,-4.28466,7.5,Autumn,0.1079,93,2
Osprey,57.63514,-4.03983,7.5,Autumn,0.044,581,40
Osprey,57.63514,-3.55015,7.5,Autumn,0.045,283,25
Osprey,57.63514,-3.06047,7.5,Autumn,0.0368,109,5
Osprey,57.63514,-2.5708,7.5,Autumn,0.0148,29,2
Osprey,57.63514,-1.83628,7.5,Autumn,0.0037,165,1
Osprey,57.77027,-4.03983,7.5,Autumn,0.0295,104,5
Osprey,57.77027,-3.79499,7.5,Autumn,0.0205,172,2
Osprey,57.77027,-3.30531,7.5,Autumn,0.0202,202,3
Osprey,57.90541,-5.26402,7.5,Autumn,0.003,101,1
Osprey,57.90541,-4.03983,7.5,Autumn,0.027,167,6
Osprey,57.90541,-3.79499,7.5,Autumn,0.0215,76,2
Osprey,58.04054,-4.03983,7.5,Autumn,0.0103,14,1
Osprey,58.58108,-4.77434,7.5,Autumn,0.0017,66,1
Osprey,58.58108,-4.03983,7.5,Autumn,0.0022,21,1
Osprey,54.7973,-4.28466,7.5,Spring,0.0075,23,1
Osprey,54.7973,-4.03983,7.5,Spring,0.0047,114,1
Osprey,54.93243,-4.5295,7.5,Spring,0.0046,64,1
Osprey,54.93243,-4.03983,7.5,Spring,0.0509,118,52
Osprey,54.93243,-3.55015,7.5,Spring,0.0039,256,3
Osprey,54.93243,-3.06047,7.5,Spring,0.004,53,1
Osprey,55.06757,-4.5295,7.5,Spring,0.0283,70,2
Osprey,55.06757,-4.03983,7.5,Spring,0.0665,73,2
Osprey,55.06757,-3.55015,7.5,Spring,0.0013,243,1
Osprey,55.06757,-3.30531,7.5,Spring,0.0269,79,1
Osprey,55.2027,-3.55015,7.5,Spring,0.0136,7,1
Osprey,55.2027,-3.30531,7.5,Spring,0.0273,75,1
Osprey,55.2027,-3.06047,7.5,Spring,0.0193,49,2
Osprey,55.33784,-4.28466,7.5,Spring,0.0642,147,28
Osprey,55.33784,-3.55015,7.5,Spring,0.0258,100,1
Osprey,55.47297,-4.28466,7.5,Spring,0.067,36,1
Osprey,55.47297,-3.79499,7.5,Spring,0.015,119,1
Osprey,55.47297,-3.30531,7.5,Spring,0.0347,66,3
Osprey,55.47297,-2.5708,7.5,Spring,0.013,52,1
Osprey,55.60811,-5.99853,7.5,Spring,0.0012,16,1
Osprey,55.60811,-5.75369,7.5,Spring,0.0014,34,1
Osprey,55.60811,-4.77434,7.5,Spring,0.0029,3607,1
Osprey,55.60811,-3.30531,7.5,Spring,0.0403,97,3
Osprey,55.60811,-3.06047,7.5,Spring,0.0765,58,4
Osprey,55.60811,-2.81564,7.5,Spring,0.0067,127,3
Osprey,55.60811,-2.5708,7.5,Spring,0.0673,64,3
Osprey,55.60811,-2.32596,7.5,Spring,0.0338,44,1
Osprey,55.74324,-5.50885,7.5,Spring,0.0086,40,2
Osprey,55.74324,-5.01918,7.5,Spring,0.0033,108,2
Osprey,55.74324,-4.5295,7.5,Spring,0.0418,468,21
Osprey,55.74324,-4.28466,7.5,Spring,0.0024,998,1
Osprey,55.74324,-4.03983,7.5,Spring,0.0017,315,1
Osprey,55.74324,-3.55015,7.5,Spring,0.0236,38,2
Osprey,55.74324,-3.06047,7.5,Spring,0.1007,398,35
Osprey,55.74324,-2.08112,7.5,Spring,0.0021,42,1
Osprey,55.87838,-6.24337,7.5,Spring,0.0017,110,3
Osprey,55.87838,-5.50885,7.5,Spring,0.0162,30,1
Osprey,55.87838,-5.01918,7.5,Spring,0.0101,56,6
Osprey,55.87838,-4.77434,7.5,Spring,0.006,59,2
Osprey,55.87838,-4.5295,7.5,Spring,0.0017,458,9
Osprey,55.87838,-4.28466,7.5,Spring,0.001,2168,2
Osprey,55.87838,-4.03983,7.5,Spring,0.0011,258,1
Osprey,55.87838,-3.79499,7.5,Spring,0.0446,47,2
Osprey,55.87838,-3.55015,7.5,Spring,0.0018,219,1
Osprey,55.87838,-3.30531,7.5,Spring,0.0029,2071,17
Osprey,55.87838,-3.06047,7.5,Spring,0.004,2165,2
Osprey,55.87838,-2.5708,7.5,Spring,0.094,232,10
Osprey,56.01351,-5.50885,7.5,Spring,0.0179,97,8
Osprey,56.01351,-5.26402,7.5,Spring,0.0192,45,3
Osprey,56.01351,-5.01918,7.5,Spring,0.0179,167,2
Osprey,56.01351,-4.77434,7.5,Spring,0.0039,189,3
Osprey,56.01351,-4.5295,7.5,Spring,0.0108,435,77
Osprey,56.01351,-4.03983,7.5,Spring,0.0025,39,6
Osprey,56.01351,-3.06047,7.5,Spring,0.0015,2432,7
Osprey,56.01351,-2.81564,7.5,Spring,0.0021,928,1
Osprey,56.01351,-2.32596,7.5,Spring,0.002,300,2
Osprey,56.14865,-5.50885,7.5,Spring,0.0251,78,5
Osprey,56.14865,-5.26402,7.5,Spring,0.0263,28,2
Osprey,56.14865,-4.5295,7.5,Spring,0.188,234,9
Osprey,56.14865,-4.28466,7.5,Spring,0.1994,180,11
Osprey,56.14865,-4.03983,7.5,Spring,0.0149,535,2
Osprey,56.14865,-3.79499,7.5,Spring,0.0032,695,1
Osprey,56.14865,-3.55015,7.5,Spring,0.0167,219,1
Osprey,56.14865,-3.30531,7.5,Spring,0.012,652,20
Osprey,56.14865,-2.81564,7.5,Spring,0.0038,399,1
Osprey,56.28378,-5.01918,7.5,Spring,0.0227,58,1
Osprey,56.28378,-4.77434,7.5,Spring,0.022,86,2
Osprey,56.28378,-4.5295,7.5,Spring,0.1181,56,3
Osprey,56.28378,-4.28466,7.5,Spring,0.1495,269,14
Osprey,56.28378,-4.03983,7.5,Spring,0.177,43,10
Osprey,56.28378,-3.79499,7.5,Spring,0.1676,106,1
Osprey,56.28378,-3.55015,7.5,Spring,0.0838,32,1
Osprey,56.28378,-3.30531,7.5,Spring,0.0197,146,5
Osprey,56.28378,-3.06047,7.5,Spring,0.0169,546,5
Osprey,56.28378,-2.81564,7.5,Spring,0.0047,1514,13
Osprey,56.28378,-2.5708,7.5,Spring,0.0016,559,1
Osprey,56.41892,-5.75369,7.5,Spring,0.0035,385,5
Osprey,56.41892,-5.50885,7.5,Spring,0.0024,396,1
Osprey,56.41892,-5.01918,7.5,Spring,0.0661,73,13
Osprey,56.41892,-4.28466,7.5,Spring,0.1446,86,5
Osprey,56.41892,-4.03983,7.5,Spring,0.1503,122,9
Osprey,56.41892,-3.79499,7.5,Spring,0.174,80,2
Osprey,56.41892,-3.55015,7.5,Spring,0.0469,238,8
Osprey,56.41892,-3.30531,7.5,Spring,0.0174,261,3
Osprey,56.41892,-3.06047,7.5,Spring,0.0139,540,4
Osprey,56.41892,-2.81564,7.5,Spring,0.0148,655,40
Osprey,56.55405,-6.24337,7.5,Spring,0.0014,182,1
Osprey,56.55405,-5.50885,7.5,Spring,0.0065,85,2
Osprey,56.55405,-4.28466,7.5,Spring,0.0186,17,1
Osprey,56.55405,-4.03983,7.5,Spring,0.0209,55,1
Osprey,56.55405,-3.55015,7.5,Spring,0.1838,294,127
Osprey,56.55405,-3.30531,7.5,Spring,0.1834,54,4
Osprey,56.55405,-2.81564,7.5,Spring,0.0908,55,4
Osprey,56.68919,-4.5295,7.5,Spring,0.1295,10,1
Osprey,56.68919,-4.28466,7.5,Spring,0.1189,19,2
Osprey,56.68919,-4.03983,7.5,Spring,0.0131,46,1
Osprey,56.68919,-3.79499,7.5,Spring,0.0677,290,2
Osprey,56.68919,-3.30531,7.5,Spring,0.1867,83,7
Osprey,56.68919,-3.06047,7.5,Spring,0.2221,181,48
Osprey,56.68919,-2.81564,7.5,Spring,0.1574,111,24
Osprey,56.68919,-2.5708,7.5,Spring,0.0464,253,9
Osprey,56.82432,-5.50885,7.5,Spring,0.0091,86,2
Osprey,56.82432,-5.01918,7.5,Spring,0.0059,256,2
Osprey,56.82432,-3.79499,7.5,Spring,0.0111,59,1
Osprey,56.82432,-3.30531,7.5,Spring,0.0614,111,2
Osprey,56.82432,-3.06047,7.5,Spring,0.1436,25,1
Osprey,56.82432,-2.5708,7.5,Spring,0.0398,127,2
Osprey,56.82432,-2.32596,7.5,Spring,0.0361,78,1
Osprey,56.95946,-4.28466,7.5,Spring,0.0119,91,1
Osprey,56.95946,-3.55015,7.5,Spring,0.0215,57,5
Osprey,56.95946,-3.30531,7.5,Spring,0.0301,107,8
Osprey,57.09459,-5.75369,7.5,Spring,0.0018,50,1
Osprey,57.09459,-4.77434,7.5,Spring,0.0166,114,1
Osprey,57.09459,-4.03983,7.5,Spring,0.1719,709,144
Osprey,57.09459,-3.79499,7.5,Spring,0.0056,375,11
Osprey,57.09459,-3.55015,7.5,Spring,0.0115,433,1
Osprey,57.09459,-3.30531,7.5,Spring,0.0184,78,3
Osprey,57.09459,-3.06047,7.5,Spring,0.0134,69,1
Osprey,57.09459,-2.81564,7.5,Spring,0.1,188,8
Osprey,57.09459,-2.5708,7.5,Spring,0.083,64,2
Osprey,57.09459,-2.32596,7.5,Spring,0.0425,89,1
Osprey,57.09459,-2.08112,7.5,Spring,0.0076,1560,3
Osprey,57.22973,-7.22272,7.5,Spring,0.0013,50,3
Osprey,57.22973,-5.99853,7.5,Spring,0.0013,315,1
Osprey,57.22973,-5.01918,7.5,Spring,0.028,41,1
Osprey,57.22973,-4.77434,7.5,Spring,0.0197,34,1
Osprey,57.22973,-4.5295,7.5,Spring,0.115,45,1
Osprey,57.22973,-4.28466,7.5,Spring,0.1797,11,2
Osprey,57.22973,-4.03983,7.5,Spring,0.1808,252,15
Osprey,57.22973,-3.79499,7.5,Spring,0.1755,2240,365
Osprey,57.22973,-3.55015,7.5,Spring,0.1038,560,27
Osprey,57.22973,-3.30531,7.5,Spring,0.008,123,1
Osprey,57.22973,-2.5708,7.5,Spring,0.0686,20,1
Osprey,57.22973,-2.32596,7.5,Spring,0.0566,52,1
Osprey,57.22973,-2.08112,7.5,Spring,0.0101,488,1
Osprey,57.36486,-5.50885,7.5,Spring,0.0026,59,1
Osprey,57.36486,-4.77434,7.5,Spring,0.0372,86,1
Osprey,57.36486,-4.5295,7.5,Spring,0.129,272,3
Osprey,57.36486,-4.28466,7.5,Spring,0.1854,333,59
Osprey,57.36486,-4.03983,7.5,Spring,0.1444,118,1
Osprey,57.36486,-3.79499,7.5,Spring,0.1328,407,37
Osprey,57.36486,-3.55015,7.5,Spring,0.0811,445,10
Osprey,57.36486,-3.30531,7.5,Spring,0.0845,43,1
Osprey,57.36486,-2.5708,7.5,Spring,0.0523,25,1
Osprey,57.36486,-2.32596,7.5,Spring,0.1256,30,5
Osprey,57.36486,-2.08112,7.5,Spring,0.0699,274,29
Osprey,57.36486,-1.83628,7.5,Spring,0.0431,69,2
Osprey,57.5,-4.77434,7.5,Spring,0.0555,7,1
Osprey,57.5,-4.5295,7.5,Spring,0.0914,192,19
Osprey,57.5,-4.28466,7.5,Spring,0.0633,915,40
Osprey,57.5,-4.03983,7.5,Spring,0.0912,691,26
Osprey,57.5,-3.79499,7.5,Spring,0.1205,39,2
Osprey,57.5,-3.55015,7.5,Spring,0.1545,26,2
Osprey,57.5,-2.81564,7.5,Spring,0.1147,26,1
Osprey,57.5,-2.32596,7.5,Spring,0.1319,43,5
Osprey,57.5,-2.08112,7.5,Spring,0.1349,46,11
Osprey,57.63514,-6.24337,7.5,Spring,0.001,360,2
Osprey,57.63514,-5.01918,7.5,Spring,0.0306,22,1
Osprey,57.63514,-4.77434,7.5,Spring,0.0645,38,5
Osprey,57.63514,-4.5295,7.5,Spring,0.0886,168,1
Osprey,57.63514,-4.28466,7.5,Spring,0.1715,160,6
Osprey,57.63514,-4.03983,7.5,Spring,0.1667,569,38
Osprey,57.63514,-3.79499,7.5,Spring,0.1262,223,8
Osprey,57.63514,-3.55015,7.5,Spring,0.1117,328,26
Osprey,57.63514,-3.30531,7.5,Spring,0.0065,232,7
Osprey,57.63514,-3.06047,7.5,Spring,0.1077,167,49
Osprey,57.63514,-2.81564,7.5,Spring,0.0647,87,1
Osprey,57.63514,-1.83628,7.5,Spring,0.0191,232,16
Osprey,57.77027,-5.75369,7.5,Spring,0.0014,131,1
Osprey,57.77027,-5.50885,7.5,Spring,0.0029,84,1
Osprey,57.77027,-5.01918,7.5,Spring,0.0113,49,1
Osprey,57.77027,-4.28466,7.5,Spring,0.1464,40,3
Osprey,57.77027,-4.03983,7.5,Spring,0.1487,201,28
Osprey,57.77027,-3.79499,7.5,Spring,0.1256,199,2
Osprey,57.77027,-3.55015,7.5,Spring,0.1135,157,1
Osprey,57.77027,-3.30531,7.5,Spring,0.0885,165,29
Osprey,57.90541,-5.50885,7.5,Spring,0.0029,117,1
Osprey,57.90541,-5.26402,7.5,Spring,0.0041,130,1
Osprey,57.90541,-4.5295,7.5,Spring,0.0937,18,1
Osprey,57.90541,-4.28466,7.5,Spring,0.149,115,13
Osprey,57.90541,-4.03983,7.5,Spring,0.1581,326,74
Osprey,58.04054,-5.26402,7.5,Spring,0.0035,24,2
Osprey,58.04054,-4.5295,7.5,Spring,0.074,61,1
Osprey,58.04054,-4.28466,7.5,Spring,0.1094,55,5
Osprey,58.04054,-4.03983,7.5,Spring,0.0657,61,4
Osprey,58.04054,-3.79499,7.5,Spring,0.0951,75,1
Osprey,58.17568,-3.79499,7.5,Spring,0.0793,13,1
Osprey,58.31081,-6.24337,7.5,Spring,0.0012,135,1
Osprey,58.31081,-5.01918,7.5,Spring,0.0165,43,4
Osprey,58.31081,-4.28466,7.5,Spring,0.0745,7,1
Osprey,58.31081,-4.03983,7.5,Spring,0.0996,3,2
Osprey,58.31081,-3.79499,7.5,Spring,0.1262,31,1
Osprey,58.31081,-3.55015,7.5,Spring,0.0466,14,1
Osprey,58.44595,-5.26402,7.5,Spring,0.0021,89,1
Osprey,58.44595,-3.55015,7.5,Spring,0.0916,11,1
Osprey,58.44595,-3.30531,7.5,Spring,0.0429,21,2
Osprey,58.44595,-3.06047,7.5,Spring,0.002,87,1
Osprey,58.58108,-4.77434,7.5,Spring,0.0022,149,1
Osprey,58.58108,-3.30531,7.5,Spring,0.0021,100,1
Osprey,58.98649,-3.30531,7.5,Spring,0.0015,299,2
Osprey,59.39189,-2.32596,7.5,Spring,0.0016,344,1
Osprey,59.52703,-1.59145,7.5,Spring,0.001,456,10
Osprey,59.93243,-1.34661,7.5,Spring,0.001,1629,2
Osprey,60.33784,-1.34661,7.5,Spring,0.0011,70,3
Osprey,54.7973,-4.5295,7.5,Summer,0.0052,34,1
Osprey,54.7973,-4.28466,7.5,Summer,0.0106,27,1
Osprey,54.7973,-4.03983,7.5,Summer,0.0098,46,1
Osprey,54.7973,-3.79499,7.5,Summer,0.0064,22,1
Osprey,54.93243,-5.01918,7.5,Summer,0.0024,74,1
Osprey,54.93243,-4.28466,7.5,Summer,0.0145,35,1
Osprey,54.93243,-4.03983,7.5,Summer,0.0576,106,31
Osprey,54.93243,-3.55015,7.5,Summer,0.0047,171,2
Osprey,55.06757,-4.5295,7.5,Summer,0.0325,44,2
Osprey,55.06757,-4.03983,7.5,Summer,0.0744,63,3
Osprey,55.06757,-3.55015,7.5,Summer,0.0012,192,1
Osprey,55.2027,-4.03983,7.5,Summer,0.0274,23,1
Osprey,55.33784,-5.75369,7.5,Summer,0.0031,17,1
Osprey,55.33784,-4.28466,7.5,Summer,0.0646,47,12
Osprey,55.47297,-5.50885,7.5,Summer,0.0033,25,1
Osprey,55.47297,-5.26402,7.5,Summer,0.0033,20,1
Osprey,55.47297,-4.5295,7.5,Summer,0.0015,794,2
Osprey,55.47297,-3.55015,7.5,Summer,0.02,88,3
Osprey,55.47297,-3.30531,7.5,Summer,0.0351,63,8
Osprey,55.60811,-5.75369,7.5,Summer,0.0023,15,2
Osprey,55.60811,-4.77434,7.5,Summer,0.0032,3125,3
Osprey,55.60811,-4.5295,7.5,Summer,0.0012,27860,3
Osprey,55.60811,-3.06047,7.5,Summer,0.0739,83,6
Osprey,55.60811,-2.81564,7.5,Summer,0.006,109,3
Osprey,55.60811,-2.5708,7.5,Summer,0.0388,41,1
Osprey,55.74324,-6.48821,7.5,Summer,0.0013,38,1
Osprey,55.74324,-6.24337,7.5,Summer,0.0017,63,1
Osprey,55.74324,-4.5295,7.5,Summer,0.0413,277,9
Osprey,55.74324,-4.03983,7.5,Summer,0.0019,219,2
Osprey,55.74324,-3.55015,7.5,Summer,0.0289,24,1
Osprey,55.74324,-3.06047,7.5,Summer,0.1098,133,26
Osprey,55.74324,-2.5708,7.5,Summer,0.0301,14,1
Osprey,55.74324,-2.08112,7.5,Summer,0.0023,40,2
Osprey,55.87838,-6.24337,7.5,Summer,0.0023,94,1
Osprey,55.87838,-5.99853,7.5,Summer,0.0026,21,1
Osprey,55.87838,-5.50885,7.5,Summer,0.0186,48,1
Osprey,55.87838,-5.26402,7.5,Summer,0.0295,24,1
Osprey,55.87838,-4.5295,7.5,Summer,0.0017,292,4
Osprey,55.87838,-4.03983,7.5,Summer,0.0011,131,2
Osprey,55.87838,-3.79499,7.5,Summer,0.0554,42,6
Osprey,55.87838,-3.55015,7.5,Summer,0.0018,134,4
Osprey,55.87838,-3.30531,7.5,Summer,0.0037,1184,8
Osprey,55.87838,-2.5708,7.5,Summer,0.0838,109,4
Osprey,56.01351,-5.50885,7.5,Summer,0.024,37,3
Osprey,56.01351,-5.26402,7.5,Summer,0.0243,22,2
Osprey,56.01351,-5.01918,7.5,Summer,0.028,85,8
Osprey,56.01351,-4.77434,7.5,Summer,0.0078,128,3
Osprey,56.01351,-4.5295,7.5,Summer,0.0213,279,53
Osprey,56.01351,-4.28466,7.5,Summer,0.0391,90,3
Osprey,56.01351,-4.03983,7.5,Summer,0.0052,53,10
Osprey,56.01351,-3.79499,7.5,Summer,0.0011,365,2
Osprey,56.01351,-3.55015,7.5,Summer,0.0019,266,3
Osprey,56.01351,-3.30531,7.5,Summer,0.0016,2181,1
Osprey,56.01351,-3.06047,7.5,Summer,0.0018,2396,10
Osprey,56.01351,-2.5708,7.5,Summer,0.0019,613,4
Osprey,56.14865,-6.24337,7.5,Summer,0.0027,6,1
Osprey,56.14865,-5.50885,7.5,Summer,0.0268,74,4
Osprey,56.14865,-4.5295,7.5,Summer,0.1822,225,14
Osprey,56.14865,-4.28466,7.5,Summer,0.2058,111,9
Osprey,56.14865,-4.03983,7.5,Summer,0.0258,349,10
Osprey,56.14865,-3.79499,7.5,Summer,0.0057,328,3
Osprey,56.14865,-3.30531,7.5,Summer,0.0173,405,57
Osprey,56.28378,-6.48821,7.5,Summer,0.0014,238,1
Osprey,56.28378,-5.50885,7.5,Summer,0.0146,51,4
Osprey,56.28378,-4.77434,7.5,Summer,0.0201,90,2
Osprey,56.28378,-4.5295,7.5,Summer,0.135,49,5
Osprey,56.28378,-4.28466,7.5,Summer,0.1372,205,16
Osprey,56.28378,-4.03983,7.5,Summer,0.1903,8,1
Osprey,56.28378,-3.79499,7.5,Summer,0.1836,77,3
Osprey,56.28378,-3.55015,7.5,Summer,0.1369,35,2
Osprey,56.28378,-3.30531,7.5,Summer,0.0293,90,6
Osprey,56.28378,-3.06047,7.5,Summer,0.025,322,6
Osprey,56.28378,-2.81564,7.5,Summer,0.0052,1122,9
Osprey,56.28378,-2.5708,7.5,Summer,0.0025,524,2
Osprey,56.41892,-6.24337,7.5,Summer,0.0017,224,1
Osprey,56.41892,-5.99853,7.5,Summer,0.0051,294,1
Osprey,56.41892,-5.75369,7.5,Summer,0.0066,361,4
Osprey,56.41892,-5.50885,7.5,Summer,0.0034,433,1
Osprey,56.41892,-5.01918,7.5,Summer,0.0327,33,2
Osprey,56.41892,-4.5295,7.5,Summer,0.0567,45,1
Osprey,56.41892,-4.28466,7.5,Summer,0.1619,97,9
Osprey,56.41892,-4.03983,7.5,Summer,0.1856,50,11
Osprey,56.41892,-3.55015,7.5,Summer,0.0494,110,1
Osprey,56.41892,-3.30531,7.5,Summer,0.0232,198,4
Osprey,56.41892,-3.06047,7.5,Summer,0.02,357,3
Osprey,56.41892,-2.81564,7.5,Summer,0.027,590,92
Osprey,56.55405,-5.99853,7.5,Summer,0.0044,274,3
Osprey,56.55405,-4.77434,7.5,Summer,0.0312,50,1
Osprey,56.55405,-4.03983,7.5,Summer,0.0318,49,2
Osprey,56.55405,-3.55015,7.5,Summer,0.21,287,105
Osprey,56.55405,-3.30531,7.5,Summer,0.2037,47,3
Osprey,56.55405,-2.81564,7.5,Summer,0.1262,30,1
Osprey,56.68919,-5.50885,7.5,Summer,0.0097,44,1
Osprey,56.68919,-5.26402,7.5,Summer,0.0063,139,1
Osprey,56.68919,-5.01918,7.5,Summer,0.0137,304,2
Osprey,56.68919,-4.5295,7.5,Summer,0.1434,12,1
Osprey,56.68919,-4.03983,7.5,Summer,0.0213,50,2
Osprey,56.68919,-3.79499,7.5,Summer,0.0815,268,11
Osprey,56.68919,-3.55015,7.5,Summer,0.1404,12,1
Osprey,56.68919,-3.30531,7.5,Summer,0.1811,40,8
Osprey,56.68919,-3.06047,7.5,Summer,0.2181,142,42
Osprey,56.68919,-2.81564,7.5,Summer,0.1637,56,18
Osprey,56.68919,-2.5708,7.5,Summer,0.0857,238,40
Osprey,56.68919,-2.32596,7.5,Summer,0.0751,30,5
Osprey,56.82432,-5.75369,7.5,Summer,0.007,93,8
Osprey,56.82432,-5.01918,7.5,Summer,0.0054,276,2
Osprey,56.82432,-4.28466,7.5,Summer,0.0993,15,2
Osprey,56.82432,-4.03983,7.5,Summer,0.0168,25,1
Osprey,56.82432,-3.30531,7.5,Summer,0.0484,104,1
Osprey,56.82432,-3.06047,7.5,Summer,0.1289,27,1
Osprey,56.82432,-2.5708,7.5,Summer,0.0563,78,8
Osprey,56.82432,-2.32596,7.5,Summer,0.0808,71,1
Osprey,56.95946,-4.5295,7.5,Summer,0.1208,28,1
Osprey,56.95946,-4.28466,7.5,Summer,0.0193,75,1
Osprey,56.95946,-4.03983,7.5,Summer,0.0186,1,1
Osprey,56.95946,-3.55015,7.5,Summer,0.0235,70,5
Osprey,56.95946,-3.30531,7.5,Summer,0.0283,105,3
Osprey,56.95946,-2.81564,7.5,Summer,0.0906,64,5
Osprey,57.09459,-4.77434,7.5,Summer,0.0167,136,2
Osprey,57.09459,-4.03983,7.5,Summer,0.1709,526,81
Osprey,57.09459,-3.79499,7.5,Summer,0.006,311,9
Osprey,57.09459,-3.55015,7.5,Summer,0.0125,315,2
Osprey,57.09459,-3.30531,7.5,Summer,0.0163,90,2
Osprey,57.09459,-3.06047,7.5,Summer,0.0159,80,4
Osprey,57.09459,-2.81564,7.5,Summer,0.0961,84,3
Osprey,57.09459,-2.5708,7.5,Summer,0.0904,32,1
Osprey,57.09459,-2.32596,7.5,Summer,0.0634,68,1
Osprey,57.09459,-2.08112,7.5,Summer,0.0119,1194,5
Osprey,57.22973,-5.75369,7.5,Summer,0.002,148,4
Osprey,57.22973,-5.26402,7.5,Summer,0.0076,9,1
Osprey,57.22973,-5.01918,7.5,Summer,0.0323,28,1
Osprey,57.22973,-4.5295,7.5,Summer,0.127,77,4
Osprey,57.22973,-4.03983,7.5,Summer,0.174,133,9
Osprey,57.22973,-3.79499,7.5,Summer,0.1611,1932,322
Osprey,57.22973,-3.55015,7.5,Summer,0.0649,441,1
Osprey,57.22973,-3.30531,7.5,Summer,0.0097,128,1
Osprey,57.22973,-2.81564,7.5,Summer,0.0433,22,1
Osprey,57.22973,-2.5708,7.5,Summer,0.074,23,1
Osprey,57.22973,-2.08112,7.5,Summer,0.0242,267,4
Osprey,57.36486,-6.24337,7.5,Summer,0.0011,292,1
Osprey,57.36486,-5.99853,7.5,Summer,0.0013,33,1
Osprey,57.36486,-5.01918,7.5,Summer,0.0509,3,1
Osprey,57.36486,-4.5295,7.5,Summer,0.1441,222,6
Osprey,57.36486,-4.28466,7.5,Summer,0.203,264,61
Osprey,57.36486,-4.03983,7.5,Summer,0.2094,86,5
Osprey,57.36486,-3.79499,7.5,Summer,0.132,308,27
Osprey,57.36486,-3.55015,7.5,Summer,0.0616,381,11
Osprey,57.36486,-2.32596,7.5,Summer,0.1231,37,5
Osprey,57.36486,-2.08112,7.5,Summer,0.1062,330,57
Osprey,57.5,-7.22272,7.5,Summer,0.001,111,1
Osprey,57.5,-6.24337,7.5,Summer,0.001,189,1
Osprey,57.5,-5.01918,7.5,Summer,0.0443,8,1
Osprey,57.5,-4.77434,7.5,Summer,0.0594,6,2
Osprey,57.5,-4.5295,7.5,Summer,0.1103,186,23
Osprey,57.5,-4.28466,7.5,Summer,0.0983,814,87
Osprey,57.5,-4.03983,7.5,Summer,0.1549,626,49
Osprey,57.5,-3.79499,7.5,Summer,0.1275,60,4
Osprey,57.5,-2.5708,7.5,Summer,0.1006,11,1
Osprey,57.5,-2.08112,7.5,Summer,0.1467,41,17
Osprey,57.5,-1.83628,7.5,Summer,0.0913,107,2
Osprey,57.63514,-7.46756,7.5,Summer,0.0011,350,1
Osprey,57.63514,-6.24337,7.5,Summer,0.0011,443,1
Osprey,57.63514,-5.75369,7.5,Summer,0.0019,46,1
Osprey,57.63514,-5.50885,7.5,Summer,0.0033,49,1
Osprey,57.63514,-5.26402,7.5,Summer,0.0074,100,1
Osprey,57.63514,-4.77434,7.5,Summer,0.0778,32,11
Osprey,57.63514,-4.5295,7.5,Summer,0.1226,173,9
Osprey,57.63514,-4.28466,7.5,Summer,0.2483,189,36
Osprey,57.63514,-4.03983,7.5,Summer,0.2301,742,87
Osprey,57.63514,-3.79499,7.5,Summer,0.1738,187,13
Osprey,57.63514,-3.55015,7.5,Summer,0.187,190,64
Osprey,57.63514,-3.30531,7.5,Summer,0.0068,127,8
Osprey,57.63514,-3.06047,7.5,Summer,0.2015,170,66
Osprey,57.63514,-2.5708,7.5,Summer,0.1218,33,1
Osprey,57.63514,-1.83628,7.5,Summer,0.0277,145,27
Osprey,57.77027,-6.48821,7.5,Summer,0.0021,5,1
Osprey,57.77027,-5.75369,7.5,Summer,0.002,159,1
Osprey,57.77027,-5.01918,7.5,Summer,0.0202,41,3
Osprey,57.77027,-4.03983,7.5,Summer,0.184,134,26
Osprey,57.77027,-3.79499,7.5,Summer,0.1539,180,8
Osprey,57.77027,-3.55015,7.5,Summer,0.1272,104,3
Osprey,57.77027,-3.30531,7.5,Summer,0.1069,140,22
Osprey,57.90541,-5.26402,7.5,Summer,0.0059,175,2
Osprey,57.90541,-5.01918,7.5,Summer,0.0246,18,1
Osprey,57.90541,-4.77434,7.5,Summer,0.0448,11,1
Osprey,57.90541,-4.5295,7.5,Summer,0.1308,28,2
Osprey,57.90541,-4.28466,7.5,Summer,0.2051,66,11
Osprey,57.90541,-4.03983,7.5,Summer,0.2156,246,74
Osprey,57.90541,-3.79499,7.5,Summer,0.1763,52,1
Osprey,58.04054,-5.26402,7.5,Summer,0.0052,31,2
Osprey,58.04054,-4.77434,7.5,Summer,0.0446,10,2
Osprey,58.04054,-4.5295,7.5,Summer,0.1421,45,9
Osprey,58.04054,-4.28466,7.5,Summer,0.174,26,7
Osprey,58.04054,-4.03983,7.5,Summer,0.0963,57,2
Osprey,58.04054,-3.79499,7.5,Summer,0.1007,81,2
Osprey,58.17568,-5.01918,7.5,Summer,0.0574,52,7
Osprey,58.17568,-3.79499,7.5,Summer,0.0855,23,1
Osprey,58.31081,-4.03983,7.5,Summer,0.0847,14,6
Osprey,58.31081,-3.79499,7.5,Summer,0.0976,47,2
Osprey,58.31081,-3.30531,7.5,Summer,0.0154,52,1
Osprey,58.44595,-5.26402,7.5,Summer,0.0025,94,1
Osprey,58.44595,-5.01918,7.5,Summer,0.0046,54,3
Osprey,58.44595,-4.5295,7.5,Summer,0.0113,33,2
Osprey,58.44595,-3.55015,7.5,Summer,0.0952,5,1
Osprey,58.44595,-3.30531,7.5,Summer,0.0459,6,1
Osprey,58.58108,-4.77434,7.5,Summer,0.002,110,1
Osprey,58.58108,-4.5295,7.5,Summer,0.0023,26,1
Osprey,58.58108,-4.28466,7.5,Summer,0.0032,31,2
Osprey,58.58108,-3.79499,7.5,Summer,0.0029,34,1
Osprey,58.71622,-3.30531,7.5,Summer,0.0015,103,1
Osprey,58.85135,-3.06047,7.5,Summer,0.0016,70,1
Osprey,58.98649,-3.06047,7.5,Summer,0.0013,416,2
Osprey,59.39189,-2.32596,7.5,Summer,0.0017,184,1
Osprey,59.52703,-1.59145,7.5,Summer,0.0011,354,1
Osprey,60.74324,-1.10177,7.5,Summer,0.0016,31,1
Osprey,60.74324,-0.85693,7.5,Summer,0.0011,401,5
Red Grouse,55.33784,-3.79499,7.5,Autumn,0.0446,15,3
Red Grouse,55.33784,-3.55015,7.5,Autumn,0.0235,19,1
Red Grouse,55.47297,-3.79499,7.5,Autumn,0.0105,51,10
Red Grouse,55.60811,-2.81564,7.5,Autumn,0.0032,83,2
Red Grouse,55.74324,-4.28466,7.5,Autumn,0.0018,566,4
Red Grouse,55.74324,-3.55015,7.5,Autumn,0.1123,38,2
Red Grouse,55.74324,-3.30531,7.5,Autumn,0.2119,26,1
Red Grouse,55.74324,-3.06047,7.5,Autumn,0.3866,165,22
Red Grouse,55.87838,-4.5295,7.5,Autumn,0.0011,297,2
Red Grouse,55.87838,-3.79499,7.5,Autumn,0.0196,50,1
Red Grouse,55.87838,-3.55015,7.5,Autumn,0.0015,74,1
Red Grouse,55.87838,-3.30531,7.5,Autumn,0.0205,892,50
Red Grouse,55.87838,-2.81564,7.5,Autumn,0.179,104,3
Red Grouse,55.87838,-2.5708,7.5,Autumn,0.4083,13,11
Red Grouse,56.01351,-4.5295,7.5,Autumn,0.0018,132,2
Red Grouse,56.01351,-4.28466,7.5,Autumn,0.0137,26,2
Red Grouse,56.01351,-3.06047,7.5,Autumn,0.0011,1856,1
Red Grouse,56.14865,-3.79499,7.5,Autumn,0.0011,274,1
Red Grouse,56.14865,-3.30531,7.5,Autumn,0.0123,374,1
Red Grouse,56.28378,-4.03983,7.5,Autumn,0.0234,18,1
Red Grouse,56.28378,-3.30531,7.5,Autumn,0.0013,77,4
Red Grouse,56.41892,-4.28466,7.5,Autumn,0.1409,69,1
Red Grouse,56.41892,-4.03983,7.5,Autumn,0.3682,23,1
Red Grouse,56.41892,-3.79499,7.5,Autumn,0.1684,24,4
Red Grouse,56.55405,-4.28466,7.5,Autumn,0.1866,12,2
Red Grouse,56.55405,-4.03983,7.5,Autumn,0.0881,32,4
Red Grouse,56.55405,-3.79499,7.5,Autumn,0.1526,16,6
Red Grouse,56.55405,-3.55015,7.5,Autumn,0.0556,128,2
Red Grouse,56.68919,-5.50885,7.5,Autumn,0.0015,20,1
Red Grouse,56.68919,-4.77434,7.5,Autumn,0.0099,22,3
Red Grouse,56.68919,-4.03983,7.5,Autumn,0.1194,22,7
Red Grouse,56.68919,-3.30531,7.5,Autumn,0.2189,28,1
Red Grouse,56.68919,-3.06047,7.5,Autumn,0.0513,95,1
Red Grouse,56.82432,-4.5295,7.5,Autumn,0.014,1,1
Red Grouse,56.82432,-4.28466,7.5,Autumn,0.152,4,2
Red Grouse,56.82432,-4.03983,7.5,Autumn,0.1985,8,1
Red Grouse,56.82432,-3.55015,7.5,Autumn,0.2802,5,1
Red Grouse,56.82432,-3.30531,7.5,Autumn,0.1246,52,23
Red Grouse,56.82432,-3.06047,7.5,Autumn,0.1012,6,1
Red Grouse,56.95946,-6.24337,7.5,Autumn,0.0023,68,8
Red Grouse,56.95946,-4.28466,7.5,Autumn,0.141,18,1
Red Grouse,56.95946,-3.79499,7.5,Autumn,0.094,2,2
Red Grouse,56.95946,-3.55015,7.5,Autumn,0.1127,22,1
Red Grouse,56.95946,-3.30531,7.5,Autumn,0.3105,46,3
Red Grouse,56.95946,-3.06047,7.5,Autumn,0.086,12,2
Red Grouse,56.95946,-2.5708,7.5,Autumn,0.1275,12,5
Red Grouse,57.09459,-4.28466,7.5,Autumn,0.0329,3,1
Red Grouse,57.09459,-4.03983,7.5,Autumn,0.0203,242,6
Red Grouse,57.09459,-3.79499,7.5,Autumn,0.1875,105,9
Red Grouse,57.09459,-3.55015,7.5,Autumn,0.2994,58,15
Red Grouse,57.09459,-3.30531,7.5,Autumn,0.1757,18,3
Red Grouse,57.09459,-3.06047,7.5,Autumn,0.1126,41,4
Red Grouse,57.22973,-6.24337,7.5,Autumn,0.0079,53,2
Red Grouse,57.22973,-4.03983,7.5,Autumn,0.1337,90,4
Red Grouse,57.22973,-3.79499,7.5,Autumn,0.0161,655,6
Red Grouse,57.22973,-3.55015,7.5,Autumn,0.1548,169,7
Red Grouse,57.22973,-3.30531,7.5,Autumn,0.1309,35,6
Red Grouse,57.36486,-7.22272,7.5,Autumn,0.0033,22,1
Red Grouse,57.36486,-4.28466,7.5,Autumn,0.0115,108,5
Red Grouse,57.36486,-4.03983,7.5,Autumn,0.0423,23,5
Red Grouse,57.36486,-3.79499,7.5,Autumn,0.2023,98,68
Red Grouse,57.36486,-3.55015,7.5,Autumn,0.1619,167,10
Red Grouse,57.36486,-3.30531,7.5,Autumn,0.1378,10,2
Red Grouse,57.36486,-3.06047,7.5,Autumn,0.0896,5,1
Red Grouse,57.5,-5.50885,7.5,Autumn,0.006,11,1
Red Grouse,57.5,-4.28466,7.5,Autumn,0.0011,562,3
Red Grouse,57.5,-3.79499,7.5,Autumn,0.0165,17,4
Red Grouse,57.5,-3.55015,7.5,Autumn,0.0417,12,6
Red Grouse,57.5,-3.06047,7.5,Autumn,0.024,14,1
Red Grouse,57.63514,-4.5295,7.5,Autumn,0.0021,83,1
Red Grouse,57.90541,-6.97788,7.5,Autumn,0.0021,32,2
Red Grouse,57.90541,-6.73304,7.5,Autumn,0.0036,9,1
Red Grouse,57.90541,-4.77434,7.5,Autumn,0.0088,2,1
Red Grouse,57.90541,-4.28466,7.5,Autumn,0.0032,86,4
Red Grouse,58.04054,-4.28466,7.5,Autumn,0.0152,19,3
Red Grouse,58.17568,-5.01918,7.5,Autumn,0.0053,4,1
Red Grouse,58.31081,-4.03983,7.5,Autumn,0.0182,4,1
Red Grouse,58.44595,-3.79499,7.5,Autumn,0.0341,8,1
Red Grouse,58.98649,-3.06047,7.5,Autumn,0.0302,134,3
Red Grouse,59.12162,-3.06047,7.5,Autumn,0.0032,80,9
Red Grouse,59.93243,-1.34661,7.5,Autumn,0.0013,2628,2
Red Grouse,60.06757,-1.34661,7.5,Autumn,0.0025,907,6
Red Grouse,60.06757,-1.10177,7.5,Autumn,0.006,253,2
Red Grouse,60.2027,-1.59145,7.5,Autumn,0.063,63,3
Red Grouse,60.2027,-1.34661,7.5,Autumn,0.0607,500,32
Red Grouse,60.2027,-1.10177,7.5,Autumn,0.0315,824,32
Red Grouse,60.33784,-1.59145,7.5,Autumn,0.1511,107,1
Red Grouse,60.33784,-1.34661,7.5,Autumn,0.2108,397,20
Red Grouse,60.33784,-1.10177,7.5,Autumn,0.1128,219,9
Red Grouse,60.33784,-0.85693,7.5,Autumn,0.0178,31,5
Red Grouse,60.47297,-1.59145,7.5,Autumn,0.0238,176,2
Red Grouse,60.47297,-1.34661,7.5,Autumn,0.1379,240,12
Red Grouse,60.47297,-1.10177,7.5,Autumn,0.0449,149,2
Red Grouse,60.60811,-1.34661,7.5,Autumn,0.0016,63,2
Red Grouse,54.93243,-4.77434,7.5,Spring,0.0019,32,1
Red Grouse,55.06757,-4.28466,7.5,Spring,0.0051,28,1
Red Grouse,55.2027,-4.5295,7.5,Spring,0.0123,42,2
Red Grouse,55.2027,-3.06047,7.5,Spring,0.0414,49,6
Red Grouse,55.2027,-2.81564,7.5,Spring,0.0345,29,2
Red Grouse,55.33784,-4.28466,7.5,Spring,0.0062,147,1
Red Grouse,55.33784,-4.03983,7.5,Spring,0.0267,11,2
Red Grouse,55.33784,-3.79499,7.5,Spring,0.0315,69,7
Red Grouse,55.47297,-3.79499,7.5,Spring,0.0101,119,6
Red Grouse,55.47297,-3.30531,7.5,Spring,0.0087,66,2
Red Grouse,55.60811,-6.24337,7.5,Spring,0.001,237,2
Red Grouse,55.60811,-5.75369,7.5,Spring,0.0015,34,3
Red Grouse,55.60811,-4.03983,7.5,Spring,0.0078,18,2
Red Grouse,55.60811,-3.55015,7.5,Spring,0.0183,77,1
Red Grouse,55.60811,-3.06047,7.5,Spring,0.0072,58,2
Red Grouse,55.60811,-2.81564,7.5,Spring,0.004,127,2
Red Grouse,55.74324,-4.77434,7.5,Spring,0.0016,124,1
Red Grouse,55.74324,-4.28466,7.5,Spring,0.0015,998,11
Red Grouse,55.74324,-3.06047,7.5,Spring,0.3927,398,45
Red Grouse,55.74324,-2.81564,7.5,Spring,0.2289,30,4
Red Grouse,55.74324,-2.5708,7.5,Spring,0.2445,11,3
Red Grouse,55.87838,-4.28466,7.5,Spring,0.0009,2168,1
Red Grouse,55.87838,-3.55015,7.5,Spring,0.0016,219,1
Red Grouse,55.87838,-3.30531,7.5,Spring,0.0267,2071,99
Red Grouse,55.87838,-2.81564,7.5,Spring,0.1724,239,4
Red Grouse,55.87838,-2.5708,7.5,Spring,0.4784,232,142
Red Grouse,56.01351,-5.01918,7.5,Spring,0.0014,167,3
Red Grouse,56.01351,-4.5295,7.5,Spring,0.0014,435,1
Red Grouse,56.01351,-4.28466,7.5,Spring,0.0077,175,1
Red Grouse,56.01351,-4.03983,7.5,Spring,0.0029,39,3
Red Grouse,56.01351,-2.5708,7.5,Spring,0.001,754,1
Red Grouse,56.14865,-4.28466,7.5,Spring,0.012,180,1
Red Grouse,56.14865,-3.79499,7.5,Spring,0.0011,695,7
Red Grouse,56.14865,-3.30531,7.5,Spring,0.014,652,3
Red Grouse,56.28378,-4.77434,7.5,Spring,0.0025,86,1
Red Grouse,56.28378,-4.03983,7.5,Spring,0.0213,43,1
Red Grouse,56.28378,-3.30531,7.5,Spring,0.0012,146,15
Red Grouse,56.41892,-4.77434,7.5,Spring,0.0054,54,2
Red Grouse,56.41892,-4.28466,7.5,Spring,0.109,86,3
Red Grouse,56.41892,-4.03983,7.5,Spring,0.3243,122,28
Red Grouse,56.41892,-3.79499,7.5,Spring,0.1678,80,18
Red Grouse,56.55405,-4.77434,7.5,Spring,0.0112,40,3
Red Grouse,56.55405,-4.28466,7.5,Spring,0.1448,17,1
Red Grouse,56.55405,-4.03983,7.5,Spring,0.0828,55,10
Red Grouse,56.55405,-3.79499,7.5,Spring,0.1801,74,23
Red Grouse,56.55405,-3.55015,7.5,Spring,0.0623,294,9
Red Grouse,56.55405,-3.06047,7.5,Spring,0.0052,50,1
Red Grouse,56.68919,-4.77434,7.5,Spring,0.0095,29,2
Red Grouse,56.68919,-4.5295,7.5,Spring,0.0154,10,1
Red Grouse,56.68919,-4.03983,7.5,Spring,0.0965,46,3
Red Grouse,56.68919,-3.79499,7.5,Spring,0.0388,290,3
Red Grouse,56.68919,-3.30531,7.5,Spring,0.3123,83,2
Red Grouse,56.68919,-3.06047,7.5,Spring,0.0579,181,13
Red Grouse,56.68919,-2.5708,7.5,Spring,0.0012,253,1
Red Grouse,56.82432,-6.24337,7.5,Spring,0.0034,25,1
Red Grouse,56.82432,-5.01918,7.5,Spring,0.0014,256,1
Red Grouse,56.82432,-4.28466,7.5,Spring,0.1269,17,9
Red Grouse,56.82432,-4.03983,7.5,Spring,0.1582,45,3
Red Grouse,56.82432,-3.79499,7.5,Spring,0.1668,59,1
Red Grouse,56.82432,-3.55015,7.5,Spring,0.3405,19,5
Red Grouse,56.82432,-3.30531,7.5,Spring,0.1631,111,77
Red Grouse,56.82432,-3.06047,7.5,Spring,0.127,25,11
Red Grouse,56.82432,-2.81564,7.5,Spring,0.1616,10,3
Red Grouse,56.95946,-6.24337,7.5,Spring,0.0027,108,5
Red Grouse,56.95946,-4.5295,7.5,Spring,0.009,55,2
Red Grouse,56.95946,-4.28466,7.5,Spring,0.1243,91,9
Red Grouse,56.95946,-4.03983,7.5,Spring,0.1477,3,1
Red Grouse,56.95946,-3.55015,7.5,Spring,0.0633,57,3
Red Grouse,56.95946,-3.30531,7.5,Spring,0.3164,107,11
Red Grouse,56.95946,-3.06047,7.5,Spring,0.1019,23,3
Red Grouse,56.95946,-2.81564,7.5,Spring,0.0956,10,1
Red Grouse,56.95946,-2.5708,7.5,Spring,0.1395,21,1
Red Grouse,56.95946,-2.08112,7.5,Spring,0.0011,269,1
Red Grouse,57.09459,-5.99853,7.5,Spring,0.001,100,1
Red Grouse,57.09459,-4.5295,7.5,Spring,0.005,8,2
Red Grouse,57.09459,-4.03983,7.5,Spring,0.0183,709,4
Red Grouse,57.09459,-3.79499,7.5,Spring,0.1961,375,23
Red Grouse,57.09459,-3.55015,7.5,Spring,0.3119,433,143
Red Grouse,57.09459,-3.30531,7.5,Spring,0.143,78,1
Red Grouse,57.09459,-3.06047,7.5,Spring,0.1239,69,6
Red Grouse,57.22973,-6.24337,7.5,Spring,0.0244,115,5
Red Grouse,57.22973,-5.75369,7.5,Spring,0.006,159,1
Red Grouse,57.22973,-5.26402,7.5,Spring,0.0046,5,1
Red Grouse,57.22973,-4.5295,7.5,Spring,0.0058,45,2
Red Grouse,57.22973,-4.03983,7.5,Spring,0.125,252,12
Red Grouse,57.22973,-3.79499,7.5,Spring,0.0156,2240,18
Red Grouse,57.22973,-3.55015,7.5,Spring,0.1841,560,17
Red Grouse,57.22973,-3.30531,7.5,Spring,0.1678,123,22
Red Grouse,57.22973,-3.06047,7.5,Spring,0.1669,10,1
Red Grouse,57.22973,-2.81564,7.5,Spring,0.0586,24,1
Red Grouse,57.22973,-2.08112,7.5,Spring,0.001,488,1
Red Grouse,57.36486,-7.22272,7.5,Spring,0.006,119,3
Red Grouse,57.36486,-6.24337,7.5,Spring,0.0116,242,1
Red Grouse,57.36486,-5.99853,7.5,Spring,0.0011,41,1
Red Grouse,57.36486,-4.77434,7.5,Spring,0.0053,86,3
Red Grouse,57.36486,-4.28466,7.5,Spring,0.0083,333,2
Red Grouse,57.36486,-4.03983,7.5,Spring,0.035,118,18
Red Grouse,57.36486,-3.79499,7.5,Spring,0.2303,407,232
Red Grouse,57.36486,-3.55015,7.5,Spring,0.1875,445,35
Red Grouse,57.36486,-3.30531,7.5,Spring,0.1585,43,8
Red Grouse,57.5,-7.22272,7.5,Spring,0.001,151,4
Red Grouse,57.5,-6.24337,7.5,Spring,0.0177,165,1
Red Grouse,57.5,-5.01918,7.5,Spring,0.0043,14,2
Red Grouse,57.5,-4.5295,7.5,Spring,0.0028,192,1
Red Grouse,57.5,-4.28466,7.5,Spring,0.0011,915,12
Red Grouse,57.5,-4.03983,7.5,Spring,0.0014,691,1
Red Grouse,57.5,-3.79499,7.5,Spring,0.0266,39,9
Red Grouse,57.5,-3.55015,7.5,Spring,0.0544,26,3
Red Grouse,57.63514,-7.46756,7.5,Spring,0.0041,489,14
Red Grouse,57.63514,-6.24337,7.5,Spring,0.001,360,2
Red Grouse,57.63514,-4.03983,7.5,Spring,0.0011,569,1
Red Grouse,57.63514,-2.81564,7.5,Spring,0.0014,87,1
Red Grouse,57.77027,-5.01918,7.5,Spring,0.0034,49,2
Red Grouse,57.77027,-4.28466,7.5,Spring,0.0148,40,1
Red Grouse,57.90541,-6.97788,7.5,Spring,0.0024,91,2
Red Grouse,57.90541,-6.73304,7.5,Spring,0.0055,58,2
Red Grouse,57.90541,-4.5295,7.5,Spring,0.006,18,1
Red Grouse,57.90541,-4.28466,7.5,Spring,0.0056,115,12
Red Grouse,57.90541,-4.03983,7.5,Spring,0.0033,326,1
Red Grouse,58.04054,-6.48821,7.5,Spring,0.035,31,1
Red Grouse,58.04054,-4.28466,7.5,Spring,0.0166,55,5
Red Grouse,58.17568,-6.48821,7.5,Spring,0.0088,169,1
Red Grouse,58.17568,-5.26402,7.5,Spring,0.0089,130,1
Red Grouse,58.17568,-4.5295,7.5,Spring,0.0071,9,3
Red Grouse,58.31081,-6.48821,7.5,Spring,0.0085,58,1
Red Grouse,58.31081,-6.24337,7.5,Spring,0.0012,135,1
Red Grouse,58.31081,-5.26402,7.5,Spring,0.0083,43,2
Red Grouse,58.31081,-4.5295,7.5,Spring,0.0054,14,4
Red Grouse,58.31081,-4.28466,7.5,Spring,0.0292,7,1
Red Grouse,58.31081,-3.79499,7.5,Spring,0.0382,31,2
Red Grouse,58.31081,-3.30531,7.5,Spring,0.0223,19,4
Red Grouse,58.44595,-5.26402,7.5,Spring,0.0093,89,16
Red Grouse,58.44595,-5.01918,7.5,Spring,0.0011,31,1
Red Grouse,58.44595,-4.5295,7.5,Spring,0.02,28,2
Red Grouse,58.44595,-3.79499,7.5,Spring,0.0543,4,1
Red Grouse,58.44595,-3.55015,7.5,Spring,0.0156,11,1
Red Grouse,58.44595,-3.30531,7.5,Spring,0.0115,21,1
Red Grouse,58.58108,-3.79499,7.5,Spring,0.0014,34,2
Red Grouse,58.58108,-3.06047,7.5,Spring,0.0019,142,1
Red Grouse,58.85135,-3.30531,7.5,Spring,0.0097,97,1
Red Grouse,58.85135,-3.06047,7.5,Spring,0.0077,66,2
Red Grouse,58.98649,-3.06047,7.5,Spring,0.0226,323,7
Red Grouse,59.12162,-3.30531,7.5,Spring,0.0038,228,4
Red Grouse,59.12162,-3.06047,7.5,Spring,0.0031,182,8
Red Grouse,59.25676,-3.06047,7.5,Spring,0.0062,27,1
Red Grouse,60.06757,-1.34661,7.5,Spring,0.0022,437,2
Red Grouse,60.2027,-1.59145,7.5,Spring,0.0599,49,5
Red Grouse,60.2027,-1.34661,7.5,Spring,0.061,134,6
Red Grouse,60.2027,-1.10177,7.5,Spring,0.0353,488,9
Red Grouse,60.33784,-1.59145,7.5,Spring,0.1426,34,2
Red Grouse,60.33784,-1.34661,7.5,Spring,0.1839,70,9
Red Grouse,60.33784,-1.10177,7.5,Spring,0.1099,26,1
Red Grouse,60.33784,-0.85693,7.5,Spring,0.0175,5,3
Red Grouse,60.47297,-1.59145,7.5,Spring,0.015,71,1
Red Grouse,60.47297,-1.34661,7.5,Spring,0.0946,52,8
Red Grouse,60.47297,-1.10177,7.5,Spring,0.0376,58,3
Red Grouse,55.2027,-3.06047,7.5,Summer,0.0273,22,2
Red Grouse,55.2027,-2.81564,7.5,Summer,0.0226,13,1
Red Grouse,55.33784,-3.79499,7.5,Summer,0.024,22,1
Red Grouse,55.60811,-4.5295,7.5,Summer,0.0011,27860,1
Red Grouse,55.60811,-3.06047,7.5,Summer,0.005,83,1
Red Grouse,55.74324,-4.28466,7.5,Summer,0.0017,507,3
Red Grouse,55.74324,-3.55015,7.5,Summer,0.064,24,3
Red Grouse,55.74324,-3.30531,7.5,Summer,0.1223,29,1
Red Grouse,55.74324,-3.06047,7.5,Summer,0.2658,133,11
Red Grouse,55.74324,-2.81564,7.5,Summer,0.1576,18,3
Red Grouse,55.74324,-2.5708,7.5,Summer,0.152,14,3
Red Grouse,55.87838,-5.99853,7.5,Summer,0.0013,21,1
Red Grouse,55.87838,-5.50885,7.5,Summer,0.0013,48,1
Red Grouse,55.87838,-3.55015,7.5,Summer,0.0015,134,1
Red Grouse,55.87838,-3.30531,7.5,Summer,0.0128,1184,27
Red Grouse,55.87838,-3.06047,7.5,Summer,0.0012,1626,1
Red Grouse,55.87838,-2.81564,7.5,Summer,0.1796,98,5
Red Grouse,55.87838,-2.5708,7.5,Summer,0.4206,109,55
Red Grouse,56.01351,-4.03983,7.5,Summer,0.0029,53,1
Red Grouse,56.01351,-3.06047,7.5,Summer,0.0011,2396,1
Red Grouse,56.01351,-2.81564,7.5,Summer,0.001,786,1
Red Grouse,56.14865,-5.26402,7.5,Summer,0.0012,28,1
Red Grouse,56.14865,-4.5295,7.5,Summer,0.0021,225,2
Red Grouse,56.14865,-3.79499,7.5,Summer,0.0011,328,4
Red Grouse,56.28378,-4.28466,7.5,Summer,0.0147,205,1
Red Grouse,56.28378,-3.30531,7.5,Summer,0.0012,90,2
Red Grouse,56.41892,-4.28466,7.5,Summer,0.0613,97,1
Red Grouse,56.41892,-4.03983,7.5,Summer,0.2301,50,6
Red Grouse,56.41892,-3.79499,7.5,Summer,0.0961,78,1
Red Grouse,56.55405,-4.77434,7.5,Summer,0.0121,50,4
Red Grouse,56.55405,-4.28466,7.5,Summer,0.0633,36,1
Red Grouse,56.55405,-4.03983,7.5,Summer,0.0389,49,5
Red Grouse,56.55405,-3.79499,7.5,Summer,0.115,45,3
Red Grouse,56.55405,-3.55015,7.5,Summer,0.0341,287,3
Red Grouse,56.68919,-4.5295,7.5,Summer,0.01,12,1
Red Grouse,56.68919,-3.79499,7.5,Summer,0.0185,268,3
Red Grouse,56.68919,-3.06047,7.5,Summer,0.038,142,5
Red Grouse,56.82432,-4.28466,7.5,Summer,0.0523,15,7
Red Grouse,56.82432,-3.55015,7.5,Summer,0.166,25,3
Red Grouse,56.82432,-3.30531,7.5,Summer,0.1077,104,44
Red Grouse,56.82432,-3.06047,7.5,Summer,0.0848,27,7
Red Grouse,56.82432,-2.81564,7.5,Summer,0.1113,11,5
Red Grouse,56.82432,-2.5708,7.5,Summer,0.033,78,1
Red Grouse,56.95946,-4.5295,7.5,Summer,0.0077,28,1
Red Grouse,56.95946,-4.28466,7.5,Summer,0.0822,75,3
Red Grouse,56.95946,-3.55015,7.5,Summer,0.0409,70,3
Red Grouse,56.95946,-3.30531,7.5,Summer,0.1439,105,4
Red Grouse,56.95946,-2.81564,7.5,Summer,0.0731,64,6
Red Grouse,57.09459,-5.26402,7.5,Summer,0.0024,14,2
Red Grouse,57.09459,-4.03983,7.5,Summer,0.0097,526,2
Red Grouse,57.09459,-3.79499,7.5,Summer,0.1136,311,12
Red Grouse,57.09459,-3.55015,7.5,Summer,0.1471,315,51
Red Grouse,57.09459,-3.06047,7.5,Summer,0.0832,80,4
Red Grouse,57.09459,-2.5708,7.5,Summer,0.0871,32,1
Red Grouse,57.22973,-6.24337,7.5,Summer,0.0046,148,2
Red Grouse,57.22973,-5.01918,7.5,Summer,0.0048,28,3
Red Grouse,57.22973,-4.28466,7.5,Summer,0.0185,4,1
Red Grouse,57.22973,-4.03983,7.5,Summer,0.0649,133,6
Red Grouse,57.22973,-3.79499,7.5,Summer,0.0095,1932,12
Red Grouse,57.22973,-3.55015,7.5,Summer,0.1137,441,12
Red Grouse,57.22973,-3.30531,7.5,Summer,0.123,128,12
Red Grouse,57.22973,-2.5708,7.5,Summer,0.0882,23,1
Red Grouse,57.36486,-6.24337,7.5,Summer,0.0028,292,1
Red Grouse,57.36486,-5.75369,7.5,Summer,0.002,65,1
Red Grouse,57.36486,-4.28466,7.5,Summer,0.0055,264,2
Red Grouse,57.36486,-4.03983,7.5,Summer,0.0309,86,10
Red Grouse,57.36486,-3.79499,7.5,Summer,0.1218,308,176
Red Grouse,57.36486,-3.55015,7.5,Summer,0.1061,381,6
Red Grouse,57.36486,-3.30531,7.5,Summer,0.0852,71,1
Red Grouse,57.36486,-3.06047,7.5,Summer,0.0611,14,5
Red Grouse,57.36486,-2.81564,7.5,Summer,0.0284,7,1
Red Grouse,57.5,-5.99853,7.5,Summer,0.001,4,1
Red Grouse,57.5,-4.03983,7.5,Summer,0.0012,626,1
Red Grouse,57.5,-3.79499,7.5,Summer,0.0104,60,3
Red Grouse,57.5,-3.55015,7.5,Summer,0.0331,9,2
Red Grouse,57.63514,-7.22272,7.5,Summer,0.001,116,1
Red Grouse,57.63514,-5.50885,7.5,Summer,0.002,49,1
Red Grouse,57.63514,-5.26402,7.5,Summer,0.0021,100,1
Red Grouse,57.63514,-4.5295,7.5,Summer,0.0017,173,1
Red Grouse,57.63514,-2.32596,7.5,Summer,0.0011,124,1
Red Grouse,57.77027,-3.79499,7.5,Summer,0.002,180,1
Red Grouse,57.77027,-3.55015,7.5,Summer,0.0023,104,2
Red Grouse,57.90541,-5.50885,7.5,Summer,0.0029,122,1
Red Grouse,57.90541,-4.77434,7.5,Summer,0.0061,11,1
Red Grouse,58.04054,-6.73304,7.5,Summer,0.0056,36,1
Red Grouse,58.04054,-6.48821,7.5,Summer,0.0089,51,1
Red Grouse,58.04054,-4.77434,7.5,Summer,0.0096,10,7
Red Grouse,58.04054,-4.28466,7.5,Summer,0.0117,26,5
Red Grouse,58.04054,-4.03983,7.5,Summer,0.0145,57,1
Red Grouse,58.17568,-6.97788,7.5,Summer,0.0065,82,2
Red Grouse,58.17568,-6.73304,7.5,Summer,0.0033,84,2
Red Grouse,58.17568,-3.55015,7.5,Summer,0.0072,44,1
Red Grouse,58.31081,-5.01918,7.5,Summer,0.0051,40,1
Red Grouse,58.31081,-3.30531,7.5,Summer,0.0117,52,2
Red Grouse,58.44595,-5.26402,7.5,Summer,0.0076,94,17
Red Grouse,58.44595,-3.55015,7.5,Summer,0.0135,5,1
Red Grouse,58.58108,-5.01918,7.5,Summer,0.0012,8,1
Red Grouse,58.58108,-4.77434,7.5,Summer,0.0012,110,2
Red Grouse,58.58108,-3.06047,7.5,Summer,0.0018,174,2
Red Grouse,58.71622,-3.30531,7.5,Summer,0.0128,103,1
Red Grouse,58.85135,-3.06047,7.5,Summer,0.006,70,1
Red Grouse,58.98649,-3.30531,7.5,Summer,0.0072,530,1
Red Grouse,58.98649,-3.06047,7.5,Summer,0.0182,416,9
Red Grouse,59.12162,-3.06047,7.5,Summer,0.0026,316,16
Red Grouse,60.2027,-1.59145,7.5,Summer,0.0248,33,2
Red Grouse,60.2027,-1.34661,7.5,Summer,0.0127,126,6
Red Grouse,60.2027,-1.10177,7.5,Summer,0.0088,394,3
Red Grouse,60.33784,-1.59145,7.5,Summer,0.0982,54,2
Red Grouse,60.33784,-1.34661,7.5,Summer,0.0711,85,4
Red Grouse,60.33784,-1.10177,7.5,Summer,0.0319,45,3
Red Grouse,60.47297,-1.59145,7.5,Summer,0.0111,123,1
Red Grouse,60.47297,-1.34661,7.5,Summer,0.031,54,1
Red Grouse,60.47297,-1.10177,7.5,Summer,0.0134,77,1
Red Grouse,55.06757,-4.28466,7.5,Winter,0.0052,8,1
Red Grouse,55.06757,-3.79499,7.5,Winter,0.0034,26,1
Red Grouse,55.2027,-4.5295,7.5,Winter,0.0084,3,1
Red Grouse,55.2027,-2.81564,7.5,Winter,0.0304,6,1
Red Grouse,55.33784,-3.79499,7.5,Winter,0.0493,21,4
Red Grouse,55.33784,-3.55015,7.5,Winter,0.025,23,1
Red Grouse,55.47297,-4.03983,7.5,Winter,0.0281,12,1
Red Grouse,55.47297,-3.79499,7.5,Winter,0.0114,63,14
Red Grouse,55.60811,-5.75369,7.5,Winter,0.0015,25,4
Red Grouse,55.60811,-2.81564,7.5,Winter,0.0027,95,1
Red Grouse,55.74324,-6.48821,7.5,Winter,0.0011,93,1
Red Grouse,55.74324,-4.28466,7.5,Winter,0.0017,631,9
Red Grouse,55.74324,-3.55015,7.5,Winter,0.1182,34,2
Red Grouse,55.74324,-3.30531,7.5,Winter,0.2239,43,2
Red Grouse,55.74324,-3.06047,7.5,Winter,0.412,248,47
Red Grouse,55.74324,-2.81564,7.5,Winter,0.2087,26,1
Red Grouse,55.74324,-2.5708,7.5,Winter,0.2369,3,3
Red Grouse,55.87838,-3.79499,7.5,Winter,0.0209,88,4
Red Grouse,55.87838,-3.30531,7.5,Winter,0.018,1796,70
Red Grouse,55.87838,-3.06047,7.5,Winter,0.0012,1773,1
Red Grouse,55.87838,-2.81564,7.5,Winter,0.1906,163,13
Red Grouse,55.87838,-2.5708,7.5,Winter,0.4437,32,19
Red Grouse,56.01351,-4.5295,7.5,Winter,0.0014,162,1
Red Grouse,56.01351,-4.03983,7.5,Winter,0.0034,24,1
Red Grouse,56.01351,-2.81564,7.5,Winter,0.001,874,1
Red Grouse,56.01351,-2.5708,7.5,Winter,0.0009,643,2
Red Grouse,56.14865,-4.5295,7.5,Winter,0.0024,46,1
Red Grouse,56.14865,-3.79499,7.5,Winter,0.0011,490,3
Red Grouse,56.14865,-3.30531,7.5,Winter,0.0107,535,3
Red Grouse,56.28378,-3.30531,7.5,Winter,0.0012,81,11
Red Grouse,56.41892,-4.28466,7.5,Winter,0.1339,48,1
Red Grouse,56.41892,-4.03983,7.5,Winter,0.364,50,22
Red Grouse,56.41892,-3.79499,7.5,Winter,0.1905,27,4
Red Grouse,56.55405,-6.24337,7.5,Winter,0.0016,25,1
Red Grouse,56.55405,-3.79499,7.5,Winter,0.1613,15,2
Red Grouse,56.55405,-3.55015,7.5,Winter,0.0591,81,1
Red Grouse,56.68919,-4.5295,7.5,Winter,0.014,12,1
Red Grouse,56.68919,-4.03983,7.5,Winter,0.0961,5,1
Red Grouse,56.68919,-3.79499,7.5,Winter,0.0537,70,2
Red Grouse,56.82432,-5.01918,7.5,Winter,0.0016,42,1
Red Grouse,56.82432,-4.77434,7.5,Winter,0.0042,7,4
Red Grouse,56.82432,-4.28466,7.5,Winter,0.1231,2,2
Red Grouse,56.82432,-3.55015,7.5,Winter,0.2933,4,4
Red Grouse,56.82432,-3.30531,7.5,Winter,0.1641,48,41
Red Grouse,56.82432,-3.06047,7.5,Winter,0.1374,6,3
Red Grouse,56.82432,-2.81564,7.5,Winter,0.1405,7,2
Red Grouse,56.95946,-4.5295,7.5,Winter,0.0097,15,2
Red Grouse,56.95946,-4.28466,7.5,Winter,0.1167,10,1
Red Grouse,56.95946,-4.03983,7.5,Winter,0.1813,1,1
Red Grouse,56.95946,-3.55015,7.5,Winter,0.1128,11,4
Red Grouse,56.95946,-3.30531,7.5,Winter,0.3183,33,6
Red Grouse,56.95946,-3.06047,7.5,Winter,0.1043,4,3
Red Grouse,56.95946,-2.81564,7.5,Winter,0.0856,2,1
Red Grouse,56.95946,-2.5708,7.5,Winter,0.138,2,1
Red Grouse,57.09459,-4.03983,7.5,Winter,0.0189,301,1
Red Grouse,57.09459,-3.79499,7.5,Winter,0.1888,97,11
Red Grouse,57.09459,-3.55015,7.5,Winter,0.2994,126,27
Red Grouse,57.09459,-3.30531,7.5,Winter,0.1699,25,2
Red Grouse,57.09459,-3.06047,7.5,Winter,0.1242,15,3
Red Grouse,57.22973,-5.99853,7.5,Winter,0.0028,81,1
Red Grouse,57.22973,-5.75369,7.5,Winter,0.0053,16,1
Red Grouse,57.22973,-5.01918,7.5,Winter,0.0069,3,1
Red Grouse,57.22973,-4.03983,7.5,Winter,0.1244,69,6
Red Grouse,57.22973,-3.79499,7.5,Winter,0.0181,583,5
Red Grouse,57.22973,-3.55015,7.5,Winter,0.1759,232,16
Red Grouse,57.22973,-3.30531,7.5,Winter,0.1578,38,6
Red Grouse,57.22973,-3.06047,7.5,Winter,0.1623,1,1
Red Grouse,57.22973,-2.5708,7.5,Winter,0.1153,31,3
Red Grouse,57.36486,-5.75369,7.5,Winter,0.0027,11,1
Red Grouse,57.36486,-4.28466,7.5,Winter,0.0089,66,2
Red Grouse,57.36486,-4.03983,7.5,Winter,0.0356,35,5
Red Grouse,57.36486,-3.79499,7.5,Winter,0.1922,79,46
Red Grouse,57.36486,-3.55015,7.5,Winter,0.1537,228,12
Red Grouse,57.5,-6.73304,7.5,Winter,0.001,244,1
Red Grouse,57.5,-4.28466,7.5,Winter,0.0011,622,1
Red Grouse,57.5,-3.79499,7.5,Winter,0.0154,23,2
Red Grouse,57.63514,-4.5295,7.5,Winter,0.0021,66,1
Red Grouse,57.77027,-5.75369,7.5,Winter,0.003,31,1
Red Grouse,57.90541,-4.28466,7.5,Winter,0.0028,43,2
Red Grouse,58.04054,-4.28466,7.5,Winter,0.0137,14,3
Red Grouse,58.31081,-6.24337,7.5,Winter,0.0013,53,1
Red Grouse,58.85135,-3.06047,7.5,Winter,0.0063,16,1
Red Grouse,58.98649,-3.06047,7.5,Winter,0.0297,31,3
Red Grouse,58.98649,-2.81564,7.5,Winter,0.0046,12,3
Red Grouse,59.12162,-3.06047,7.5,Winter,0.0034,28,1
Red Grouse,60.06757,-1.34661,7.5,Winter,0.0025,290,1
Red Grouse,60.2027,-1.59145,7.5,Winter,0.0544,8,1
Red Grouse,60.2027,-1.34661,7.5,Winter,0.0363,47,1
Red Grouse,60.2027,-1.10177,7.5,Winter,0.0197,254,3
Red Grouse,60.33784,-1.34661,7.5,Winter,0.1482,23,4
Red Grouse,60.33784,-1.10177,7.5,Winter,0.0724,18,3
Red Grouse,60.47297,-1.10177,7.5,Winter,0.0272,13,1
Red Kite,54.7973,-5.01918,7.5,Autumn,0.0014,38,1
Red Kite,54.7973,-4.5295,7.5,Autumn,0.0249,46,4
Red Kite,54.7973,-4.03983,7.5,Autumn,0.1351,8,1
Red Kite,54.7973,-3.79499,7.5,Autumn,0.1022,7,4
Red Kite,54.93243,-4.5295,7.5,Autumn,0.0418,19,2
Red Kite,54.93243,-4.28466,7.5,Autumn,0.1387,30,6
Red Kite,54.93243,-4.03983,7.5,Autumn,0.3429,53,33
Red Kite,54.93243,-3.79499,7.5,Autumn,0.0482,92,9
Red Kite,54.93243,-3.55015,7.5,Autumn,0.0047,239,1
Red Kite,55.06757,-4.28466,7.5,Autumn,0.1707,13,3
Red Kite,55.06757,-4.03983,7.5,Autumn,0.3439,42,32
Red Kite,55.06757,-3.79499,7.5,Autumn,0.0663,21,3
Red Kite,55.06757,-3.55015,7.5,Autumn,0.0028,165,2
Red Kite,55.06757,-3.30531,7.5,Autumn,0.009,30,1
Red Kite,55.2027,-4.03983,7.5,Autumn,0.3065,11,2
Red Kite,55.2027,-3.79499,7.5,Autumn,0.1923,13,6
Red Kite,55.2027,-3.30531,7.5,Autumn,0.0209,21,1
Red Kite,55.33784,-4.28466,7.5,Autumn,0.1855,22,1
Red Kite,55.33784,-3.79499,7.5,Autumn,0.2498,15,8
Red Kite,55.33784,-2.5708,7.5,Autumn,0.0089,2,1
Red Kite,55.47297,-4.5295,7.5,Autumn,0.0017,1154,1
Red Kite,55.47297,-3.79499,7.5,Autumn,0.0948,51,13
Red Kite,55.47297,-3.55015,7.5,Autumn,0.018,23,1
Red Kite,55.47297,-3.30531,7.5,Autumn,0.0103,22,2
Red Kite,55.60811,-3.79499,7.5,Autumn,0.0148,26,2
Red Kite,55.74324,-4.03983,7.5,Autumn,0.0011,208,1
Red Kite,55.74324,-3.06047,7.5,Autumn,0.0099,165,5
Red Kite,55.87838,-3.79499,7.5,Autumn,0.0152,50,3
Red Kite,55.87838,-3.55015,7.5,Autumn,0.0012,74,1
Red Kite,55.87838,-3.30531,7.5,Autumn,0.0011,892,1
Red Kite,55.87838,-2.5708,7.5,Autumn,0.0196,13,2
Red Kite,56.01351,-3.06047,7.5,Autumn,0.001,1856,1
Red Kite,56.01351,-2.5708,7.5,Autumn,0.001,447,2
Red Kite,56.14865,-4.28466,7.5,Autumn,0.081,31,4
Red Kite,56.14865,-4.03983,7.5,Autumn,0.036,176,34
Red Kite,56.14865,-3.79499,7.5,Autumn,0.0019,274,3
Red Kite,56.14865,-3.30531,7.5,Autumn,0.0013,374,1
Red Kite,56.28378,-4.77434,7.5,Autumn,0.0027,22,1
Red Kite,56.28378,-4.5295,7.5,Autumn,0.0333,7,1
Red Kite,56.28378,-4.28466,7.5,Autumn,0.1816,38,2
Red Kite,56.28378,-4.03983,7.5,Autumn,0.293,18,6
Red Kite,56.28378,-3.79499,7.5,Autumn,0.2269,75,8
Red Kite,56.28378,-2.81564,7.5,Autumn,0.0018,885,1
Red Kite,56.41892,-4.28466,7.5,Autumn,0.0442,69,2
Red Kite,56.41892,-4.03983,7.5,Autumn,0.2361,23,14
Red Kite,56.41892,-3.79499,7.5,Autumn,0.2222,24,1
Red Kite,56.41892,-3.30531,7.5,Autumn,0.0014,131,1
Red Kite,56.55405,-3.79499,7.5,Autumn,0.2105,16,1
Red Kite,56.55405,-3.55015,7.5,Autumn,0.0673,128,1
Red Kite,56.68919,-4.03983,7.5,Autumn,0.0205,22,2
Red Kite,56.68919,-3.79499,7.5,Autumn,0.0176,146,1
Red Kite,56.68919,-3.30531,7.5,Autumn,0.1736,28,3
Red Kite,56.68919,-3.06047,7.5,Autumn,0.2332,95,23
Red Kite,56.68919,-2.81564,7.5,Autumn,0.2222,37,2
Red Kite,56.68919,-2.5708,7.5,Autumn,0.0058,265,2
Red Kite,56.82432,-5.01918,7.5,Autumn,0.0024,127,1
Red Kite,56.82432,-3.79499,7.5,Autumn,0.0269,22,1
Red Kite,56.82432,-3.30531,7.5,Autumn,0.1322,52,7
Red Kite,56.82432,-3.06047,7.5,Autumn,0.1343,6,4
Red Kite,56.82432,-2.81564,7.5,Autumn,0.2291,7,7
Red Kite,56.82432,-2.5708,7.5,Autumn,0.0594,79,5
Red Kite,56.95946,-5.01918,7.5,Autumn,0.0023,16,2
Red Kite,56.95946,-3.55015,7.5,Autumn,0.0722,22,2
Red Kite,56.95946,-3.30531,7.5,Autumn,0.1624,46,1
Red Kite,56.95946,-2.5708,7.5,Autumn,0.202,12,2
Red Kite,56.95946,-2.32596,7.5,Autumn,0.0183,29,2
Red Kite,57.09459,-5.75369,7.5,Autumn,0.0011,33,1
Red Kite,57.09459,-4.03983,7.5,Autumn,0.1332,242,26
Red Kite,57.09459,-3.79499,7.5,Autumn,0.025,105,1
Red Kite,57.09459,-3.55015,7.5,Autumn,0.0674,58,1
Red Kite,57.09459,-3.30531,7.5,Autumn,0.113,18,2
Red Kite,57.09459,-3.06047,7.5,Autumn,0.1831,41,5
Red Kite,57.09459,-2.81564,7.5,Autumn,0.1428,64,8
Red Kite,57.09459,-2.5708,7.5,Autumn,0.2263,23,1
Red Kite,57.09459,-2.32596,7.5,Autumn,0.0957,56,6
Red Kite,57.22973,-4.5295,7.5,Autumn,0.1217,23,2
Red Kite,57.22973,-4.28466,7.5,Autumn,0.2405,2,1
Red Kite,57.22973,-4.03983,7.5,Autumn,0.3093,90,59
Red Kite,57.22973,-3.79499,7.5,Autumn,0.012,655,9
Red Kite,57.22973,-3.55015,7.5,Autumn,0.0361,169,2
Red Kite,57.22973,-3.30531,7.5,Autumn,0.0537,35,1
Red Kite,57.22973,-2.5708,7.5,Autumn,0.1876,12,1
Red Kite,57.22973,-2.32596,7.5,Autumn,0.09,8,1
Red Kite,57.36486,-6.48821,7.5,Autumn,0.001,31,1
Red Kite,57.36486,-4.77434,7.5,Autumn,0.0271,26,1
Red Kite,57.36486,-4.5295,7.5,Autumn,0.2822,158,19
Red Kite,57.36486,-4.28466,7.5,Autumn,0.2471,108,36
Red Kite,57.36486,-4.03983,7.5,Autumn,0.3152,23,10
Red Kite,57.36486,-3.79499,7.5,Autumn,0.2659,98,12
Red Kite,57.36486,-3.55015,7.5,Autumn,0.1361,167,11
Red Kite,57.36486,-3.06047,7.5,Autumn,0.0564,5,1
Red Kite,57.5,-5.01918,7.5,Autumn,0.006,3,1
Red Kite,57.5,-4.77434,7.5,Autumn,0.0365,4,1
Red Kite,57.5,-4.5295,7.5,Autumn,0.2604,80,22
Red Kite,57.5,-4.28466,7.5,Autumn,0.1394,562,65
Red Kite,57.5,-4.03983,7.5,Autumn,0.1439,423,38
Red Kite,57.5,-3.79499,7.5,Autumn,0.1272,17,1
Red Kite,57.5,-3.55015,7.5,Autumn,0.0469,12,4
Red Kite,57.63514,-4.5295,7.5,Autumn,0.2271,83,30
Red Kite,57.63514,-4.28466,7.5,Autumn,0.1449,93,12
Red Kite,57.63514,-4.03983,7.5,Autumn,0.128,581,33
Red Kite,57.63514,-3.55015,7.5,Autumn,0.003,283,2
Red Kite,57.63514,-3.30531,7.5,Autumn,0.0014,151,1
Red Kite,57.63514,-1.83628,7.5,Autumn,0.0023,165,1
Red Kite,57.77027,-4.03983,7.5,Autumn,0.2014,104,11
Red Kite,57.77027,-3.79499,7.5,Autumn,0.0471,172,6
Red Kite,57.90541,-4.28466,7.5,Autumn,0.156,86,3
Red Kite,57.90541,-4.03983,7.5,Autumn,0.1543,167,13
Red Kite,57.90541,-3.79499,7.5,Autumn,0.0256,76,1
Red Kite,58.04054,-4.5295,7.5,Autumn,0.0751,24,2
Red Kite,58.04054,-4.28466,7.5,Autumn,0.1693,19,2
Red Kite,58.04054,-3.79499,7.5,Autumn,0.0298,34,2
Red Kite,58.17568,-3.55015,7.5,Autumn,0.0034,13,1
Red Kite,58.31081,-3.79499,7.5,Autumn,0.0227,14,1
Red Kite,59.39189,-2.32596,7.5,Autumn,0.0016,327,1
Red Kite,59.93243,-1.34661,7.5,Autumn,0.0012,2628,11
Red Kite,60.47297,-1.34661,7.5,Autumn,0.0029,240,1
Red Kite,54.7973,-4.5295,7.5,Spring,0.0296,51,11
Red Kite,54.7973,-4.28466,7.5,Spring,0.2286,23,2
Red Kite,54.7973,-4.03983,7.5,Spring,0.2023,114,32
Red Kite,54.7973,-3.79499,7.5,Spring,0.1468,19,4
Red Kite,54.93243,-4.77434,7.5,Spring,0.0172,32,5
Red Kite,54.93243,-4.5295,7.5,Spring,0.0676,64,8
Red Kite,54.93243,-4.28466,7.5,Spring,0.2081,37,8
Red Kite,54.93243,-4.03983,7.5,Spring,0.3638,118,80
Red Kite,54.93243,-3.79499,7.5,Spring,0.09,108,12
Red Kite,54.93243,-3.55015,7.5,Spring,0.0116,256,13
Red Kite,55.06757,-4.5295,7.5,Spring,0.1102,70,8
Red Kite,55.06757,-4.28466,7.5,Spring,0.2114,28,6
Red Kite,55.06757,-4.03983,7.5,Spring,0.3486,73,39
Red Kite,55.06757,-3.79499,7.5,Spring,0.0499,21,6
Red Kite,55.06757,-3.55015,7.5,Spring,0.0043,243,15
Red Kite,55.06757,-3.30531,7.5,Spring,0.0081,79,2
Red Kite,55.2027,-4.28466,7.5,Spring,0.2539,17,2
Red Kite,55.2027,-4.03983,7.5,Spring,0.3209,25,9
Red Kite,55.2027,-3.79499,7.5,Spring,0.1803,36,11
Red Kite,55.2027,-3.55015,7.5,Spring,0.017,7,4
Red Kite,55.2027,-3.30531,7.5,Spring,0.0226,75,5
Red Kite,55.33784,-4.5295,7.5,Spring,0.0098,62,1
Red Kite,55.33784,-4.28466,7.5,Spring,0.1863,147,4
Red Kite,55.33784,-4.03983,7.5,Spring,0.2063,11,2
Red Kite,55.33784,-3.79499,7.5,Spring,0.2598,69,23
Red Kite,55.33784,-3.55015,7.5,Spring,0.0649,100,9
Red Kite,55.47297,-4.28466,7.5,Spring,0.0365,36,1
Red Kite,55.47297,-3.79499,7.5,Spring,0.0987,119,49
Red Kite,55.47297,-3.55015,7.5,Spring,0.0227,116,8
Red Kite,55.47297,-3.30531,7.5,Spring,0.0118,66,3
Red Kite,55.60811,-4.5295,7.5,Spring,0.0013,21683,3
Red Kite,55.60811,-3.30531,7.5,Spring,0.01,97,3
Red Kite,55.74324,-4.5295,7.5,Spring,0.006,468,1
Red Kite,55.74324,-3.06047,7.5,Spring,0.0101,398,9
Red Kite,55.74324,-2.5708,7.5,Spring,0.0063,11,1
Red Kite,55.87838,-3.55015,7.5,Spring,0.0012,219,1
Red Kite,55.87838,-3.30531,7.5,Spring,0.0011,2071,3
Red Kite,55.87838,-2.81564,7.5,Spring,0.0105,239,3
Red Kite,55.87838,-2.5708,7.5,Spring,0.0172,232,6
Red Kite,55.87838,-2.32596,7.5,Spring,0.0028,169,1
Red Kite,56.01351,-4.5295,7.5,Spring,0.0051,435,3
Red Kite,56.01351,-4.28466,7.5,Spring,0.012,175,1
Red Kite,56.01351,-4.03983,7.5,Spring,0.0034,39,1
Red Kite,56.01351,-2.81564,7.5,Spring,0.0012,928,3
Red Kite,56.01351,-2.5708,7.5,Spring,0.0011,754,1
Red Kite,56.14865,-4.77434,7.5,Spring,0.0022,77,1
Red Kite,56.14865,-4.5295,7.5,Spring,0.0167,234,1
Red Kite,56.14865,-4.28466,7.5,Spring,0.0923,180,6
Red Kite,56.14865,-4.03983,7.5,Spring,0.0385,535,78
Red Kite,56.14865,-3.79499,7.5,Spring,0.0021,695,14
Red Kite,56.14865,-3.55015,7.5,Spring,0.0024,219,2
Red Kite,56.14865,-3.30531,7.5,Spring,0.0015,652,2
Red Kite,56.14865,-2.81564,7.5,Spring,0.0016,399,1
Red Kite,56.28378,-5.26402,7.5,Spring,0.0029,4,1
Red Kite,56.28378,-4.28466,7.5,Spring,0.2188,269,19
Red Kite,56.28378,-4.03983,7.5,Spring,0.318,43,27
Red Kite,56.28378,-3.79499,7.5,Spring,0.2548,106,19
Red Kite,56.28378,-3.30531,7.5,Spring,0.0024,146,1
Red Kite,56.28378,-3.06047,7.5,Spring,0.0023,546,4
Red Kite,56.28378,-2.81564,7.5,Spring,0.0027,1514,2
Red Kite,56.41892,-4.28466,7.5,Spring,0.065,86,6
Red Kite,56.41892,-4.03983,7.5,Spring,0.2608,122,53
Red Kite,56.41892,-3.79499,7.5,Spring,0.2524,80,22
Red Kite,56.41892,-3.06047,7.5,Spring,0.0013,540,3
Red Kite,56.55405,-4.03983,7.5,Spring,0.0338,55,3
Red Kite,56.55405,-3.79499,7.5,Spring,0.2357,74,11
Red Kite,56.55405,-3.55015,7.5,Spring,0.095,294,10
Red Kite,56.55405,-3.30531,7.5,Spring,0.0584,54,3
Red Kite,56.55405,-3.06047,7.5,Spring,0.0074,50,2
Red Kite,56.68919,-4.03983,7.5,Spring,0.0232,46,2
Red Kite,56.68919,-3.79499,7.5,Spring,0.0205,290,4
Red Kite,56.68919,-3.55015,7.5,Spring,0.087,26,1
Red Kite,56.68919,-3.30531,7.5,Spring,0.2056,83,15
Red Kite,56.68919,-3.06047,7.5,Spring,0.2596,181,38
Red Kite,56.68919,-2.81564,7.5,Spring,0.2677,111,16
Red Kite,56.68919,-2.5708,7.5,Spring,0.0086,253,9
Red Kite,56.82432,-5.26402,7.5,Spring,0.002,28,1
Red Kite,56.82432,-5.01918,7.5,Spring,0.0021,256,1
Red Kite,56.82432,-4.03983,7.5,Spring,0.0378,45,1
Red Kite,56.82432,-3.55015,7.5,Spring,0.0768,19,1
Red Kite,56.82432,-3.30531,7.5,Spring,0.1558,111,21
Red Kite,56.82432,-3.06047,7.5,Spring,0.1545,25,10
Red Kite,56.82432,-2.81564,7.5,Spring,0.2664,10,3
Red Kite,56.82432,-2.5708,7.5,Spring,0.0801,127,16
Red Kite,56.82432,-2.32596,7.5,Spring,0.0036,78,1
Red Kite,56.95946,-4.5295,7.5,Spring,0.0229,55,1
Red Kite,56.95946,-4.28466,7.5,Spring,0.0419,91,2
Red Kite,56.95946,-3.55015,7.5,Spring,0.0761,57,2
Red Kite,56.95946,-3.30531,7.5,Spring,0.199,107,11
Red Kite,56.95946,-3.06047,7.5,Spring,0.2138,23,2
Red Kite,56.95946,-2.81564,7.5,Spring,0.2706,10,3
Red Kite,56.95946,-2.5708,7.5,Spring,0.2285,21,3
Red Kite,56.95946,-2.32596,7.5,Spring,0.0281,74,3
Red Kite,57.09459,-4.28466,7.5,Spring,0.0596,5,2
Red Kite,57.09459,-4.03983,7.5,Spring,0.1397,709,39
Red Kite,57.09459,-3.79499,7.5,Spring,0.029,375,1
Red Kite,57.09459,-3.55015,7.5,Spring,0.0721,433,2
Red Kite,57.09459,-3.30531,7.5,Spring,0.1358,78,16
Red Kite,57.09459,-3.06047,7.5,Spring,0.2189,69,10
Red Kite,57.09459,-2.81564,7.5,Spring,0.1714,188,26
Red Kite,57.09459,-2.5708,7.5,Spring,0.2698,64,10
Red Kite,57.09459,-2.32596,7.5,Spring,0.1479,89,23
Red Kite,57.09459,-2.08112,7.5,Spring,0.0012,1560,3
Red Kite,57.22973,-4.77434,7.5,Spring,0.0118,34,1
Red Kite,57.22973,-4.5295,7.5,Spring,0.1427,45,3
Red Kite,57.22973,-4.28466,7.5,Spring,0.263,11,5
Red Kite,57.22973,-4.03983,7.5,Spring,0.3166,252,91
Red Kite,57.22973,-3.79499,7.5,Spring,0.0138,2240,37
Red Kite,57.22973,-3.55015,7.5,Spring,0.0596,560,37
Red Kite,57.22973,-3.30531,7.5,Spring,0.0793,123,5
Red Kite,57.22973,-2.81564,7.5,Spring,0.1191,24,4
Red Kite,57.22973,-2.5708,7.5,Spring,0.2464,20,3
Red Kite,57.22973,-2.32596,7.5,Spring,0.1171,52,5
Red Kite,57.22973,-2.08112,7.5,Spring,0.0016,488,5
Red Kite,57.36486,-4.77434,7.5,Spring,0.0416,86,4
Red Kite,57.36486,-4.5295,7.5,Spring,0.291,272,26
Red Kite,57.36486,-4.28466,7.5,Spring,0.282,333,58
Red Kite,57.36486,-4.03983,7.5,Spring,0.325,118,36
Red Kite,57.36486,-3.79499,7.5,Spring,0.2888,407,82
Red Kite,57.36486,-3.55015,7.5,Spring,0.1804,445,48
Red Kite,57.36486,-3.30531,7.5,Spring,0.0678,43,2
Red Kite,57.36486,-2.5708,7.5,Spring,0.037,25,1
Red Kite,57.36486,-2.08112,7.5,Spring,0.0048,274,1
Red Kite,57.36486,-1.83628,7.5,Spring,0.0035,69,1
Red Kite,57.5,-4.77434,7.5,Spring,0.0473,7,2
Red Kite,57.5,-4.5295,7.5,Spring,0.281,192,54
Red Kite,57.5,-4.28466,7.5,Spring,0.157,915,66
Red Kite,57.5,-4.03983,7.5,Spring,0.1736,691,50
Red Kite,57.5,-3.79499,7.5,Spring,0.1687,39,9
Red Kite,57.5,-3.55015,7.5,Spring,0.0629,26,5
Red Kite,57.5,-3.30531,7.5,Spring,0.0176,49,2
Red Kite,57.63514,-5.01918,7.5,Spring,0.004,22,1
Red Kite,57.63514,-4.77434,7.5,Spring,0.0413,38,2
Red Kite,57.63514,-4.5295,7.5,Spring,0.2641,168,67
Red Kite,57.63514,-4.28466,7.5,Spring,0.1671,160,18
Red Kite,57.63514,-4.03983,7.5,Spring,0.1557,569,35
Red Kite,57.63514,-3.55015,7.5,Spring,0.0039,328,2
Red Kite,57.63514,-3.06047,7.5,Spring,0.003,167,2
Red Kite,57.63514,-2.81564,7.5,Spring,0.0064,87,1
Red Kite,57.63514,-2.32596,7.5,Spring,0.0041,147,1
Red Kite,57.77027,-5.01918,7.5,Spring,0.0037,49,4
Red Kite,57.77027,-4.28466,7.5,Spring,0.2024,40,10
Red Kite,57.77027,-4.03983,7.5,Spring,0.2227,201,37
Red Kite,57.77027,-3.79499,7.5,Spring,0.0527,199,8
Red Kite,57.77027,-3.30531,7.5,Spring,0.0033,165,1
Red Kite,57.90541,-5.50885,7.5,Spring,0.0011,117,1
Red Kite,57.90541,-5.26402,7.5,Spring,0.0012,130,1
Red Kite,57.90541,-4.5295,7.5,Spring,0.1792,18,1
Red Kite,57.90541,-4.28466,7.5,Spring,0.1909,115,8
Red Kite,57.90541,-4.03983,7.5,Spring,0.1849,326,46
Red Kite,58.04054,-4.5295,7.5,Spring,0.0903,61,4
Red Kite,58.04054,-4.28466,7.5,Spring,0.1921,55,9
Red Kite,58.04054,-4.03983,7.5,Spring,0.2024,61,5
Red Kite,58.04054,-3.79499,7.5,Spring,0.0266,75,2
Red Kite,58.17568,-4.03983,7.5,Spring,0.079,8,1
Red Kite,58.17568,-3.79499,7.5,Spring,0.051,13,1
Red Kite,58.31081,-4.03983,7.5,Spring,0.0198,3,1
Red Kite,59.52703,-1.59145,7.5,Spring,0.0012,456,1
Red Kite,54.7973,-4.5295,7.5,Summer,0.0202,34,1
Red Kite,54.7973,-4.28466,7.5,Summer,0.2039,27,3
Red Kite,54.7973,-4.03983,7.5,Summer,0.1326,46,8
Red Kite,54.7973,-3.79499,7.5,Summer,0.1336,22,4
Red Kite,54.93243,-5.01918,7.5,Summer,0.0019,74,1
Red Kite,54.93243,-4.5295,7.5,Summer,0.0502,52,4
Red Kite,54.93243,-4.28466,7.5,Summer,0.1818,35,12
Red Kite,54.93243,-4.03983,7.5,Summer,0.3478,106,51
Red Kite,54.93243,-3.79499,7.5,Summer,0.0782,76,7
Red Kite,54.93243,-3.55015,7.5,Summer,0.005,171,2
Red Kite,55.06757,-4.5295,7.5,Summer,0.1039,44,3
Red Kite,55.06757,-4.28466,7.5,Summer,0.1642,16,3
Red Kite,55.06757,-4.03983,7.5,Summer,0.348,63,30
Red Kite,55.06757,-3.79499,7.5,Summer,0.0558,17,6
Red Kite,55.06757,-3.55015,7.5,Summer,0.0026,192,4
Red Kite,55.06757,-3.30531,7.5,Summer,0.0093,52,2
Red Kite,55.2027,-4.28466,7.5,Summer,0.2504,23,9
Red Kite,55.2027,-4.03983,7.5,Summer,0.2943,23,12
Red Kite,55.2027,-3.79499,7.5,Summer,0.1873,14,1
Red Kite,55.2027,-3.30531,7.5,Summer,0.0237,58,4
Red Kite,55.2027,-3.06047,7.5,Summer,0.012,22,1
Red Kite,55.33784,-4.77434,7.5,Summer,0.0014,137,1
Red Kite,55.33784,-4.28466,7.5,Summer,0.202,47,6
Red Kite,55.33784,-4.03983,7.5,Summer,0.1413,3,1
Red Kite,55.33784,-3.79499,7.5,Summer,0.221,22,8
Red Kite,55.33784,-3.30531,7.5,Summer,0.0161,14,1
Red Kite,55.47297,-4.28466,7.5,Summer,0.0364,34,2
Red Kite,55.47297,-3.79499,7.5,Summer,0.071,96,41
Red Kite,55.47297,-3.55015,7.5,Summer,0.0113,88,3
Red Kite,55.60811,-4.5295,7.5,Summer,0.0012,27860,1
Red Kite,55.60811,-3.30531,7.5,Summer,0.0088,49,2
Red Kite,55.60811,-3.06047,7.5,Summer,0.003,83,1
Red Kite,55.74324,-4.5295,7.5,Summer,0.0071,277,1
Red Kite,55.74324,-4.28466,7.5,Summer,0.0021,507,1
Red Kite,55.74324,-4.03983,7.5,Summer,0.0012,219,1
Red Kite,55.74324,-3.79499,7.5,Summer,0.01,20,1
Red Kite,55.74324,-3.06047,7.5,Summer,0.0122,133,4
Red Kite,55.74324,-2.81564,7.5,Summer,0.0026,18,1
Red Kite,55.74324,-2.5708,7.5,Summer,0.0075,14,1
Red Kite,55.87838,-3.30531,7.5,Summer,0.0011,1184,1
Red Kite,55.87838,-2.5708,7.5,Summer,0.0231,109,6
Red Kite,55.87838,-2.08112,7.5,Summer,0.0014,295,2
Red Kite,56.01351,-4.03983,7.5,Summer,0.0036,53,2
Red Kite,56.01351,-3.30531,7.5,Summer,0.001,2181,1
Red Kite,56.01351,-2.81564,7.5,Summer,0.0011,786,1
Red Kite,56.14865,-4.5295,7.5,Summer,0.0155,225,1
Red Kite,56.14865,-4.28466,7.5,Summer,0.0998,111,4
Red Kite,56.14865,-4.03983,7.5,Summer,0.0371,349,68
Red Kite,56.14865,-3.79499,7.5,Summer,0.0019,328,2
Red Kite,56.28378,-5.26402,7.5,Summer,0.0028,19,1
Red Kite,56.28378,-4.77434,7.5,Summer,0.0022,90,1
Red Kite,56.28378,-4.28466,7.5,Summer,0.1861,205,7
Red Kite,56.28378,-4.03983,7.5,Summer,0.3013,8,4
Red Kite,56.28378,-3.79499,7.5,Summer,0.2505,77,14
Red Kite,56.28378,-3.55015,7.5,Summer,0.0127,35,2
Red Kite,56.41892,-5.99853,7.5,Summer,0.0012,294,1
Red Kite,56.41892,-5.75369,7.5,Summer,0.0011,361,1
Red Kite,56.41892,-4.28466,7.5,Summer,0.0293,97,1
Red Kite,56.41892,-4.03983,7.5,Summer,0.2378,50,28
Red Kite,56.41892,-3.79499,7.5,Summer,0.2391,78,10
Red Kite,56.41892,-3.55015,7.5,Summer,0.0066,110,3
Red Kite,56.41892,-3.30531,7.5,Summer,0.0015,198,1
Red Kite,56.41892,-3.06047,7.5,Summer,0.0012,357,2
Red Kite,56.55405,-4.03983,7.5,Summer,0.0153,49,4
Red Kite,56.55405,-3.79499,7.5,Summer,0.2265,45,3
Red Kite,56.55405,-3.55015,7.5,Summer,0.0838,287,10
Red Kite,56.55405,-3.30531,7.5,Summer,0.0479,47,1
Red Kite,56.55405,-3.06047,7.5,Summer,0.0071,31,1
Red Kite,56.68919,-3.79499,7.5,Summer,0.0132,268,3
Red Kite,56.68919,-3.55015,7.5,Summer,0.0629,12,1
Red Kite,56.68919,-3.30531,7.5,Summer,0.1809,40,5
Red Kite,56.68919,-3.06047,7.5,Summer,0.2413,142,20
Red Kite,56.68919,-2.81564,7.5,Summer,0.2445,56,6
Red Kite,56.82432,-5.01918,7.5,Summer,0.0021,276,4
Red Kite,56.82432,-3.30531,7.5,Summer,0.1149,104,7
Red Kite,56.82432,-3.06047,7.5,Summer,0.1236,27,12
Red Kite,56.82432,-2.81564,7.5,Summer,0.2239,11,2
Red Kite,56.82432,-2.5708,7.5,Summer,0.0554,78,3
Red Kite,56.95946,-4.28466,7.5,Summer,0.0176,75,2
Red Kite,56.95946,-3.55015,7.5,Summer,0.0359,70,2
Red Kite,56.95946,-3.30531,7.5,Summer,0.157,105,7
Red Kite,56.95946,-2.81564,7.5,Summer,0.2602,64,22
Red Kite,56.95946,-2.5708,7.5,Summer,0.2089,21,3
Red Kite,56.95946,-2.32596,7.5,Summer,0.017,53,2
Red Kite,56.95946,-2.08112,7.5,Summer,0.006,272,3
Red Kite,57.09459,-4.77434,7.5,Summer,0.0047,136,2
Red Kite,57.09459,-4.5295,7.5,Summer,0.0322,16,2
Red Kite,57.09459,-4.03983,7.5,Summer,0.054,526,13
Red Kite,57.09459,-3.30531,7.5,Summer,0.1066,90,11
Red Kite,57.09459,-3.06047,7.5,Summer,0.1929,80,12
Red Kite,57.09459,-2.81564,7.5,Summer,0.1587,84,6
Red Kite,57.09459,-2.5708,7.5,Summer,0.2473,32,4
Red Kite,57.09459,-2.32596,7.5,Summer,0.1332,68,7
Red Kite,57.22973,-4.77434,7.5,Summer,0.0105,35,1
Red Kite,57.22973,-4.5295,7.5,Summer,0.1255,77,1
Red Kite,57.22973,-4.28466,7.5,Summer,0.2284,4,3
Red Kite,57.22973,-4.03983,7.5,Summer,0.2953,133,63
Red Kite,57.22973,-3.79499,7.5,Summer,0.0078,1932,24
Red Kite,57.22973,-3.55015,7.5,Summer,0.0326,441,14
Red Kite,57.22973,-3.30531,7.5,Summer,0.0672,128,8
Red Kite,57.22973,-3.06047,7.5,Summer,0.1196,7,1
Red Kite,57.22973,-2.81564,7.5,Summer,0.115,22,2
Red Kite,57.22973,-2.5708,7.5,Summer,0.2102,23,3
Red Kite,57.22973,-2.32596,7.5,Summer,0.1034,9,1
Red Kite,57.22973,-2.08112,7.5,Summer,0.0013,267,1
Red Kite,57.36486,-6.24337,7.5,Summer,0.001,292,2
Red Kite,57.36486,-4.77434,7.5,Summer,0.0411,58,4
Red Kite,57.36486,-4.5295,7.5,Summer,0.2661,222,19
Red Kite,57.36486,-4.28466,7.5,Summer,0.2703,264,49
Red Kite,57.36486,-4.03983,7.5,Summer,0.3153,86,19
Red Kite,57.36486,-3.79499,7.5,Summer,0.277,308,67
Red Kite,57.36486,-3.55015,7.5,Summer,0.1387,381,14
Red Kite,57.36486,-3.30531,7.5,Summer,0.0451,71,1
Red Kite,57.36486,-2.81564,7.5,Summer,0.0308,7,1
Red Kite,57.36486,-2.5708,7.5,Summer,0.0283,84,1
Red Kite,57.5,-5.75369,7.5,Summer,0.0011,62,1
Red Kite,57.5,-5.01918,7.5,Summer,0.0046,8,1
Red Kite,57.5,-4.77434,7.5,Summer,0.0618,6,2
Red Kite,57.5,-4.5295,7.5,Summer,0.2783,186,42
Red Kite,57.5,-4.28466,7.5,Summer,0.1476,814,70
Red Kite,57.5,-4.03983,7.5,Summer,0.1682,626,56
Red Kite,57.5,-3.79499,7.5,Summer,0.1447,60,3
Red Kite,57.5,-2.08112,7.5,Summer,0.0056,41,1
Red Kite,57.63514,-5.26402,7.5,Summer,0.0017,100,1
Red Kite,57.63514,-4.77434,7.5,Summer,0.0488,32,10
Red Kite,57.63514,-4.5295,7.5,Summer,0.2431,173,63
Red Kite,57.63514,-4.28466,7.5,Summer,0.1488,189,14
Red Kite,57.63514,-4.03983,7.5,Summer,0.1429,742,33
Red Kite,57.63514,-1.83628,7.5,Summer,0.003,145,6
Red Kite,57.77027,-4.28466,7.5,Summer,0.2003,33,3
Red Kite,57.77027,-4.03983,7.5,Summer,0.2106,134,16
Red Kite,57.77027,-3.79499,7.5,Summer,0.0525,180,5
Red Kite,57.77027,-3.30531,7.5,Summer,0.0026,140,1
Red Kite,57.90541,-4.77434,7.5,Summer,0.0112,11,1
Red Kite,57.90541,-4.5295,7.5,Summer,0.1571,28,2
Red Kite,57.90541,-4.28466,7.5,Summer,0.1887,66,5
Red Kite,57.90541,-4.03983,7.5,Summer,0.1715,246,30
Red Kite,57.90541,-3.79499,7.5,Summer,0.0269,52,1
Red Kite,58.04054,-4.5295,7.5,Summer,0.0702,45,10
Red Kite,58.04054,-4.28466,7.5,Summer,0.1673,26,4
Red Kite,58.04054,-4.03983,7.5,Summer,0.1873,57,8
Red Kite,58.04054,-3.79499,7.5,Summer,0.0316,81,3
Red Kite,58.17568,-3.79499,7.5,Summer,0.039,23,1
Red Kite,58.17568,-3.55015,7.5,Summer,0.0045,44,1
Red Kite,58.31081,-4.03983,7.5,Summer,0.0165,14,1
Red Kite,58.44595,-5.26402,7.5,Summer,0.0011,94,2
Red Kite,58.44595,-3.06047,7.5,Summer,0.0011,74,2
Red Kite,58.58108,-3.79499,7.5,Summer,0.002,34,1
Red Kite,54.7973,-4.5295,7.5,Winter,0.0211,47,15
Red Kite,54.7973,-4.28466,7.5,Winter,0.2218,16,3
Red Kite,54.7973,-4.03983,7.5,Winter,0.221,10,4
Red Kite,54.7973,-3.79499,7.5,Winter,0.1448,14,4
Red Kite,54.93243,-4.5295,7.5,Winter,0.0513,25,2
Red Kite,54.93243,-4.28466,7.5,Winter,0.1776,45,18
Red Kite,54.93243,-4.03983,7.5,Winter,0.3633,59,36
Red Kite,54.93243,-3.79499,7.5,Winter,0.1062,69,19
Red Kite,54.93243,-3.55015,7.5,Winter,0.0083,289,7
Red Kite,55.06757,-4.5295,7.5,Winter,0.0961,5,1
Red Kite,55.06757,-4.28466,7.5,Winter,0.1843,8,2
Red Kite,55.06757,-4.03983,7.5,Winter,0.3518,37,27
Red Kite,55.06757,-3.79499,7.5,Winter,0.0542,26,5
Red Kite,55.06757,-3.55015,7.5,Winter,0.0033,173,7
Red Kite,55.2027,-4.28466,7.5,Winter,0.2456,6,1
Red Kite,55.2027,-4.03983,7.5,Winter,0.3202,7,2
Red Kite,55.2027,-3.79499,7.5,Winter,0.2085,8,2
Red Kite,55.2027,-3.30531,7.5,Winter,0.0193,19,3
Red Kite,55.33784,-4.28466,7.5,Winter,0.2029,67,10
Red Kite,55.33784,-4.03983,7.5,Winter,0.2001,3,1
Red Kite,55.33784,-3.79499,7.5,Winter,0.2663,21,9
Red Kite,55.33784,-3.55015,7.5,Winter,0.0506,23,3
Red Kite,55.47297,-4.28466,7.5,Winter,0.0402,31,1
Red Kite,55.47297,-3.79499,7.5,Winter,0.0876,63,10
Red Kite,55.47297,-3.55015,7.5,Winter,0.0155,34,2
Red Kite,55.60811,-4.28466,7.5,Winter,0.0148,15,1
Red Kite,55.74324,-3.06047,7.5,Winter,0.0076,248,1
Red Kite,55.87838,-4.03983,7.5,Winter,0.0011,209,1
Red Kite,55.87838,-3.55015,7.5,Winter,0.0012,227,1
Red Kite,55.87838,-3.06047,7.5,Winter,0.001,1773,2
Red Kite,55.87838,-2.81564,7.5,Winter,0.008,163,3
Red Kite,55.87838,-2.5708,7.5,Winter,0.0159,32,1
Red Kite,56.01351,-4.77434,7.5,Winter,0.0011,80,1
Red Kite,56.01351,-4.03983,7.5,Winter,0.0036,24,1
Red Kite,56.01351,-3.30531,7.5,Winter,0.001,2000,1
Red Kite,56.14865,-4.03983,7.5,Winter,0.041,363,54
Red Kite,56.14865,-3.79499,7.5,Winter,0.0017,490,4
Red Kite,56.14865,-3.30531,7.5,Winter,0.0013,535,1
Red Kite,56.28378,-4.28466,7.5,Winter,0.2089,56,5
Red Kite,56.28378,-4.03983,7.5,Winter,0.3167,8,5
Red Kite,56.28378,-3.79499,7.5,Winter,0.2562,54,12
Red Kite,56.41892,-4.28466,7.5,Winter,0.0652,48,5
Red Kite,56.41892,-4.03983,7.5,Winter,0.2572,50,19
Red Kite,56.41892,-3.79499,7.5,Winter,0.257,27,9
Red Kite,56.41892,-3.06047,7.5,Winter,0.0011,316,1
Red Kite,56.55405,-4.28466,7.5,Winter,0.0368,36,1
Red Kite,56.55405,-3.79499,7.5,Winter,0.2347,15,1
Red Kite,56.55405,-3.55015,7.5,Winter,0.0791,81,5
Red Kite,56.68919,-3.79499,7.5,Winter,0.0192,70,1
Red Kite,56.68919,-3.55015,7.5,Winter,0.082,11,3
Red Kite,56.68919,-3.30531,7.5,Winter,0.1902,15,2
Red Kite,56.68919,-3.06047,7.5,Winter,0.2505,60,13
Red Kite,56.68919,-2.81564,7.5,Winter,0.252,35,2
Red Kite,56.68919,-2.5708,7.5,Winter,0.0063,202,5
Red Kite,56.82432,-5.01918,7.5,Winter,0.0022,42,1
Red Kite,56.82432,-4.03983,7.5,Winter,0.0437,11,1
Red Kite,56.82432,-3.30531,7.5,Winter,0.1406,48,2
Red Kite,56.82432,-3.06047,7.5,Winter,0.1555,6,2
Red Kite,56.82432,-2.81564,7.5,Winter,0.2557,7,3
Red Kite,56.82432,-2.5708,7.5,Winter,0.0836,130,16
Red Kite,56.82432,-2.32596,7.5,Winter,0.0024,83,1
Red Kite,56.95946,-4.28466,7.5,Winter,0.0464,10,2
Red Kite,56.95946,-3.30531,7.5,Winter,0.1706,33,2
Red Kite,56.95946,-2.5708,7.5,Winter,0.2324,2,2
Red Kite,57.09459,-5.99853,7.5,Winter,0.0011,8,1
Red Kite,57.09459,-4.03983,7.5,Winter,0.1371,301,35
Red Kite,57.09459,-3.30531,7.5,Winter,0.1206,25,6
Red Kite,57.09459,-3.06047,7.5,Winter,0.2007,15,3
Red Kite,57.09459,-2.81564,7.5,Winter,0.178,32,4
Red Kite,57.09459,-2.5708,7.5,Winter,0.2629,33,6
Red Kite,57.09459,-2.32596,7.5,Winter,0.171,110,23
Red Kite,57.09459,-2.08112,7.5,Winter,0.0011,1022,1
Red Kite,57.22973,-4.5295,7.5,Winter,0.1362,11,1
Red Kite,57.22973,-4.28466,7.5,Winter,0.2537,3,3
Red Kite,57.22973,-4.03983,7.5,Winter,0.3129,69,37
Red Kite,57.22973,-3.79499,7.5,Winter,0.0114,583,5
Red Kite,57.22973,-3.55015,7.5,Winter,0.0374,232,3
Red Kite,57.22973,-2.81564,7.5,Winter,0.1135,9,3
Red Kite,57.22973,-2.5708,7.5,Winter,0.2385,31,3
Red Kite,57.22973,-2.32596,7.5,Winter,0.1291,26,1
Red Kite,57.36486,-4.77434,7.5,Winter,0.0363,10,2
Red Kite,57.36486,-4.5295,7.5,Winter,0.2911,125,14
Red Kite,57.36486,-4.28466,7.5,Winter,0.2903,66,24
Red Kite,57.36486,-4.03983,7.5,Winter,0.3295,35,15
Red Kite,57.36486,-3.79499,7.5,Winter,0.2879,79,15
Red Kite,57.36486,-3.55015,7.5,Winter,0.1494,228,23
Red Kite,57.36486,-3.30531,7.5,Winter,0.0523,32,4
Red Kite,57.36486,-2.5708,7.5,Winter,0.0314,67,1
Red Kite,57.5,-4.77434,7.5,Winter,0.0502,1,1
Red Kite,57.5,-4.5295,7.5,Winter,0.2878,25,14
Red Kite,57.5,-4.28466,7.5,Winter,0.1563,622,70
Red Kite,57.5,-4.03983,7.5,Winter,0.1812,511,80
Red Kite,57.5,-3.79499,7.5,Winter,0.15,23,3
Red Kite,57.63514,-4.77434,7.5,Winter,0.0468,7,2
Red Kite,57.63514,-4.5295,7.5,Winter,0.2372,66,35
Red Kite,57.63514,-4.28466,7.5,Winter,0.1861,56,12
Red Kite,57.63514,-4.03983,7.5,Winter,0.1671,354,39
Red Kite,57.63514,-3.55015,7.5,Winter,0.0027,318,1
Red Kite,57.77027,-4.03983,7.5,Winter,0.2001,88,10
Red Kite,57.77027,-3.79499,7.5,Winter,0.0459,153,6
Red Kite,57.90541,-4.5295,7.5,Winter,0.1596,10,2
Red Kite,57.90541,-4.28466,7.5,Winter,0.1675,43,1
Red Kite,57.90541,-4.03983,7.5,Winter,0.178,192,27
Red Kite,58.31081,-3.79499,7.5,Winter,0.0215,9,2
Red Kite,59.93243,-1.34661,7.5,Winter,0.0011,905,1
Rock Ptarmigan,56.68919,-5.01918,7.5,Autumn,0.0003,142,1
Rock Ptarmigan,56.68919,-4.03983,7.5,Autumn,0.0018,22,3
Rock Ptarmigan,56.82432,-3.79499,7.5,Autumn,0.015,22,1
Rock Ptarmigan,56.82432,-3.30531,7.5,Autumn,0.0003,52,9
Rock Ptarmigan,57.09459,-5.26402,7.5,Autumn,0.0051,2,1
Rock Ptarmigan,57.09459,-3.79499,7.5,Autumn,0.0179,105,5
Rock Ptarmigan,57.09459,-3.55015,7.5,Autumn,0.0526,58,14
Rock Ptarmigan,57.22973,-4.03983,7.5,Autumn,0.0003,90,1
Rock Ptarmigan,57.22973,-3.55015,7.5,Autumn,0.0017,169,1
Rock Ptarmigan,57.36486,-5.75369,7.5,Autumn,0.0002,43,7
Rock Ptarmigan,57.36486,-3.30531,7.5,Autumn,0.0003,10,1
Rock Ptarmigan,57.63514,-4.5295,7.5,Autumn,0.0003,83,1
Rock Ptarmigan,58.17568,-5.01918,7.5,Autumn,0.001,4,1
Rock Ptarmigan,56.28378,-4.28466,7.5,Spring,0.0003,269,1
Rock Ptarmigan,56.41892,-4.5295,7.5,Spring,0.0026,40,1
Rock Ptarmigan,56.41892,-3.79499,7.5,Spring,0.0003,80,1
Rock Ptarmigan,56.55405,-3.55015,7.5,Spring,0.0002,294,1
Rock Ptarmigan,56.68919,-5.01918,7.5,Spring,0.0004,215,2
Rock Ptarmigan,56.68919,-4.77434,7.5,Spring,0.0023,29,1
Rock Ptarmigan,56.68919,-4.03983,7.5,Spring,0.0019,46,2
Rock Ptarmigan,56.82432,-5.01918,7.5,Spring,0.0014,256,2
Rock Ptarmigan,56.82432,-4.28466,7.5,Spring,0.0046,17,3
Rock Ptarmigan,56.82432,-3.79499,7.5,Spring,0.017,59,1
Rock Ptarmigan,56.82432,-3.30531,7.5,Spring,0.0003,111,36
Rock Ptarmigan,56.95946,-5.01918,7.5,Spring,0.0265,46,1
Rock Ptarmigan,56.95946,-4.5295,7.5,Spring,0.0044,55,1
Rock Ptarmigan,56.95946,-4.28466,7.5,Spring,0.0209,91,2
Rock Ptarmigan,56.95946,-3.55015,7.5,Spring,0.0004,57,1
Rock Ptarmigan,56.95946,-3.30531,7.5,Spring,0.0042,107,1
Rock Ptarmigan,56.95946,-3.06047,7.5,Spring,0.0037,23,2
Rock Ptarmigan,57.09459,-5.26402,7.5,Spring,0.0154,10,1
Rock Ptarmigan,57.09459,-4.03983,7.5,Spring,0.0003,709,1
Rock Ptarmigan,57.09459,-3.79499,7.5,Spring,0.0241,375,28
Rock Ptarmigan,57.09459,-3.55015,7.5,Spring,0.0486,433,89
Rock Ptarmigan,57.09459,-3.06047,7.5,Spring,0.0047,69,1
Rock Ptarmigan,57.09459,-2.81564,7.5,Spring,0.0003,188,1
Rock Ptarmigan,57.22973,-5.26402,7.5,Spring,0.0213,5,1
Rock Ptarmigan,57.22973,-5.01918,7.5,Spring,0.0237,41,2
Rock Ptarmigan,57.22973,-3.55015,7.5,Spring,0.0017,560,3
Rock Ptarmigan,57.36486,-5.99853,7.5,Spring,0.0002,41,1
Rock Ptarmigan,57.36486,-5.75369,7.5,Spring,0.0002,69,6
Rock Ptarmigan,57.36486,-3.30531,7.5,Spring,0.0004,43,2
Rock Ptarmigan,57.5,-5.01918,7.5,Spring,0.0205,14,2
Rock Ptarmigan,57.63514,-5.50885,7.5,Spring,0.001,19,1
Rock Ptarmigan,57.63514,-4.5295,7.5,Spring,0.0005,168,1
Rock Ptarmigan,57.77027,-4.5295,7.5,Spring,0.0031,3,1
Rock Ptarmigan,56.55405,-4.77434,7.5,Summer,0.0003,50,1
Rock Ptarmigan,56.68919,-5.01918,7.5,Summer,0.0003,304,1
Rock Ptarmigan,56.68919,-4.28466,7.5,Summer,0.0022,18,1
Rock Ptarmigan,56.68919,-4.03983,7.5,Summer,0.0013,50,1
Rock Ptarmigan,56.82432,-5.01918,7.5,Summer,0.0009,276,3
Rock Ptarmigan,56.82432,-3.79499,7.5,Summer,0.0148,56,1
Rock Ptarmigan,56.82432,-3.55015,7.5,Summer,0.0028,25,3
Rock Ptarmigan,56.82432,-3.30531,7.5,Summer,0.0002,104,27
Rock Ptarmigan,56.95946,-4.5295,7.5,Summer,0.0012,28,1
Rock Ptarmigan,56.95946,-3.30531,7.5,Summer,0.0046,105,1
Rock Ptarmigan,57.09459,-5.26402,7.5,Summer,0.0046,14,1
Rock Ptarmigan,57.09459,-4.5295,7.5,Summer,0.0004,16,1
Rock Ptarmigan,57.09459,-3.79499,7.5,Summer,0.0144,311,13
Rock Ptarmigan,57.09459,-3.55015,7.5,Summer,0.0528,315,50
Rock Ptarmigan,57.09459,-3.06047,7.5,Summer,0.0048,80,1
Rock Ptarmigan,57.36486,-5.75369,7.5,Summer,0.0002,65,5
Rock Ptarmigan,57.36486,-5.01918,7.5,Summer,0.0389,3,1
Rock Ptarmigan,57.5,-5.50885,7.5,Summer,0.0073,59,1
Rock Ptarmigan,57.63514,-4.77434,7.5,Summer,0.0015,32,1
Rock Ptarmigan,58.17568,-5.01918,7.5,Summer,0.0009,52,1
Rock Ptarmigan,56.14865,-4.5295,7.5,Winter,0.0002,46,1
Rock Ptarmigan,56.68919,-4.03983,7.5,Winter,0.0016,5,2
Rock Ptarmigan,56.82432,-4.77434,7.5,Winter,0.0007,7,2
Rock Ptarmigan,56.82432,-4.28466,7.5,Winter,0.0024,2,1
Rock Ptarmigan,56.82432,-3.30531,7.5,Winter,0.0003,48,19
Rock Ptarmigan,56.95946,-4.5295,7.5,Winter,0.0011,15,2
Rock Ptarmigan,56.95946,-3.30531,7.5,Winter,0.0046,33,2
Rock Ptarmigan,57.09459,-3.79499,7.5,Winter,0.0186,97,10
Rock Ptarmigan,57.09459,-3.55015,7.5,Winter,0.0424,126,25
Rock Ptarmigan,57.22973,-5.75369,7.5,Winter,0.0025,16,3
Rock Ptarmigan,57.36486,-5.75369,7.5,Winter,0.0003,11,1
Rock Ptarmigan,57.36486,-3.30531,7.5,Winter,0.0004,32,1
Rock Ptarmigan,57.5,-5.26402,7.5,Winter,0.0082,5,1
Short-eared Owl,54.93243,-3.55015,7.5,Autumn,0.002,239,2
Short-eared Owl,55.47297,-5.75369,7.5,Autumn,0.0024,16,1
Short-eared Owl,55.60811,-5.75369,7.5,Autumn,0.002,11,1
Short-eared Owl,55.60811,-4.77434,7.5,Autumn,0.0022,3758,7
Short-eared Owl,55.87838,-3.30531,7.5,Autumn,0.0023,892,2
Short-eared Owl,55.87838,-3.06047,7.5,Autumn,0.0019,1429,4
Short-eared Owl,55.87838,-2.32596,7.5,Autumn,0.0021,105,2
Short-eared Owl,56.01351,-3.06047,7.5,Autumn,0.0017,1856,5
Short-eared Owl,56.01351,-2.81564,7.5,Autumn,0.0045,652,14
Short-eared Owl,56.01351,-2.5708,7.5,Autumn,0.0115,447,5
Short-eared Owl,56.01351,-2.32596,7.5,Autumn,0.0033,379,6
Short-eared Owl,56.14865,-3.79499,7.5,Autumn,0.0021,274,3
Short-eared Owl,56.28378,-3.79499,7.5,Autumn,0.0032,75,1
Short-eared Owl,56.28378,-2.81564,7.5,Autumn,0.0033,885,2
Short-eared Owl,56.28378,-2.5708,7.5,Autumn,0.0077,604,7
Short-eared Owl,56.41892,-2.81564,7.5,Autumn,0.007,548,2
Short-eared Owl,56.82432,-2.5708,7.5,Autumn,0.0029,79,1
Short-eared Owl,56.95946,-3.30531,7.5,Autumn,0.0021,46,1
Short-eared Owl,57.09459,-7.46756,7.5,Autumn,0.0044,14,1
Short-eared Owl,57.09459,-7.22272,7.5,Autumn,0.0109,13,1
Short-eared Owl,57.09459,-2.08112,7.5,Autumn,0.0094,1071,14
Short-eared Owl,57.22973,-7.46756,7.5,Autumn,0.0301,56,2
Short-eared Owl,57.22973,-4.03983,7.5,Autumn,0.0015,90,1
Short-eared Owl,57.22973,-2.08112,7.5,Autumn,0.0033,282,7
Short-eared Owl,57.36486,-7.46756,7.5,Autumn,0.026,73,1
Short-eared Owl,57.36486,-7.22272,7.5,Autumn,0.0204,22,1
Short-eared Owl,57.36486,-6.48821,7.5,Autumn,0.0024,31,1
Short-eared Owl,57.36486,-2.08112,7.5,Autumn,0.0018,200,1
Short-eared Owl,57.5,-7.46756,7.5,Autumn,0.0085,50,2
Short-eared Owl,57.63514,-7.46756,7.5,Autumn,0.0214,72,1
Short-eared Owl,57.63514,-6.24337,7.5,Autumn,0.0033,184,1
Short-eared Owl,57.63514,-3.79499,7.5,Autumn,0.0025,202,1
Short-eared Owl,57.77027,-7.22272,7.5,Autumn,0.0032,18,1
Short-eared Owl,57.77027,-4.03983,7.5,Autumn,0.002,104,1
Short-eared Owl,57.77027,-3.55015,7.5,Autumn,0.0021,162,2
Short-eared Owl,57.90541,-3.79499,7.5,Autumn,0.0027,76,1
Short-eared Owl,58.31081,-3.30531,7.5,Autumn,0.0028,14,1
Short-eared Owl,58.58108,-6.24337,7.5,Autumn,0.0024,58,1
Short-eared Owl,58.58108,-4.77434,7.5,Autumn,0.0034,66,1
Short-eared Owl,58.98649,-3.30531,7.5,Autumn,0.0075,157,1
Short-eared Owl,58.98649,-2.81564,7.5,Autumn,0.0126,98,4
Short-eared Owl,59.12162,-3.06047,7.5,Autumn,0.0152,80,1
Short-eared Owl,59.25676,-2.5708,7.5,Autumn,0.0103,8,1
Short-eared Owl,59.39189,-2.32596,7.5,Autumn,0.0018,327,5
Short-eared Owl,59.52703,-1.59145,7.5,Autumn,0.0041,323,22
Short-eared Owl,59.93243,-1.34661,7.5,Autumn,0.0032,2628,5
Short-eared Owl,60.06757,-1.34661,7.5,Autumn,0.0016,907,1
Short-eared Owl,60.2027,-1.34661,7.5,Autumn,0.0017,500,1
Short-eared Owl,60.33784,-1.59145,7.5,Autumn,0.0017,107,4
Short-eared Owl,60.33784,-1.34661,7.5,Autumn,0.0017,397,4
Short-eared Owl,60.33784,-1.10177,7.5,Autumn,0.0015,219,1
Short-eared Owl,60.47297,-0.85693,7.5,Autumn,0.0015,36,1
Short-eared Owl,55.2027,-3.06047,7.5,Spring,0.006,49,6
Short-eared Owl,55.47297,-4.5295,7.5,Spring,0.0012,1120,1
Short-eared Owl,55.47297,-4.03983,7.5,Spring,0.0047,6,1
Short-eared Owl,55.47297,-3.79499,7.5,Spring,0.0081,119,2
Short-eared Owl,55.47297,-3.55015,7.5,Spring,0.0046,116,2
Short-eared Owl,55.60811,-6.24337,7.5,Spring,0.0013,237,1
Short-eared Owl,55.60811,-5.75369,7.5,Spring,0.0023,34,3
Short-eared Owl,55.60811,-4.77434,7.5,Spring,0.0027,3607,2
Short-eared Owl,55.60811,-4.5295,7.5,Spring,0.0011,21683,1
Short-eared Owl,55.60811,-2.5708,7.5,Spring,0.0037,64,1
Short-eared Owl,55.74324,-4.28466,7.5,Spring,0.0019,998,18
Short-eared Owl,55.74324,-3.06047,7.5,Spring,0.0159,398,4
Short-eared Owl,55.74324,-2.81564,7.5,Spring,0.0071,30,1
Short-eared Owl,55.87838,-3.55015,7.5,Spring,0.0013,219,1
Short-eared Owl,55.87838,-3.30531,7.5,Spring,0.0027,2071,5
Short-eared Owl,55.87838,-3.06047,7.5,Spring,0.0022,2165,4
Short-eared Owl,56.01351,-5.26402,7.5,Spring,0.0041,45,3
Short-eared Owl,56.01351,-5.01918,7.5,Spring,0.0031,167,2
Short-eared Owl,56.01351,-4.77434,7.5,Spring,0.0034,189,1
Short-eared Owl,56.01351,-3.79499,7.5,Spring,0.0016,421,2
Short-eared Owl,56.01351,-3.55015,7.5,Spring,0.0026,493,1
Short-eared Owl,56.01351,-3.06047,7.5,Spring,0.0018,2432,9
Short-eared Owl,56.01351,-2.81564,7.5,Spring,0.0042,928,15
Short-eared Owl,56.01351,-2.32596,7.5,Spring,0.0025,300,1
Short-eared Owl,56.14865,-4.03983,7.5,Spring,0.0025,535,1
Short-eared Owl,56.14865,-3.79499,7.5,Spring,0.0023,695,2
Short-eared Owl,56.14865,-3.30531,7.5,Spring,0.0026,652,1
Short-eared Owl,56.14865,-2.81564,7.5,Spring,0.0026,399,2
Short-eared Owl,56.28378,-6.24337,7.5,Spring,0.0029,133,1
Short-eared Owl,56.28378,-4.03983,7.5,Spring,0.0051,43,3
Short-eared Owl,56.28378,-3.30531,7.5,Spring,0.0036,146,3
Short-eared Owl,56.28378,-2.81564,7.5,Spring,0.0035,1514,5
Short-eared Owl,56.28378,-2.5708,7.5,Spring,0.0069,559,6
Short-eared Owl,56.41892,-5.99853,7.5,Spring,0.0067,401,8
Short-eared Owl,56.41892,-5.75369,7.5,Spring,0.0078,385,9
Short-eared Owl,56.41892,-5.50885,7.5,Spring,0.0025,396,1
Short-eared Owl,56.41892,-4.03983,7.5,Spring,0.0045,122,1
Short-eared Owl,56.41892,-3.79499,7.5,Spring,0.008,80,2
Short-eared Owl,56.41892,-2.81564,7.5,Spring,0.0068,655,2
Short-eared Owl,56.55405,-5.99853,7.5,Spring,0.0026,283,1
Short-eared Owl,56.55405,-2.5708,7.5,Spring,0.0022,109,1
Short-eared Owl,56.68919,-3.06047,7.5,Spring,0.0043,181,2
Short-eared Owl,56.82432,-3.30531,7.5,Spring,0.0073,111,9
Short-eared Owl,56.95946,-4.28466,7.5,Spring,0.0141,91,1
Short-eared Owl,56.95946,-3.06047,7.5,Spring,0.005,23,1
Short-eared Owl,57.09459,-7.46756,7.5,Spring,0.0105,60,8
Short-eared Owl,57.09459,-7.22272,7.5,Spring,0.0174,65,5
Short-eared Owl,57.09459,-4.03983,7.5,Spring,0.0016,709,2
Short-eared Owl,57.09459,-2.08112,7.5,Spring,0.0071,1560,3
Short-eared Owl,57.22973,-7.46756,7.5,Spring,0.116,214,21
Short-eared Owl,57.22973,-7.22272,7.5,Spring,0.0479,50,8
Short-eared Owl,57.22973,-3.55015,7.5,Spring,0.0052,560,2
Short-eared Owl,57.22973,-3.30531,7.5,Spring,0.0057,123,3
Short-eared Owl,57.22973,-2.08112,7.5,Spring,0.0028,488,1
Short-eared Owl,57.36486,-7.46756,7.5,Spring,0.1224,199,10
Short-eared Owl,57.36486,-7.22272,7.5,Spring,0.0497,119,25
Short-eared Owl,57.36486,-6.48821,7.5,Spring,0.0031,77,2
Short-eared Owl,57.5,-7.46756,7.5,Spring,0.0311,266,74
Short-eared Owl,57.5,-7.22272,7.5,Spring,0.0801,151,42
Short-eared Owl,57.5,-6.48821,7.5,Spring,0.0025,129,1
Short-eared Owl,57.5,-4.03983,7.5,Spring,0.002,691,1
Short-eared Owl,57.63514,-7.46756,7.5,Spring,0.1854,489,64
Short-eared Owl,57.63514,-7.22272,7.5,Spring,0.06,123,12
Short-eared Owl,57.63514,-6.97788,7.5,Spring,0.0022,10,1
Short-eared Owl,57.63514,-6.48821,7.5,Spring,0.0032,131,2
Short-eared Owl,57.63514,-4.03983,7.5,Spring,0.0031,569,1
Short-eared Owl,57.63514,-3.55015,7.5,Spring,0.0026,328,2
Short-eared Owl,57.63514,-1.83628,7.5,Spring,0.003,232,2
Short-eared Owl,57.77027,-8.69175,7.5,Spring,0.0025,65,1
Short-eared Owl,57.77027,-7.22272,7.5,Spring,0.0036,66,6
Short-eared Owl,57.77027,-4.03983,7.5,Spring,0.0028,201,1
Short-eared Owl,57.90541,-5.50885,7.5,Spring,0.0047,117,2
Short-eared Owl,57.90541,-4.28466,7.5,Spring,0.0035,115,1
Short-eared Owl,57.90541,-4.03983,7.5,Spring,0.0038,326,2
Short-eared Owl,57.90541,-3.79499,7.5,Spring,0.0037,70,1
Short-eared Owl,58.17568,-6.73304,7.5,Spring,0.0045,86,1
Short-eared Owl,58.44595,-3.30531,7.5,Spring,0.0056,21,1
Short-eared Owl,58.44595,-3.06047,7.5,Spring,0.0041,87,1
Short-eared Owl,58.71622,-3.06047,7.5,Spring,0.0054,32,1
Short-eared Owl,58.85135,-3.06047,7.5,Spring,0.0101,66,1
Short-eared Owl,58.85135,-2.81564,7.5,Spring,0.0064,115,1
Short-eared Owl,58.98649,-3.30531,7.5,Spring,0.0781,299,5
Short-eared Owl,58.98649,-3.06047,7.5,Spring,0.097,323,36
Short-eared Owl,58.98649,-2.81564,7.5,Spring,0.0754,106,18
Short-eared Owl,59.12162,-3.30531,7.5,Spring,0.0254,228,7
Short-eared Owl,59.12162,-3.06047,7.5,Spring,0.0837,182,16
Short-eared Owl,59.12162,-2.81564,7.5,Spring,0.0247,15,1
Short-eared Owl,59.25676,-2.81564,7.5,Spring,0.0184,23,1
Short-eared Owl,59.25676,-2.5708,7.5,Spring,0.0096,8,1
Short-eared Owl,59.39189,-2.32596,7.5,Spring,0.0021,344,5
Short-eared Owl,59.52703,-1.59145,7.5,Spring,0.008,456,61
Short-eared Owl,59.93243,-1.34661,7.5,Spring,0.0022,1629,6
Short-eared Owl,60.2027,-1.59145,7.5,Spring,0.0035,49,1
Short-eared Owl,60.47297,-0.85693,7.5,Spring,0.0016,26,2
Short-eared Owl,54.93243,-3.55015,7.5,Summer,0.0017,171,1
Short-eared Owl,55.47297,-4.77434,7.5,Summer,0.0012,450,1
Short-eared Owl,55.74324,-5.50885,7.5,Summer,0.0018,42,1
Short-eared Owl,55.74324,-4.28466,7.5,Summer,0.0015,507,1
Short-eared Owl,55.87838,-4.28466,7.5,Summer,0.0011,1378,1
Short-eared Owl,55.87838,-3.30531,7.5,Summer,0.0022,1184,2
Short-eared Owl,55.87838,-2.5708,7.5,Summer,0.0021,109,1
Short-eared Owl,56.01351,-4.77434,7.5,Summer,0.0022,128,1
Short-eared Owl,56.01351,-4.03983,7.5,Summer,0.0019,53,1
Short-eared Owl,56.01351,-3.55015,7.5,Summer,0.0018,266,1
Short-eared Owl,56.01351,-3.06047,7.5,Summer,0.0015,2396,1
Short-eared Owl,56.01351,-2.81564,7.5,Summer,0.0024,786,3
Short-eared Owl,56.14865,-3.79499,7.5,Summer,0.002,328,2
Short-eared Owl,56.14865,-2.5708,7.5,Summer,0.0023,245,1
Short-eared Owl,56.28378,-4.03983,7.5,Summer,0.0051,8,2
Short-eared Owl,56.28378,-2.5708,7.5,Summer,0.0042,524,1
Short-eared Owl,56.41892,-5.99853,7.5,Summer,0.0074,294,12
Short-eared Owl,56.41892,-5.75369,7.5,Summer,0.0059,361,12
Short-eared Owl,56.41892,-4.03983,7.5,Summer,0.0058,50,1
Short-eared Owl,56.41892,-3.79499,7.5,Summer,0.0104,78,1
Short-eared Owl,56.41892,-2.81564,7.5,Summer,0.0041,590,3
Short-eared Owl,56.55405,-6.24337,7.5,Summer,0.0027,192,2
Short-eared Owl,56.55405,-5.99853,7.5,Summer,0.0027,274,1
Short-eared Owl,56.55405,-4.03983,7.5,Summer,0.003,49,1
Short-eared Owl,56.55405,-3.79499,7.5,Summer,0.0054,45,3
Short-eared Owl,56.68919,-3.06047,7.5,Summer,0.0043,142,2
Short-eared Owl,56.68919,-2.5708,7.5,Summer,0.0029,238,1
Short-eared Owl,56.68919,-2.32596,7.5,Summer,0.0027,30,1
Short-eared Owl,56.82432,-6.24337,7.5,Summer,0.0061,21,1
Short-eared Owl,56.82432,-4.28466,7.5,Summer,0.0036,15,1
Short-eared Owl,56.82432,-3.30531,7.5,Summer,0.0081,104,3
Short-eared Owl,56.82432,-3.06047,7.5,Summer,0.0095,27,1
Short-eared Owl,57.09459,-7.46756,7.5,Summer,0.0068,86,18
Short-eared Owl,57.09459,-7.22272,7.5,Summer,0.015,41,6
Short-eared Owl,57.09459,-2.08112,7.5,Summer,0.0044,1194,3
Short-eared Owl,57.22973,-7.46756,7.5,Summer,0.1343,112,15
Short-eared Owl,57.22973,-7.22272,7.5,Summer,0.0435,26,3
Short-eared Owl,57.22973,-5.75369,7.5,Summer,0.003,148,1
Short-eared Owl,57.22973,-3.79499,7.5,Summer,0.0023,1932,1
Short-eared Owl,57.22973,-3.55015,7.5,Summer,0.0075,441,9
Short-eared Owl,57.22973,-3.30531,7.5,Summer,0.0078,128,3
Short-eared Owl,57.36486,-7.46756,7.5,Summer,0.1242,123,17
Short-eared Owl,57.36486,-7.22272,7.5,Summer,0.0479,80,20
Short-eared Owl,57.36486,-4.28466,7.5,Summer,0.0018,264,1
Short-eared Owl,57.36486,-3.79499,7.5,Summer,0.0047,308,4
Short-eared Owl,57.36486,-3.55015,7.5,Summer,0.0052,381,4
Short-eared Owl,57.36486,-3.06047,7.5,Summer,0.0068,14,2
Short-eared Owl,57.5,-7.46756,7.5,Summer,0.0343,165,23
Short-eared Owl,57.5,-7.22272,7.5,Summer,0.0703,111,24
Short-eared Owl,57.5,-6.48821,7.5,Summer,0.0026,157,1
Short-eared Owl,57.5,-6.24337,7.5,Summer,0.0023,189,2
Short-eared Owl,57.5,-1.83628,7.5,Summer,0.0023,107,1
Short-eared Owl,57.63514,-7.46756,7.5,Summer,0.1803,350,68
Short-eared Owl,57.63514,-7.22272,7.5,Summer,0.0554,116,16
Short-eared Owl,57.63514,-6.48821,7.5,Summer,0.0032,167,2
Short-eared Owl,57.63514,-2.32596,7.5,Summer,0.0022,124,2
Short-eared Owl,57.63514,-1.83628,7.5,Summer,0.0033,145,2
Short-eared Owl,57.77027,-7.22272,7.5,Summer,0.0038,64,3
Short-eared Owl,57.77027,-5.50885,7.5,Summer,0.0026,82,1
Short-eared Owl,57.77027,-4.03983,7.5,Summer,0.0025,134,1
Short-eared Owl,57.90541,-5.26402,7.5,Summer,0.0029,175,2
Short-eared Owl,58.04054,-6.73304,7.5,Summer,0.0035,36,1
Short-eared Owl,58.17568,-6.97788,7.5,Summer,0.0031,82,1
Short-eared Owl,58.17568,-3.55015,7.5,Summer,0.0034,44,1
Short-eared Owl,58.31081,-3.30531,7.5,Summer,0.004,52,1
Short-eared Owl,58.44595,-6.24337,7.5,Summer,0.0041,130,1
Short-eared Owl,58.44595,-3.79499,7.5,Summer,0.016,16,1
Short-eared Owl,58.58108,-3.55015,7.5,Summer,0.0015,117,1
Short-eared Owl,58.58108,-3.06047,7.5,Summer,0.007,174,1
Short-eared Owl,58.85135,-3.30531,7.5,Summer,0.012,113,7
Short-eared Owl,58.85135,-3.06047,7.5,Summer,0.01,70,1
Short-eared Owl,58.85135,-2.81564,7.5,Summer,0.0067,183,2
Short-eared Owl,58.98649,-3.30531,7.5,Summer,0.0923,530,21
Short-eared Owl,58.98649,-3.06047,7.5,Summer,0.1013,416,19
Short-eared Owl,58.98649,-2.81564,7.5,Summer,0.0748,119,17
Short-eared Owl,59.12162,-3.30531,7.5,Summer,0.0299,447,20
Short-eared Owl,59.12162,-3.06047,7.5,Summer,0.108,316,24
Short-eared Owl,59.12162,-2.81564,7.5,Summer,0.0262,13,1
Short-eared Owl,59.25676,-3.06047,7.5,Summer,0.0121,56,1
Short-eared Owl,59.25676,-2.81564,7.5,Summer,0.0192,63,1
Short-eared Owl,59.39189,-3.06047,7.5,Summer,0.0073,41,1
Short-eared Owl,59.39189,-2.81564,7.5,Summer,0.004,16,1
Short-eared Owl,59.39189,-2.32596,7.5,Summer,0.0021,184,3
Short-eared Owl,59.52703,-1.59145,7.5,Summer,0.0067,354,21
Short-eared Owl,60.06757,-2.08112,7.5,Summer,0.0024,17,1
Short-eared Owl,60.60811,-0.85693,7.5,Summer,0.0013,218,1
Short-eared Owl,60.74324,-0.85693,7.5,Summer,0.0013,401,11
Short-eared Owl,54.7973,-5.01918,7.5,Winter,0.0018,27,2
Short-eared Owl,54.93243,-3.55015,7.5,Winter,0.002,289,1
Short-eared Owl,54.93243,-3.06047,7.5,Winter,0.0024,29,1
Short-eared Owl,55.2027,-4.28466,7.5,Winter,0.0024,6,1
Short-eared Owl,55.47297,-5.75369,7.5,Winter,0.0029,36,1
Short-eared Owl,55.47297,-4.5295,7.5,Winter,0.0011,1316,1
Short-eared Owl,55.60811,-5.75369,7.5,Winter,0.0026,25,1
Short-eared Owl,55.60811,-4.77434,7.5,Winter,0.0029,4222,16
Short-eared Owl,55.74324,-4.28466,7.5,Winter,0.0018,631,2
Short-eared Owl,55.74324,-3.06047,7.5,Winter,0.0104,248,2
Short-eared Owl,55.87838,-4.28466,7.5,Winter,0.0011,1701,1
Short-eared Owl,55.87838,-3.30531,7.5,Winter,0.0029,1796,5
Short-eared Owl,55.87838,-3.06047,7.5,Winter,0.0021,1773,2
Short-eared Owl,56.01351,-5.01918,7.5,Winter,0.0025,105,1
Short-eared Owl,56.01351,-3.55015,7.5,Winter,0.0021,507,2
Short-eared Owl,56.01351,-3.30531,7.5,Winter,0.0017,2000,1
Short-eared Owl,56.01351,-3.06047,7.5,Winter,0.0016,1585,8
Short-eared Owl,56.01351,-2.81564,7.5,Winter,0.0029,874,12
Short-eared Owl,56.14865,-5.26402,7.5,Winter,0.0029,6,1
Short-eared Owl,56.14865,-3.55015,7.5,Winter,0.0026,196,2
Short-eared Owl,56.14865,-3.30531,7.5,Winter,0.0025,535,1
Short-eared Owl,56.28378,-3.30531,7.5,Winter,0.0032,81,1
Short-eared Owl,56.28378,-2.81564,7.5,Winter,0.0024,1177,2
Short-eared Owl,56.41892,-3.79499,7.5,Winter,0.005,27,1
Short-eared Owl,56.41892,-2.81564,7.5,Winter,0.0076,524,3
Short-eared Owl,56.55405,-2.5708,7.5,Winter,0.0019,56,2
Short-eared Owl,56.82432,-2.5708,7.5,Winter,0.0027,130,1
Short-eared Owl,56.95946,-4.28466,7.5,Winter,0.0057,10,1
Short-eared Owl,57.09459,-2.08112,7.5,Winter,0.0089,1022,8
Short-eared Owl,57.22973,-2.08112,7.5,Winter,0.003,305,7
Short-eared Owl,57.36486,-2.08112,7.5,Winter,0.0016,95,2
Short-eared Owl,58.98649,-3.30531,7.5,Winter,0.0245,20,1
Short-eared Owl,58.98649,-2.81564,7.5,Winter,0.0265,12,2
Short-eared Owl,59.52703,-1.59145,7.5,Winter,0.0031,87,1
Short-eared Owl,59.93243,-1.34661,7.5,Winter,0.0024,905,3
Short-eared Owl,60.06757,-1.10177,7.5,Winter,0.0014,96,1
Snow Bunting,55.47297,-4.77434,7.5,Autumn,0.001,581,3
Snow Bunting,55.60811,-4.77434,7.5,Autumn,0.0008,3758,7
Snow Bunting,55.74324,-6.48821,7.5,Autumn,0.0015,54,1
Snow Bunting,55.87838,-6.24337,7.5,Autumn,0.001,142,1
Snow Bunting,55.87838,-3.06047,7.5,Autumn,0.0007,1429,1
Snow Bunting,55.87838,-2.08112,7.5,Autumn,0.0724,169,8
Snow Bunting,56.01351,-3.06047,7.5,Autumn,0.0007,1856,2
Snow Bunting,56.01351,-2.81564,7.5,Autumn,0.0017,652,2
Snow Bunting,56.01351,-2.5708,7.5,Autumn,0.024,447,8
Snow Bunting,56.01351,-2.32596,7.5,Autumn,0.0025,379,8
Snow Bunting,56.41892,-2.81564,7.5,Autumn,0.0107,548,9
Snow Bunting,56.55405,-6.97788,7.5,Autumn,0.0011,27,1
Snow Bunting,56.82432,-5.01918,7.5,Autumn,0.0011,127,1
Snow Bunting,56.95946,-5.50885,7.5,Autumn,0.0013,2,1
Snow Bunting,56.95946,-2.08112,7.5,Autumn,0.001,92,1
Snow Bunting,57.09459,-4.03983,7.5,Autumn,0.0008,242,1
Snow Bunting,57.09459,-3.79499,7.5,Autumn,0.0137,105,2
Snow Bunting,57.09459,-3.55015,7.5,Autumn,0.0366,58,13
Snow Bunting,57.09459,-2.08112,7.5,Autumn,0.0057,1071,8
Snow Bunting,57.22973,-7.46756,7.5,Autumn,0.001,56,1
Snow Bunting,57.22973,-3.79499,7.5,Autumn,0.0008,655,3
Snow Bunting,57.36486,-3.30531,7.5,Autumn,0.0009,10,1
Snow Bunting,57.36486,-2.08112,7.5,Autumn,0.0011,200,1
Snow Bunting,57.5,-5.50885,7.5,Autumn,0.0009,11,1
Snow Bunting,57.63514,-4.03983,7.5,Autumn,0.0023,581,3
Snow Bunting,57.63514,-3.79499,7.5,Autumn,0.0021,202,4
Snow Bunting,57.63514,-3.55015,7.5,Autumn,0.0016,283,1
Snow Bunting,57.63514,-3.06047,7.5,Autumn,0.0015,109,6
Snow Bunting,57.63514,-2.32596,7.5,Autumn,0.0086,32,1
Snow Bunting,57.77027,-8.69175,7.5,Autumn,0.0016,2,1
Snow Bunting,57.77027,-6.97788,7.5,Autumn,0.0013,28,1
Snow Bunting,57.77027,-3.55015,7.5,Autumn,0.0017,162,2
Snow Bunting,57.90541,-6.73304,7.5,Autumn,0.003,9,1
Snow Bunting,57.90541,-4.28466,7.5,Autumn,0.0036,86,1
Snow Bunting,57.90541,-3.79499,7.5,Autumn,0.0031,76,2
Snow Bunting,58.04054,-4.28466,7.5,Autumn,0.0023,19,1
Snow Bunting,58.17568,-6.97788,7.5,Autumn,0.0069,67,2
Snow Bunting,58.17568,-6.24337,7.5,Autumn,0.0029,72,1
Snow Bunting,58.31081,-6.73304,7.5,Autumn,0.0039,87,3
Snow Bunting,58.31081,-6.24337,7.5,Autumn,0.0158,117,2
Snow Bunting,58.44595,-3.06047,7.5,Autumn,0.0076,54,1
Snow Bunting,58.58108,-6.24337,7.5,Autumn,0.0048,58,12
Snow Bunting,58.58108,-4.77434,7.5,Autumn,0.0038,66,1
Snow Bunting,58.58108,-3.30531,7.5,Autumn,0.0018,53,2
Snow Bunting,58.85135,-3.06047,7.5,Autumn,0.0023,54,1
Snow Bunting,58.98649,-3.06047,7.5,Autumn,0.0158,134,1
Snow Bunting,58.98649,-2.81564,7.5,Autumn,0.0143,98,1
Snow Bunting,59.12162,-3.06047,7.5,Autumn,0.0129,80,1
Snow Bunting,59.12162,-2.5708,7.5,Autumn,0.0172,41,1
Snow Bunting,59.39189,-2.81564,7.5,Autumn,0.0435,11,2
Snow Bunting,59.39189,-2.32596,7.5,Autumn,0.1476,327,77
Snow Bunting,59.52703,-1.59145,7.5,Autumn,0.0943,323,106
Snow Bunting,59.7973,-1.34661,7.5,Autumn,0.0198,168,14
Snow Bunting,59.93243,-1.34661,7.5,Autumn,0.0125,2628,68
Snow Bunting,60.06757,-2.08112,7.5,Autumn,0.219,16,5
Snow Bunting,60.06757,-1.34661,7.5,Autumn,0.0085,907,6
Snow Bunting,60.2027,-2.08112,7.5,Autumn,0.2174,3,2
Snow Bunting,60.2027,-1.10177,7.5,Autumn,0.0047,824,4
Snow Bunting,60.33784,-1.10177,7.5,Autumn,0.0076,219,2
Snow Bunting,60.47297,-1.59145,7.5,Autumn,0.0357,176,19
Snow Bunting,60.47297,-1.34661,7.5,Autumn,0.0128,240,8
Snow Bunting,60.47297,-0.85693,7.5,Autumn,0.0576,36,7
Snow Bunting,60.60811,-1.34661,7.5,Autumn,0.0736,63,8
Snow Bunting,60.60811,-1.10177,7.5,Autumn,0.1051,106,2
Snow Bunting,60.60811,-0.85693,7.5,Autumn,0.0533,32,3
Snow Bunting,60.74324,-0.85693,7.5,Autumn,0.0842,798,13
Snow Bunting,60.87838,-0.85693,7.5,Autumn,0.017,125,13
Snow Bunting,55.47297,-4.77434,7.5,Spring,0.001,561,5
Snow Bunting,55.74324,-4.28466,7.5,Spring,0.0007,998,1
Snow Bunting,55.74324,-2.81564,7.5,Spring,0.0008,30,1
Snow Bunting,55.87838,-3.30531,7.5,Spring,0.0007,2071,1
Snow Bunting,55.87838,-3.06047,7.5,Spring,0.0007,2165,5
Snow Bunting,55.87838,-2.32596,7.5,Spring,0.0007,169,1
Snow Bunting,55.87838,-2.08112,7.5,Spring,0.0128,288,1
Snow Bunting,56.01351,-3.06047,7.5,Spring,0.0007,2432,4
Snow Bunting,56.01351,-2.81564,7.5,Spring,0.0009,928,1
Snow Bunting,56.01351,-2.32596,7.5,Spring,0.0014,300,7
Snow Bunting,56.28378,-2.5708,7.5,Spring,0.0017,559,4
Snow Bunting,56.68919,-6.24337,7.5,Spring,0.0007,84,1
Snow Bunting,56.82432,-5.01918,7.5,Spring,0.0013,256,9
Snow Bunting,56.82432,-4.28466,7.5,Spring,0.0011,17,1
Snow Bunting,56.82432,-3.30531,7.5,Spring,0.0008,111,1
Snow Bunting,57.09459,-5.26402,7.5,Spring,0.0012,10,1
Snow Bunting,57.09459,-3.79499,7.5,Spring,0.014,375,14
Snow Bunting,57.09459,-3.55015,7.5,Spring,0.0688,433,166
Snow Bunting,57.09459,-2.08112,7.5,Spring,0.0011,1560,1
Snow Bunting,57.22973,-7.46756,7.5,Spring,0.0007,214,2
Snow Bunting,57.22973,-3.79499,7.5,Spring,0.0007,2240,1
Snow Bunting,57.22973,-3.55015,7.5,Spring,0.0026,560,1
Snow Bunting,57.5,-5.50885,7.5,Spring,0.0008,38,1
Snow Bunting,57.5,-4.03983,7.5,Spring,0.0011,691,1
Snow Bunting,57.63514,-3.79499,7.5,Spring,0.0015,223,10
Snow Bunting,57.63514,-3.55015,7.5,Spring,0.0009,328,1
Snow Bunting,57.63514,-1.83628,7.5,Spring,0.0059,232,1
Snow Bunting,57.77027,-4.5295,7.5,Spring,0.0016,3,1
Snow Bunting,57.77027,-4.03983,7.5,Spring,0.0015,201,1
Snow Bunting,57.77027,-3.30531,7.5,Spring,0.001,165,1
Snow Bunting,57.90541,-4.03983,7.5,Spring,0.0012,326,2
Snow Bunting,57.90541,-3.79499,7.5,Spring,0.0024,70,4
Snow Bunting,58.31081,-6.73304,7.5,Spring,0.0012,84,3
Snow Bunting,58.58108,-6.24337,7.5,Spring,0.0017,71,1
Snow Bunting,58.58108,-4.77434,7.5,Spring,0.0011,149,1
Snow Bunting,59.12162,-3.30531,7.5,Spring,0.0026,228,1
Snow Bunting,59.12162,-3.06047,7.5,Spring,0.0056,182,1
Snow Bunting,59.25676,-3.06047,7.5,Spring,0.0019,27,1
Snow Bunting,59.39189,-3.06047,7.5,Spring,0.0224,21,1
Snow Bunting,59.39189,-2.32596,7.5,Spring,0.0486,344,28
Snow Bunting,59.52703,-1.59145,7.5,Spring,0.0276,456,68
Snow Bunting,59.7973,-1.34661,7.5,Spring,0.0052,175,2
Snow Bunting,59.93243,-1.34661,7.5,Spring,0.0025,1629,1
Snow Bunting,60.06757,-1.34661,7.5,Spring,0.0036,437,2
Snow Bunting,60.2027,-1.10177,7.5,Spring,0.0012,488,1
Snow Bunting,60.47297,-1.59145,7.5,Spring,0.0251,71,3
Snow Bunting,60.47297,-1.34661,7.5,Spring,0.0071,52,3
Snow Bunting,60.47297,-0.85693,7.5,Spring,0.0081,26,1
Snow Bunting,60.74324,-0.85693,7.5,Spring,0.0379,385,7
Snow Bunting,60.87838,-0.85693,7.5,Spring,0.01,114,4
Snow Bunting,56.82432,-5.01918,7.5,Summer,0.0014,276,7
Snow Bunting,56.82432,-3.30531,7.5,Summer,0.0007,104,1
Snow Bunting,56.95946,-3.55015,7.5,Summer,0.0066,70,2
Snow Bunting,57.09459,-3.79499,7.5,Summer,0.0038,311,9
Snow Bunting,57.09459,-3.55015,7.5,Summer,0.0672,315,69
Snow Bunting,59.39189,-2.32596,7.5,Summer,0.0012,184,2
Snow Bunting,59.52703,-1.59145,7.5,Summer,0.0009,354,1
Snow Bunting,55.47297,-4.77434,7.5,Winter,0.0011,596,2
Snow Bunting,55.47297,-4.5295,7.5,Winter,0.0007,1316,1
Snow Bunting,55.60811,-5.75369,7.5,Winter,0.0008,25,2
Snow Bunting,55.60811,-4.77434,7.5,Winter,0.0008,4222,3
Snow Bunting,55.60811,-4.5295,7.5,Winter,0.0007,17240,1
Snow Bunting,55.74324,-3.55015,7.5,Winter,0.0012,34,1
Snow Bunting,55.87838,-3.30531,7.5,Winter,0.0007,1796,1
Snow Bunting,55.87838,-2.08112,7.5,Winter,0.033,65,1
Snow Bunting,56.01351,-3.55015,7.5,Winter,0.0008,507,1
Snow Bunting,56.01351,-2.81564,7.5,Winter,0.0081,874,15
Snow Bunting,56.01351,-2.5708,7.5,Winter,0.0662,643,11
Snow Bunting,56.14865,-3.55015,7.5,Winter,0.0008,196,1
Snow Bunting,56.14865,-2.81564,7.5,Winter,0.0017,219,1
Snow Bunting,56.28378,-4.28466,7.5,Winter,0.0014,56,1
Snow Bunting,56.28378,-3.30531,7.5,Winter,0.0008,81,1
Snow Bunting,56.41892,-4.03983,7.5,Winter,0.0011,50,1
Snow Bunting,56.41892,-2.81564,7.5,Winter,0.0151,524,12
Snow Bunting,56.82432,-3.30531,7.5,Winter,0.001,48,7
Snow Bunting,56.82432,-2.32596,7.5,Winter,0.003,83,1
Snow Bunting,56.95946,-6.24337,7.5,Winter,0.002,45,6
Snow Bunting,56.95946,-3.30531,7.5,Winter,0.0056,33,1
Snow Bunting,57.09459,-3.79499,7.5,Winter,0.0207,97,14
Snow Bunting,57.09459,-3.55015,7.5,Winter,0.0786,126,102
Snow Bunting,57.09459,-2.08112,7.5,Winter,0.0061,1022,6
Snow Bunting,57.22973,-7.46756,7.5,Winter,0.0011,35,1
Snow Bunting,57.22973,-4.03983,7.5,Winter,0.0026,69,1
Snow Bunting,57.22973,-3.79499,7.5,Winter,0.0012,583,1
Snow Bunting,57.22973,-3.55015,7.5,Winter,0.0032,232,1
Snow Bunting,57.22973,-3.30531,7.5,Winter,0.0033,38,3
Snow Bunting,57.36486,-5.75369,7.5,Winter,0.0018,11,1
Snow Bunting,57.36486,-3.79499,7.5,Winter,0.0017,79,1
Snow Bunting,57.36486,-2.08112,7.5,Winter,0.001,95,1
Snow Bunting,57.5,-4.28466,7.5,Winter,0.001,622,1
Snow Bunting,57.5,-4.03983,7.5,Winter,0.001,511,1
Snow Bunting,57.63514,-7.46756,7.5,Winter,0.0014,7,1
Snow Bunting,57.63514,-5.75369,7.5,Winter,0.0021,2,1
Snow Bunting,57.63514,-4.03983,7.5,Winter,0.0027,354,1
Snow Bunting,57.63514,-3.79499,7.5,Winter,0.003,297,16
Snow Bunting,57.63514,-3.06047,7.5,Winter,0.0015,52,1
Snow Bunting,57.63514,-1.83628,7.5,Winter,0.0081,140,1
Snow Bunting,57.77027,-3.30531,7.5,Winter,0.0016,185,5
Snow Bunting,57.90541,-6.24337,7.5,Winter,0.0033,89,6
Snow Bunting,57.90541,-4.03983,7.5,Winter,0.0026,192,20
Snow Bunting,58.17568,-6.48821,7.5,Winter,0.0033,51,1
Snow Bunting,58.17568,-6.24337,7.5,Winter,0.0044,54,1
Snow Bunting,58.31081,-6.48821,7.5,Winter,0.0036,3,1
Snow Bunting,58.31081,-6.24337,7.5,Winter,0.0123,53,2
Snow Bunting,59.12162,-3.06047,7.5,Winter,0.0101,28,1
Snow Bunting,59.25676,-2.5708,7.5,Winter,0.0113,15,1
Snow Bunting,59.39189,-2.32596,7.5,Winter,0.0582,15,3
Snow Bunting,59.52703,-1.59145,7.5,Winter,0.0558,87,3
Snow Bunting,59.7973,-1.34661,7.5,Winter,0.0079,30,2
Snow Bunting,59.93243,-1.34661,7.5,Winter,0.0088,905,12
Snow Bunting,60.06757,-1.34661,7.5,Winter,0.0115,290,3
Snow Bunting,60.2027,-2.08112,7.5,Winter,0.1041,3,1
Snow Bunting,60.2027,-1.34661,7.5,Winter,0.0064,47,1
Snow Bunting,60.2027,-1.10177,7.5,Winter,0.0074,254,4
Snow Bunting,60.33784,-1.59145,7.5,Winter,0.0113,9,1
Snow Bunting,60.33784,-1.10177,7.5,Winter,0.0092,18,1
Snow Bunting,60.47297,-1.34661,7.5,Winter,0.0134,17,1
Snow Bunting,60.60811,-1.10177,7.5,Winter,0.0798,50,2
Snow Bunting,60.74324,-0.85693,7.5,Winter,0.046,280,6
Snow Bunting,60.87838,-0.85693,7.5,Winter,0.013,32,2
White-tailed Eagle,55.60811,-6.24337,7.5,Autumn,0.0661,96,7
White-tailed Eagle,55.60811,-5.75369,7.5,Autumn,0.0171,11,1
White-tailed Eagle,55.74324,-6.48821,7.5,Autumn,0.0566,54,3
White-tailed Eagle,55.74324,-6.24337,7.5,Autumn,0.0562,173,15
White-tailed Eagle,55.74324,-5.50885,7.5,Autumn,0.0138,28,1
White-tailed Eagle,55.87838,-6.24337,7.5,Autumn,0.0756,142,12
White-tailed Eagle,55.87838,-5.99853,7.5,Autumn,0.0486,20,3
White-tailed Eagle,55.87838,-5.26402,7.5,Autumn,0.0047,14,1
White-tailed Eagle,56.01351,-6.24337,7.5,Autumn,0.0676,25,1
White-tailed Eagle,56.01351,-5.75369,7.5,Autumn,0.0434,10,1
White-tailed Eagle,56.01351,-5.50885,7.5,Autumn,0.0185,48,1
White-tailed Eagle,56.01351,-5.01918,7.5,Autumn,0.001,72,3
White-tailed Eagle,56.14865,-6.24337,7.5,Autumn,0.0279,9,3
White-tailed Eagle,56.14865,-5.75369,7.5,Autumn,0.0755,3,2
White-tailed Eagle,56.14865,-5.50885,7.5,Autumn,0.0267,29,3
White-tailed Eagle,56.14865,-3.79499,7.5,Autumn,0.0005,274,1
White-tailed Eagle,56.28378,-6.48821,7.5,Autumn,0.0147,55,1
White-tailed Eagle,56.28378,-6.24337,7.5,Autumn,0.0709,22,2
White-tailed Eagle,56.28378,-4.28466,7.5,Autumn,0.0009,38,1
White-tailed Eagle,56.41892,-5.99853,7.5,Autumn,0.0867,72,22
White-tailed Eagle,56.41892,-5.75369,7.5,Autumn,0.0637,123,26
White-tailed Eagle,56.41892,-5.50885,7.5,Autumn,0.0056,147,7
White-tailed Eagle,56.41892,-4.5295,7.5,Autumn,0.0029,10,1
White-tailed Eagle,56.41892,-3.30531,7.5,Autumn,0.0006,131,1
White-tailed Eagle,56.41892,-2.81564,7.5,Autumn,0.0011,548,13
White-tailed Eagle,56.55405,-6.24337,7.5,Autumn,0.0969,64,9
White-tailed Eagle,56.55405,-5.99853,7.5,Autumn,0.1009,81,18
White-tailed Eagle,56.55405,-5.75369,7.5,Autumn,0.0683,70,13
White-tailed Eagle,56.55405,-5.50885,7.5,Autumn,0.0258,22,1
White-tailed Eagle,56.55405,-4.77434,7.5,Autumn,0.0115,28,2
White-tailed Eagle,56.68919,-6.24337,7.5,Autumn,0.1151,44,10
White-tailed Eagle,56.68919,-5.99853,7.5,Autumn,0.1051,45,1
White-tailed Eagle,56.68919,-5.75369,7.5,Autumn,0.1155,30,3
White-tailed Eagle,56.68919,-5.50885,7.5,Autumn,0.0523,20,2
White-tailed Eagle,56.68919,-5.26402,7.5,Autumn,0.0073,49,1
White-tailed Eagle,56.68919,-4.77434,7.5,Autumn,0.011,22,1
White-tailed Eagle,56.68919,-3.79499,7.5,Autumn,0.0021,146,1
White-tailed Eagle,56.68919,-3.06047,7.5,Autumn,0.0026,95,1
White-tailed Eagle,56.82432,-6.24337,7.5,Autumn,0.0556,6,1
White-tailed Eagle,56.82432,-5.99853,7.5,Autumn,0.0758,2,1
White-tailed Eagle,56.82432,-5.75369,7.5,Autumn,0.0885,36,8
White-tailed Eagle,56.82432,-5.50885,7.5,Autumn,0.0421,63,3
White-tailed Eagle,56.82432,-5.26402,7.5,Autumn,0.018,9,2
White-tailed Eagle,56.82432,-5.01918,7.5,Autumn,0.0008,127,1
White-tailed Eagle,56.82432,-3.30531,7.5,Autumn,0.0018,52,3
White-tailed Eagle,56.95946,-7.46756,7.5,Autumn,0.0876,26,3
White-tailed Eagle,56.95946,-6.24337,7.5,Autumn,0.1077,68,3
White-tailed Eagle,56.95946,-5.75369,7.5,Autumn,0.061,105,11
White-tailed Eagle,56.95946,-5.50885,7.5,Autumn,0.0486,2,1
White-tailed Eagle,56.95946,-3.55015,7.5,Autumn,0.0049,22,4
White-tailed Eagle,56.95946,-3.30531,7.5,Autumn,0.0045,46,4
White-tailed Eagle,57.09459,-7.46756,7.5,Autumn,0.0553,14,3
White-tailed Eagle,57.09459,-7.22272,7.5,Autumn,0.1189,13,2
White-tailed Eagle,57.09459,-6.48821,7.5,Autumn,0.1096,1,1
White-tailed Eagle,57.09459,-6.24337,7.5,Autumn,0.0592,5,1
White-tailed Eagle,57.09459,-5.99853,7.5,Autumn,0.1092,37,7
White-tailed Eagle,57.09459,-5.75369,7.5,Autumn,0.1031,33,2
White-tailed Eagle,57.09459,-4.03983,7.5,Autumn,0.0072,242,9
White-tailed Eagle,57.22973,-7.46756,7.5,Autumn,0.103,56,6
White-tailed Eagle,57.22973,-7.22272,7.5,Autumn,0.124,11,1
White-tailed Eagle,57.22973,-6.48821,7.5,Autumn,0.0848,5,2
White-tailed Eagle,57.22973,-6.24337,7.5,Autumn,0.1143,53,2
White-tailed Eagle,57.22973,-5.99853,7.5,Autumn,0.1112,170,7
White-tailed Eagle,57.22973,-5.75369,7.5,Autumn,0.0847,61,6
White-tailed Eagle,57.22973,-5.50885,7.5,Autumn,0.0621,94,1
White-tailed Eagle,57.22973,-5.01918,7.5,Autumn,0.0119,6,1
White-tailed Eagle,57.22973,-4.28466,7.5,Autumn,0.0122,2,1
White-tailed Eagle,57.22973,-4.03983,7.5,Autumn,0.0128,90,9
White-tailed Eagle,57.22973,-3.79499,7.5,Autumn,0.0033,655,4
White-tailed Eagle,57.22973,-3.30531,7.5,Autumn,0.0027,35,1
White-tailed Eagle,57.36486,-7.46756,7.5,Autumn,0.099,73,16
White-tailed Eagle,57.36486,-7.22272,7.5,Autumn,0.114,22,3
White-tailed Eagle,57.36486,-6.73304,7.5,Autumn,0.1017,40,4
White-tailed Eagle,57.36486,-6.48821,7.5,Autumn,0.1185,31,2
White-tailed Eagle,57.36486,-6.24337,7.5,Autumn,0.1059,155,21
White-tailed Eagle,57.36486,-5.99853,7.5,Autumn,0.1166,26,1
White-tailed Eagle,57.36486,-5.75369,7.5,Autumn,0.0873,43,2
White-tailed Eagle,57.36486,-5.50885,7.5,Autumn,0.0733,30,1
White-tailed Eagle,57.36486,-4.03983,7.5,Autumn,0.0031,23,1
White-tailed Eagle,57.36486,-3.79499,7.5,Autumn,0.011,98,4
White-tailed Eagle,57.36486,-3.55015,7.5,Autumn,0.0036,167,1
White-tailed Eagle,57.5,-7.46756,7.5,Autumn,0.0748,50,9
White-tailed Eagle,57.5,-6.73304,7.5,Autumn,0.1195,244,27
White-tailed Eagle,57.5,-6.48821,7.5,Autumn,0.107,64,2
White-tailed Eagle,57.5,-6.24337,7.5,Autumn,0.0887,77,13
White-tailed Eagle,57.5,-5.99853,7.5,Autumn,0.1082,2,2
White-tailed Eagle,57.5,-5.75369,7.5,Autumn,0.0721,50,12
White-tailed Eagle,57.5,-5.50885,7.5,Autumn,0.0509,11,1
White-tailed Eagle,57.5,-5.26402,7.5,Autumn,0.0145,3,1
White-tailed Eagle,57.5,-4.28466,7.5,Autumn,0.0006,562,1
White-tailed Eagle,57.5,-3.79499,7.5,Autumn,0.0113,17,2
White-tailed Eagle,57.63514,-7.46756,7.5,Autumn,0.093,72,9
White-tailed Eagle,57.63514,-7.22272,7.5,Autumn,0.1238,32,5
White-tailed Eagle,57.63514,-6.48821,7.5,Autumn,0.1065,42,3
White-tailed Eagle,57.63514,-6.24337,7.5,Autumn,0.1262,184,12
White-tailed Eagle,57.63514,-5.26402,7.5,Autumn,0.0128,23,1
White-tailed Eagle,57.63514,-4.03983,7.5,Autumn,0.0045,581,3
White-tailed Eagle,57.63514,-3.55015,7.5,Autumn,0.0014,283,1
White-tailed Eagle,57.77027,-7.22272,7.5,Autumn,0.1048,18,2
White-tailed Eagle,57.77027,-6.97788,7.5,Autumn,0.1101,28,5
White-tailed Eagle,57.77027,-6.73304,7.5,Autumn,0.0587,6,1
White-tailed Eagle,57.77027,-5.75369,7.5,Autumn,0.0873,55,4
White-tailed Eagle,57.77027,-5.50885,7.5,Autumn,0.0492,25,1
White-tailed Eagle,57.77027,-5.01918,7.5,Autumn,0.013,22,1
White-tailed Eagle,57.77027,-4.03983,7.5,Autumn,0.0092,104,1
White-tailed Eagle,57.77027,-3.79499,7.5,Autumn,0.0106,172,1
White-tailed Eagle,57.90541,-6.97788,7.5,Autumn,0.1087,32,2
White-tailed Eagle,57.90541,-6.24337,7.5,Autumn,0.0283,5,1
White-tailed Eagle,57.90541,-5.75369,7.5,Autumn,0.0662,13,4
White-tailed Eagle,57.90541,-5.50885,7.5,Autumn,0.0415,58,8
White-tailed Eagle,57.90541,-5.26402,7.5,Autumn,0.0117,101,6
White-tailed Eagle,57.90541,-5.01918,7.5,Autumn,0.0095,5,2
White-tailed Eagle,57.90541,-4.03983,7.5,Autumn,0.007,167,1
White-tailed Eagle,58.04054,-6.97788,7.5,Autumn,0.1223,8,2
White-tailed Eagle,58.04054,-6.73304,7.5,Autumn,0.0859,12,7
White-tailed Eagle,58.04054,-6.48821,7.5,Autumn,0.0628,5,3
White-tailed Eagle,58.04054,-5.01918,7.5,Autumn,0.0082,5,1
White-tailed Eagle,58.04054,-4.03983,7.5,Autumn,0.016,14,1
White-tailed Eagle,58.17568,-7.22272,7.5,Autumn,0.0475,4,1
White-tailed Eagle,58.17568,-6.97788,7.5,Autumn,0.1022,67,6
White-tailed Eagle,58.17568,-6.73304,7.5,Autumn,0.1103,14,2
White-tailed Eagle,58.17568,-6.48821,7.5,Autumn,0.0268,64,3
White-tailed Eagle,58.17568,-5.26402,7.5,Autumn,0.0107,50,2
White-tailed Eagle,58.17568,-3.55015,7.5,Autumn,0.003,13,1
White-tailed Eagle,58.31081,-6.97788,7.5,Autumn,0.046,8,1
White-tailed Eagle,58.31081,-6.73304,7.5,Autumn,0.1015,87,3
White-tailed Eagle,58.31081,-6.48821,7.5,Autumn,0.0291,22,3
White-tailed Eagle,58.31081,-6.24337,7.5,Autumn,0.0548,117,8
White-tailed Eagle,58.31081,-4.03983,7.5,Autumn,0.0101,4,1
White-tailed Eagle,58.31081,-3.79499,7.5,Autumn,0.0141,14,1
White-tailed Eagle,58.44595,-6.48821,7.5,Autumn,0.039,12,1
White-tailed Eagle,58.44595,-6.24337,7.5,Autumn,0.0745,109,9
White-tailed Eagle,58.58108,-4.77434,7.5,Autumn,0.0011,66,1
White-tailed Eagle,58.58108,-4.03983,7.5,Autumn,0.0022,21,2
White-tailed Eagle,58.58108,-3.55015,7.5,Autumn,0.0005,31,1
White-tailed Eagle,58.85135,-3.06047,7.5,Autumn,0.001,54,1
White-tailed Eagle,59.52703,-1.59145,7.5,Autumn,0.0006,323,1
White-tailed Eagle,59.93243,-1.34661,7.5,Autumn,0.0006,2628,3
White-tailed Eagle,60.06757,-1.34661,7.5,Autumn,0.0006,907,1
White-tailed Eagle,55.60811,-6.24337,7.5,Summer,0.0561,83,3
White-tailed Eagle,55.60811,-5.50885,7.5,Summer,0.0496,12,1
White-tailed Eagle,55.74324,-6.48821,7.5,Summer,0.0406,38,1
White-tailed Eagle,55.74324,-6.24337,7.5,Summer,0.0395,63,1
White-tailed Eagle,55.74324,-5.75369,7.5,Summer,0.0014,17,1
White-tailed Eagle,55.87838,-6.24337,7.5,Summer,0.0483,94,2
White-tailed Eagle,55.87838,-5.50885,7.5,Summer,0.009,48,3
White-tailed Eagle,56.01351,-5.50885,7.5,Summer,0.0152,37,1
White-tailed Eagle,56.14865,-5.75369,7.5,Summer,0.0574,5,1
White-tailed Eagle,56.14865,-5.50885,7.5,Summer,0.0194,74,3
White-tailed Eagle,56.28378,-6.24337,7.5,Summer,0.0342,89,5
White-tailed Eagle,56.28378,-5.75369,7.5,Summer,0.0087,34,1
White-tailed Eagle,56.28378,-5.50885,7.5,Summer,0.0092,51,1
White-tailed Eagle,56.41892,-6.24337,7.5,Summer,0.0558,224,4
White-tailed Eagle,56.41892,-5.99853,7.5,Summer,0.0585,294,30
White-tailed Eagle,56.41892,-5.75369,7.5,Summer,0.0422,361,12
White-tailed Eagle,56.41892,-5.50885,7.5,Summer,0.004,433,5
White-tailed Eagle,56.41892,-4.5295,7.5,Summer,0.002,45,1
White-tailed Eagle,56.55405,-6.24337,7.5,Summer,0.0499,192,17
White-tailed Eagle,56.55405,-5.99853,7.5,Summer,0.0888,274,18
White-tailed Eagle,56.55405,-5.75369,7.5,Summer,0.0299,81,6
White-tailed Eagle,56.55405,-5.50885,7.5,Summer,0.0139,37,1
White-tailed Eagle,56.55405,-4.28466,7.5,Summer,0.0038,36,1
White-tailed Eagle,56.55405,-4.03983,7.5,Summer,0.0018,49,1
White-tailed Eagle,56.68919,-6.48821,7.5,Summer,0.0313,30,1
White-tailed Eagle,56.68919,-6.24337,7.5,Summer,0.0874,70,2
White-tailed Eagle,56.68919,-5.99853,7.5,Summer,0.0983,168,14
White-tailed Eagle,56.68919,-5.75369,7.5,Summer,0.0897,30,1
White-tailed Eagle,56.82432,-5.75369,7.5,Summer,0.0558,93,4
White-tailed Eagle,56.82432,-5.26402,7.5,Summer,0.0022,33,4
White-tailed Eagle,56.82432,-3.30531,7.5,Summer,0.0009,104,4
White-tailed Eagle,56.95946,-5.75369,7.5,Summer,0.027,122,1
White-tailed Eagle,57.09459,-7.46756,7.5,Summer,0.0021,86,4
White-tailed Eagle,57.09459,-5.99853,7.5,Summer,0.0859,105,4
White-tailed Eagle,57.09459,-3.55015,7.5,Summer,0.0015,315,2
White-tailed Eagle,57.22973,-7.46756,7.5,Summer,0.0318,112,2
White-tailed Eagle,57.22973,-6.48821,7.5,Summer,0.034,21,2
White-tailed Eagle,57.22973,-6.24337,7.5,Summer,0.0661,148,5
White-tailed Eagle,57.22973,-5.75369,7.5,Summer,0.0464,148,1
White-tailed Eagle,57.22973,-4.5295,7.5,Summer,0.0016,77,1
White-tailed Eagle,57.22973,-4.03983,7.5,Summer,0.0045,133,4
White-tailed Eagle,57.22973,-3.79499,7.5,Summer,0.0007,1932,3
White-tailed Eagle,57.36486,-7.46756,7.5,Summer,0.0255,123,5
White-tailed Eagle,57.36486,-7.22272,7.5,Summer,0.0716,80,5
White-tailed Eagle,57.36486,-6.73304,7.5,Summer,0.0857,94,1
White-tailed Eagle,57.36486,-6.48821,7.5,Summer,0.0923,93,9
White-tailed Eagle,57.36486,-6.24337,7.5,Summer,0.0488,292,14
White-tailed Eagle,57.36486,-5.99853,7.5,Summer,0.0889,33,3
White-tailed Eagle,57.36486,-5.50885,7.5,Summer,0.052,51,1
White-tailed Eagle,57.36486,-3.79499,7.5,Summer,0.0021,308,2
White-tailed Eagle,57.5,-7.46756,7.5,Summer,0.0203,165,2
White-tailed Eagle,57.5,-7.22272,7.5,Summer,0.0887,111,1
White-tailed Eagle,57.5,-6.73304,7.5,Summer,0.0931,402,14
White-tailed Eagle,57.5,-6.48821,7.5,Summer,0.0727,157,3
White-tailed Eagle,57.5,-6.24337,7.5,Summer,0.0393,189,7
White-tailed Eagle,57.5,-5.75369,7.5,Summer,0.0326,62,6
White-tailed Eagle,57.63514,-7.46756,7.5,Summer,0.0337,350,5
White-tailed Eagle,57.63514,-7.22272,7.5,Summer,0.0831,116,1
White-tailed Eagle,57.63514,-6.73304,7.5,Summer,0.0093,13,1
White-tailed Eagle,57.63514,-6.48821,7.5,Summer,0.0503,167,1
White-tailed Eagle,57.63514,-6.24337,7.5,Summer,0.0882,443,8
White-tailed Eagle,57.63514,-5.75369,7.5,Summer,0.0825,46,2
White-tailed Eagle,57.63514,-5.26402,7.5,Summer,0.0029,100,1
White-tailed Eagle,57.63514,-5.01918,7.5,Summer,0.0015,27,1
White-tailed Eagle,57.77027,-7.22272,7.5,Summer,0.0357,64,1
White-tailed Eagle,57.77027,-6.97788,7.5,Summer,0.0549,108,5
White-tailed Eagle,57.77027,-6.73304,7.5,Summer,0.0185,13,1
White-tailed Eagle,57.77027,-5.75369,7.5,Summer,0.051,159,5
White-tailed Eagle,57.77027,-5.50885,7.5,Summer,0.0186,82,5
White-tailed Eagle,57.77027,-5.01918,7.5,Summer,0.0013,41,2
White-tailed Eagle,57.90541,-6.73304,7.5,Summer,0.0775,63,2
White-tailed Eagle,57.90541,-5.50885,7.5,Summer,0.0223,122,3
White-tailed Eagle,57.90541,-5.26402,7.5,Summer,0.0064,175,1
White-tailed Eagle,57.90541,-4.5295,7.5,Summer,0.0012,28,1
White-tailed Eagle,57.90541,-4.28466,7.5,Summer,0.001,66,1
White-tailed Eagle,58.04054,-6.97788,7.5,Summer,0.0795,28,1
White-tailed Eagle,58.04054,-6.48821,7.5,Summer,0.0428,51,3
White-tailed Eagle,58.17568,-6.97788,7.5,Summer,0.0554,82,4
White-tailed Eagle,58.17568,-6.24337,7.5,Summer,0.0215,101,2
White-tailed Eagle,58.31081,-6.97788,7.5,Summer,0.0033,11,1
White-tailed Eagle,58.31081,-6.73304,7.5,Summer,0.0735,126,3
White-tailed Eagle,58.31081,-6.48821,7.5,Summer,0.0027,64,4
White-tailed Eagle,58.31081,-6.24337,7.5,Summer,0.0328,163,5
White-tailed Eagle,58.44595,-6.48821,7.5,Summer,0.0019,19,1
White-tailed Eagle,58.44595,-5.26402,7.5,Summer,0.0012,94,1
White-tailed Eagle,58.58108,-5.01918,7.5,Summer,0.0012,8,1
White-tailed Eagle,58.98649,-3.06047,7.5,Summer,0.0005,416,1
White-tailed Eagle,59.12162,-3.30531,7.5,Summer,0.0005,447,1
White-tailed Eagle,55.47297,-5.75369,7.5,Winter,0.0055,36,1
White-tailed Eagle,55.60811,-6.24337,7.5,Winter,0.0589,95,6
White-tailed Eagle,55.60811,-5.75369,7.5,Winter,0.0256,25,2
White-tailed Eagle,55.74324,-6.48821,7.5,Winter,0.0408,93,3
White-tailed Eagle,55.74324,-6.24337,7.5,Winter,0.037,265,3
White-tailed Eagle,55.74324,-5.50885,7.5,Winter,0.0136,43,3
White-tailed Eagle,55.74324,-5.01918,7.5,Winter,0.0012,103,6
White-tailed Eagle,55.87838,-6.48821,7.5,Winter,0.0196,23,3
White-tailed Eagle,55.87838,-6.24337,7.5,Winter,0.0618,204,19
White-tailed Eagle,56.01351,-5.50885,7.5,Winter,0.0165,25,1
White-tailed Eagle,56.01351,-5.26402,7.5,Winter,0.0069,33,1
White-tailed Eagle,56.01351,-5.01918,7.5,Winter,0.0014,105,3
White-tailed Eagle,56.14865,-3.30531,7.5,Winter,0.0005,535,2
White-tailed Eagle,56.41892,-5.75369,7.5,Winter,0.0453,18,4
White-tailed Eagle,56.41892,-5.50885,7.5,Winter,0.0084,66,3
White-tailed Eagle,56.41892,-5.26402,7.5,Winter,0.009,12,1
White-tailed Eagle,56.41892,-2.81564,7.5,Winter,0.0016,524,6
White-tailed Eagle,56.55405,-6.24337,7.5,Winter,0.0573,25,6
White-tailed Eagle,56.55405,-5.99853,7.5,Winter,0.0698,9,1
White-tailed Eagle,56.55405,-5.75369,7.5,Winter,0.0513,4,1
White-tailed Eagle,56.55405,-4.28466,7.5,Winter,0.0056,36,1
White-tailed Eagle,56.55405,-2.81564,7.5,Winter,0.0044,28,2
White-tailed Eagle,56.68919,-6.24337,7.5,Winter,0.0986,13,1
White-tailed Eagle,56.68919,-5.75369,7.5,Winter,0.0879,16,4
White-tailed Eagle,56.82432,-5.75369,7.5,Winter,0.055,29,9
White-tailed Eagle,56.95946,-6.24337,7.5,Winter,0.0799,45,3
White-tailed Eagle,56.95946,-3.55015,7.5,Winter,0.0077,11,1
White-tailed Eagle,57.09459,-5.75369,7.5,Winter,0.083,11,3
White-tailed Eagle,57.09459,-4.03983,7.5,Winter,0.0188,301,10
White-tailed Eagle,57.09459,-3.30531,7.5,Winter,0.0096,25,2
White-tailed Eagle,57.22973,-7.46756,7.5,Winter,0.0571,35,6
White-tailed Eagle,57.22973,-5.99853,7.5,Winter,0.0833,81,2
White-tailed Eagle,57.22973,-5.75369,7.5,Winter,0.0352,16,3
White-tailed Eagle,57.22973,-4.03983,7.5,Winter,0.0101,69,4
White-tailed Eagle,57.22973,-3.79499,7.5,Winter,0.0022,583,1
White-tailed Eagle,57.22973,-3.55015,7.5,Winter,0.003,232,3
White-tailed Eagle,57.36486,-7.46756,7.5,Winter,0.0354,8,3
White-tailed Eagle,57.36486,-6.24337,7.5,Winter,0.0299,51,2
White-tailed Eagle,57.36486,-4.28466,7.5,Winter,0.0045,66,1
White-tailed Eagle,57.36486,-4.03983,7.5,Winter,0.0067,35,1
White-tailed Eagle,57.36486,-3.79499,7.5,Winter,0.0036,79,1
White-tailed Eagle,57.36486,-3.30531,7.5,Winter,0.0027,32,1
White-tailed Eagle,57.5,-7.22272,7.5,Winter,0.0795,1,1
White-tailed Eagle,57.5,-6.73304,7.5,Winter,0.0819,244,15
White-tailed Eagle,57.5,-6.48821,7.5,Winter,0.0761,32,3
White-tailed Eagle,57.5,-6.24337,7.5,Winter,0.0226,24,3
White-tailed Eagle,57.5,-5.75369,7.5,Winter,0.0184,7,1
White-tailed Eagle,57.5,-4.5295,7.5,Winter,0.0036,25,1
White-tailed Eagle,57.5,-4.03983,7.5,Winter,0.0017,511,1
White-tailed Eagle,57.63514,-7.46756,7.5,Winter,0.0462,7,1
White-tailed Eagle,57.63514,-6.24337,7.5,Winter,0.1017,95,11
White-tailed Eagle,57.63514,-4.28466,7.5,Winter,0.0025,56,1
White-tailed Eagle,57.63514,-4.03983,7.5,Winter,0.0021,354,2
White-tailed Eagle,57.77027,-7.22272,7.5,Winter,0.0233,6,1
White-tailed Eagle,57.77027,-5.75369,7.5,Winter,0.0493,31,1
White-tailed Eagle,57.77027,-5.50885,7.5,Winter,0.0151,19,3
White-tailed Eagle,57.90541,-6.73304,7.5,Winter,0.0563,1,1
White-tailed Eagle,57.90541,-5.50885,7.5,Winter,0.0279,41,4
White-tailed Eagle,57.90541,-5.26402,7.5,Winter,0.0135,35,4
White-tailed Eagle,58.04054,-6.48821,7.5,Winter,0.032,8,1
White-tailed Eagle,58.17568,-6.48821,7.5,Winter,0.0062,51,1
White-tailed Eagle,58.17568,-6.24337,7.5,Winter,0.0315,54,3
White-tailed Eagle,58.31081,-6.97788,7.5,Winter,0.0028,1,1
White-tailed Eagle,58.31081,-6.73304,7.5,Winter,0.0529,11,2
White-tailed Eagle,58.31081,-6.24337,7.5,Winter,0.0259,53,2
White-tailed Eagle,58.58108,-4.77434,7.5,Winter,0.0018,27,1
White-tailed Eagle,58.58108,-3.79499,7.5,Winter,0.0013,15,1
White-tailed Eagle,60.06757,-1.34661,7.5,Winter,0.0006,290,1
White-throated Dipper,54.7973,-5.01918,7.5,Autumn,0.0071,38,2
White-throated Dipper,54.93243,-4.28466,7.5,Autumn,0.0302,30,3
White-throated Dipper,54.93243,-4.03983,7.5,Autumn,0.0225,53,3
White-throated Dipper,54.93243,-3.30531,7.5,Autumn,0.0054,26,1
White-throated Dipper,54.93243,-3.06047,7.5,Autumn,0.0117,46,1
White-throated Dipper,55.06757,-4.5295,7.5,Autumn,0.0637,13,1
White-throated Dipper,55.06757,-3.55015,7.5,Autumn,0.0508,165,3
White-throated Dipper,55.06757,-3.06047,7.5,Autumn,0.1257,13,1
White-throated Dipper,55.2027,-4.03983,7.5,Autumn,0.1678,11,1
White-throated Dipper,55.33784,-4.28466,7.5,Autumn,0.1602,22,1
White-throated Dipper,55.33784,-3.55015,7.5,Autumn,0.2218,19,2
White-throated Dipper,55.33784,-2.81564,7.5,Autumn,0.2549,11,1
White-throated Dipper,55.47297,-5.01918,7.5,Autumn,0.04,41,3
White-throated Dipper,55.47297,-4.5295,7.5,Autumn,0.0775,1154,9
White-throated Dipper,55.47297,-3.79499,7.5,Autumn,0.183,51,15
White-throated Dipper,55.47297,-3.30531,7.5,Autumn,0.2109,22,5
White-throated Dipper,55.47297,-2.81564,7.5,Autumn,0.2257,43,15
White-throated Dipper,55.47297,-2.5708,7.5,Autumn,0.2305,31,2
White-throated Dipper,55.60811,-5.26402,7.5,Autumn,0.0493,81,11
White-throated Dipper,55.60811,-4.77434,7.5,Autumn,0.0507,3758,6
White-throated Dipper,55.60811,-4.5295,7.5,Autumn,0.0519,21393,1
White-throated Dipper,55.60811,-3.79499,7.5,Autumn,0.1934,26,5
White-throated Dipper,55.60811,-3.30531,7.5,Autumn,0.2179,58,9
White-throated Dipper,55.60811,-3.06047,7.5,Autumn,0.2582,31,3
White-throated Dipper,55.60811,-2.81564,7.5,Autumn,0.1765,83,16
White-throated Dipper,55.60811,-2.5708,7.5,Autumn,0.2413,19,4
White-throated Dipper,55.74324,-6.24337,7.5,Autumn,0.0092,173,3
White-throated Dipper,55.74324,-5.26402,7.5,Autumn,0.0469,34,2
White-throated Dipper,55.74324,-4.77434,7.5,Autumn,0.0795,71,5
White-throated Dipper,55.74324,-4.5295,7.5,Autumn,0.0808,278,9
White-throated Dipper,55.74324,-4.28466,7.5,Autumn,0.1374,566,8
White-throated Dipper,55.74324,-4.03983,7.5,Autumn,0.1172,208,7
White-throated Dipper,55.74324,-3.55015,7.5,Autumn,0.1864,38,2
White-throated Dipper,55.74324,-3.06047,7.5,Autumn,0.2266,165,5
White-throated Dipper,55.87838,-4.5295,7.5,Autumn,0.0931,297,4
White-throated Dipper,55.87838,-4.28466,7.5,Autumn,0.1729,1614,70
White-throated Dipper,55.87838,-4.03983,7.5,Autumn,0.0611,110,2
White-throated Dipper,55.87838,-3.79499,7.5,Autumn,0.1448,50,3
White-throated Dipper,55.87838,-3.55015,7.5,Autumn,0.0906,74,4
White-throated Dipper,55.87838,-3.30531,7.5,Autumn,0.1533,892,84
White-throated Dipper,55.87838,-3.06047,7.5,Autumn,0.0936,1429,60
White-throated Dipper,55.87838,-2.81564,7.5,Autumn,0.1924,104,7
White-throated Dipper,55.87838,-2.5708,7.5,Autumn,0.1783,13,1
White-throated Dipper,55.87838,-2.32596,7.5,Autumn,0.0851,105,6
White-throated Dipper,56.01351,-5.01918,7.5,Autumn,0.1002,72,9
White-throated Dipper,56.01351,-3.79499,7.5,Autumn,0.0485,285,4
White-throated Dipper,56.01351,-3.55015,7.5,Autumn,0.0251,300,2
White-throated Dipper,56.01351,-3.30531,7.5,Autumn,0.0386,1675,103
White-throated Dipper,56.01351,-3.06047,7.5,Autumn,0.06,1856,8
White-throated Dipper,56.01351,-2.81564,7.5,Autumn,0.0179,652,4
White-throated Dipper,56.01351,-2.5708,7.5,Autumn,0.0073,447,3
White-throated Dipper,56.01351,-2.32596,7.5,Autumn,0.0325,379,1
White-throated Dipper,56.14865,-5.26402,7.5,Autumn,0.0535,6,2
White-throated Dipper,56.14865,-4.77434,7.5,Autumn,0.0722,53,8
White-throated Dipper,56.14865,-4.5295,7.5,Autumn,0.0931,103,4
White-throated Dipper,56.14865,-4.03983,7.5,Autumn,0.1711,176,19
White-throated Dipper,56.14865,-3.79499,7.5,Autumn,0.0675,274,7
White-throated Dipper,56.14865,-3.55015,7.5,Autumn,0.1432,52,3
White-throated Dipper,56.14865,-3.30531,7.5,Autumn,0.1235,374,5
White-throated Dipper,56.14865,-3.06047,7.5,Autumn,0.0475,103,3
White-throated Dipper,56.28378,-4.77434,7.5,Autumn,0.1379,22,2
White-throated Dipper,56.28378,-4.28466,7.5,Autumn,0.1929,38,2
White-throated Dipper,56.28378,-3.30531,7.5,Autumn,0.0888,77,1
White-throated Dipper,56.28378,-3.06047,7.5,Autumn,0.1191,309,6
White-throated Dipper,56.28378,-2.81564,7.5,Autumn,0.0496,885,18
White-throated Dipper,56.28378,-2.5708,7.5,Autumn,0.0064,604,4
White-throated Dipper,56.41892,-5.99853,7.5,Autumn,0.0292,72,1
White-throated Dipper,56.41892,-5.75369,7.5,Autumn,0.0251,123,3
White-throated Dipper,56.41892,-4.77434,7.5,Autumn,0.1506,25,2
White-throated Dipper,56.41892,-4.5295,7.5,Autumn,0.1219,10,2
White-throated Dipper,56.41892,-4.28466,7.5,Autumn,0.1899,69,8
White-throated Dipper,56.41892,-4.03983,7.5,Autumn,0.2085,23,6
White-throated Dipper,56.41892,-3.79499,7.5,Autumn,0.2023,24,3
White-throated Dipper,56.41892,-3.30531,7.5,Autumn,0.0928,131,1
White-throated Dipper,56.41892,-3.06047,7.5,Autumn,0.04,363,1
White-throated Dipper,56.41892,-2.81564,7.5,Autumn,0.0075,548,1
White-throated Dipper,56.55405,-6.24337,7.5,Autumn,0.0207,64,1
White-throated Dipper,56.55405,-5.99853,7.5,Autumn,0.0364,81,2
White-throated Dipper,56.55405,-5.75369,7.5,Autumn,0.0276,70,2
White-throated Dipper,56.55405,-5.50885,7.5,Autumn,0.0416,22,1
White-throated Dipper,56.55405,-5.01918,7.5,Autumn,0.0596,10,5
White-throated Dipper,56.55405,-4.77434,7.5,Autumn,0.1538,28,2
White-throated Dipper,56.55405,-4.03983,7.5,Autumn,0.1533,32,1
White-throated Dipper,56.55405,-3.79499,7.5,Autumn,0.2047,16,1
White-throated Dipper,56.55405,-3.55015,7.5,Autumn,0.1822,128,15
White-throated Dipper,56.55405,-2.81564,7.5,Autumn,0.1452,26,1
White-throated Dipper,56.68919,-5.99853,7.5,Autumn,0.0423,45,1
White-throated Dipper,56.68919,-5.01918,7.5,Autumn,0.0628,142,3
White-throated Dipper,56.68919,-4.28466,7.5,Autumn,0.1437,10,2
White-throated Dipper,56.68919,-4.03983,7.5,Autumn,0.14,22,2
White-throated Dipper,56.68919,-3.79499,7.5,Autumn,0.1785,146,22
White-throated Dipper,56.68919,-3.55015,7.5,Autumn,0.216,9,2
White-throated Dipper,56.68919,-3.30531,7.5,Autumn,0.1919,28,1
White-throated Dipper,56.68919,-3.06047,7.5,Autumn,0.2096,95,12
White-throated Dipper,56.68919,-2.32596,7.5,Autumn,0.0821,26,1
White-throated Dipper,56.82432,-5.75369,7.5,Autumn,0.0502,36,2
White-throated Dipper,56.82432,-5.50885,7.5,Autumn,0.0662,63,2
White-throated Dipper,56.82432,-5.01918,7.5,Autumn,0.1121,127,7
White-throated Dipper,56.82432,-4.5295,7.5,Autumn,0.1374,1,1
White-throated Dipper,56.82432,-4.28466,7.5,Autumn,0.1616,4,2
White-throated Dipper,56.82432,-3.30531,7.5,Autumn,0.1848,52,2
White-throated Dipper,56.82432,-2.81564,7.5,Autumn,0.205,7,1
White-throated Dipper,56.82432,-2.5708,7.5,Autumn,0.1701,79,5
White-throated Dipper,56.95946,-6.24337,7.5,Autumn,0.031,68,11
White-throated Dipper,56.95946,-5.75369,7.5,Autumn,0.0581,105,1
White-throated Dipper,56.95946,-3.30531,7.5,Autumn,0.1792,46,14
White-throated Dipper,56.95946,-3.06047,7.5,Autumn,0.1534,12,2
White-throated Dipper,56.95946,-2.32596,7.5,Autumn,0.1109,29,1
White-throated Dipper,56.95946,-2.08112,7.5,Autumn,0.0606,92,1
White-throated Dipper,57.09459,-5.99853,7.5,Autumn,0.0281,37,2
White-throated Dipper,57.09459,-4.77434,7.5,Autumn,0.1634,37,2
White-throated Dipper,57.09459,-4.28466,7.5,Autumn,0.1404,3,1
White-throated Dipper,57.09459,-4.03983,7.5,Autumn,0.1384,242,5
White-throated Dipper,57.09459,-3.79499,7.5,Autumn,0.1588,105,4
White-throated Dipper,57.09459,-3.30531,7.5,Autumn,0.1443,18,4
White-throated Dipper,57.09459,-3.06047,7.5,Autumn,0.1347,41,2
White-throated Dipper,57.09459,-2.81564,7.5,Autumn,0.1703,64,2
White-throated Dipper,57.09459,-2.5708,7.5,Autumn,0.2053,23,5
White-throated Dipper,57.09459,-2.32596,7.5,Autumn,0.1302,56,1
White-throated Dipper,57.09459,-2.08112,7.5,Autumn,0.01,1071,2
White-throated Dipper,57.22973,-6.24337,7.5,Autumn,0.0285,53,2
White-throated Dipper,57.22973,-5.99853,7.5,Autumn,0.0329,170,4
White-throated Dipper,57.22973,-5.75369,7.5,Autumn,0.0235,61,2
White-throated Dipper,57.22973,-5.50885,7.5,Autumn,0.0254,94,1
White-throated Dipper,57.22973,-5.01918,7.5,Autumn,0.1334,6,3
White-throated Dipper,57.22973,-4.03983,7.5,Autumn,0.1888,90,17
White-throated Dipper,57.22973,-3.79499,7.5,Autumn,0.1414,655,11
White-throated Dipper,57.22973,-3.55015,7.5,Autumn,0.1254,169,19
White-throated Dipper,57.22973,-3.30531,7.5,Autumn,0.1643,35,2
White-throated Dipper,57.22973,-2.81564,7.5,Autumn,0.1678,21,1
White-throated Dipper,57.22973,-2.08112,7.5,Autumn,0.0232,282,23
White-throated Dipper,57.36486,-6.48821,7.5,Autumn,0.0073,31,1
White-throated Dipper,57.36486,-6.24337,7.5,Autumn,0.0106,155,2
White-throated Dipper,57.36486,-5.99853,7.5,Autumn,0.0422,26,3
White-throated Dipper,57.36486,-4.77434,7.5,Autumn,0.133,26,12
White-throated Dipper,57.36486,-4.5295,7.5,Autumn,0.1023,158,13
White-throated Dipper,57.36486,-4.28466,7.5,Autumn,0.124,108,2
White-throated Dipper,57.36486,-4.03983,7.5,Autumn,0.1327,23,2
White-throated Dipper,57.36486,-3.79499,7.5,Autumn,0.1271,98,1
White-throated Dipper,57.36486,-3.55015,7.5,Autumn,0.1255,167,25
White-throated Dipper,57.36486,-3.30531,7.5,Autumn,0.1492,10,2
White-throated Dipper,57.36486,-3.06047,7.5,Autumn,0.1692,5,2
White-throated Dipper,57.36486,-2.5708,7.5,Autumn,0.1588,46,11
White-throated Dipper,57.36486,-2.08112,7.5,Autumn,0.1141,200,1
White-throated Dipper,57.5,-6.73304,7.5,Autumn,0.0156,244,13
White-throated Dipper,57.5,-6.48821,7.5,Autumn,0.0117,64,2
White-throated Dipper,57.5,-6.24337,7.5,Autumn,0.0165,77,3
White-throated Dipper,57.5,-5.75369,7.5,Autumn,0.018,50,3
White-throated Dipper,57.5,-5.50885,7.5,Autumn,0.018,11,1
White-throated Dipper,57.5,-4.5295,7.5,Autumn,0.0535,80,1
White-throated Dipper,57.5,-4.28466,7.5,Autumn,0.0123,562,43
White-throated Dipper,57.5,-4.03983,7.5,Autumn,0.055,423,2
White-throated Dipper,57.5,-3.55015,7.5,Autumn,0.1077,12,1
White-throated Dipper,57.5,-3.30531,7.5,Autumn,0.0932,33,5
White-throated Dipper,57.5,-2.5708,7.5,Autumn,0.1012,5,1
White-throated Dipper,57.5,-2.08112,7.5,Autumn,0.0898,32,2
White-throated Dipper,57.63514,-6.48821,7.5,Autumn,0.005,42,1
White-throated Dipper,57.63514,-6.24337,7.5,Autumn,0.0189,184,4
White-throated Dipper,57.63514,-4.77434,7.5,Autumn,0.0551,9,1
White-throated Dipper,57.63514,-4.5295,7.5,Autumn,0.0347,83,4
White-throated Dipper,57.63514,-4.28466,7.5,Autumn,0.0143,93,1
White-throated Dipper,57.63514,-4.03983,7.5,Autumn,0.0124,581,3
White-throated Dipper,57.63514,-3.79499,7.5,Autumn,0.0226,202,6
White-throated Dipper,57.63514,-3.55015,7.5,Autumn,0.0085,283,2
White-throated Dipper,57.63514,-3.30531,7.5,Autumn,0.0417,151,2
White-throated Dipper,57.63514,-3.06047,7.5,Autumn,0.0072,109,2
White-throated Dipper,57.77027,-5.75369,7.5,Autumn,0.007,55,3
White-throated Dipper,57.77027,-5.50885,7.5,Autumn,0.0086,25,2
White-throated Dipper,57.77027,-5.01918,7.5,Autumn,0.0228,22,3
White-throated Dipper,57.90541,-5.50885,7.5,Autumn,0.0082,58,1
White-throated Dipper,58.04054,-6.48821,7.5,Autumn,0.0067,5,1
White-throated Dipper,58.17568,-6.48821,7.5,Autumn,0.0059,64,1
White-throated Dipper,58.17568,-5.01918,7.5,Autumn,0.0165,4,1
White-throated Dipper,58.17568,-3.55015,7.5,Autumn,0.0065,13,1
White-throated Dipper,58.31081,-5.01918,7.5,Autumn,0.0078,7,1
White-throated Dipper,58.31081,-3.30531,7.5,Autumn,0.0031,14,1
White-throated Dipper,58.44595,-3.06047,7.5,Autumn,0.0034,54,1
White-throated Dipper,54.7973,-5.01918,7.5,Spring,0.0051,84,1
White-throated Dipper,54.93243,-4.28466,7.5,Spring,0.0233,37,1
White-throated Dipper,54.93243,-3.79499,7.5,Spring,0.0314,108,1
White-throated Dipper,54.93243,-3.55015,7.5,Spring,0.0055,256,1
White-throated Dipper,55.06757,-4.5295,7.5,Spring,0.0612,70,6
White-throated Dipper,55.06757,-3.55015,7.5,Spring,0.0526,243,7
White-throated Dipper,55.06757,-3.30531,7.5,Spring,0.0879,79,1
White-throated Dipper,55.06757,-3.06047,7.5,Spring,0.1211,32,2
White-throated Dipper,55.2027,-4.77434,7.5,Spring,0.0899,32,1
White-throated Dipper,55.2027,-4.03983,7.5,Spring,0.1818,25,5
White-throated Dipper,55.2027,-3.79499,7.5,Spring,0.1796,36,2
White-throated Dipper,55.2027,-3.30531,7.5,Spring,0.2168,75,3
White-throated Dipper,55.2027,-3.06047,7.5,Spring,0.2401,49,10
White-throated Dipper,55.2027,-2.81564,7.5,Spring,0.2348,29,4
White-throated Dipper,55.33784,-4.77434,7.5,Spring,0.0165,92,1
White-throated Dipper,55.33784,-4.5295,7.5,Spring,0.1038,62,1
White-throated Dipper,55.33784,-4.28466,7.5,Spring,0.1763,147,11
White-throated Dipper,55.33784,-4.03983,7.5,Spring,0.1886,11,2
White-throated Dipper,55.33784,-3.79499,7.5,Spring,0.2086,69,7
White-throated Dipper,55.33784,-3.55015,7.5,Spring,0.2348,100,4
White-throated Dipper,55.33784,-2.5708,7.5,Spring,0.2137,10,1
White-throated Dipper,55.47297,-5.01918,7.5,Spring,0.0423,71,3
White-throated Dipper,55.47297,-4.5295,7.5,Spring,0.0852,1120,15
White-throated Dipper,55.47297,-4.28466,7.5,Spring,0.1762,36,7
White-throated Dipper,55.47297,-3.79499,7.5,Spring,0.1922,119,16
White-throated Dipper,55.47297,-3.55015,7.5,Spring,0.1802,116,5
White-throated Dipper,55.47297,-3.30531,7.5,Spring,0.2146,66,17
White-throated Dipper,55.47297,-3.06047,7.5,Spring,0.2643,13,1
White-throated Dipper,55.47297,-2.81564,7.5,Spring,0.2302,51,15
White-throated Dipper,55.47297,-2.5708,7.5,Spring,0.2302,52,2
White-throated Dipper,55.60811,-6.24337,7.5,Spring,0.0032,237,1
White-throated Dipper,55.60811,-5.26402,7.5,Spring,0.0476,166,2
White-throated Dipper,55.60811,-4.77434,7.5,Spring,0.0478,3607,26
White-throated Dipper,55.60811,-4.5295,7.5,Spring,0.0505,21683,3
White-throated Dipper,55.60811,-4.28466,7.5,Spring,0.1725,65,2
White-throated Dipper,55.60811,-4.03983,7.5,Spring,0.2093,18,1
White-throated Dipper,55.60811,-3.79499,7.5,Spring,0.2073,38,9
White-throated Dipper,55.60811,-3.55015,7.5,Spring,0.217,77,4
White-throated Dipper,55.60811,-3.30531,7.5,Spring,0.2204,97,15
White-throated Dipper,55.60811,-3.06047,7.5,Spring,0.2652,58,12
White-throated Dipper,55.60811,-2.81564,7.5,Spring,0.1726,127,13
White-throated Dipper,55.60811,-2.5708,7.5,Spring,0.2414,64,9
White-throated Dipper,55.74324,-6.24337,7.5,Spring,0.0097,131,3
White-throated Dipper,55.74324,-5.26402,7.5,Spring,0.0272,38,1
White-throated Dipper,55.74324,-4.77434,7.5,Spring,0.0886,124,2
White-throated Dipper,55.74324,-4.28466,7.5,Spring,0.1389,998,9
White-throated Dipper,55.74324,-4.03983,7.5,Spring,0.1278,315,12
White-throated Dipper,55.74324,-3.79499,7.5,Spring,0.1725,52,2
White-throated Dipper,55.74324,-3.30531,7.5,Spring,0.2062,64,2
White-throated Dipper,55.74324,-3.06047,7.5,Spring,0.2332,398,16
White-throated Dipper,55.74324,-2.81564,7.5,Spring,0.2327,30,2
White-throated Dipper,55.74324,-2.5708,7.5,Spring,0.2312,11,1
White-throated Dipper,55.74324,-2.32596,7.5,Spring,0.1671,14,2
White-throated Dipper,55.74324,-2.08112,7.5,Spring,0.1098,42,6
White-throated Dipper,55.87838,-5.26402,7.5,Spring,0.0284,41,2
White-throated Dipper,55.87838,-4.77434,7.5,Spring,0.0654,59,2
White-throated Dipper,55.87838,-4.5295,7.5,Spring,0.095,458,7
White-throated Dipper,55.87838,-4.28466,7.5,Spring,0.1741,2168,114
White-throated Dipper,55.87838,-3.79499,7.5,Spring,0.146,47,1
White-throated Dipper,55.87838,-3.55015,7.5,Spring,0.0942,219,12
White-throated Dipper,55.87838,-3.30531,7.5,Spring,0.1583,2071,224
White-throated Dipper,55.87838,-3.06047,7.5,Spring,0.1,2165,113
White-throated Dipper,55.87838,-2.81564,7.5,Spring,0.1902,239,16
White-throated Dipper,55.87838,-2.5708,7.5,Spring,0.1799,232,19
White-throated Dipper,55.87838,-2.32596,7.5,Spring,0.1032,169,6
White-throated Dipper,56.01351,-5.01918,7.5,Spring,0.0918,167,11
White-throated Dipper,56.01351,-4.5295,7.5,Spring,0.0701,435,2
White-throated Dipper,56.01351,-4.28466,7.5,Spring,0.153,175,10
White-throated Dipper,56.01351,-4.03983,7.5,Spring,0.1379,39,4
White-throated Dipper,56.01351,-3.79499,7.5,Spring,0.0507,421,1
White-throated Dipper,56.01351,-3.55015,7.5,Spring,0.0223,493,3
White-throated Dipper,56.01351,-3.30531,7.5,Spring,0.0408,2906,123
White-throated Dipper,56.01351,-3.06047,7.5,Spring,0.0614,2432,12
White-throated Dipper,56.01351,-2.81564,7.5,Spring,0.0197,928,5
White-throated Dipper,56.01351,-2.5708,7.5,Spring,0.0045,754,9
White-throated Dipper,56.01351,-2.32596,7.5,Spring,0.0349,300,1
White-throated Dipper,56.14865,-5.26402,7.5,Spring,0.0439,28,1
White-throated Dipper,56.14865,-5.01918,7.5,Spring,0.0839,25,1
White-throated Dipper,56.14865,-4.77434,7.5,Spring,0.0723,77,5
White-throated Dipper,56.14865,-4.5295,7.5,Spring,0.09,234,4
White-throated Dipper,56.14865,-4.28466,7.5,Spring,0.17,180,7
White-throated Dipper,56.14865,-4.03983,7.5,Spring,0.1729,535,62
White-throated Dipper,56.14865,-3.79499,7.5,Spring,0.082,695,38
White-throated Dipper,56.14865,-3.55015,7.5,Spring,0.1499,219,19
White-throated Dipper,56.14865,-3.30531,7.5,Spring,0.1276,652,2
White-throated Dipper,56.14865,-3.06047,7.5,Spring,0.0603,422,28
White-throated Dipper,56.14865,-2.81564,7.5,Spring,0.0232,399,2
White-throated Dipper,56.28378,-5.99853,7.5,Spring,0.0247,21,1
White-throated Dipper,56.28378,-5.50885,7.5,Spring,0.0153,44,1
White-throated Dipper,56.28378,-5.01918,7.5,Spring,0.0801,58,2
White-throated Dipper,56.28378,-4.77434,7.5,Spring,0.1328,86,8
White-throated Dipper,56.28378,-4.5295,7.5,Spring,0.1004,56,2
White-throated Dipper,56.28378,-4.28466,7.5,Spring,0.1968,269,10
White-throated Dipper,56.28378,-4.03983,7.5,Spring,0.1648,43,7
White-throated Dipper,56.28378,-3.79499,7.5,Spring,0.1659,106,2
White-throated Dipper,56.28378,-3.55015,7.5,Spring,0.1617,32,2
White-throated Dipper,56.28378,-3.30531,7.5,Spring,0.0897,146,1
White-throated Dipper,56.28378,-3.06047,7.5,Spring,0.1203,546,22
White-throated Dipper,56.28378,-2.81564,7.5,Spring,0.0554,1514,37
White-throated Dipper,56.28378,-2.5708,7.5,Spring,0.0044,559,6
White-throated Dipper,56.41892,-5.99853,7.5,Spring,0.0242,401,10
White-throated Dipper,56.41892,-4.77434,7.5,Spring,0.1433,54,4
White-throated Dipper,56.41892,-4.5295,7.5,Spring,0.11,40,1
White-throated Dipper,56.41892,-4.28466,7.5,Spring,0.1902,86,11
White-throated Dipper,56.41892,-4.03983,7.5,Spring,0.2094,122,13
White-throated Dipper,56.41892,-3.79499,7.5,Spring,0.2098,80,22
White-throated Dipper,56.41892,-3.55015,7.5,Spring,0.1503,238,7
White-throated Dipper,56.41892,-3.30531,7.5,Spring,0.0985,261,3
White-throated Dipper,56.41892,-3.06047,7.5,Spring,0.0505,540,1
White-throated Dipper,56.41892,-2.81564,7.5,Spring,0.0069,655,6
White-throated Dipper,56.55405,-6.24337,7.5,Spring,0.0177,182,1
White-throated Dipper,56.55405,-5.99853,7.5,Spring,0.0204,283,8
White-throated Dipper,56.55405,-5.75369,7.5,Spring,0.01,158,2
White-throated Dipper,56.55405,-5.01918,7.5,Spring,0.0578,7,1
White-throated Dipper,56.55405,-4.77434,7.5,Spring,0.1482,40,1
White-throated Dipper,56.55405,-4.5295,7.5,Spring,0.1228,2,1
White-throated Dipper,56.55405,-4.28466,7.5,Spring,0.1213,17,2
White-throated Dipper,56.55405,-3.79499,7.5,Spring,0.2091,74,3
White-throated Dipper,56.55405,-3.55015,7.5,Spring,0.1858,294,26
White-throated Dipper,56.55405,-3.30531,7.5,Spring,0.1653,54,5
White-throated Dipper,56.55405,-3.06047,7.5,Spring,0.1263,50,2
White-throated Dipper,56.55405,-2.5708,7.5,Spring,0.033,109,2
White-throated Dipper,56.68919,-5.99853,7.5,Spring,0.0213,205,7
White-throated Dipper,56.68919,-5.75369,7.5,Spring,0.0178,96,1
White-throated Dipper,56.68919,-5.50885,7.5,Spring,0.0281,74,1
White-throated Dipper,56.68919,-5.01918,7.5,Spring,0.0501,215,6
White-throated Dipper,56.68919,-4.77434,7.5,Spring,0.1611,29,3
White-throated Dipper,56.68919,-4.5295,7.5,Spring,0.1301,10,1
White-throated Dipper,56.68919,-4.03983,7.5,Spring,0.138,46,2
White-throated Dipper,56.68919,-3.79499,7.5,Spring,0.1827,290,26
White-throated Dipper,56.68919,-3.55015,7.5,Spring,0.2198,26,4
White-throated Dipper,56.68919,-3.30531,7.5,Spring,0.1913,83,7
White-throated Dipper,56.68919,-3.06047,7.5,Spring,0.2022,181,9
White-throated Dipper,56.68919,-2.81564,7.5,Spring,0.1932,111,1
White-throated Dipper,56.82432,-5.75369,7.5,Spring,0.0436,83,2
White-throated Dipper,56.82432,-5.50885,7.5,Spring,0.0677,86,5
White-throated Dipper,56.82432,-5.01918,7.5,Spring,0.116,256,13
White-throated Dipper,56.82432,-4.77434,7.5,Spring,0.1558,30,3
White-throated Dipper,56.82432,-4.28466,7.5,Spring,0.1556,17,1
White-throated Dipper,56.82432,-4.03983,7.5,Spring,0.1308,45,1
White-throated Dipper,56.82432,-3.30531,7.5,Spring,0.1872,111,5
White-throated Dipper,56.82432,-2.81564,7.5,Spring,0.2036,10,2
White-throated Dipper,56.82432,-2.5708,7.5,Spring,0.1674,127,4
White-throated Dipper,56.82432,-2.32596,7.5,Spring,0.0179,78,1
White-throated Dipper,56.95946,-6.24337,7.5,Spring,0.014,108,2
White-throated Dipper,56.95946,-5.75369,7.5,Spring,0.0686,175,2
White-throated Dipper,56.95946,-5.26402,7.5,Spring,0.1313,6,1
White-throated Dipper,56.95946,-5.01918,7.5,Spring,0.1505,46,1
White-throated Dipper,56.95946,-4.5295,7.5,Spring,0.1137,55,3
White-throated Dipper,56.95946,-4.28466,7.5,Spring,0.1236,91,4
White-throated Dipper,56.95946,-4.03983,7.5,Spring,0.1434,3,1
White-throated Dipper,56.95946,-3.79499,7.5,Spring,0.1526,7,1
White-throated Dipper,56.95946,-3.55015,7.5,Spring,0.1765,57,4
White-throated Dipper,56.95946,-3.30531,7.5,Spring,0.1797,107,16
White-throated Dipper,56.95946,-3.06047,7.5,Spring,0.1442,23,3
White-throated Dipper,56.95946,-2.81564,7.5,Spring,0.1822,10,2
White-throated Dipper,56.95946,-2.32596,7.5,Spring,0.1164,74,1
White-throated Dipper,56.95946,-2.08112,7.5,Spring,0.0639,269,3
White-throated Dipper,57.09459,-5.99853,7.5,Spring,0.0102,100,3
White-throated Dipper,57.09459,-4.77434,7.5,Spring,0.1473,114,1
White-throated Dipper,57.09459,-4.5295,7.5,Spring,0.0947,8,1
White-throated Dipper,57.09459,-4.28466,7.5,Spring,0.13,5,1
White-throated Dipper,57.09459,-4.03983,7.5,Spring,0.1293,709,14
White-throated Dipper,57.09459,-3.79499,7.5,Spring,0.1543,375,24
White-throated Dipper,57.09459,-3.55015,7.5,Spring,0.1539,433,8
White-throated Dipper,57.09459,-3.30531,7.5,Spring,0.1498,78,10
White-throated Dipper,57.09459,-3.06047,7.5,Spring,0.1349,69,3
White-throated Dipper,57.09459,-2.81564,7.5,Spring,0.1675,188,4
White-throated Dipper,57.09459,-2.5708,7.5,Spring,0.1979,64,1
White-throated Dipper,57.09459,-2.32596,7.5,Spring,0.1389,89,1
White-throated Dipper,57.09459,-2.08112,7.5,Spring,0.0073,1560,35
White-throated Dipper,57.22973,-6.48821,7.5,Spring,0.0042,23,2
White-throated Dipper,57.22973,-6.24337,7.5,Spring,0.0291,115,6
White-throated Dipper,57.22973,-5.99853,7.5,Spring,0.0169,315,2
White-throated Dipper,57.22973,-5.50885,7.5,Spring,0.0147,128,1
White-throated Dipper,57.22973,-5.26402,7.5,Spring,0.0846,5,1
White-throated Dipper,57.22973,-5.01918,7.5,Spring,0.1309,41,5
White-throated Dipper,57.22973,-4.5295,7.5,Spring,0.1301,45,2
White-throated Dipper,57.22973,-4.03983,7.5,Spring,0.1882,252,31
White-throated Dipper,57.22973,-3.79499,7.5,Spring,0.1372,2240,71
White-throated Dipper,57.22973,-3.55015,7.5,Spring,0.1294,560,160
White-throated Dipper,57.22973,-3.30531,7.5,Spring,0.1654,123,15
White-throated Dipper,57.22973,-2.81564,7.5,Spring,0.1659,24,1
White-throated Dipper,57.22973,-2.32596,7.5,Spring,0.1536,52,4
White-throated Dipper,57.22973,-2.08112,7.5,Spring,0.0223,488,41
White-throated Dipper,57.36486,-6.48821,7.5,Spring,0.0031,77,1
White-throated Dipper,57.36486,-6.24337,7.5,Spring,0.0125,242,1
White-throated Dipper,57.36486,-4.77434,7.5,Spring,0.1261,86,20
White-throated Dipper,57.36486,-4.5295,7.5,Spring,0.0913,272,7
White-throated Dipper,57.36486,-4.28466,7.5,Spring,0.1228,333,5
White-throated Dipper,57.36486,-4.03983,7.5,Spring,0.1367,118,7
White-throated Dipper,57.36486,-3.79499,7.5,Spring,0.1272,407,1
White-throated Dipper,57.36486,-3.55015,7.5,Spring,0.1307,445,58
White-throated Dipper,57.36486,-3.30531,7.5,Spring,0.1509,43,4
White-throated Dipper,57.36486,-3.06047,7.5,Spring,0.1633,5,1
White-throated Dipper,57.36486,-2.81564,7.5,Spring,0.1525,14,2
White-throated Dipper,57.36486,-2.08112,7.5,Spring,0.1155,274,1
White-throated Dipper,57.5,-6.73304,7.5,Spring,0.0058,445,5
White-throated Dipper,57.5,-6.48821,7.5,Spring,0.0059,129,2
White-throated Dipper,57.5,-6.24337,7.5,Spring,0.0165,165,7
White-throated Dipper,57.5,-4.5295,7.5,Spring,0.0515,192,2
White-throated Dipper,57.5,-4.28466,7.5,Spring,0.0119,915,90
White-throated Dipper,57.5,-4.03983,7.5,Spring,0.0579,691,9
White-throated Dipper,57.5,-3.55015,7.5,Spring,0.1081,26,2
White-throated Dipper,57.5,-3.30531,7.5,Spring,0.0937,49,4
White-throated Dipper,57.5,-3.06047,7.5,Spring,0.1225,32,3
White-throated Dipper,57.5,-2.81564,7.5,Spring,0.1133,26,4
White-throated Dipper,57.5,-2.08112,7.5,Spring,0.0952,46,8
White-throated Dipper,57.63514,-6.24337,7.5,Spring,0.0082,360,7
White-throated Dipper,57.63514,-4.77434,7.5,Spring,0.0608,38,6
White-throated Dipper,57.63514,-4.5295,7.5,Spring,0.0379,168,2
White-throated Dipper,57.63514,-4.28466,7.5,Spring,0.0102,160,2
White-throated Dipper,57.63514,-4.03983,7.5,Spring,0.0093,569,7
White-throated Dipper,57.63514,-3.79499,7.5,Spring,0.0267,223,1
White-throated Dipper,57.63514,-3.55015,7.5,Spring,0.009,328,3
White-throated Dipper,57.63514,-3.30531,7.5,Spring,0.041,232,1
White-throated Dipper,57.63514,-3.06047,7.5,Spring,0.0079,167,2
White-throated Dipper,57.77027,-5.75369,7.5,Spring,0.0085,131,1
White-throated Dipper,57.77027,-5.50885,7.5,Spring,0.01,84,2
White-throated Dipper,57.77027,-5.01918,7.5,Spring,0.0285,49,1
White-throated Dipper,57.77027,-3.30531,7.5,Spring,0.0149,165,1
White-throated Dipper,57.90541,-4.5295,7.5,Spring,0.0432,18,1
White-throated Dipper,57.90541,-4.28466,7.5,Spring,0.0097,115,2
White-throated Dipper,58.04054,-6.97788,7.5,Spring,0.0038,23,1
White-throated Dipper,58.04054,-4.5295,7.5,Spring,0.0308,61,5
White-throated Dipper,58.04054,-4.28466,7.5,Spring,0.05,55,2
White-throated Dipper,58.04054,-4.03983,7.5,Spring,0.0822,61,6
White-throated Dipper,58.04054,-3.79499,7.5,Spring,0.0087,75,1
White-throated Dipper,58.17568,-6.48821,7.5,Spring,0.0058,169,5
White-throated Dipper,58.17568,-5.26402,7.5,Spring,0.0082,130,3
White-throated Dipper,58.17568,-5.01918,7.5,Spring,0.0269,28,2
White-throated Dipper,58.17568,-4.03983,7.5,Spring,0.039,8,1
White-throated Dipper,58.31081,-5.01918,7.5,Spring,0.0095,43,1
White-throated Dipper,58.31081,-3.30531,7.5,Spring,0.0032,19,5
White-throated Dipper,58.44595,-3.55015,7.5,Spring,0.008,11,1
White-throated Dipper,58.44595,-3.06047,7.5,Spring,0.0032,87,1
White-throated Dipper,58.58108,-4.77434,7.5,Spring,0.0034,149,1
White-throated Dipper,58.85135,-2.81564,7.5,Spring,0.0021,115,1
White-throated Dipper,54.93243,-5.01918,7.5,Summer,0.0069,74,1
White-throated Dipper,54.93243,-4.28466,7.5,Summer,0.0168,35,1
White-throated Dipper,54.93243,-3.30531,7.5,Summer,0.0035,22,2
White-throated Dipper,55.06757,-5.01918,7.5,Summer,0.0123,12,1
White-throated Dipper,55.06757,-4.5295,7.5,Summer,0.0484,44,2
White-throated Dipper,55.06757,-3.30531,7.5,Summer,0.0709,52,2
White-throated Dipper,55.2027,-4.28466,7.5,Summer,0.1393,23,1
White-throated Dipper,55.2027,-4.03983,7.5,Summer,0.1386,23,8
White-throated Dipper,55.2027,-3.79499,7.5,Summer,0.14,14,1
White-throated Dipper,55.2027,-3.55015,7.5,Summer,0.1304,9,3
White-throated Dipper,55.2027,-3.30531,7.5,Summer,0.1706,58,2
White-throated Dipper,55.2027,-3.06047,7.5,Summer,0.1734,22,2
White-throated Dipper,55.2027,-2.81564,7.5,Summer,0.1675,13,1
White-throated Dipper,55.33784,-5.50885,7.5,Summer,0.0114,14,1
White-throated Dipper,55.33784,-4.28466,7.5,Summer,0.1421,47,6
White-throated Dipper,55.33784,-3.79499,7.5,Summer,0.1411,22,5
White-throated Dipper,55.33784,-3.55015,7.5,Summer,0.1919,45,2
White-throated Dipper,55.33784,-2.5708,7.5,Summer,0.1287,8,1
White-throated Dipper,55.47297,-5.01918,7.5,Summer,0.0215,38,2
White-throated Dipper,55.47297,-4.5295,7.5,Summer,0.0563,794,21
White-throated Dipper,55.47297,-4.28466,7.5,Summer,0.137,34,6
White-throated Dipper,55.47297,-3.79499,7.5,Summer,0.1287,96,6
White-throated Dipper,55.47297,-3.30531,7.5,Summer,0.1378,63,13
White-throated Dipper,55.47297,-2.81564,7.5,Summer,0.14,11,2
White-throated Dipper,55.60811,-5.26402,7.5,Summer,0.0215,104,1
White-throated Dipper,55.60811,-4.77434,7.5,Summer,0.0219,3125,12
White-throated Dipper,55.60811,-4.5295,7.5,Summer,0.0561,27860,3
White-throated Dipper,55.60811,-4.28466,7.5,Summer,0.1399,20,1
White-throated Dipper,55.60811,-4.03983,7.5,Summer,0.1701,5,1
White-throated Dipper,55.60811,-3.79499,7.5,Summer,0.1588,38,11
White-throated Dipper,55.60811,-3.55015,7.5,Summer,0.1744,78,1
White-throated Dipper,55.60811,-3.30531,7.5,Summer,0.1656,49,1
White-throated Dipper,55.60811,-3.06047,7.5,Summer,0.2168,83,2
White-throated Dipper,55.60811,-2.81564,7.5,Summer,0.1123,109,10
White-throated Dipper,55.60811,-2.5708,7.5,Summer,0.1816,41,1
White-throated Dipper,55.60811,-2.32596,7.5,Summer,0.1264,20,1
White-throated Dipper,55.74324,-4.77434,7.5,Summer,0.0388,62,1
White-throated Dipper,55.74324,-4.5295,7.5,Summer,0.074,277,1
White-throated Dipper,55.74324,-4.28466,7.5,Summer,0.1231,507,5
White-throated Dipper,55.74324,-4.03983,7.5,Summer,0.1054,219,8
White-throated Dipper,55.74324,-3.79499,7.5,Summer,0.1465,20,2
White-throated Dipper,55.74324,-3.55015,7.5,Summer,0.1788,24,1
White-throated Dipper,55.74324,-3.06047,7.5,Summer,0.198,133,6
White-throated Dipper,55.74324,-2.81564,7.5,Summer,0.1951,18,3
White-throated Dipper,55.74324,-2.5708,7.5,Summer,0.1991,14,1
White-throated Dipper,55.74324,-2.32596,7.5,Summer,0.1212,10,1
White-throated Dipper,55.74324,-2.08112,7.5,Summer,0.0427,40,1
White-throated Dipper,55.87838,-4.77434,7.5,Summer,0.0277,45,1
White-throated Dipper,55.87838,-4.5295,7.5,Summer,0.0506,292,1
White-throated Dipper,55.87838,-4.28466,7.5,Summer,0.1412,1378,37
White-throated Dipper,55.87838,-3.79499,7.5,Summer,0.1118,42,1
White-throated Dipper,55.87838,-3.55015,7.5,Summer,0.0669,134,2
White-throated Dipper,55.87838,-3.30531,7.5,Summer,0.1265,1184,81
White-throated Dipper,55.87838,-3.06047,7.5,Summer,0.0613,1626,41
White-throated Dipper,55.87838,-2.81564,7.5,Summer,0.157,98,10
White-throated Dipper,55.87838,-2.5708,7.5,Summer,0.1387,109,10
White-throated Dipper,55.87838,-2.32596,7.5,Summer,0.0452,75,1
White-throated Dipper,55.87838,-2.08112,7.5,Summer,0.0029,295,1
White-throated Dipper,56.01351,-5.01918,7.5,Summer,0.0442,85,3
White-throated Dipper,56.01351,-4.5295,7.5,Summer,0.0417,279,1
White-throated Dipper,56.01351,-3.55015,7.5,Summer,0.0098,266,2
White-throated Dipper,56.01351,-3.30531,7.5,Summer,0.021,2181,68
White-throated Dipper,56.01351,-3.06047,7.5,Summer,0.0333,2396,4
White-throated Dipper,56.01351,-2.81564,7.5,Summer,0.011,786,1
White-throated Dipper,56.01351,-2.5708,7.5,Summer,0.0033,613,1
White-throated Dipper,56.14865,-5.26402,7.5,Summer,0.0187,28,1
White-throated Dipper,56.14865,-4.77434,7.5,Summer,0.0336,98,1
White-throated Dipper,56.14865,-4.5295,7.5,Summer,0.06,225,2
White-throated Dipper,56.14865,-4.03983,7.5,Summer,0.1229,349,19
White-throated Dipper,56.14865,-3.79499,7.5,Summer,0.0347,328,7
White-throated Dipper,56.14865,-3.55015,7.5,Summer,0.1053,114,10
White-throated Dipper,56.14865,-3.30531,7.5,Summer,0.0948,405,2
White-throated Dipper,56.14865,-3.06047,7.5,Summer,0.026,158,13
White-throated Dipper,56.28378,-5.26402,7.5,Summer,0.0747,19,2
White-throated Dipper,56.28378,-4.77434,7.5,Summer,0.0743,90,3
White-throated Dipper,56.28378,-4.5295,7.5,Summer,0.0678,49,1
White-throated Dipper,56.28378,-4.28466,7.5,Summer,0.1495,205,6
White-throated Dipper,56.28378,-4.03983,7.5,Summer,0.123,8,1
White-throated Dipper,56.28378,-3.55015,7.5,Summer,0.1296,35,2
White-throated Dipper,56.28378,-3.30531,7.5,Summer,0.0614,90,4
White-throated Dipper,56.28378,-3.06047,7.5,Summer,0.0996,322,14
White-throated Dipper,56.28378,-2.81564,7.5,Summer,0.031,1122,5
White-throated Dipper,56.28378,-2.5708,7.5,Summer,0.0033,524,1
White-throated Dipper,56.41892,-6.24337,7.5,Summer,0.0092,224,1
White-throated Dipper,56.41892,-5.99853,7.5,Summer,0.012,294,2
White-throated Dipper,56.41892,-5.50885,7.5,Summer,0.0041,433,1
White-throated Dipper,56.41892,-4.77434,7.5,Summer,0.0874,64,1
White-throated Dipper,56.41892,-4.5295,7.5,Summer,0.0888,45,1
White-throated Dipper,56.41892,-4.28466,7.5,Summer,0.1441,97,5
White-throated Dipper,56.41892,-4.03983,7.5,Summer,0.1589,50,6
White-throated Dipper,56.41892,-3.79499,7.5,Summer,0.1614,78,4
White-throated Dipper,56.41892,-3.55015,7.5,Summer,0.1183,110,4
White-throated Dipper,56.55405,-5.99853,7.5,Summer,0.0111,274,5
White-throated Dipper,56.55405,-4.28466,7.5,Summer,0.1147,36,5
White-throated Dipper,56.55405,-4.03983,7.5,Summer,0.1139,49,2
White-throated Dipper,56.55405,-3.79499,7.5,Summer,0.166,45,6
White-throated Dipper,56.55405,-3.55015,7.5,Summer,0.1553,287,14
White-throated Dipper,56.55405,-3.30531,7.5,Summer,0.1424,47,7
White-throated Dipper,56.55405,-3.06047,7.5,Summer,0.1088,31,2
White-throated Dipper,56.68919,-5.50885,7.5,Summer,0.0144,44,2
White-throated Dipper,56.68919,-5.01918,7.5,Summer,0.0185,304,3
White-throated Dipper,56.68919,-4.77434,7.5,Summer,0.1005,34,3
White-throated Dipper,56.68919,-4.28466,7.5,Summer,0.1263,18,2
White-throated Dipper,56.68919,-4.03983,7.5,Summer,0.1135,50,1
White-throated Dipper,56.68919,-3.79499,7.5,Summer,0.1206,268,17
White-throated Dipper,56.68919,-3.55015,7.5,Summer,0.1786,12,2
White-throated Dipper,56.68919,-3.06047,7.5,Summer,0.1661,142,6
White-throated Dipper,56.68919,-2.5708,7.5,Summer,0.033,238,1
White-throated Dipper,56.82432,-5.50885,7.5,Summer,0.0301,78,1
White-throated Dipper,56.82432,-5.01918,7.5,Summer,0.0475,276,7
White-throated Dipper,56.82432,-4.77434,7.5,Summer,0.0981,22,1
White-throated Dipper,56.82432,-4.03983,7.5,Summer,0.1156,25,4
White-throated Dipper,56.82432,-3.79499,7.5,Summer,0.1127,56,2
White-throated Dipper,56.82432,-3.30531,7.5,Summer,0.1369,104,2
White-throated Dipper,56.82432,-3.06047,7.5,Summer,0.149,27,3
White-throated Dipper,56.82432,-2.81564,7.5,Summer,0.1598,11,2
White-throated Dipper,56.82432,-2.5708,7.5,Summer,0.1247,78,3
White-throated Dipper,56.95946,-5.75369,7.5,Summer,0.0287,122,1
White-throated Dipper,56.95946,-5.01918,7.5,Summer,0.0776,48,2
White-throated Dipper,56.95946,-4.28466,7.5,Summer,0.1104,75,5
White-throated Dipper,56.95946,-3.55015,7.5,Summer,0.1486,70,7
White-throated Dipper,56.95946,-3.30531,7.5,Summer,0.1554,105,2
White-throated Dipper,56.95946,-2.81564,7.5,Summer,0.1543,64,4
White-throated Dipper,56.95946,-2.32596,7.5,Summer,0.066,53,1
White-throated Dipper,57.09459,-5.26402,7.5,Summer,0.0524,14,1
White-throated Dipper,57.09459,-4.77434,7.5,Summer,0.1152,136,9
White-throated Dipper,57.09459,-4.03983,7.5,Summer,0.0864,526,9
White-throated Dipper,57.09459,-3.79499,7.5,Summer,0.1108,311,11
White-throated Dipper,57.09459,-3.55015,7.5,Summer,0.1347,315,12
White-throated Dipper,57.09459,-3.30531,7.5,Summer,0.1405,90,17
White-throated Dipper,57.09459,-3.06047,7.5,Summer,0.1076,80,3
White-throated Dipper,57.09459,-2.81564,7.5,Summer,0.117,84,2
White-throated Dipper,57.09459,-2.5708,7.5,Summer,0.167,32,2
White-throated Dipper,57.09459,-2.32596,7.5,Summer,0.1062,68,3
White-throated Dipper,57.09459,-2.08112,7.5,Summer,0.005,1194,7
White-throated Dipper,57.22973,-6.24337,7.5,Summer,0.0129,148,6
White-throated Dipper,57.22973,-5.99853,7.5,Summer,0.0087,364,3
White-throated Dipper,57.22973,-5.50885,7.5,Summer,0.0095,171,1
White-throated Dipper,57.22973,-5.01918,7.5,Summer,0.0853,28,5
White-throated Dipper,57.22973,-4.77434,7.5,Summer,0.0963,35,1
White-throated Dipper,57.22973,-4.5295,7.5,Summer,0.0968,77,5
White-throated Dipper,57.22973,-4.03983,7.5,Summer,0.1309,133,24
White-throated Dipper,57.22973,-3.79499,7.5,Summer,0.0959,1932,23
White-throated Dipper,57.22973,-3.55015,7.5,Summer,0.0847,441,54
White-throated Dipper,57.22973,-3.30531,7.5,Summer,0.1216,128,15
White-throated Dipper,57.22973,-2.81564,7.5,Summer,0.1074,22,1
White-throated Dipper,57.22973,-2.5708,7.5,Summer,0.1731,23,1
White-throated Dipper,57.22973,-2.32596,7.5,Summer,0.1141,9,1
White-throated Dipper,57.22973,-2.08112,7.5,Summer,0.0145,267,11
White-throated Dipper,57.36486,-6.24337,7.5,Summer,0.0074,292,2
White-throated Dipper,57.36486,-5.75369,7.5,Summer,0.009,65,1
White-throated Dipper,57.36486,-4.77434,7.5,Summer,0.0899,58,7
White-throated Dipper,57.36486,-4.5295,7.5,Summer,0.0731,222,9
White-throated Dipper,57.36486,-4.28466,7.5,Summer,0.0855,264,3
White-throated Dipper,57.36486,-4.03983,7.5,Summer,0.0918,86,3
White-throated Dipper,57.36486,-3.79499,7.5,Summer,0.101,308,4
White-throated Dipper,57.36486,-3.55015,7.5,Summer,0.1019,381,56
White-throated Dipper,57.36486,-3.30531,7.5,Summer,0.1184,71,3
White-throated Dipper,57.36486,-2.5708,7.5,Summer,0.1098,84,11
White-throated Dipper,57.36486,-2.08112,7.5,Summer,0.0679,330,1
White-throated Dipper,57.36486,-1.83628,7.5,Summer,0.0047,74,1
White-throated Dipper,57.5,-6.73304,7.5,Summer,0.0055,402,6
White-throated Dipper,57.5,-6.48821,7.5,Summer,0.0042,157,1
White-throated Dipper,57.5,-6.24337,7.5,Summer,0.0098,189,2
White-throated Dipper,57.5,-5.75369,7.5,Summer,0.0131,62,2
White-throated Dipper,57.5,-5.50885,7.5,Summer,0.0114,59,1
White-throated Dipper,57.5,-5.26402,7.5,Summer,0.0211,15,1
White-throated Dipper,57.5,-4.77434,7.5,Summer,0.0632,6,1
White-throated Dipper,57.5,-4.5295,7.5,Summer,0.037,186,1
White-throated Dipper,57.5,-4.28466,7.5,Summer,0.0099,814,61
White-throated Dipper,57.5,-4.03983,7.5,Summer,0.029,626,3
White-throated Dipper,57.5,-3.79499,7.5,Summer,0.0675,60,10
White-throated Dipper,57.5,-3.55015,7.5,Summer,0.0869,9,3
White-throated Dipper,57.5,-3.30531,7.5,Summer,0.0677,48,1
White-throated Dipper,57.5,-2.81564,7.5,Summer,0.0702,19,1
White-throated Dipper,57.63514,-6.48821,7.5,Summer,0.0038,167,1
White-throated Dipper,57.63514,-6.24337,7.5,Summer,0.0073,443,3
White-throated Dipper,57.63514,-5.50885,7.5,Summer,0.0099,49,1
White-throated Dipper,57.63514,-5.26402,7.5,Summer,0.0151,100,1
White-throated Dipper,57.63514,-4.77434,7.5,Summer,0.0449,32,1
White-throated Dipper,57.63514,-4.5295,7.5,Summer,0.0301,173,4
White-throated Dipper,57.63514,-4.28466,7.5,Summer,0.012,189,12
White-throated Dipper,57.63514,-4.03983,7.5,Summer,0.0114,742,9
White-throated Dipper,57.63514,-3.79499,7.5,Summer,0.0172,187,3
White-throated Dipper,57.63514,-3.55015,7.5,Summer,0.0084,190,2
White-throated Dipper,57.63514,-2.32596,7.5,Summer,0.0047,124,6
White-throated Dipper,57.77027,-5.75369,7.5,Summer,0.0059,159,2
White-throated Dipper,57.77027,-5.50885,7.5,Summer,0.0074,82,1
White-throated Dipper,57.90541,-4.77434,7.5,Summer,0.028,11,3
White-throated Dipper,57.90541,-4.5295,7.5,Summer,0.0286,28,2
White-throated Dipper,57.90541,-4.03983,7.5,Summer,0.0083,246,2
White-throated Dipper,58.04054,-6.97788,7.5,Summer,0.0048,28,2
White-throated Dipper,58.04054,-6.48821,7.5,Summer,0.005,51,3
White-throated Dipper,58.04054,-5.01918,7.5,Summer,0.0175,24,1
White-throated Dipper,58.17568,-6.73304,7.5,Summer,0.0037,84,1
White-throated Dipper,58.17568,-6.48821,7.5,Summer,0.0051,142,7
White-throated Dipper,58.17568,-5.26402,7.5,Summer,0.0059,123,2
White-throated Dipper,58.17568,-5.01918,7.5,Summer,0.0211,52,6
White-throated Dipper,58.17568,-3.55015,7.5,Summer,0.0074,44,1
White-throated Dipper,58.31081,-3.55015,7.5,Summer,0.0068,4,2
White-throated Dipper,58.31081,-3.30531,7.5,Summer,0.0031,52,2
White-throated Dipper,58.44595,-4.28466,7.5,Summer,0.0078,27,1
White-throated Dipper,58.58108,-4.77434,7.5,Summer,0.0037,110,2
White-throated Dipper,54.93243,-4.28466,7.5,Winter,0.0175,45,3
White-throated Dipper,54.93243,-3.30531,7.5,Winter,0.0048,29,1
White-throated Dipper,55.06757,-3.55015,7.5,Winter,0.0383,173,1
White-throated Dipper,55.2027,-4.03983,7.5,Winter,0.1555,7,1
White-throated Dipper,55.2027,-3.79499,7.5,Winter,0.1623,8,1
White-throated Dipper,55.2027,-3.06047,7.5,Winter,0.2274,5,1
White-throated Dipper,55.2027,-2.81564,7.5,Winter,0.2299,6,3
White-throated Dipper,55.33784,-5.75369,7.5,Winter,0.0117,5,1
White-throated Dipper,55.33784,-3.79499,7.5,Winter,0.1989,21,3
White-throated Dipper,55.33784,-3.55015,7.5,Winter,0.2231,23,3
White-throated Dipper,55.47297,-4.77434,7.5,Winter,0.0799,596,1
White-throated Dipper,55.47297,-4.5295,7.5,Winter,0.0753,1316,27
White-throated Dipper,55.47297,-4.28466,7.5,Winter,0.1665,31,2
White-throated Dipper,55.47297,-3.79499,7.5,Winter,0.1937,63,13
White-throated Dipper,55.47297,-3.55015,7.5,Winter,0.1864,34,3
White-throated Dipper,55.47297,-3.30531,7.5,Winter,0.2166,14,4
White-throated Dipper,55.47297,-2.81564,7.5,Winter,0.2445,75,37
White-throated Dipper,55.47297,-2.5708,7.5,Winter,0.2293,52,3
White-throated Dipper,55.60811,-5.26402,7.5,Winter,0.0542,26,1
White-throated Dipper,55.60811,-4.77434,7.5,Winter,0.0373,4222,8
White-throated Dipper,55.60811,-4.5295,7.5,Winter,0.0513,17240,4
White-throated Dipper,55.60811,-3.79499,7.5,Winter,0.2067,26,2
White-throated Dipper,55.60811,-3.30531,7.5,Winter,0.2164,25,5
White-throated Dipper,55.60811,-3.06047,7.5,Winter,0.2635,23,3
White-throated Dipper,55.60811,-2.81564,7.5,Winter,0.1718,95,13
White-throated Dipper,55.60811,-2.5708,7.5,Winter,0.2383,20,2
White-throated Dipper,55.60811,-2.32596,7.5,Winter,0.1558,53,2
White-throated Dipper,55.74324,-6.24337,7.5,Winter,0.0095,265,3
White-throated Dipper,55.74324,-5.26402,7.5,Winter,0.0295,9,3
White-throated Dipper,55.74324,-4.77434,7.5,Winter,0.0976,99,1
White-throated Dipper,55.74324,-4.5295,7.5,Winter,0.1005,329,15
White-throated Dipper,55.74324,-4.28466,7.5,Winter,0.1447,631,16
White-throated Dipper,55.74324,-4.03983,7.5,Winter,0.1191,253,4
White-throated Dipper,55.74324,-3.79499,7.5,Winter,0.1728,44,5
White-throated Dipper,55.74324,-3.55015,7.5,Winter,0.1993,34,1
White-throated Dipper,55.74324,-3.30531,7.5,Winter,0.1987,43,4
White-throated Dipper,55.74324,-3.06047,7.5,Winter,0.2445,248,12
White-throated Dipper,55.74324,-2.81564,7.5,Winter,0.2274,26,2
White-throated Dipper,55.74324,-2.08112,7.5,Winter,0.078,13,1
White-throated Dipper,55.87838,-4.77434,7.5,Winter,0.0719,20,1
White-throated Dipper,55.87838,-4.5295,7.5,Winter,0.0902,384,5
White-throated Dipper,55.87838,-4.28466,7.5,Winter,0.1796,1701,85
White-throated Dipper,55.87838,-4.03983,7.5,Winter,0.0502,209,2
White-throated Dipper,55.87838,-3.79499,7.5,Winter,0.1539,88,2
White-throated Dipper,55.87838,-3.55015,7.5,Winter,0.0803,227,9
White-throated Dipper,55.87838,-3.30531,7.5,Winter,0.162,1796,145
White-throated Dipper,55.87838,-3.06047,7.5,Winter,0.0882,1773,72
White-throated Dipper,55.87838,-2.81564,7.5,Winter,0.2002,163,10
White-throated Dipper,55.87838,-2.5708,7.5,Winter,0.1835,32,4
White-throated Dipper,55.87838,-2.32596,7.5,Winter,0.0882,71,4
White-throated Dipper,56.01351,-5.01918,7.5,Winter,0.0961,105,16
White-throated Dipper,56.01351,-4.77434,7.5,Winter,0.0083,80,1
White-throated Dipper,56.01351,-4.28466,7.5,Winter,0.1663,55,3
White-throated Dipper,56.01351,-4.03983,7.5,Winter,0.1485,24,1
White-throated Dipper,56.01351,-3.79499,7.5,Winter,0.0559,358,10
White-throated Dipper,56.01351,-3.55015,7.5,Winter,0.0385,507,4
White-throated Dipper,56.01351,-3.30531,7.5,Winter,0.0502,2000,103
White-throated Dipper,56.01351,-3.06047,7.5,Winter,0.071,1585,21
White-throated Dipper,56.01351,-2.81564,7.5,Winter,0.0212,874,12
White-throated Dipper,56.01351,-2.5708,7.5,Winter,0.0108,643,12
White-throated Dipper,56.14865,-5.01918,7.5,Winter,0.0841,7,1
White-throated Dipper,56.14865,-4.77434,7.5,Winter,0.0731,38,2
White-throated Dipper,56.14865,-4.5295,7.5,Winter,0.0956,46,1
White-throated Dipper,56.14865,-4.03983,7.5,Winter,0.1842,363,68
White-throated Dipper,56.14865,-3.79499,7.5,Winter,0.0808,490,30
White-throated Dipper,56.14865,-3.55015,7.5,Winter,0.1651,196,20
White-throated Dipper,56.14865,-3.30531,7.5,Winter,0.1435,535,13
White-throated Dipper,56.14865,-3.06047,7.5,Winter,0.0647,302,9
White-throated Dipper,56.28378,-5.50885,7.5,Winter,0.026,14,1
White-throated Dipper,56.28378,-4.77434,7.5,Winter,0.154,19,3
White-throated Dipper,56.28378,-4.28466,7.5,Winter,0.2065,56,4
White-throated Dipper,56.28378,-3.30531,7.5,Winter,0.0944,81,1
White-throated Dipper,56.28378,-3.06047,7.5,Winter,0.1394,327,18
White-throated Dipper,56.28378,-2.81564,7.5,Winter,0.0575,1177,31
White-throated Dipper,56.28378,-2.5708,7.5,Winter,0.0101,333,6
White-throated Dipper,56.41892,-5.75369,7.5,Winter,0.0229,18,1
White-throated Dipper,56.41892,-4.28466,7.5,Winter,0.2044,48,9
White-throated Dipper,56.41892,-4.03983,7.5,Winter,0.2196,50,5
White-throated Dipper,56.41892,-3.79499,7.5,Winter,0.2153,27,5
White-throated Dipper,56.41892,-3.55015,7.5,Winter,0.1651,90,1
White-throated Dipper,56.41892,-3.30531,7.5,Winter,0.0993,176,3
White-throated Dipper,56.41892,-2.81564,7.5,Winter,0.0073,524,1
White-throated Dipper,56.55405,-6.24337,7.5,Winter,0.0258,25,1
White-throated Dipper,56.55405,-4.77434,7.5,Winter,0.1627,11,6
White-throated Dipper,56.55405,-4.28466,7.5,Winter,0.1401,36,1
White-throated Dipper,56.55405,-4.03983,7.5,Winter,0.1723,14,1
White-throated Dipper,56.55405,-3.79499,7.5,Winter,0.2151,15,1
White-throated Dipper,56.55405,-3.55015,7.5,Winter,0.1941,81,7
White-throated Dipper,56.55405,-3.30531,7.5,Winter,0.174,24,4
White-throated Dipper,56.55405,-3.06047,7.5,Winter,0.1445,29,2
White-throated Dipper,56.55405,-2.5708,7.5,Winter,0.0318,56,2
White-throated Dipper,56.68919,-5.75369,7.5,Winter,0.0277,16,3
White-throated Dipper,56.68919,-5.50885,7.5,Winter,0.0391,9,3
White-throated Dipper,56.68919,-4.28466,7.5,Winter,0.1625,4,1
White-throated Dipper,56.68919,-3.79499,7.5,Winter,0.1975,70,8
White-throated Dipper,56.68919,-3.55015,7.5,Winter,0.224,11,2
White-throated Dipper,56.68919,-3.30531,7.5,Winter,0.1961,15,1
White-throated Dipper,56.68919,-3.06047,7.5,Winter,0.2217,60,3
White-throated Dipper,56.82432,-5.75369,7.5,Winter,0.0487,29,1
White-throated Dipper,56.82432,-5.01918,7.5,Winter,0.1162,42,3
White-throated Dipper,56.82432,-4.77434,7.5,Winter,0.1665,7,3
White-throated Dipper,56.82432,-3.79499,7.5,Winter,0.1425,7,1
White-throated Dipper,56.82432,-3.30531,7.5,Winter,0.1965,48,2
White-throated Dipper,56.82432,-2.81564,7.5,Winter,0.2229,7,2
White-throated Dipper,56.82432,-2.32596,7.5,Winter,0.0278,83,1
White-throated Dipper,56.95946,-6.24337,7.5,Winter,0.0304,45,5
White-throated Dipper,56.95946,-5.26402,7.5,Winter,0.1329,1,1
White-throated Dipper,56.95946,-4.5295,7.5,Winter,0.1268,15,1
White-throated Dipper,56.95946,-3.55015,7.5,Winter,0.1874,11,2
White-throated Dipper,56.95946,-3.30531,7.5,Winter,0.198,33,14
White-throated Dipper,56.95946,-3.06047,7.5,Winter,0.1709,4,3
White-throated Dipper,57.09459,-4.03983,7.5,Winter,0.1609,301,10
White-throated Dipper,57.09459,-3.79499,7.5,Winter,0.1735,97,6
White-throated Dipper,57.09459,-3.55015,7.5,Winter,0.168,126,1
White-throated Dipper,57.09459,-3.30531,7.5,Winter,0.1699,25,4
White-throated Dipper,57.09459,-3.06047,7.5,Winter,0.1693,15,4
White-throated Dipper,57.09459,-2.81564,7.5,Winter,0.1823,32,2
White-throated Dipper,57.09459,-2.5708,7.5,Winter,0.2158,33,1
White-throated Dipper,57.09459,-2.08112,7.5,Winter,0.011,1022,23
White-throated Dipper,57.22973,-5.01918,7.5,Winter,0.1338,3,2
White-throated Dipper,57.22973,-4.5295,7.5,Winter,0.134,11,2
White-throated Dipper,57.22973,-4.03983,7.5,Winter,0.2026,69,18
White-throated Dipper,57.22973,-3.79499,7.5,Winter,0.1545,583,19
White-throated Dipper,57.22973,-3.55015,7.5,Winter,0.1409,232,39
White-throated Dipper,57.22973,-3.30531,7.5,Winter,0.1744,38,1
White-throated Dipper,57.22973,-3.06047,7.5,Winter,0.1766,1,1
White-throated Dipper,57.22973,-2.5708,7.5,Winter,0.2241,31,5
White-throated Dipper,57.22973,-2.32596,7.5,Winter,0.1565,26,2
White-throated Dipper,57.22973,-2.08112,7.5,Winter,0.0305,305,47
White-throated Dipper,57.36486,-6.24337,7.5,Winter,0.0124,51,1
White-throated Dipper,57.36486,-4.5295,7.5,Winter,0.093,125,3
White-throated Dipper,57.36486,-4.28466,7.5,Winter,0.1398,66,2
White-throated Dipper,57.36486,-4.03983,7.5,Winter,0.144,35,2
White-throated Dipper,57.36486,-3.79499,7.5,Winter,0.1335,79,1
White-throated Dipper,57.36486,-3.55015,7.5,Winter,0.1275,228,19
White-throated Dipper,57.36486,-3.30531,7.5,Winter,0.1487,32,6
White-throated Dipper,57.36486,-3.06047,7.5,Winter,0.1734,2,1
White-throated Dipper,57.36486,-2.5708,7.5,Winter,0.1643,67,17
White-throated Dipper,57.36486,-2.08112,7.5,Winter,0.1254,95,1
White-throated Dipper,57.5,-6.73304,7.5,Winter,0.0226,244,15
White-throated Dipper,57.5,-6.48821,7.5,Winter,0.0142,32,2
White-throated Dipper,57.5,-6.24337,7.5,Winter,0.0205,24,2
White-throated Dipper,57.5,-5.75369,7.5,Winter,0.023,7,2
White-throated Dipper,57.5,-4.28466,7.5,Winter,0.013,622,34
White-throated Dipper,57.5,-4.03983,7.5,Winter,0.0562,511,4
White-throated Dipper,57.5,-2.08112,7.5,Winter,0.0887,30,2
White-throated Dipper,57.63514,-6.24337,7.5,Winter,0.0209,95,21
White-throated Dipper,57.63514,-4.77434,7.5,Winter,0.0647,7,2
White-throated Dipper,57.63514,-4.28466,7.5,Winter,0.0229,56,2
White-throated Dipper,57.63514,-4.03983,7.5,Winter,0.0217,354,2
White-throated Dipper,57.63514,-3.79499,7.5,Winter,0.0231,297,10
White-throated Dipper,57.63514,-3.55015,7.5,Winter,0.0091,318,8
White-throated Dipper,57.63514,-3.30531,7.5,Winter,0.037,341,1
White-throated Dipper,57.77027,-5.75369,7.5,Winter,0.0091,31,1
White-throated Dipper,57.90541,-6.97788,7.5,Winter,0.0069,8,2
White-throated Dipper,57.90541,-5.50885,7.5,Winter,0.0113,41,1
White-throated Dipper,57.90541,-5.26402,7.5,Winter,0.0096,35,2
White-throated Dipper,57.90541,-4.5295,7.5,Winter,0.0549,10,1
White-throated Dipper,58.04054,-6.48821,7.5,Winter,0.0078,8,1
White-throated Dipper,58.04054,-4.5295,7.5,Winter,0.0263,9,1
White-throated Dipper,58.04054,-4.03983,7.5,Winter,0.0522,10,1
White-throated Dipper,60.33784,-1.34661,7.5,Winter,0.0016,23,1
Willow Warbler,54.7973,-5.01918,7.5,Autumn,0.0267,38,2
Willow Warbler,54.7973,-4.5295,7.5,Autumn,0.0249,46,1
Willow Warbler,54.93243,-3.79499,7.5,Autumn,0.0306,92,17
Willow Warbler,54.93243,-3.55015,7.5,Autumn,0.0338,239,13
Willow Warbler,54.93243,-3.30531,7.5,Autumn,0.0288,26,1
Willow Warbler,54.93243,-3.06047,7.5,Autumn,0.031,46,3
Willow Warbler,55.06757,-4.77434,7.5,Autumn,0.0272,7,1
Willow Warbler,55.06757,-4.03983,7.5,Autumn,0.0293,42,5
Willow Warbler,55.06757,-3.79499,7.5,Autumn,0.0259,21,1
Willow Warbler,55.2027,-3.79499,7.5,Autumn,0.0294,13,1
Willow Warbler,55.2027,-3.30531,7.5,Autumn,0.0278,21,2
Willow Warbler,55.33784,-4.77434,7.5,Autumn,0.032,125,2
Willow Warbler,55.33784,-4.28466,7.5,Autumn,0.0268,22,1
Willow Warbler,55.47297,-5.01918,7.5,Autumn,0.0315,41,3
Willow Warbler,55.47297,-4.77434,7.5,Autumn,0.0341,581,1
Willow Warbler,55.47297,-4.5295,7.5,Autumn,0.029,1154,15
Willow Warbler,55.47297,-4.28466,7.5,Autumn,0.0283,12,1
Willow Warbler,55.47297,-3.55015,7.5,Autumn,0.0282,23,2
Willow Warbler,55.47297,-3.30531,7.5,Autumn,0.0287,22,2
Willow Warbler,55.47297,-2.5708,7.5,Autumn,0.0274,31,1
Willow Warbler,55.60811,-6.24337,7.5,Autumn,0.0211,96,2
Willow Warbler,55.60811,-5.26402,7.5,Autumn,0.027,81,3
Willow Warbler,55.60811,-4.77434,7.5,Autumn,0.0376,3758,39
Willow Warbler,55.60811,-4.5295,7.5,Autumn,0.0228,21393,237
Willow Warbler,55.60811,-4.28466,7.5,Autumn,0.0249,7,1
Willow Warbler,55.60811,-3.30531,7.5,Autumn,0.0262,58,2
Willow Warbler,55.74324,-4.5295,7.5,Autumn,0.0214,278,6
Willow Warbler,55.74324,-4.28466,7.5,Autumn,0.0207,566,2
Willow Warbler,55.74324,-4.03983,7.5,Autumn,0.0213,208,2
Willow Warbler,55.74324,-3.30531,7.5,Autumn,0.0227,26,1
Willow Warbler,55.74324,-3.06047,7.5,Autumn,0.0255,165,4
Willow Warbler,55.87838,-5.26402,7.5,Autumn,0.0241,14,1
Willow Warbler,55.87838,-5.01918,7.5,Autumn,0.0208,16,1
Willow Warbler,55.87838,-4.5295,7.5,Autumn,0.0225,297,3
Willow Warbler,55.87838,-4.28466,7.5,Autumn,0.0184,1614,3
Willow Warbler,55.87838,-4.03983,7.5,Autumn,0.0196,110,1
Willow Warbler,55.87838,-3.55015,7.5,Autumn,0.0199,74,1
Willow Warbler,55.87838,-3.30531,7.5,Autumn,0.0217,892,3
Willow Warbler,55.87838,-3.06047,7.5,Autumn,0.0235,1429,26
Willow Warbler,55.87838,-2.32596,7.5,Autumn,0.0358,105,18
Willow Warbler,55.87838,-2.08112,7.5,Autumn,0.0305,169,10
Willow Warbler,56.01351,-5.50885,7.5,Autumn,0.0208,48,1
Willow Warbler,56.01351,-4.77434,7.5,Autumn,0.0208,77,2
Willow Warbler,56.01351,-4.5295,7.5,Autumn,0.0213,132,1
Willow Warbler,56.01351,-3.79499,7.5,Autumn,0.0236,285,6
Willow Warbler,56.01351,-3.55015,7.5,Autumn,0.0227,300,3
Willow Warbler,56.01351,-3.30531,7.5,Autumn,0.0225,1675,14
Willow Warbler,56.01351,-3.06047,7.5,Autumn,0.024,1856,17
Willow Warbler,56.01351,-2.81564,7.5,Autumn,0.024,652,2
Willow Warbler,56.01351,-2.5708,7.5,Autumn,0.0318,447,9
Willow Warbler,56.01351,-2.32596,7.5,Autumn,0.0406,379,33
Willow Warbler,56.14865,-4.5295,7.5,Autumn,0.0222,103,2
Willow Warbler,56.14865,-4.03983,7.5,Autumn,0.0221,176,7
Willow Warbler,56.14865,-3.79499,7.5,Autumn,0.0243,274,12
Willow Warbler,56.14865,-3.55015,7.5,Autumn,0.0228,52,1
Willow Warbler,56.14865,-3.30531,7.5,Autumn,0.0227,374,2
Willow Warbler,56.14865,-2.5708,7.5,Autumn,0.0343,22,6
Willow Warbler,56.28378,-6.48821,7.5,Autumn,0.0216,55,4
Willow Warbler,56.28378,-4.5295,7.5,Autumn,0.0269,7,1
Willow Warbler,56.28378,-4.03983,7.5,Autumn,0.0226,18,1
Willow Warbler,56.28378,-3.30531,7.5,Autumn,0.0238,77,3
Willow Warbler,56.28378,-3.06047,7.5,Autumn,0.0264,309,8
Willow Warbler,56.28378,-2.81564,7.5,Autumn,0.026,885,12
Willow Warbler,56.28378,-2.5708,7.5,Autumn,0.0276,604,28
Willow Warbler,56.41892,-5.50885,7.5,Autumn,0.0195,147,1
Willow Warbler,56.41892,-5.26402,7.5,Autumn,0.0224,5,1
Willow Warbler,56.41892,-5.01918,7.5,Autumn,0.0229,16,2
Willow Warbler,56.41892,-4.28466,7.5,Autumn,0.0347,69,3
Willow Warbler,56.41892,-4.03983,7.5,Autumn,0.0321,23,1
Willow Warbler,56.41892,-3.55015,7.5,Autumn,0.0234,96,1
Willow Warbler,56.41892,-3.30531,7.5,Autumn,0.0238,131,2
Willow Warbler,56.41892,-3.06047,7.5,Autumn,0.024,363,4
Willow Warbler,56.41892,-2.81564,7.5,Autumn,0.0242,548,5
Willow Warbler,56.55405,-5.75369,7.5,Autumn,0.0196,70,2
Willow Warbler,56.55405,-4.03983,7.5,Autumn,0.0325,32,3
Willow Warbler,56.55405,-3.55015,7.5,Autumn,0.0234,128,3
Willow Warbler,56.55405,-3.06047,7.5,Autumn,0.0264,12,1
Willow Warbler,56.55405,-2.5708,7.5,Autumn,0.031,60,2
Willow Warbler,56.68919,-5.99853,7.5,Autumn,0.0196,45,1
Willow Warbler,56.68919,-5.01918,7.5,Autumn,0.0232,142,2
Willow Warbler,56.68919,-3.79499,7.5,Autumn,0.0285,146,2
Willow Warbler,56.68919,-3.06047,7.5,Autumn,0.03,95,16
Willow Warbler,56.68919,-2.81564,7.5,Autumn,0.0285,37,3
Willow Warbler,56.68919,-2.5708,7.5,Autumn,0.0349,265,6
Willow Warbler,56.68919,-2.32596,7.5,Autumn,0.0373,26,2
Willow Warbler,56.82432,-5.50885,7.5,Autumn,0.0203,63,3
Willow Warbler,56.82432,-2.5708,7.5,Autumn,0.0355,79,1
Willow Warbler,56.82432,-2.32596,7.5,Autumn,0.0337,51,3
Willow Warbler,56.95946,-7.46756,7.5,Autumn,0.0205,26,1
Willow Warbler,56.95946,-4.28466,7.5,Autumn,0.0213,18,1
Willow Warbler,56.95946,-2.5708,7.5,Autumn,0.0334,12,1
Willow Warbler,56.95946,-2.08112,7.5,Autumn,0.029,92,5
Willow Warbler,57.09459,-4.77434,7.5,Autumn,0.0266,37,2
Willow Warbler,57.09459,-4.03983,7.5,Autumn,0.0227,242,4
Willow Warbler,57.09459,-3.79499,7.5,Autumn,0.0212,105,1
Willow Warbler,57.09459,-3.06047,7.5,Autumn,0.0247,41,1
Willow Warbler,57.09459,-2.81564,7.5,Autumn,0.028,64,1
Willow Warbler,57.09459,-2.32596,7.5,Autumn,0.0264,56,2
Willow Warbler,57.09459,-2.08112,7.5,Autumn,0.0233,1071,12
Willow Warbler,57.22973,-5.99853,7.5,Autumn,0.0182,170,2
Willow Warbler,57.22973,-5.50885,7.5,Autumn,0.0199,94,1
Willow Warbler,57.22973,-3.79499,7.5,Autumn,0.0249,655,4
Willow Warbler,57.22973,-3.55015,7.5,Autumn,0.0215,169,4
Willow Warbler,57.22973,-2.81564,7.5,Autumn,0.0296,21,3
Willow Warbler,57.22973,-2.08112,7.5,Autumn,0.022,282,2
Willow Warbler,57.36486,-5.50885,7.5,Autumn,0.0177,30,2
Willow Warbler,57.36486,-4.77434,7.5,Autumn,0.0226,26,1
Willow Warbler,57.36486,-4.5295,7.5,Autumn,0.0203,158,2
Willow Warbler,57.36486,-3.55015,7.5,Autumn,0.0222,167,3
Willow Warbler,57.36486,-2.81564,7.5,Autumn,0.0317,4,1
Willow Warbler,57.36486,-2.5708,7.5,Autumn,0.0372,46,3
Willow Warbler,57.36486,-1.83628,7.5,Autumn,0.0377,66,3
Willow Warbler,57.5,-6.73304,7.5,Autumn,0.0176,244,1
Willow Warbler,57.5,-4.28466,7.5,Autumn,0.0216,562,10
Willow Warbler,57.5,-4.03983,7.5,Autumn,0.0218,423,9
Willow Warbler,57.5,-3.55015,7.5,Autumn,0.0211,12,1
Willow Warbler,57.5,-1.83628,7.5,Autumn,0.0368,45,3
Willow Warbler,57.63514,-7.46756,7.5,Autumn,0.0218,72,1
Willow Warbler,57.63514,-7.22272,7.5,Autumn,0.0185,32,1
Willow Warbler,57.63514,-4.28466,7.5,Autumn,0.0201,93,2
Willow Warbler,57.63514,-4.03983,7.5,Autumn,0.0208,581,9
Willow Warbler,57.63514,-3.55015,7.5,Autumn,0.0217,283,2
Willow Warbler,57.63514,-3.30531,7.5,Autumn,0.0226,151,2
Willow Warbler,57.63514,-3.06047,7.5,Autumn,0.0229,109,2
Willow Warbler,57.63514,-1.83628,7.5,Autumn,0.0388,165,8
Willow Warbler,57.77027,-7.22272,7.5,Autumn,0.0197,18,1
Willow Warbler,57.77027,-4.03983,7.5,Autumn,0.0223,104,1
Willow Warbler,57.77027,-3.79499,7.5,Autumn,0.0228,172,2
Willow Warbler,57.90541,-5.26402,7.5,Autumn,0.0188,101,2
Willow Warbler,57.90541,-3.79499,7.5,Autumn,0.0239,76,8
Willow Warbler,58.17568,-6.97788,7.5,Autumn,0.0213,67,1
Willow Warbler,58.44595,-6.24337,7.5,Autumn,0.0202,109,2
Willow Warbler,58.44595,-3.06047,7.5,Autumn,0.021,54,1
Willow Warbler,58.58108,-3.30531,7.5,Autumn,0.0219,53,2
Willow Warbler,58.58108,-3.06047,7.5,Autumn,0.0201,95,1
Willow Warbler,58.85135,-3.06047,7.5,Autumn,0.0227,54,1
Willow Warbler,58.98649,-2.81564,7.5,Autumn,0.0215,98,2
Willow Warbler,59.12162,-3.30531,7.5,Autumn,0.0386,100,1
Willow Warbler,59.12162,-2.5708,7.5,Autumn,0.0414,41,6
Willow Warbler,59.39189,-2.32596,7.5,Autumn,0.0477,327,43
Willow Warbler,59.52703,-1.59145,7.5,Autumn,0.0923,323,124
Willow Warbler,59.7973,-1.34661,7.5,Autumn,0.0624,168,7
Willow Warbler,59.93243,-1.34661,7.5,Autumn,0.0574,2628,239
Willow Warbler,59.93243,-1.10177,7.5,Autumn,0.0587,77,3
Willow Warbler,60.06757,-1.34661,7.5,Autumn,0.0752,907,76
Willow Warbler,60.06757,-1.10177,7.5,Autumn,0.0518,253,11
Willow Warbler,60.2027,-1.59145,7.5,Autumn,0.0675,63,12
Willow Warbler,60.2027,-1.34661,7.5,Autumn,0.0692,500,14
Willow Warbler,60.2027,-1.10177,7.5,Autumn,0.0326,824,38
Willow Warbler,60.33784,-1.59145,7.5,Autumn,0.0466,107,5
Willow Warbler,60.33784,-1.34661,7.5,Autumn,0.0681,397,18
Willow Warbler,60.33784,-1.10177,7.5,Autumn,0.085,219,18
Willow Warbler,60.33784,-0.85693,7.5,Autumn,0.081,31,1
Willow Warbler,60.47297,-1.59145,7.5,Autumn,0.0714,176,4
Willow Warbler,60.47297,-1.34661,7.5,Autumn,0.0676,240,18
Willow Warbler,60.47297,-1.10177,7.5,Autumn,0.0729,149,5
Willow Warbler,60.47297,-0.85693,7.5,Autumn,0.1202,36,11
Willow Warbler,60.60811,-1.34661,7.5,Autumn,0.0704,63,3
Willow Warbler,60.60811,-1.10177,7.5,Autumn,0.0853,106,4
Willow Warbler,60.60811,-0.85693,7.5,Autumn,0.1105,32,4
Willow Warbler,60.74324,-0.85693,7.5,Autumn,0.1096,798,90
Willow Warbler,60.87838,-0.85693,7.5,Autumn,0.09,125,14
Willow Warbler,54.66216,-5.01918,7.5,Spring,0.2228,17,7
Willow Warbler,54.66216,-4.77434,7.5,Spring,0.2973,75,6
Willow Warbler,54.66216,-4.28466,7.5,Spring,0.3376,9,1
Willow Warbler,54.7973,-5.01918,7.5,Spring,0.3355,84,26
Willow Warbler,54.7973,-4.77434,7.5,Spring,0.381,11,1
Willow Warbler,54.7973,-4.5295,7.5,Spring,0.3846,51,12
Willow Warbler,54.7973,-4.28466,7.5,Spring,0.3968,23,6
Willow Warbler,54.7973,-4.03983,7.5,Spring,0.3658,114,24
Willow Warbler,54.7973,-3.79499,7.5,Spring,0.3868,19,10
Willow Warbler,54.93243,-5.01918,7.5,Spring,0.3524,134,22
Willow Warbler,54.93243,-4.77434,7.5,Spring,0.4485,32,19
Willow Warbler,54.93243,-4.5295,7.5,Spring,0.4481,64,27
Willow Warbler,54.93243,-4.28466,7.5,Spring,0.4305,37,12
Willow Warbler,54.93243,-4.03983,7.5,Spring,0.5027,118,61
Willow Warbler,54.93243,-3.79499,7.5,Spring,0.4062,108,23
Willow Warbler,54.93243,-3.55015,7.5,Spring,0.344,256,63
Willow Warbler,54.93243,-3.30531,7.5,Spring,0.318,36,1
Willow Warbler,54.93243,-3.06047,7.5,Spring,0.3078,53,13
Willow Warbler,55.06757,-5.01918,7.5,Spring,0.3643,15,5
Willow Warbler,55.06757,-4.77434,7.5,Spring,0.4886,8,4
Willow Warbler,55.06757,-4.5295,7.5,Spring,0.5105,70,50
Willow Warbler,55.06757,-4.28466,7.5,Spring,0.5025,28,14
Willow Warbler,55.06757,-4.03983,7.5,Spring,0.5062,73,38
Willow Warbler,55.06757,-3.79499,7.5,Spring,0.4716,21,10
Willow Warbler,55.06757,-3.55015,7.5,Spring,0.3154,243,36
Willow Warbler,55.06757,-3.30531,7.5,Spring,0.4609,79,23
Willow Warbler,55.06757,-3.06047,7.5,Spring,0.4521,32,4
Willow Warbler,55.06757,-2.81564,7.5,Spring,0.4226,8,1
Willow Warbler,55.2027,-5.01918,7.5,Spring,0.4141,21,1
Willow Warbler,55.2027,-4.77434,7.5,Spring,0.4419,32,8
Willow Warbler,55.2027,-4.5295,7.5,Spring,0.5129,42,13
Willow Warbler,55.2027,-4.28466,7.5,Spring,0.5014,17,13
Willow Warbler,55.2027,-4.03983,7.5,Spring,0.4849,25,6
Willow Warbler,55.2027,-3.79499,7.5,Spring,0.4868,36,15
Willow Warbler,55.2027,-3.55015,7.5,Spring,0.4867,7,3
Willow Warbler,55.2027,-3.30531,7.5,Spring,0.4856,75,34
Willow Warbler,55.2027,-3.06047,7.5,Spring,0.4788,49,25
Willow Warbler,55.2027,-2.81564,7.5,Spring,0.4434,29,9
Willow Warbler,55.33784,-5.75369,7.5,Spring,0.3249,19,1
Willow Warbler,55.33784,-5.50885,7.5,Spring,0.3986,4,2
Willow Warbler,55.33784,-4.77434,7.5,Spring,0.373,92,21
Willow Warbler,55.33784,-4.5295,7.5,Spring,0.4953,62,15
Willow Warbler,55.33784,-4.28466,7.5,Spring,0.5083,147,100
Willow Warbler,55.33784,-4.03983,7.5,Spring,0.4838,11,2
Willow Warbler,55.33784,-3.79499,7.5,Spring,0.4736,69,28
Willow Warbler,55.33784,-3.55015,7.5,Spring,0.4721,100,30
Willow Warbler,55.33784,-3.30531,7.5,Spring,0.4714,18,10
Willow Warbler,55.33784,-3.06047,7.5,Spring,0.4625,2,1
Willow Warbler,55.33784,-2.81564,7.5,Spring,0.4368,9,1
Willow Warbler,55.33784,-2.5708,7.5,Spring,0.3968,10,2
Willow Warbler,55.47297,-5.75369,7.5,Spring,0.3251,50,2
Willow Warbler,55.47297,-5.50885,7.5,Spring,0.3925,29,8
Willow Warbler,55.47297,-5.26402,7.5,Spring,0.4178,53,28
Willow Warbler,55.47297,-5.01918,7.5,Spring,0.4062,71,36
Willow Warbler,55.47297,-4.77434,7.5,Spring,0.3072,561,22
Willow Warbler,55.47297,-4.5295,7.5,Spring,0.3727,1120,307
Willow Warbler,55.47297,-4.28466,7.5,Spring,0.4941,36,14
Willow Warbler,55.47297,-4.03983,7.5,Spring,0.4852,6,2
Willow Warbler,55.47297,-3.79499,7.5,Spring,0.4565,119,21
Willow Warbler,55.47297,-3.55015,7.5,Spring,0.4192,116,60
Willow Warbler,55.47297,-3.30531,7.5,Spring,0.4192,66,35
Willow Warbler,55.47297,-2.81564,7.5,Spring,0.3264,51,5
Willow Warbler,55.47297,-2.5708,7.5,Spring,0.369,52,10
Willow Warbler,55.47297,-2.32596,7.5,Spring,0.3924,5,1
Willow Warbler,55.60811,-6.24337,7.5,Spring,0.3439,237,43
Willow Warbler,55.60811,-5.99853,7.5,Spring,0.385,16,8
Willow Warbler,55.60811,-5.75369,7.5,Spring,0.4405,34,10
Willow Warbler,55.60811,-5.50885,7.5,Spring,0.4219,16,4
Willow Warbler,55.60811,-5.26402,7.5,Spring,0.45,166,64
Willow Warbler,55.60811,-5.01918,7.5,Spring,0.451,34,8
Willow Warbler,55.60811,-4.77434,7.5,Spring,0.4588,3607,147
Willow Warbler,55.60811,-4.5295,7.5,Spring,0.2247,21683,1812
Willow Warbler,55.60811,-4.28466,7.5,Spring,0.4674,65,11
Willow Warbler,55.60811,-4.03983,7.5,Spring,0.4719,18,8
Willow Warbler,55.60811,-3.79499,7.5,Spring,0.4556,38,8
Willow Warbler,55.60811,-3.55015,7.5,Spring,0.4508,77,40
Willow Warbler,55.60811,-3.30531,7.5,Spring,0.4536,97,34
Willow Warbler,55.60811,-3.06047,7.5,Spring,0.4282,58,23
Willow Warbler,55.60811,-2.81564,7.5,Spring,0.2184,127,31
Willow Warbler,55.60811,-2.5708,7.5,Spring,0.3693,64,7
Willow Warbler,55.60811,-2.32596,7.5,Spring,0.3872,44,8
Willow Warbler,55.74324,-6.48821,7.5,Spring,0.3244,81,9
Willow Warbler,55.74324,-6.24337,7.5,Spring,0.346,131,15
Willow Warbler,55.74324,-5.99853,7.5,Spring,0.4288,27,6
Willow Warbler,55.74324,-5.75369,7.5,Spring,0.4088,3418,739
Willow Warbler,55.74324,-5.50885,7.5,Spring,0.4496,40,5
Willow Warbler,55.74324,-5.26402,7.5,Spring,0.4548,38,16
Willow Warbler,55.74324,-5.01918,7.5,Spring,0.417,108,45
Willow Warbler,55.74324,-4.77434,7.5,Spring,0.4523,124,23
Willow Warbler,55.74324,-4.5295,7.5,Spring,0.4797,468,225
Willow Warbler,55.74324,-4.28466,7.5,Spring,0.4114,998,164
Willow Warbler,55.74324,-4.03983,7.5,Spring,0.3791,315,107
Willow Warbler,55.74324,-3.79499,7.5,Spring,0.4641,52,18
Willow Warbler,55.74324,-3.55015,7.5,Spring,0.4645,38,22
Willow Warbler,55.74324,-3.30531,7.5,Spring,0.472,64,17
Willow Warbler,55.74324,-3.06047,7.5,Spring,0.4635,398,122
Willow Warbler,55.74324,-2.81564,7.5,Spring,0.4332,30,4
Willow Warbler,55.74324,-2.5708,7.5,Spring,0.4214,11,6
Willow Warbler,55.74324,-2.08112,7.5,Spring,0.3418,42,6
Willow Warbler,55.87838,-6.48821,7.5,Spring,0.2666,24,5
Willow Warbler,55.87838,-6.24337,7.5,Spring,0.4071,110,30
Willow Warbler,55.87838,-5.99853,7.5,Spring,0.4343,48,17
Willow Warbler,55.87838,-5.75369,7.5,Spring,0.4399,3,2
Willow Warbler,55.87838,-5.50885,7.5,Spring,0.451,30,5
Willow Warbler,55.87838,-5.26402,7.5,Spring,0.4575,41,22
Willow Warbler,55.87838,-5.01918,7.5,Spring,0.4315,56,23
Willow Warbler,55.87838,-4.77434,7.5,Spring,0.3907,59,16
Willow Warbler,55.87838,-4.5295,7.5,Spring,0.4178,458,97
Willow Warbler,55.87838,-4.28466,7.5,Spring,0.1871,2168,241
Willow Warbler,55.87838,-4.03983,7.5,Spring,0.2701,258,65
Willow Warbler,55.87838,-3.79499,7.5,Spring,0.4642,47,13
Willow Warbler,55.87838,-3.55015,7.5,Spring,0.2162,219,50
Willow Warbler,55.87838,-3.30531,7.5,Spring,0.4323,2071,339
Willow Warbler,55.87838,-3.06047,7.5,Spring,0.4026,2165,466
Willow Warbler,55.87838,-2.81564,7.5,Spring,0.4488,239,76
Willow Warbler,55.87838,-2.5708,7.5,Spring,0.4474,232,83
Willow Warbler,55.87838,-2.32596,7.5,Spring,0.3453,169,55
Willow Warbler,55.87838,-2.08112,7.5,Spring,0.2917,288,67
Willow Warbler,56.01351,-6.24337,7.5,Spring,0.3976,34,15
Willow Warbler,56.01351,-5.99853,7.5,Spring,0.4274,11,5
Willow Warbler,56.01351,-5.75369,7.5,Spring,0.4316,19,11
Willow Warbler,56.01351,-5.50885,7.5,Spring,0.4564,97,35
Willow Warbler,56.01351,-5.26402,7.5,Spring,0.4585,45,24
Willow Warbler,56.01351,-5.01918,7.5,Spring,0.4574,167,90
Willow Warbler,56.01351,-4.77434,7.5,Spring,0.3985,189,48
Willow Warbler,56.01351,-4.5295,7.5,Spring,0.4693,435,195
Willow Warbler,56.01351,-4.28466,7.5,Spring,0.4767,175,70
Willow Warbler,56.01351,-4.03983,7.5,Spring,0.4328,39,12
Willow Warbler,56.01351,-3.79499,7.5,Spring,0.2272,421,131
Willow Warbler,56.01351,-3.55015,7.5,Spring,0.321,493,79
Willow Warbler,56.01351,-3.30531,7.5,Spring,0.3323,2906,224
Willow Warbler,56.01351,-3.06047,7.5,Spring,0.3238,2432,427
Willow Warbler,56.01351,-2.81564,7.5,Spring,0.3163,928,174
Willow Warbler,56.01351,-2.5708,7.5,Spring,0.3262,754,180
Willow Warbler,56.01351,-2.32596,7.5,Spring,0.3535,300,54
Willow Warbler,56.14865,-6.24337,7.5,Spring,0.3741,11,5
Willow Warbler,56.14865,-5.50885,7.5,Spring,0.46,78,40
Willow Warbler,56.14865,-5.26402,7.5,Spring,0.4604,28,13
Willow Warbler,56.14865,-5.01918,7.5,Spring,0.4572,25,9
Willow Warbler,56.14865,-4.77434,7.5,Spring,0.4576,77,17
Willow Warbler,56.14865,-4.5295,7.5,Spring,0.4924,234,111
Willow Warbler,56.14865,-4.28466,7.5,Spring,0.4887,180,84
Willow Warbler,56.14865,-4.03983,7.5,Spring,0.4392,535,113
Willow Warbler,56.14865,-3.79499,7.5,Spring,0.4358,695,253
Willow Warbler,56.14865,-3.55015,7.5,Spring,0.4118,219,53
Willow Warbler,56.14865,-3.30531,7.5,Spring,0.4251,652,193
Willow Warbler,56.14865,-3.06047,7.5,Spring,0.3379,422,44
Willow Warbler,56.14865,-2.81564,7.5,Spring,0.3244,399,25
Willow Warbler,56.14865,-2.5708,7.5,Spring,0.4259,243,56
Willow Warbler,56.28378,-6.48821,7.5,Spring,0.0889,342,105
Willow Warbler,56.28378,-6.24337,7.5,Spring,0.4089,133,39
Willow Warbler,56.28378,-5.99853,7.5,Spring,0.4538,21,17
Willow Warbler,56.28378,-5.75369,7.5,Spring,0.4487,17,4
Willow Warbler,56.28378,-5.50885,7.5,Spring,0.4464,44,25
Willow Warbler,56.28378,-5.26402,7.5,Spring,0.4948,4,3
Willow Warbler,56.28378,-5.01918,7.5,Spring,0.4604,58,14
Willow Warbler,56.28378,-4.77434,7.5,Spring,0.478,86,52
Willow Warbler,56.28378,-4.5295,7.5,Spring,0.4937,56,28
Willow Warbler,56.28378,-4.28466,7.5,Spring,0.4906,269,128
Willow Warbler,56.28378,-4.03983,7.5,Spring,0.4794,43,22
Willow Warbler,56.28378,-3.79499,7.5,Spring,0.4747,106,25
Willow Warbler,56.28378,-3.55015,7.5,Spring,0.4554,32,11
Willow Warbler,56.28378,-3.30531,7.5,Spring,0.4309,146,50
Willow Warbler,56.28378,-3.06047,7.5,Spring,0.4321,546,178
Willow Warbler,56.28378,-2.81564,7.5,Spring,0.35,1514,221
Willow Warbler,56.28378,-2.5708,7.5,Spring,0.2533,559,121
Willow Warbler,56.41892,-6.24337,7.5,Spring,0.3771,177,30
Willow Warbler,56.41892,-5.99853,7.5,Spring,0.4509,401,113
Willow Warbler,56.41892,-5.75369,7.5,Spring,0.443,385,173
Willow Warbler,56.41892,-5.50885,7.5,Spring,0.3718,396,56
Willow Warbler,56.41892,-5.26402,7.5,Spring,0.4591,39,17
Willow Warbler,56.41892,-5.01918,7.5,Spring,0.4895,73,29
Willow Warbler,56.41892,-4.77434,7.5,Spring,0.4934,54,29
Willow Warbler,56.41892,-4.5295,7.5,Spring,0.4933,40,17
Willow Warbler,56.41892,-4.28466,7.5,Spring,0.4932,86,42
Willow Warbler,56.41892,-4.03983,7.5,Spring,0.4849,122,62
Willow Warbler,56.41892,-3.79499,7.5,Spring,0.4765,80,34
Willow Warbler,56.41892,-3.55015,7.5,Spring,0.4284,238,25
Willow Warbler,56.41892,-3.30531,7.5,Spring,0.3529,261,57
Willow Warbler,56.41892,-3.06047,7.5,Spring,0.3478,540,32
Willow Warbler,56.41892,-2.81564,7.5,Spring,0.3067,655,92
Willow Warbler,56.55405,-6.97788,7.5,Spring,0.2061,33,3
Willow Warbler,56.55405,-6.48821,7.5,Spring,0.182,149,1
Willow Warbler,56.55405,-6.24337,7.5,Spring,0.3848,182,80
Willow Warbler,56.55405,-5.99853,7.5,Spring,0.4562,283,93
Willow Warbler,56.55405,-5.75369,7.5,Spring,0.3797,158,86
Willow Warbler,56.55405,-5.50885,7.5,Spring,0.4638,85,39
Willow Warbler,56.55405,-5.26402,7.5,Spring,0.4378,50,32
Willow Warbler,56.55405,-5.01918,7.5,Spring,0.4626,7,2
Willow Warbler,56.55405,-4.77434,7.5,Spring,0.4923,40,19
Willow Warbler,56.55405,-4.5295,7.5,Spring,0.4903,2,1
Willow Warbler,56.55405,-4.28466,7.5,Spring,0.4729,17,12
Willow Warbler,56.55405,-4.03983,7.5,Spring,0.4788,55,17
Willow Warbler,56.55405,-3.79499,7.5,Spring,0.48,74,29
Willow Warbler,56.55405,-3.55015,7.5,Spring,0.4653,294,105
Willow Warbler,56.55405,-3.30531,7.5,Spring,0.4611,54,18
Willow Warbler,56.55405,-3.06047,7.5,Spring,0.431,50,17
Willow Warbler,56.55405,-2.81564,7.5,Spring,0.4195,55,9
Willow Warbler,56.55405,-2.5708,7.5,Spring,0.3179,109,5
Willow Warbler,56.68919,-6.48821,7.5,Spring,0.3968,42,18
Willow Warbler,56.68919,-6.24337,7.5,Spring,0.4183,84,21
Willow Warbler,56.68919,-5.99853,7.5,Spring,0.4401,205,55
Willow Warbler,56.68919,-5.75369,7.5,Spring,0.4443,96,41
Willow Warbler,56.68919,-5.50885,7.5,Spring,0.4628,74,37
Willow Warbler,56.68919,-5.26402,7.5,Spring,0.447,113,33
Willow Warbler,56.68919,-5.01918,7.5,Spring,0.4629,215,102
Willow Warbler,56.68919,-4.77434,7.5,Spring,0.4952,29,12
Willow Warbler,56.68919,-4.5295,7.5,Spring,0.4918,10,1
Willow Warbler,56.68919,-4.28466,7.5,Spring,0.4808,19,8
Willow Warbler,56.68919,-4.03983,7.5,Spring,0.4446,46,19
Willow Warbler,56.68919,-3.79499,7.5,Spring,0.4802,290,97
Willow Warbler,56.68919,-3.55015,7.5,Spring,0.4689,26,16
Willow Warbler,56.68919,-3.30531,7.5,Spring,0.4736,83,45
Willow Warbler,56.68919,-3.06047,7.5,Spring,0.47,181,87
Willow Warbler,56.68919,-2.81564,7.5,Spring,0.4598,111,41
Willow Warbler,56.68919,-2.5708,7.5,Spring,0.3525,253,59
Willow Warbler,56.68919,-2.32596,7.5,Spring,0.4038,22,4
Willow Warbler,56.82432,-7.7124,7.5,Spring,0.101,11,3
Willow Warbler,56.82432,-6.24337,7.5,Spring,0.2273,25,6
Willow Warbler,56.82432,-5.99853,7.5,Spring,0.4423,17,7
Willow Warbler,56.82432,-5.75369,7.5,Spring,0.4617,83,47
Willow Warbler,56.82432,-5.50885,7.5,Spring,0.4825,86,47
Willow Warbler,56.82432,-5.26402,7.5,Spring,0.4388,28,8
Willow Warbler,56.82432,-5.01918,7.5,Spring,0.4058,256,83
Willow Warbler,56.82432,-4.77434,7.5,Spring,0.492,30,10
Willow Warbler,56.82432,-4.5295,7.5,Spring,0.4918,3,1
Willow Warbler,56.82432,-4.28466,7.5,Spring,0.4864,17,4
Willow Warbler,56.82432,-4.03983,7.5,Spring,0.414,45,13
Willow Warbler,56.82432,-3.79499,7.5,Spring,0.3932,59,11
Willow Warbler,56.82432,-3.55015,7.5,Spring,0.4522,19,1
Willow Warbler,56.82432,-3.30531,7.5,Spring,0.4746,111,13
Willow Warbler,56.82432,-3.06047,7.5,Spring,0.4743,25,17
Willow Warbler,56.82432,-2.81564,7.5,Spring,0.4673,10,5
Willow Warbler,56.82432,-2.5708,7.5,Spring,0.4357,127,22
Willow Warbler,56.82432,-2.32596,7.5,Spring,0.3218,78,14
Willow Warbler,56.95946,-7.46756,7.5,Spring,0.1516,82,13
Willow Warbler,56.95946,-6.73304,7.5,Spring,0.102,2,1
Willow Warbler,56.95946,-6.24337,7.5,Spring,0.426,108,63
Willow Warbler,56.95946,-5.99853,7.5,Spring,0.4264,11,2
Willow Warbler,56.95946,-5.75369,7.5,Spring,0.4574,175,64
Willow Warbler,56.95946,-5.50885,7.5,Spring,0.4628,2,2
Willow Warbler,56.95946,-5.26402,7.5,Spring,0.4923,6,5
Willow Warbler,56.95946,-5.01918,7.5,Spring,0.4913,46,31
Willow Warbler,56.95946,-4.77434,7.5,Spring,0.4945,11,4
Willow Warbler,56.95946,-4.5295,7.5,Spring,0.4908,55,33
Willow Warbler,56.95946,-4.28466,7.5,Spring,0.4546,91,36
Willow Warbler,56.95946,-3.79499,7.5,Spring,0.4223,7,4
Willow Warbler,56.95946,-3.55015,7.5,Spring,0.4181,57,27
Willow Warbler,56.95946,-3.30531,7.5,Spring,0.4072,107,37
Willow Warbler,56.95946,-3.06047,7.5,Spring,0.4557,23,9
Willow Warbler,56.95946,-2.81564,7.5,Spring,0.472,10,6
Willow Warbler,56.95946,-2.5708,7.5,Spring,0.4519,21,12
Willow Warbler,56.95946,-2.32596,7.5,Spring,0.4092,74,11
Willow Warbler,56.95946,-2.08112,7.5,Spring,0.3641,269,26
Willow Warbler,57.09459,-7.46756,7.5,Spring,0.0965,60,5
Willow Warbler,57.09459,-7.22272,7.5,Spring,0.3354,65,16
Willow Warbler,57.09459,-6.48821,7.5,Spring,0.2632,30,12
Willow Warbler,57.09459,-6.24337,7.5,Spring,0.3713,5,3
Willow Warbler,57.09459,-5.99853,7.5,Spring,0.4235,100,31
Willow Warbler,57.09459,-5.75369,7.5,Spring,0.4417,50,14
Willow Warbler,57.09459,-5.26402,7.5,Spring,0.4512,10,2
Willow Warbler,57.09459,-5.01918,7.5,Spring,0.4919,19,14
Willow Warbler,57.09459,-4.77434,7.5,Spring,0.4891,114,34
Willow Warbler,57.09459,-4.5295,7.5,Spring,0.4826,8,3
Willow Warbler,57.09459,-4.03983,7.5,Spring,0.4867,709,294
Willow Warbler,57.09459,-3.79499,7.5,Spring,0.4794,375,198
Willow Warbler,57.09459,-3.55015,7.5,Spring,0.3758,433,167
Willow Warbler,57.09459,-3.30531,7.5,Spring,0.3901,78,20
Willow Warbler,57.09459,-3.06047,7.5,Spring,0.3469,69,27
Willow Warbler,57.09459,-2.81564,7.5,Spring,0.4748,188,112
Willow Warbler,57.09459,-2.5708,7.5,Spring,0.4505,64,19
Willow Warbler,57.09459,-2.32596,7.5,Spring,0.4165,89,17
Willow Warbler,57.09459,-2.08112,7.5,Spring,0.3136,1560,239
Willow Warbler,57.22973,-7.46756,7.5,Spring,0.074,214,30
Willow Warbler,57.22973,-7.22272,7.5,Spring,0.325,50,42
Willow Warbler,57.22973,-6.48821,7.5,Spring,0.2386,23,7
Willow Warbler,57.22973,-6.24337,7.5,Spring,0.3927,115,32
Willow Warbler,57.22973,-5.99853,7.5,Spring,0.414,315,63
Willow Warbler,57.22973,-5.75369,7.5,Spring,0.4486,159,65
Willow Warbler,57.22973,-5.50885,7.5,Spring,0.4341,128,42
Willow Warbler,57.22973,-5.26402,7.5,Spring,0.4818,5,4
Willow Warbler,57.22973,-5.01918,7.5,Spring,0.4894,41,29
Willow Warbler,57.22973,-4.77434,7.5,Spring,0.4853,34,12
Willow Warbler,57.22973,-4.5295,7.5,Spring,0.4885,45,6
Willow Warbler,57.22973,-4.28466,7.5,Spring,0.4851,11,5
Willow Warbler,57.22973,-4.03983,7.5,Spring,0.4814,252,70
Willow Warbler,57.22973,-3.79499,7.5,Spring,0.4781,2240,1030
Willow Warbler,57.22973,-3.55015,7.5,Spring,0.4698,560,188
Willow Warbler,57.22973,-3.30531,7.5,Spring,0.4742,123,50
Willow Warbler,57.22973,-3.06047,7.5,Spring,0.4733,10,9
Willow Warbler,57.22973,-2.81564,7.5,Spring,0.4676,24,10
Willow Warbler,57.22973,-2.5708,7.5,Spring,0.4488,20,6
Willow Warbler,57.22973,-2.32596,7.5,Spring,0.4154,52,23
Willow Warbler,57.22973,-2.08112,7.5,Spring,0.3522,488,72
Willow Warbler,57.36486,-7.46756,7.5,Spring,0.0839,199,8
Willow Warbler,57.36486,-7.22272,7.5,Spring,0.3092,119,26
Willow Warbler,57.36486,-6.73304,7.5,Spring,0.3361,87,1
Willow Warbler,57.36486,-6.48821,7.5,Spring,0.3537,77,29
Willow Warbler,57.36486,-6.24337,7.5,Spring,0.2906,242,66
Willow Warbler,57.36486,-5.99853,7.5,Spring,0.4245,41,7
Willow Warbler,57.36486,-5.75369,7.5,Spring,0.4218,69,23
Willow Warbler,57.36486,-5.50885,7.5,Spring,0.4305,59,8
Willow Warbler,57.36486,-5.01918,7.5,Spring,0.479,15,9
Willow Warbler,57.36486,-4.77434,7.5,Spring,0.481,86,53
Willow Warbler,57.36486,-4.5295,7.5,Spring,0.4789,272,84
Willow Warbler,57.36486,-4.28466,7.5,Spring,0.4739,333,180
Willow Warbler,57.36486,-4.03983,7.5,Spring,0.4685,118,27
Willow Warbler,57.36486,-3.79499,7.5,Spring,0.4675,407,111
Willow Warbler,57.36486,-3.55015,7.5,Spring,0.4549,445,150
Willow Warbler,57.36486,-3.30531,7.5,Spring,0.465,43,23
Willow Warbler,57.36486,-2.81564,7.5,Spring,0.4561,14,3
Willow Warbler,57.36486,-2.5708,7.5,Spring,0.4338,25,4
Willow Warbler,57.36486,-2.32596,7.5,Spring,0.4235,30,13
Willow Warbler,57.36486,-2.08112,7.5,Spring,0.4044,274,83
Willow Warbler,57.36486,-1.83628,7.5,Spring,0.2842,69,7
Willow Warbler,57.5,-7.46756,7.5,Spring,0.0744,266,7
Willow Warbler,57.5,-7.22272,7.5,Spring,0.3478,151,42
Willow Warbler,57.5,-6.73304,7.5,Spring,0.4071,445,201
Willow Warbler,57.5,-6.48821,7.5,Spring,0.3703,129,33
Willow Warbler,57.5,-6.24337,7.5,Spring,0.3863,165,64
Willow Warbler,57.5,-5.99853,7.5,Spring,0.4276,6,3
Willow Warbler,57.5,-5.75369,7.5,Spring,0.4338,47,18
Willow Warbler,57.5,-5.50885,7.5,Spring,0.4423,38,6
Willow Warbler,57.5,-5.26402,7.5,Spring,0.4796,21,7
Willow Warbler,57.5,-5.01918,7.5,Spring,0.4785,14,2
Willow Warbler,57.5,-4.77434,7.5,Spring,0.4845,7,1
Willow Warbler,57.5,-4.5295,7.5,Spring,0.4815,192,70
Willow Warbler,57.5,-4.28466,7.5,Spring,0.4018,915,194
Willow Warbler,57.5,-4.03983,7.5,Spring,0.4483,691,249
Willow Warbler,57.5,-3.79499,7.5,Spring,0.4665,39,15
Willow Warbler,57.5,-3.55015,7.5,Spring,0.4552,26,7
Willow Warbler,57.5,-3.30531,7.5,Spring,0.4593,49,24
Willow Warbler,57.5,-3.06047,7.5,Spring,0.4532,32,12
Willow Warbler,57.5,-2.81564,7.5,Spring,0.4542,26,5
Willow Warbler,57.5,-2.32596,7.5,Spring,0.4325,43,2
Willow Warbler,57.5,-2.08112,7.5,Spring,0.4353,46,25
Willow Warbler,57.5,-1.83628,7.5,Spring,0.3006,128,10
Willow Warbler,57.63514,-7.46756,7.5,Spring,0.0941,489,21
Willow Warbler,57.63514,-7.22272,7.5,Spring,0.3429,123,34
Willow Warbler,57.63514,-6.97788,7.5,Spring,0.2329,10,2
Willow Warbler,57.63514,-6.48821,7.5,Spring,0.2424,131,33
Willow Warbler,57.63514,-6.24337,7.5,Spring,0.3814,360,49
Willow Warbler,57.63514,-5.75369,7.5,Spring,0.411,56,33
Willow Warbler,57.63514,-5.50885,7.5,Spring,0.4458,19,12
Willow Warbler,57.63514,-5.26402,7.5,Spring,0.4771,54,24
Willow Warbler,57.63514,-5.01918,7.5,Spring,0.4708,22,3
Willow Warbler,57.63514,-4.77434,7.5,Spring,0.4797,38,25
Willow Warbler,57.63514,-4.5295,7.5,Spring,0.4701,168,62
Willow Warbler,57.63514,-4.28466,7.5,Spring,0.3998,160,25
Willow Warbler,57.63514,-4.03983,7.5,Spring,0.4022,569,111
Willow Warbler,57.63514,-3.79499,7.5,Spring,0.4396,223,50
Willow Warbler,57.63514,-3.55015,7.5,Spring,0.3729,328,34
Willow Warbler,57.63514,-3.30531,7.5,Spring,0.2117,232,78
Willow Warbler,57.63514,-3.06047,7.5,Spring,0.3544,167,52
Willow Warbler,57.63514,-2.81564,7.5,Spring,0.4098,87,4
Willow Warbler,57.63514,-2.5708,7.5,Spring,0.3431,131,4
Willow Warbler,57.63514,-2.32596,7.5,Spring,0.3302,147,27
Willow Warbler,57.63514,-1.83628,7.5,Spring,0.2819,232,73
Willow Warbler,57.77027,-8.69175,7.5,Spring,0.0515,65,1
Willow Warbler,57.77027,-7.22272,7.5,Spring,0.2283,66,9
Willow Warbler,57.77027,-6.97788,7.5,Spring,0.241,68,13
Willow Warbler,57.77027,-6.73304,7.5,Spring,0.2127,10,2
Willow Warbler,57.77027,-5.75369,7.5,Spring,0.4255,131,42
Willow Warbler,57.77027,-5.50885,7.5,Spring,0.4422,84,28
Willow Warbler,57.77027,-5.01918,7.5,Spring,0.462,49,24
Willow Warbler,57.77027,-4.77434,7.5,Spring,0.4879,3,2
Willow Warbler,57.77027,-4.5295,7.5,Spring,0.4861,3,1
Willow Warbler,57.77027,-4.28466,7.5,Spring,0.4508,40,17
Willow Warbler,57.77027,-4.03983,7.5,Spring,0.4406,201,72
Willow Warbler,57.77027,-3.79499,7.5,Spring,0.4359,199,44
Willow Warbler,57.77027,-3.55015,7.5,Spring,0.3628,157,9
Willow Warbler,57.77027,-3.30531,7.5,Spring,0.317,165,10
Willow Warbler,57.90541,-6.97788,7.5,Spring,0.3142,91,10
Willow Warbler,57.90541,-6.73304,7.5,Spring,0.3375,58,13
Willow Warbler,57.90541,-5.75369,7.5,Spring,0.4139,31,2
Willow Warbler,57.90541,-5.50885,7.5,Spring,0.4275,117,50
Willow Warbler,57.90541,-5.26402,7.5,Spring,0.4032,130,29
Willow Warbler,57.90541,-4.77434,7.5,Spring,0.4788,3,3
Willow Warbler,57.90541,-4.5295,7.5,Spring,0.4461,18,6
Willow Warbler,57.90541,-4.28466,7.5,Spring,0.4422,115,48
Willow Warbler,57.90541,-4.03983,7.5,Spring,0.4363,326,70
Willow Warbler,57.90541,-3.79499,7.5,Spring,0.432,70,42
Willow Warbler,58.04054,-6.97788,7.5,Spring,0.3083,23,3
Willow Warbler,58.04054,-6.73304,7.5,Spring,0.2861,42,12
Willow Warbler,58.04054,-6.48821,7.5,Spring,0.2355,31,2
Willow Warbler,58.04054,-5.26402,7.5,Spring,0.4367,24,8
Willow Warbler,58.04054,-5.01918,7.5,Spring,0.4455,23,6
Willow Warbler,58.04054,-4.77434,7.5,Spring,0.4556,1,1
Willow Warbler,58.04054,-4.5295,7.5,Spring,0.4814,61,40
Willow Warbler,58.04054,-4.28466,7.5,Spring,0.4828,55,17
Willow Warbler,58.04054,-4.03983,7.5,Spring,0.4701,61,32
Willow Warbler,58.04054,-3.79499,7.5,Spring,0.4018,75,14
Willow Warbler,58.17568,-6.97788,7.5,Spring,0.2431,41,1
Willow Warbler,58.17568,-6.73304,7.5,Spring,0.2625,86,12
Willow Warbler,58.17568,-6.48821,7.5,Spring,0.2182,169,45
Willow Warbler,58.17568,-6.24337,7.5,Spring,0.2729,77,6
Willow Warbler,58.17568,-5.26402,7.5,Spring,0.414,130,34
Willow Warbler,58.17568,-5.01918,7.5,Spring,0.4053,28,8
Willow Warbler,58.17568,-4.5295,7.5,Spring,0.4243,9,3
Willow Warbler,58.17568,-4.03983,7.5,Spring,0.4642,8,5
Willow Warbler,58.17568,-3.79499,7.5,Spring,0.4594,13,9
Willow Warbler,58.17568,-3.55015,7.5,Spring,0.3371,19,8
Willow Warbler,58.31081,-6.97788,7.5,Spring,0.0764,33,5
Willow Warbler,58.31081,-6.73304,7.5,Spring,0.1809,84,6
Willow Warbler,58.31081,-6.48821,7.5,Spring,0.0761,58,3
Willow Warbler,58.31081,-6.24337,7.5,Spring,0.1687,135,5
Willow Warbler,58.31081,-5.26402,7.5,Spring,0.3839,43,21
Willow Warbler,58.31081,-5.01918,7.5,Spring,0.4022,43,21
Willow Warbler,58.31081,-4.77434,7.5,Spring,0.3922,1,1
Willow Warbler,58.31081,-4.5295,7.5,Spring,0.4474,14,10
Willow Warbler,58.31081,-4.28466,7.5,Spring,0.4534,7,3
Willow Warbler,58.31081,-4.03983,7.5,Spring,0.4388,3,1
Willow Warbler,58.31081,-3.79499,7.5,Spring,0.4325,31,14
Willow Warbler,58.31081,-3.55015,7.5,Spring,0.3936,14,3
Willow Warbler,58.31081,-3.30531,7.5,Spring,0.2792,19,5
Willow Warbler,58.44595,-6.24337,7.5,Spring,0.1994,106,1
Willow Warbler,58.44595,-5.26402,7.5,Spring,0.352,89,38
Willow Warbler,58.44595,-5.01918,7.5,Spring,0.3235,31,16
Willow Warbler,58.44595,-4.77434,7.5,Spring,0.3505,4,1
Willow Warbler,58.44595,-4.5295,7.5,Spring,0.3974,28,8
Willow Warbler,58.44595,-4.28466,7.5,Spring,0.3715,8,4
Willow Warbler,58.44595,-4.03983,7.5,Spring,0.364,1,1
Willow Warbler,58.44595,-3.55015,7.5,Spring,0.3049,11,2
Willow Warbler,58.44595,-3.30531,7.5,Spring,0.2967,21,3
Willow Warbler,58.44595,-3.06047,7.5,Spring,0.2224,87,10
Willow Warbler,58.58108,-6.24337,7.5,Spring,0.0966,71,1
Willow Warbler,58.58108,-4.77434,7.5,Spring,0.1733,149,31
Willow Warbler,58.58108,-4.5295,7.5,Spring,0.2349,1,1
Willow Warbler,58.58108,-4.28466,7.5,Spring,0.2508,22,12
Willow Warbler,58.58108,-4.03983,7.5,Spring,0.2337,19,9
Willow Warbler,58.58108,-3.79499,7.5,Spring,0.2034,34,3
Willow Warbler,58.58108,-3.55015,7.5,Spring,0.255,95,6
Willow Warbler,58.58108,-3.30531,7.5,Spring,0.1809,100,15
Willow Warbler,58.58108,-3.06047,7.5,Spring,0.1278,142,8
Willow Warbler,58.71622,-3.30531,7.5,Spring,0.1621,86,4
Willow Warbler,58.71622,-3.06047,7.5,Spring,0.1649,32,4
Willow Warbler,58.85135,-3.30531,7.5,Spring,0.1528,97,18
Willow Warbler,58.85135,-3.06047,7.5,Spring,0.1674,66,5
Willow Warbler,58.98649,-3.30531,7.5,Spring,0.1304,299,9
Willow Warbler,58.98649,-3.06047,7.5,Spring,0.1414,323,70
Willow Warbler,58.98649,-2.81564,7.5,Spring,0.1294,106,8
Willow Warbler,59.12162,-3.30531,7.5,Spring,0.0732,228,1
Willow Warbler,59.12162,-3.06047,7.5,Spring,0.0891,182,16
Willow Warbler,59.39189,-2.32596,7.5,Spring,0.118,344,51
Willow Warbler,59.52703,-1.59145,7.5,Spring,0.0514,456,164
Willow Warbler,59.7973,-1.34661,7.5,Spring,0.0695,175,8
Willow Warbler,59.93243,-1.34661,7.5,Spring,0.0442,1629,114
Willow Warbler,59.93243,-1.10177,7.5,Spring,0.0701,131,8
Willow Warbler,60.06757,-1.34661,7.5,Spring,0.0337,437,34
Willow Warbler,60.06757,-1.10177,7.5,Spring,0.0922,123,6
Willow Warbler,60.2027,-1.10177,7.5,Spring,0.0646,488,35
Willow Warbler,60.33784,-1.59145,7.5,Spring,0.0416,34,2
Willow Warbler,60.33784,-1.34661,7.5,Spring,0.0412,70,4
Willow Warbler,60.33784,-1.10177,7.5,Spring,0.0361,26,1
Willow Warbler,60.33784,-0.85693,7.5,Spring,0.0522,5,1
Willow Warbler,60.47297,-0.85693,7.5,Spring,0.088,26,11
Willow Warbler,60.60811,-1.10177,7.5,Spring,0.027,33,2
Willow Warbler,60.60811,-0.85693,7.5,Spring,0.0508,78,2
Willow Warbler,60.74324,-0.85693,7.5,Spring,0.0569,385,15
Willow Warbler,60.87838,-0.85693,7.5,Spring,0.0638,114,7
Willow Warbler,54.66216,-5.01918,7.5,Summer,0.1625,12,3
Willow Warbler,54.66216,-4.77434,7.5,Summer,0.2172,43,2
Willow Warbler,54.7973,-5.01918,7.5,Summer,0.1831,55,2
Willow Warbler,54.7973,-4.5295,7.5,Summer,0.2562,34,8
Willow Warbler,54.7973,-4.28466,7.5,Summer,0.2685,27,2
Willow Warbler,54.7973,-3.79499,7.5,Summer,0.2802,22,8
Willow Warbler,54.93243,-5.01918,7.5,Summer,0.2435,74,3
Willow Warbler,54.93243,-4.77434,7.5,Summer,0.369,13,10
Willow Warbler,54.93243,-4.5295,7.5,Summer,0.358,52,11
Willow Warbler,54.93243,-4.28466,7.5,Summer,0.3681,35,10
Willow Warbler,54.93243,-4.03983,7.5,Summer,0.4396,106,27
Willow Warbler,54.93243,-3.79499,7.5,Summer,0.3576,76,17
Willow Warbler,54.93243,-3.55015,7.5,Summer,0.3066,171,38
Willow Warbler,54.93243,-3.30531,7.5,Summer,0.2506,22,5
Willow Warbler,54.93243,-3.06047,7.5,Summer,0.2618,41,9
Willow Warbler,55.06757,-5.01918,7.5,Summer,0.2235,12,1
Willow Warbler,55.06757,-4.77434,7.5,Summer,0.4537,10,6
Willow Warbler,55.06757,-4.5295,7.5,Summer,0.4624,44,22
Willow Warbler,55.06757,-4.28466,7.5,Summer,0.4531,16,6
Willow Warbler,55.06757,-4.03983,7.5,Summer,0.4562,63,23
Willow Warbler,55.06757,-3.79499,7.5,Summer,0.4364,17,2
Willow Warbler,55.06757,-3.55015,7.5,Summer,0.2475,192,24
Willow Warbler,55.06757,-3.30531,7.5,Summer,0.4058,52,10
Willow Warbler,55.06757,-3.06047,7.5,Summer,0.4004,13,1
Willow Warbler,55.2027,-4.77434,7.5,Summer,0.3518,30,2
Willow Warbler,55.2027,-4.28466,7.5,Summer,0.428,23,3
Willow Warbler,55.2027,-4.03983,7.5,Summer,0.4313,23,13
Willow Warbler,55.2027,-3.79499,7.5,Summer,0.4365,14,3
Willow Warbler,55.2027,-3.55015,7.5,Summer,0.4406,9,5
Willow Warbler,55.2027,-3.30531,7.5,Summer,0.4283,58,9
Willow Warbler,55.2027,-3.06047,7.5,Summer,0.4272,22,6
Willow Warbler,55.2027,-2.81564,7.5,Summer,0.4,13,3
Willow Warbler,55.33784,-5.75369,7.5,Summer,0.279,17,4
Willow Warbler,55.33784,-5.50885,7.5,Summer,0.3336,14,11
Willow Warbler,55.33784,-4.77434,7.5,Summer,0.2587,137,8
Willow Warbler,55.33784,-4.5295,7.5,Summer,0.4447,7,1
Willow Warbler,55.33784,-4.28466,7.5,Summer,0.4506,47,20
Willow Warbler,55.33784,-4.03983,7.5,Summer,0.4356,3,1
Willow Warbler,55.33784,-3.79499,7.5,Summer,0.4338,22,5
Willow Warbler,55.33784,-3.55015,7.5,Summer,0.4447,45,18
Willow Warbler,55.33784,-3.30531,7.5,Summer,0.4306,14,8
Willow Warbler,55.33784,-2.5708,7.5,Summer,0.3218,8,1
Willow Warbler,55.47297,-5.75369,7.5,Summer,0.2609,39,1
Willow Warbler,55.47297,-5.50885,7.5,Summer,0.277,25,8
Willow Warbler,55.47297,-5.26402,7.5,Summer,0.2929,20,9
Willow Warbler,55.47297,-5.01918,7.5,Summer,0.2942,38,6
Willow Warbler,55.47297,-4.77434,7.5,Summer,0.2197,450,4
Willow Warbler,55.47297,-4.5295,7.5,Summer,0.326,794,171
Willow Warbler,55.47297,-4.28466,7.5,Summer,0.4331,34,14
Willow Warbler,55.47297,-4.03983,7.5,Summer,0.4398,5,1
Willow Warbler,55.47297,-3.79499,7.5,Summer,0.4377,96,9
Willow Warbler,55.47297,-3.55015,7.5,Summer,0.4103,88,46
Willow Warbler,55.47297,-3.30531,7.5,Summer,0.3887,63,31
Willow Warbler,55.47297,-3.06047,7.5,Summer,0.3464,3,2
Willow Warbler,55.47297,-2.81564,7.5,Summer,0.2999,11,1
Willow Warbler,55.47297,-2.5708,7.5,Summer,0.2898,29,4
Willow Warbler,55.60811,-6.24337,7.5,Summer,0.2408,83,8
Willow Warbler,55.60811,-5.99853,7.5,Summer,0.2763,10,7
Willow Warbler,55.60811,-5.75369,7.5,Summer,0.3204,15,5
Willow Warbler,55.60811,-5.50885,7.5,Summer,0.3031,12,6
Willow Warbler,55.60811,-5.26402,7.5,Summer,0.3679,104,15
Willow Warbler,55.60811,-5.01918,7.5,Summer,0.3552,24,1
Willow Warbler,55.60811,-4.77434,7.5,Summer,0.3766,3125,137
Willow Warbler,55.60811,-4.5295,7.5,Summer,0.1514,27860,1929
Willow Warbler,55.60811,-4.28466,7.5,Summer,0.4129,20,6
Willow Warbler,55.60811,-4.03983,7.5,Summer,0.4026,5,3
Willow Warbler,55.60811,-3.79499,7.5,Summer,0.4045,38,2
Willow Warbler,55.60811,-3.55015,7.5,Summer,0.4203,78,46
Willow Warbler,55.60811,-3.30531,7.5,Summer,0.4184,49,20
Willow Warbler,55.60811,-3.06047,7.5,Summer,0.4023,83,15
Willow Warbler,55.60811,-2.81564,7.5,Summer,0.1594,109,23
Willow Warbler,55.60811,-2.5708,7.5,Summer,0.3446,41,2
Willow Warbler,55.60811,-2.32596,7.5,Summer,0.3486,20,5
Willow Warbler,55.74324,-6.48821,7.5,Summer,0.2577,38,11
Willow Warbler,55.74324,-6.24337,7.5,Summer,0.2483,63,5
Willow Warbler,55.74324,-5.99853,7.5,Summer,0.3214,12,1
Willow Warbler,55.74324,-5.75369,7.5,Summer,0.2743,17,3
Willow Warbler,55.74324,-5.50885,7.5,Summer,0.3415,42,15
Willow Warbler,55.74324,-5.26402,7.5,Summer,0.341,32,7
Willow Warbler,55.74324,-5.01918,7.5,Summer,0.3004,93,9
Willow Warbler,55.74324,-4.77434,7.5,Summer,0.3553,62,2
Willow Warbler,55.74324,-4.5295,7.5,Summer,0.4102,277,99
Willow Warbler,55.74324,-4.28466,7.5,Summer,0.3571,507,38
Willow Warbler,55.74324,-4.03983,7.5,Summer,0.2708,219,51
Willow Warbler,55.74324,-3.79499,7.5,Summer,0.4053,20,3
Willow Warbler,55.74324,-3.55015,7.5,Summer,0.4119,24,14
Willow Warbler,55.74324,-3.30531,7.5,Summer,0.4237,29,10
Willow Warbler,55.74324,-3.06047,7.5,Summer,0.4223,133,59
Willow Warbler,55.74324,-2.81564,7.5,Summer,0.4114,18,6
Willow Warbler,55.74324,-2.5708,7.5,Summer,0.3806,14,3
Willow Warbler,55.74324,-2.32596,7.5,Summer,0.3746,10,3
Willow Warbler,55.74324,-2.08112,7.5,Summer,0.3058,40,3
Willow Warbler,55.87838,-6.24337,7.5,Summer,0.2983,94,30
Willow Warbler,55.87838,-5.99853,7.5,Summer,0.3159,21,2
Willow Warbler,55.87838,-5.75369,7.5,Summer,0.3197,7,5
Willow Warbler,55.87838,-5.50885,7.5,Summer,0.345,48,23
Willow Warbler,55.87838,-5.26402,7.5,Summer,0.3469,24,12
Willow Warbler,55.87838,-5.01918,7.5,Summer,0.3103,15,1
Willow Warbler,55.87838,-4.77434,7.5,Summer,0.3307,45,13
Willow Warbler,55.87838,-4.5295,7.5,Summer,0.3512,292,39
Willow Warbler,55.87838,-4.28466,7.5,Summer,0.1117,1378,74
Willow Warbler,55.87838,-4.03983,7.5,Summer,0.2072,131,17
Willow Warbler,55.87838,-3.79499,7.5,Summer,0.4177,42,20
Willow Warbler,55.87838,-3.55015,7.5,Summer,0.1563,134,50
Willow Warbler,55.87838,-3.30531,7.5,Summer,0.4074,1184,172
Willow Warbler,55.87838,-3.06047,7.5,Summer,0.3994,1626,374
Willow Warbler,55.87838,-2.81564,7.5,Summer,0.4166,98,44
Willow Warbler,55.87838,-2.5708,7.5,Summer,0.3984,109,32
Willow Warbler,55.87838,-2.32596,7.5,Summer,0.3038,75,24
Willow Warbler,55.87838,-2.08112,7.5,Summer,0.2136,295,62
Willow Warbler,56.01351,-6.24337,7.5,Summer,0.2754,22,4
Willow Warbler,56.01351,-5.75369,7.5,Summer,0.3045,13,6
Willow Warbler,56.01351,-5.50885,7.5,Summer,0.3373,37,11
Willow Warbler,56.01351,-5.26402,7.5,Summer,0.341,22,9
Willow Warbler,56.01351,-5.01918,7.5,Summer,0.3431,85,37
Willow Warbler,56.01351,-4.77434,7.5,Summer,0.2905,128,22
Willow Warbler,56.01351,-4.5295,7.5,Summer,0.3989,279,62
Willow Warbler,56.01351,-4.28466,7.5,Summer,0.4123,90,18
Willow Warbler,56.01351,-4.03983,7.5,Summer,0.3967,53,11
Willow Warbler,56.01351,-3.79499,7.5,Summer,0.1395,365,65
Willow Warbler,56.01351,-3.55015,7.5,Summer,0.2542,266,30
Willow Warbler,56.01351,-3.30531,7.5,Summer,0.2765,2181,123
Willow Warbler,56.01351,-3.06047,7.5,Summer,0.2766,2396,272
Willow Warbler,56.01351,-2.81564,7.5,Summer,0.2609,786,77
Willow Warbler,56.01351,-2.5708,7.5,Summer,0.2182,613,101
Willow Warbler,56.01351,-2.32596,7.5,Summer,0.2852,130,14
Willow Warbler,56.14865,-6.24337,7.5,Summer,0.2318,6,1
Willow Warbler,56.14865,-5.50885,7.5,Summer,0.3394,74,25
Willow Warbler,56.14865,-5.26402,7.5,Summer,0.3409,28,5
Willow Warbler,56.14865,-4.77434,7.5,Summer,0.3427,98,14
Willow Warbler,56.14865,-4.5295,7.5,Summer,0.4172,225,51
Willow Warbler,56.14865,-4.28466,7.5,Summer,0.4181,111,43
Willow Warbler,56.14865,-4.03983,7.5,Summer,0.3997,349,45
Willow Warbler,56.14865,-3.79499,7.5,Summer,0.352,328,89
Willow Warbler,56.14865,-3.55015,7.5,Summer,0.3961,114,26
Willow Warbler,56.14865,-3.30531,7.5,Summer,0.4063,405,94
Willow Warbler,56.14865,-3.06047,7.5,Summer,0.2764,158,22
Willow Warbler,56.14865,-2.81564,7.5,Summer,0.2797,174,9
Willow Warbler,56.14865,-2.5708,7.5,Summer,0.3567,245,19
Willow Warbler,56.28378,-6.48821,7.5,Summer,0.0624,238,49
Willow Warbler,56.28378,-6.24337,7.5,Summer,0.2986,89,18
Willow Warbler,56.28378,-5.75369,7.5,Summer,0.3279,34,5
Willow Warbler,56.28378,-5.50885,7.5,Summer,0.3164,51,10
Willow Warbler,56.28378,-5.26402,7.5,Summer,0.4177,19,9
Willow Warbler,56.28378,-5.01918,7.5,Summer,0.3458,74,4
Willow Warbler,56.28378,-4.77434,7.5,Summer,0.3987,90,32
Willow Warbler,56.28378,-4.5295,7.5,Summer,0.4268,49,17
Willow Warbler,56.28378,-4.28466,7.5,Summer,0.4335,205,64
Willow Warbler,56.28378,-4.03983,7.5,Summer,0.4269,8,3
Willow Warbler,56.28378,-3.79499,7.5,Summer,0.4245,77,29
Willow Warbler,56.28378,-3.55015,7.5,Summer,0.4213,35,5
Willow Warbler,56.28378,-3.30531,7.5,Summer,0.4054,90,31
Willow Warbler,56.28378,-3.06047,7.5,Summer,0.4072,322,87
Willow Warbler,56.28378,-2.81564,7.5,Summer,0.312,1122,132
Willow Warbler,56.28378,-2.5708,7.5,Summer,0.1747,524,36
Willow Warbler,56.41892,-6.97788,7.5,Summer,0.1243,37,2
Willow Warbler,56.41892,-6.24337,7.5,Summer,0.2442,224,14
Willow Warbler,56.41892,-5.99853,7.5,Summer,0.32,294,48
Willow Warbler,56.41892,-5.75369,7.5,Summer,0.3125,361,116
Willow Warbler,56.41892,-5.50885,7.5,Summer,0.2312,433,39
Willow Warbler,56.41892,-5.26402,7.5,Summer,0.3478,25,1
Willow Warbler,56.41892,-5.01918,7.5,Summer,0.4053,33,7
Willow Warbler,56.41892,-4.77434,7.5,Summer,0.4175,64,19
Willow Warbler,56.41892,-4.5295,7.5,Summer,0.4274,45,9
Willow Warbler,56.41892,-4.28466,7.5,Summer,0.4412,97,42
Willow Warbler,56.41892,-4.03983,7.5,Summer,0.4374,50,21
Willow Warbler,56.41892,-3.79499,7.5,Summer,0.4269,78,8
Willow Warbler,56.41892,-3.55015,7.5,Summer,0.4087,110,11
Willow Warbler,56.41892,-3.30531,7.5,Summer,0.3154,198,47
Willow Warbler,56.41892,-3.06047,7.5,Summer,0.2995,357,21
Willow Warbler,56.41892,-2.81564,7.5,Summer,0.2475,590,89
Willow Warbler,56.55405,-6.97788,7.5,Summer,0.1238,19,1
Willow Warbler,56.55405,-6.73304,7.5,Summer,0.2899,37,3
Willow Warbler,56.55405,-6.48821,7.5,Summer,0.1137,134,1
Willow Warbler,56.55405,-6.24337,7.5,Summer,0.2515,192,36
Willow Warbler,56.55405,-5.99853,7.5,Summer,0.3297,274,66
Willow Warbler,56.55405,-5.75369,7.5,Summer,0.2355,81,18
Willow Warbler,56.55405,-5.50885,7.5,Summer,0.3497,37,12
Willow Warbler,56.55405,-5.26402,7.5,Summer,0.313,36,9
Willow Warbler,56.55405,-4.77434,7.5,Summer,0.4182,50,10
Willow Warbler,56.55405,-4.5295,7.5,Summer,0.4302,1,1
Willow Warbler,56.55405,-4.28466,7.5,Summer,0.3985,36,21
Willow Warbler,56.55405,-4.03983,7.5,Summer,0.4381,49,12
Willow Warbler,56.55405,-3.79499,7.5,Summer,0.4344,45,14
Willow Warbler,56.55405,-3.55015,7.5,Summer,0.4294,287,70
Willow Warbler,56.55405,-3.30531,7.5,Summer,0.4218,47,6
Willow Warbler,56.55405,-3.06047,7.5,Summer,0.4063,31,12
Willow Warbler,56.55405,-2.81564,7.5,Summer,0.4031,30,6
Willow Warbler,56.55405,-2.5708,7.5,Summer,0.2633,98,8
Willow Warbler,56.68919,-6.48821,7.5,Summer,0.236,30,9
Willow Warbler,56.68919,-6.24337,7.5,Summer,0.2947,70,11
Willow Warbler,56.68919,-5.99853,7.5,Summer,0.3046,168,29
Willow Warbler,56.68919,-5.75369,7.5,Summer,0.311,30,3
Willow Warbler,56.68919,-5.50885,7.5,Summer,0.3437,44,17
Willow Warbler,56.68919,-5.26402,7.5,Summer,0.3058,139,18
Willow Warbler,56.68919,-5.01918,7.5,Summer,0.3513,304,58
Willow Warbler,56.68919,-4.77434,7.5,Summer,0.42,34,10
Willow Warbler,56.68919,-4.5295,7.5,Summer,0.4282,12,2
Willow Warbler,56.68919,-4.28466,7.5,Summer,0.4076,18,13
Willow Warbler,56.68919,-4.03983,7.5,Summer,0.3865,50,31
Willow Warbler,56.68919,-3.79499,7.5,Summer,0.4394,268,60
Willow Warbler,56.68919,-3.55015,7.5,Summer,0.4394,12,3
Willow Warbler,56.68919,-3.30531,7.5,Summer,0.4416,40,21
Willow Warbler,56.68919,-3.06047,7.5,Summer,0.4408,142,94
Willow Warbler,56.68919,-2.81564,7.5,Summer,0.4342,56,18
Willow Warbler,56.68919,-2.5708,7.5,Summer,0.2993,238,61
Willow Warbler,56.68919,-2.32596,7.5,Summer,0.3558,30,4
Willow Warbler,56.82432,-6.24337,7.5,Summer,0.1178,21,2
Willow Warbler,56.82432,-5.99853,7.5,Summer,0.3033,11,4
Willow Warbler,56.82432,-5.75369,7.5,Summer,0.335,93,28
Willow Warbler,56.82432,-5.50885,7.5,Summer,0.3918,78,27
Willow Warbler,56.82432,-5.26402,7.5,Summer,0.3401,33,1
Willow Warbler,56.82432,-5.01918,7.5,Summer,0.2941,276,45
Willow Warbler,56.82432,-4.77434,7.5,Summer,0.4178,22,2
Willow Warbler,56.82432,-4.28466,7.5,Summer,0.444,15,5
Willow Warbler,56.82432,-4.03983,7.5,Summer,0.3398,25,4
Willow Warbler,56.82432,-3.79499,7.5,Summer,0.3219,56,7
Willow Warbler,56.82432,-3.55015,7.5,Summer,0.424,25,4
Willow Warbler,56.82432,-3.30531,7.5,Summer,0.4403,104,7
Willow Warbler,56.82432,-3.06047,7.5,Summer,0.4481,27,15
Willow Warbler,56.82432,-2.81564,7.5,Summer,0.4432,11,7
Willow Warbler,56.82432,-2.5708,7.5,Summer,0.3809,78,17
Willow Warbler,56.82432,-2.32596,7.5,Summer,0.2366,71,5
Willow Warbler,56.95946,-7.46756,7.5,Summer,0.0656,118,7
Willow Warbler,56.95946,-6.24337,7.5,Summer,0.2974,43,9
Willow Warbler,56.95946,-5.99853,7.5,Summer,0.2759,9,4
Willow Warbler,56.95946,-5.75369,7.5,Summer,0.3283,122,10
Willow Warbler,56.95946,-5.26402,7.5,Summer,0.4165,6,5
Willow Warbler,56.95946,-5.01918,7.5,Summer,0.4173,48,16
Willow Warbler,56.95946,-4.77434,7.5,Summer,0.4188,11,4
Willow Warbler,56.95946,-4.5295,7.5,Summer,0.4228,28,15
Willow Warbler,56.95946,-4.28466,7.5,Summer,0.39,75,21
Willow Warbler,56.95946,-3.79499,7.5,Summer,0.3646,2,1
Willow Warbler,56.95946,-3.55015,7.5,Summer,0.3695,70,24
Willow Warbler,56.95946,-3.30531,7.5,Summer,0.3306,105,31
Willow Warbler,56.95946,-3.06047,7.5,Summer,0.3919,26,5
Willow Warbler,56.95946,-2.81564,7.5,Summer,0.4528,64,34
Willow Warbler,56.95946,-2.5708,7.5,Summer,0.4147,21,8
Willow Warbler,56.95946,-2.32596,7.5,Summer,0.366,53,4
Willow Warbler,56.95946,-2.08112,7.5,Summer,0.3132,272,16
Willow Warbler,57.09459,-7.46756,7.5,Summer,0.0598,86,2
Willow Warbler,57.09459,-6.48821,7.5,Summer,0.1651,39,9
Willow Warbler,57.09459,-5.99853,7.5,Summer,0.3068,105,17
Willow Warbler,57.09459,-5.75369,7.5,Summer,0.3077,94,19
Willow Warbler,57.09459,-5.50885,7.5,Summer,0.3135,6,2
Willow Warbler,57.09459,-5.01918,7.5,Summer,0.4128,33,10
Willow Warbler,57.09459,-4.77434,7.5,Summer,0.4179,136,23
Willow Warbler,57.09459,-4.5295,7.5,Summer,0.4265,16,4
Willow Warbler,57.09459,-4.28466,7.5,Summer,0.4499,7,1
Willow Warbler,57.09459,-4.03983,7.5,Summer,0.4511,526,200
Willow Warbler,57.09459,-3.79499,7.5,Summer,0.4467,311,159
Willow Warbler,57.09459,-3.55015,7.5,Summer,0.3354,315,94
Willow Warbler,57.09459,-3.30531,7.5,Summer,0.318,90,14
Willow Warbler,57.09459,-3.06047,7.5,Summer,0.3172,80,21
Willow Warbler,57.09459,-2.81564,7.5,Summer,0.4541,84,38
Willow Warbler,57.09459,-2.5708,7.5,Summer,0.4225,32,5
Willow Warbler,57.09459,-2.32596,7.5,Summer,0.3896,68,19
Willow Warbler,57.09459,-2.08112,7.5,Summer,0.251,1194,155
Willow Warbler,57.22973,-7.46756,7.5,Summer,0.0441,112,15
Willow Warbler,57.22973,-7.22272,7.5,Summer,0.2203,26,17
Willow Warbler,57.22973,-6.48821,7.5,Summer,0.1457,21,5
Willow Warbler,57.22973,-6.24337,7.5,Summer,0.2501,148,15
Willow Warbler,57.22973,-5.99853,7.5,Summer,0.3072,364,45
Willow Warbler,57.22973,-5.75369,7.5,Summer,0.32,148,32
Willow Warbler,57.22973,-5.50885,7.5,Summer,0.322,171,14
Willow Warbler,57.22973,-5.26402,7.5,Summer,0.403,9,2
Willow Warbler,57.22973,-5.01918,7.5,Summer,0.4117,28,10
Willow Warbler,57.22973,-4.77434,7.5,Summer,0.4189,35,14
Willow Warbler,57.22973,-4.5295,7.5,Summer,0.4269,77,16
Willow Warbler,57.22973,-4.03983,7.5,Summer,0.4426,133,28
Willow Warbler,57.22973,-3.79499,7.5,Summer,0.4504,1932,798
Willow Warbler,57.22973,-3.55015,7.5,Summer,0.4603,441,191
Willow Warbler,57.22973,-3.30531,7.5,Summer,0.4472,128,63
Willow Warbler,57.22973,-2.81564,7.5,Summer,0.452,22,10
Willow Warbler,57.22973,-2.5708,7.5,Summer,0.4323,23,8
Willow Warbler,57.22973,-2.32596,7.5,Summer,0.3996,9,1
Willow Warbler,57.22973,-2.08112,7.5,Summer,0.3004,267,45
Willow Warbler,57.36486,-7.46756,7.5,Summer,0.054,123,1
Willow Warbler,57.36486,-7.22272,7.5,Summer,0.1974,80,20
Willow Warbler,57.36486,-6.48821,7.5,Summer,0.2679,93,22
Willow Warbler,57.36486,-6.24337,7.5,Summer,0.1857,292,39
Willow Warbler,57.36486,-5.99853,7.5,Summer,0.3089,33,2
Willow Warbler,57.36486,-5.75369,7.5,Summer,0.3193,65,8
Willow Warbler,57.36486,-5.50885,7.5,Summer,0.3086,51,7
Willow Warbler,57.36486,-4.77434,7.5,Summer,0.4211,58,27
Willow Warbler,57.36486,-4.5295,7.5,Summer,0.4146,222,47
Willow Warbler,57.36486,-4.28466,7.5,Summer,0.4263,264,107
Willow Warbler,57.36486,-4.03983,7.5,Summer,0.4291,86,20
Willow Warbler,57.36486,-3.79499,7.5,Summer,0.436,308,92
Willow Warbler,57.36486,-3.55015,7.5,Summer,0.4433,381,147
Willow Warbler,57.36486,-3.30531,7.5,Summer,0.4424,71,37
Willow Warbler,57.36486,-3.06047,7.5,Summer,0.4457,14,5
Willow Warbler,57.36486,-2.81564,7.5,Summer,0.4476,7,2
Willow Warbler,57.36486,-2.5708,7.5,Summer,0.415,84,39
Willow Warbler,57.36486,-2.32596,7.5,Summer,0.3952,37,5
Willow Warbler,57.36486,-2.08112,7.5,Summer,0.3609,330,91
Willow Warbler,57.36486,-1.83628,7.5,Summer,0.266,74,4
Willow Warbler,57.5,-7.22272,7.5,Summer,0.1948,111,13
Willow Warbler,57.5,-6.73304,7.5,Summer,0.317,402,185
Willow Warbler,57.5,-6.48821,7.5,Summer,0.251,157,21
Willow Warbler,57.5,-6.24337,7.5,Summer,0.2497,189,55
Willow Warbler,57.5,-5.99853,7.5,Summer,0.3238,4,2
Willow Warbler,57.5,-5.75369,7.5,Summer,0.3127,62,8
Willow Warbler,57.5,-5.50885,7.5,Summer,0.3352,59,12
Willow Warbler,57.5,-5.26402,7.5,Summer,0.408,15,7
Willow Warbler,57.5,-5.01918,7.5,Summer,0.4078,8,1
Willow Warbler,57.5,-4.77434,7.5,Summer,0.419,6,3
Willow Warbler,57.5,-4.5295,7.5,Summer,0.4149,186,41
Willow Warbler,57.5,-4.28466,7.5,Summer,0.3092,814,169
Willow Warbler,57.5,-4.03983,7.5,Summer,0.3642,626,186
Willow Warbler,57.5,-3.79499,7.5,Summer,0.4214,60,26
Willow Warbler,57.5,-3.55015,7.5,Summer,0.4273,9,3
Willow Warbler,57.5,-3.30531,7.5,Summer,0.4259,48,15
Willow Warbler,57.5,-3.06047,7.5,Summer,0.4238,11,1
Willow Warbler,57.5,-2.81564,7.5,Summer,0.4294,19,5
Willow Warbler,57.5,-2.5708,7.5,Summer,0.4052,11,2
Willow Warbler,57.5,-2.32596,7.5,Summer,0.3963,17,4
Willow Warbler,57.5,-2.08112,7.5,Summer,0.374,41,10
Willow Warbler,57.5,-1.83628,7.5,Summer,0.282,107,7
Willow Warbler,57.63514,-7.46756,7.5,Summer,0.0497,350,6
Willow Warbler,57.63514,-7.22272,7.5,Summer,0.1913,116,23
Willow Warbler,57.63514,-6.73304,7.5,Summer,0.1198,13,1
Willow Warbler,57.63514,-6.48821,7.5,Summer,0.1351,167,18
Willow Warbler,57.63514,-6.24337,7.5,Summer,0.2359,443,41
Willow Warbler,57.63514,-5.75369,7.5,Summer,0.2588,46,9
Willow Warbler,57.63514,-5.50885,7.5,Summer,0.3547,49,21
Willow Warbler,57.63514,-5.26402,7.5,Summer,0.3956,100,41
Willow Warbler,57.63514,-5.01918,7.5,Summer,0.3773,27,3
Willow Warbler,57.63514,-4.77434,7.5,Summer,0.404,32,10
Willow Warbler,57.63514,-4.5295,7.5,Summer,0.3983,173,53
Willow Warbler,57.63514,-4.28466,7.5,Summer,0.2516,189,11
Willow Warbler,57.63514,-4.03983,7.5,Summer,0.2531,742,130
Willow Warbler,57.63514,-3.79499,7.5,Summer,0.3366,187,30
Willow Warbler,57.63514,-3.55015,7.5,Summer,0.3042,190,27
Willow Warbler,57.63514,-3.30531,7.5,Summer,0.1724,127,26
Willow Warbler,57.63514,-3.06047,7.5,Summer,0.2779,170,24
Willow Warbler,57.63514,-2.81564,7.5,Summer,0.3806,26,1
Willow Warbler,57.63514,-2.32596,7.5,Summer,0.2662,124,13
Willow Warbler,57.63514,-2.08112,7.5,Summer,0.3091,34,1
Willow Warbler,57.63514,-1.83628,7.5,Summer,0.2397,145,38
Willow Warbler,57.77027,-6.97788,7.5,Summer,0.1204,108,7
Willow Warbler,57.77027,-6.73304,7.5,Summer,0.1204,13,1
Willow Warbler,57.77027,-5.75369,7.5,Summer,0.2964,159,28
Willow Warbler,57.77027,-5.50885,7.5,Summer,0.3246,82,9
Willow Warbler,57.77027,-5.01918,7.5,Summer,0.3808,41,13
Willow Warbler,57.77027,-4.28466,7.5,Summer,0.4072,33,16
Willow Warbler,57.77027,-4.03983,7.5,Summer,0.3384,134,36
Willow Warbler,57.77027,-3.79499,7.5,Summer,0.3576,180,39
Willow Warbler,57.77027,-3.55015,7.5,Summer,0.3241,104,2
Willow Warbler,57.77027,-3.30531,7.5,Summer,0.2768,140,6
Willow Warbler,57.90541,-6.97788,7.5,Summer,0.1599,77,1
Willow Warbler,57.90541,-6.73304,7.5,Summer,0.2171,63,4
Willow Warbler,57.90541,-5.75369,7.5,Summer,0.2938,41,3
Willow Warbler,57.90541,-5.50885,7.5,Summer,0.3139,122,22
Willow Warbler,57.90541,-5.26402,7.5,Summer,0.2656,175,15
Willow Warbler,57.90541,-5.01918,7.5,Summer,0.3327,18,3
Willow Warbler,57.90541,-4.77434,7.5,Summer,0.3909,11,4
Willow Warbler,57.90541,-4.5295,7.5,Summer,0.4015,28,12
Willow Warbler,57.90541,-4.28466,7.5,Summer,0.3418,66,26
Willow Warbler,57.90541,-4.03983,7.5,Summer,0.3304,246,23
Willow Warbler,57.90541,-3.79499,7.5,Summer,0.3306,52,15
Willow Warbler,58.04054,-6.97788,7.5,Summer,0.1615,28,2
Willow Warbler,58.04054,-6.73304,7.5,Summer,0.1762,36,9
Willow Warbler,58.04054,-6.48821,7.5,Summer,0.1394,51,3
Willow Warbler,58.04054,-5.50885,7.5,Summer,0.3194,7,2
Willow Warbler,58.04054,-5.26402,7.5,Summer,0.3208,31,5
Willow Warbler,58.04054,-5.01918,7.5,Summer,0.3689,24,3
Willow Warbler,58.04054,-4.5295,7.5,Summer,0.4129,45,32
Willow Warbler,58.04054,-4.28466,7.5,Summer,0.4124,26,5
Willow Warbler,58.04054,-4.03983,7.5,Summer,0.3947,57,8
Willow Warbler,58.04054,-3.79499,7.5,Summer,0.2617,81,5
Willow Warbler,58.17568,-6.97788,7.5,Summer,0.1365,82,2
Willow Warbler,58.17568,-6.73304,7.5,Summer,0.1938,84,8
Willow Warbler,58.17568,-6.48821,7.5,Summer,0.1438,142,27
Willow Warbler,58.17568,-6.24337,7.5,Summer,0.2043,101,2
Willow Warbler,58.17568,-5.26402,7.5,Summer,0.3082,123,35
Willow Warbler,58.17568,-5.01918,7.5,Summer,0.3098,52,17
Willow Warbler,58.17568,-4.77434,7.5,Summer,0.3436,4,2
Willow Warbler,58.17568,-4.5295,7.5,Summer,0.3413,7,2
Willow Warbler,58.17568,-3.79499,7.5,Summer,0.4157,23,5
Willow Warbler,58.17568,-3.55015,7.5,Summer,0.2936,44,11
Willow Warbler,58.17568,-3.30531,7.5,Summer,0.3602,48,1
Willow Warbler,58.31081,-6.73304,7.5,Summer,0.1777,126,1
Willow Warbler,58.31081,-6.24337,7.5,Summer,0.18,163,12
Willow Warbler,58.31081,-5.26402,7.5,Summer,0.3238,70,17
Willow Warbler,58.31081,-5.01918,7.5,Summer,0.3047,40,13
Willow Warbler,58.31081,-4.28466,7.5,Summer,0.3907,20,3
Willow Warbler,58.31081,-4.03983,7.5,Summer,0.4164,14,3
Willow Warbler,58.31081,-3.79499,7.5,Summer,0.4069,47,15
Willow Warbler,58.31081,-3.55015,7.5,Summer,0.3896,4,1
Willow Warbler,58.31081,-3.30531,7.5,Summer,0.253,52,13
Willow Warbler,58.31081,-3.06047,7.5,Summer,0.3347,6,1
Willow Warbler,58.44595,-6.24337,7.5,Summer,0.1747,130,2
Willow Warbler,58.44595,-5.26402,7.5,Summer,0.3625,94,23
Willow Warbler,58.44595,-5.01918,7.5,Summer,0.2546,54,19
Willow Warbler,58.44595,-4.77434,7.5,Summer,0.2471,11,2
Willow Warbler,58.44595,-4.5295,7.5,Summer,0.3127,33,14
Willow Warbler,58.44595,-4.28466,7.5,Summer,0.4021,27,20
Willow Warbler,58.44595,-3.79499,7.5,Summer,0.3847,16,2
Willow Warbler,58.44595,-3.55015,7.5,Summer,0.3768,5,2
Willow Warbler,58.44595,-3.30531,7.5,Summer,0.3552,6,1
Willow Warbler,58.44595,-3.06047,7.5,Summer,0.1673,74,8
Willow Warbler,58.58108,-4.77434,7.5,Summer,0.1209,110,4
Willow Warbler,58.58108,-4.5295,7.5,Summer,0.1433,26,4
Willow Warbler,58.58108,-4.28466,7.5,Summer,0.1702,31,5
Willow Warbler,58.58108,-4.03983,7.5,Summer,0.1377,37,9
Willow Warbler,58.58108,-3.79499,7.5,Summer,0.1395,34,2
Willow Warbler,58.58108,-3.55015,7.5,Summer,0.1812,117,5
Willow Warbler,58.58108,-3.30531,7.5,Summer,0.1413,172,33
Willow Warbler,58.58108,-3.06047,7.5,Summer,0.0996,174,2
Willow Warbler,58.71622,-3.30531,7.5,Summer,0.1103,103,6
Willow Warbler,58.71622,-3.06047,7.5,Summer,0.1075,37,1
Willow Warbler,58.85135,-3.30531,7.5,Summer,0.0966,113,17
Willow Warbler,58.85135,-3.06047,7.5,Summer,0.1029,70,2
Willow Warbler,58.98649,-3.30531,7.5,Summer,0.0785,530,2
Willow Warbler,58.98649,-3.06047,7.5,Summer,0.1199,416,58
Willow Warbler,58.98649,-2.81564,7.5,Summer,0.1016,119,1
Willow Warbler,59.12162,-3.30531,7.5,Summer,0.047,447,2
Willow Warbler,59.12162,-3.06047,7.5,Summer,0.0503,316,6
Willow Warbler,59.39189,-2.32596,7.5,Summer,0.1038,184,24
Willow Warbler,59.52703,-1.59145,7.5,Summer,0.0436,354,90
Willow Warbler,59.7973,-1.34661,7.5,Summer,0.082,226,3
Willow Warbler,59.93243,-1.34661,7.5,Summer,0.0255,1489,98
Willow Warbler,59.93243,-1.10177,7.5,Summer,0.087,126,2
Willow Warbler,60.06757,-1.34661,7.5,Summer,0.0413,208,8
Willow Warbler,60.06757,-1.10177,7.5,Summer,0.0673,75,2
Willow Warbler,60.2027,-1.34661,7.5,Summer,0.0383,126,3
Willow Warbler,60.2027,-1.10177,7.5,Summer,0.0608,394,30
Willow Warbler,60.33784,-1.34661,7.5,Summer,0.0283,85,9
Willow Warbler,60.47297,-1.34661,7.5,Summer,0.0256,54,1
Willow Warbler,60.47297,-0.85693,7.5,Summer,0.1005,10,5
Willow Warbler,60.60811,-1.10177,7.5,Summer,0.0266,58,7
Willow Warbler,60.60811,-0.85693,7.5,Summer,0.0454,218,1
Willow Warbler,60.74324,-0.85693,7.5,Summer,0.0471,401,8
Willow Warbler,60.87838,-0.85693,7.5,Summer,0.0583,127,2
