species,lat_centre,lon_centre,cell_radius_km,season,likelihood_score,sample_checklists,detections
Arctic Tern,54.7973,-5.01918,7.5,Autumn,0.0044,38,1
Arctic Tern,55.06757,-5.26402,7.5,Autumn,0.0033,16,1
Arctic Tern,55.47297,-4.77434,7.5,Autumn,0.0037,581,1
Arctic Tern,55.60811,-6.24337,7.5,Autumn,0.0025,96,1
Arctic Tern,55.60811,-4.77434,7.5,Autumn,0.0026,3758,12
Arctic Tern,55.74324,-4.03983,7.5,Autumn,0.0021,208,1
Arctic Tern,55.87838,-3.06047,7.5,Autumn,0.0026,1429,2
Arctic Tern,55.87838,-2.32596,7.5,Autumn,0.0036,105,2
Arctic Tern,55.87838,-2.08112,7.5,Autumn,0.0052,169,6
Arctic Tern,56.01351,-5.50885,7.5,Autumn,0.0034,48,2
Arctic Tern,56.01351,-3.79499,7.5,Autumn,0.0028,285,2
Arctic Tern,56.01351,-3.55015,7.5,Autumn,0.0033,300,3
Arctic Tern,56.01351,-3.30531,7.5,Autumn,0.0051,1675,15
Arctic Tern,56.01351,-3.06047,7.5,Autumn,0.0049,1856,23
Arctic Tern,56.01351,-2.81564,7.5,Autumn,0.0045,652,2
Arctic Tern,56.01351,-2.5708,7.5,Autumn,0.0056,447,5
Arctic Tern,56.01351,-2.32596,7.5,Autumn,0.0058,379,7
Arctic Tern,56.14865,-3.30531,7.5,Autumn,0.0031,374,1
Arctic Tern,56.28378,-2.81564,7.5,Autumn,0.0057,885,5
Arctic Tern,56.28378,-2.5708,7.5,Autumn,0.0157,604,29
Arctic Tern,56.41892,-6.97788,7.5,Autumn,0.0038,2,1
Arctic Tern,56.41892,-5.99853,7.5,Autumn,0.0035,72,1
Arctic Tern,56.41892,-5.75369,7.5,Autumn,0.0048,123,2
Arctic Tern,56.41892,-5.50885,7.5,Autumn,0.0033,147,1
Arctic Tern,56.41892,-3.30531,7.5,Autumn,0.0032,131,2
Arctic Tern,56.41892,-2.81564,7.5,Autumn,0.0092,548,6
Arctic Tern,56.55405,-5.50885,7.5,Autumn,0.0032,22,1
Arctic Tern,56.55405,-2.81564,7.5,Autumn,0.0084,26,1
Arctic Tern,56.55405,-2.5708,7.5,Autumn,0.0176,60,3
Arctic Tern,56.68919,-2.5708,7.5,Autumn,0.014,265,8
Arctic Tern,56.68919,-2.32596,7.5,Autumn,0.0103,26,11
Arctic Tern,56.82432,-2.32596,7.5,Autumn,0.0059,51,2
Arctic Tern,56.95946,-7.46756,7.5,Autumn,0.0043,26,2
Arctic Tern,57.09459,-5.75369,7.5,Autumn,0.0046,33,2
Arctic Tern,57.09459,-2.08112,7.5,Autumn,0.0073,1071,28
Arctic Tern,57.22973,-7.46756,7.5,Autumn,0.0042,56,1
Arctic Tern,57.22973,-5.99853,7.5,Autumn,0.0035,170,4
Arctic Tern,57.22973,-2.08112,7.5,Autumn,0.0084,282,4
Arctic Tern,57.36486,-5.75369,7.5,Autumn,0.0047,43,3
Arctic Tern,57.36486,-2.08112,7.5,Autumn,0.0063,200,2
Arctic Tern,57.36486,-1.83628,7.5,Autumn,0.0098,66,1
Arctic Tern,57.5,-1.83628,7.5,Autumn,0.0119,45,5
Arctic Tern,57.63514,-7.46756,7.5,Autumn,0.0036,72,1
Arctic Tern,57.63514,-4.28466,7.5,Autumn,0.0031,93,1
Arctic Tern,57.63514,-4.03983,7.5,Autumn,0.007,581,14
Arctic Tern,57.63514,-3.79499,7.5,Autumn,0.0057,202,2
Arctic Tern,57.63514,-3.55015,7.5,Autumn,0.0055,283,3
Arctic Tern,57.63514,-3.06047,7.5,Autumn,0.0052,109,2
Arctic Tern,57.63514,-2.32596,7.5,Autumn,0.0049,32,1
Arctic Tern,57.63514,-2.08112,7.5,Autumn,0.0056,39,1
Arctic Tern,57.63514,-1.83628,7.5,Autumn,0.0086,165,2
Arctic Tern,57.77027,-4.03983,7.5,Autumn,0.0078,104,2
Arctic Tern,57.77027,-3.79499,7.5,Autumn,0.0076,172,1
Arctic Tern,57.77027,-3.55015,7.5,Autumn,0.008,162,1
Arctic Tern,57.77027,-3.30531,7.5,Autumn,0.008,202,2
Arctic Tern,57.90541,-4.03983,7.5,Autumn,0.0077,167,1
Arctic Tern,57.90541,-3.79499,7.5,Autumn,0.008,76,4
Arctic Tern,58.04054,-3.79499,7.5,Autumn,0.0103,34,3
Arctic Tern,58.17568,-6.97788,7.5,Autumn,0.0045,67,1
Arctic Tern,58.17568,-6.73304,7.5,Autumn,0.0047,14,1
Arctic Tern,58.17568,-6.24337,7.5,Autumn,0.0059,72,2
Arctic Tern,58.17568,-3.55015,7.5,Autumn,0.0117,13,3
Arctic Tern,58.31081,-6.73304,7.5,Autumn,0.0069,87,3
Arctic Tern,58.31081,-6.24337,7.5,Autumn,0.01,117,11
Arctic Tern,58.44595,-6.24337,7.5,Autumn,0.0084,109,2
Arctic Tern,58.44595,-3.06047,7.5,Autumn,0.0069,54,2
Arctic Tern,58.58108,-6.24337,7.5,Autumn,0.0106,58,4
Arctic Tern,58.58108,-4.77434,7.5,Autumn,0.0076,66,3
Arctic Tern,58.58108,-4.03983,7.5,Autumn,0.008,21,1
Arctic Tern,58.58108,-3.55015,7.5,Autumn,0.0086,31,1
Arctic Tern,58.71622,-3.06047,7.5,Autumn,0.0073,35,2
Arctic Tern,58.85135,-3.06047,7.5,Autumn,0.0089,54,1
Arctic Tern,58.85135,-2.81564,7.5,Autumn,0.0176,100,8
Arctic Tern,58.98649,-3.30531,7.5,Autumn,0.0071,157,2
Arctic Tern,58.98649,-3.06047,7.5,Autumn,0.0062,134,1
Arctic Tern,58.98649,-2.81564,7.5,Autumn,0.0094,98,4
Arctic Tern,59.12162,-3.30531,7.5,Autumn,0.008,100,1
Arctic Tern,59.12162,-3.06047,7.5,Autumn,0.0067,80,2
Arctic Tern,59.39189,-2.32596,7.5,Autumn,0.0126,327,29
Arctic Tern,59.52703,-1.59145,7.5,Autumn,0.0062,323,2
Arctic Tern,59.93243,-1.34661,7.5,Autumn,0.0081,2628,38
Arctic Tern,59.93243,-1.10177,7.5,Autumn,0.0069,77,4
Arctic Tern,60.06757,-1.34661,7.5,Autumn,0.0114,907,10
Arctic Tern,60.06757,-1.10177,7.5,Autumn,0.0051,253,4
Arctic Tern,60.2027,-1.34661,7.5,Autumn,0.0078,500,2
Arctic Tern,60.33784,-1.59145,7.5,Autumn,0.0053,107,9
Arctic Tern,60.33784,-1.34661,7.5,Autumn,0.0071,397,2
Arctic Tern,60.33784,-1.10177,7.5,Autumn,0.0049,219,1
Arctic Tern,60.47297,-1.34661,7.5,Autumn,0.007,240,3
Arctic Tern,60.47297,-1.10177,7.5,Autumn,0.0056,149,2
Arctic Tern,60.47297,-0.85693,7.5,Autumn,0.0055,36,5
Arctic Tern,60.60811,-0.85693,7.5,Autumn,0.0053,32,1
Arctic Tern,60.74324,-0.85693,7.5,Autumn,0.0051,798,6
Arctic Tern,60.87838,-0.85693,7.5,Autumn,0.0057,125,4
Arctic Tern,54.93243,-3.55015,7.5,Spring,0.002,256,1
Arctic Tern,54.93243,-3.06047,7.5,Spring,0.0028,53,1
Arctic Tern,55.47297,-5.75369,7.5,Spring,0.0103,50,2
Arctic Tern,55.47297,-4.77434,7.5,Spring,0.0038,561,9
Arctic Tern,55.60811,-6.24337,7.5,Spring,0.0079,237,7
Arctic Tern,55.60811,-5.99853,7.5,Spring,0.0069,16,1
Arctic Tern,55.60811,-4.77434,7.5,Spring,0.0031,3607,9
Arctic Tern,55.74324,-6.48821,7.5,Spring,0.1009,81,14
Arctic Tern,55.74324,-6.24337,7.5,Spring,0.0128,131,2
Arctic Tern,55.87838,-5.99853,7.5,Spring,0.0074,48,1
Arctic Tern,55.87838,-5.50885,7.5,Spring,0.0034,30,1
Arctic Tern,55.87838,-4.5295,7.5,Spring,0.0024,458,1
Arctic Tern,55.87838,-4.28466,7.5,Spring,0.0024,2168,4
Arctic Tern,55.87838,-3.06047,7.5,Spring,0.0023,2165,1
Arctic Tern,55.87838,-2.32596,7.5,Spring,0.0023,169,1
Arctic Tern,56.01351,-6.24337,7.5,Spring,0.0141,34,5
Arctic Tern,56.01351,-5.75369,7.5,Spring,0.0083,19,1
Arctic Tern,56.01351,-5.26402,7.5,Spring,0.0029,45,1
Arctic Tern,56.01351,-4.77434,7.5,Spring,0.0025,189,1
Arctic Tern,56.01351,-3.30531,7.5,Spring,0.0023,2906,2
Arctic Tern,56.01351,-3.06047,7.5,Spring,0.0024,2432,7
Arctic Tern,56.01351,-2.81564,7.5,Spring,0.0026,928,7
Arctic Tern,56.01351,-2.5708,7.5,Spring,0.0082,754,4
Arctic Tern,56.14865,-6.24337,7.5,Spring,0.0127,11,1
Arctic Tern,56.14865,-5.50885,7.5,Spring,0.0031,78,1
Arctic Tern,56.14865,-3.06047,7.5,Spring,0.0027,422,4
Arctic Tern,56.14865,-2.81564,7.5,Spring,0.0032,399,23
Arctic Tern,56.14865,-2.5708,7.5,Spring,0.0134,243,59
Arctic Tern,56.28378,-6.48821,7.5,Spring,0.042,342,31
Arctic Tern,56.28378,-2.81564,7.5,Spring,0.0036,1514,11
Arctic Tern,56.28378,-2.5708,7.5,Spring,0.0231,559,26
Arctic Tern,56.41892,-6.97788,7.5,Spring,0.2234,28,10
Arctic Tern,56.41892,-6.24337,7.5,Spring,0.0305,177,7
Arctic Tern,56.41892,-5.75369,7.5,Spring,0.0186,385,17
Arctic Tern,56.41892,-5.50885,7.5,Spring,0.0079,396,15
Arctic Tern,56.41892,-2.81564,7.5,Spring,0.0037,655,2
Arctic Tern,56.55405,-6.97788,7.5,Spring,0.2642,33,8
Arctic Tern,56.55405,-6.73304,7.5,Spring,0.0754,34,9
Arctic Tern,56.55405,-6.48821,7.5,Spring,0.1024,149,14
Arctic Tern,56.55405,-6.24337,7.5,Spring,0.0541,182,2
Arctic Tern,56.55405,-5.99853,7.5,Spring,0.0408,283,6
Arctic Tern,56.55405,-5.75369,7.5,Spring,0.0386,158,6
Arctic Tern,56.68919,-6.73304,7.5,Spring,0.0652,4,1
Arctic Tern,56.68919,-6.48821,7.5,Spring,0.0861,42,7
Arctic Tern,56.68919,-6.24337,7.5,Spring,0.0611,84,5
Arctic Tern,56.68919,-5.99853,7.5,Spring,0.0483,205,4
Arctic Tern,56.68919,-5.75369,7.5,Spring,0.0429,96,3
Arctic Tern,56.68919,-5.50885,7.5,Spring,0.0098,74,2
Arctic Tern,56.68919,-5.26402,7.5,Spring,0.0047,113,1
Arctic Tern,56.68919,-5.01918,7.5,Spring,0.0031,215,1
Arctic Tern,56.68919,-2.5708,7.5,Spring,0.0124,253,4
Arctic Tern,56.82432,-6.24337,7.5,Spring,0.0652,25,6
Arctic Tern,56.82432,-5.99853,7.5,Spring,0.0527,17,2
Arctic Tern,56.82432,-5.75369,7.5,Spring,0.0421,83,3
Arctic Tern,56.95946,-7.46756,7.5,Spring,0.2639,82,12
Arctic Tern,56.95946,-6.73304,7.5,Spring,0.0663,2,2
Arctic Tern,56.95946,-6.24337,7.5,Spring,0.0726,108,13
Arctic Tern,56.95946,-5.99853,7.5,Spring,0.061,11,1
Arctic Tern,56.95946,-5.75369,7.5,Spring,0.0432,175,4
Arctic Tern,57.09459,-7.46756,7.5,Spring,0.2771,60,11
Arctic Tern,57.09459,-7.22272,7.5,Spring,0.2842,65,12
Arctic Tern,57.09459,-5.99853,7.5,Spring,0.0529,100,8
Arctic Tern,57.09459,-3.30531,7.5,Spring,0.0029,78,1
Arctic Tern,57.09459,-2.08112,7.5,Spring,0.0057,1560,15
Arctic Tern,57.22973,-7.46756,7.5,Spring,0.3247,214,62
Arctic Tern,57.22973,-7.22272,7.5,Spring,0.302,50,18
Arctic Tern,57.22973,-6.97788,7.5,Spring,0.2975,1,1
Arctic Tern,57.22973,-6.24337,7.5,Spring,0.0288,115,6
Arctic Tern,57.22973,-5.99853,7.5,Spring,0.0261,315,1
Arctic Tern,57.22973,-5.75369,7.5,Spring,0.0228,159,1
Arctic Tern,57.22973,-3.79499,7.5,Spring,0.0028,2240,1
Arctic Tern,57.22973,-2.08112,7.5,Spring,0.0084,488,3
Arctic Tern,57.22973,-1.83628,7.5,Spring,0.0396,6,1
Arctic Tern,57.36486,-7.46756,7.5,Spring,0.3318,199,51
Arctic Tern,57.36486,-7.22272,7.5,Spring,0.2945,119,16
Arctic Tern,57.36486,-6.73304,7.5,Spring,0.0128,87,1
Arctic Tern,57.36486,-6.48821,7.5,Spring,0.0231,77,1
Arctic Tern,57.36486,-6.24337,7.5,Spring,0.0195,242,2
Arctic Tern,57.36486,-5.75369,7.5,Spring,0.0182,69,2
Arctic Tern,57.36486,-5.01918,7.5,Spring,0.0037,15,1
Arctic Tern,57.36486,-2.08112,7.5,Spring,0.0088,274,61
Arctic Tern,57.36486,-1.83628,7.5,Spring,0.0271,69,1
Arctic Tern,57.5,-7.46756,7.5,Spring,0.3137,266,117
Arctic Tern,57.5,-7.22272,7.5,Spring,0.2953,151,24
Arctic Tern,57.5,-6.73304,7.5,Spring,0.0098,445,6
Arctic Tern,57.5,-6.48821,7.5,Spring,0.0216,129,4
Arctic Tern,57.5,-5.99853,7.5,Spring,0.0159,6,1
Arctic Tern,57.5,-5.75369,7.5,Spring,0.0169,47,3
Arctic Tern,57.5,-4.03983,7.5,Spring,0.0032,691,4
Arctic Tern,57.63514,-7.46756,7.5,Spring,0.3236,489,140
Arctic Tern,57.63514,-7.22272,7.5,Spring,0.3533,123,28
Arctic Tern,57.63514,-6.97788,7.5,Spring,0.3299,10,1
Arctic Tern,57.63514,-6.73304,7.5,Spring,0.0705,5,2
Arctic Tern,57.63514,-6.48821,7.5,Spring,0.076,131,9
Arctic Tern,57.63514,-6.24337,7.5,Spring,0.0543,360,5
Arctic Tern,57.63514,-4.28466,7.5,Spring,0.0139,160,10
Arctic Tern,57.63514,-4.03983,7.5,Spring,0.0161,569,11
Arctic Tern,57.63514,-3.55015,7.5,Spring,0.018,328,8
Arctic Tern,57.63514,-3.30531,7.5,Spring,0.0182,232,2
Arctic Tern,57.63514,-3.06047,7.5,Spring,0.0211,167,29
Arctic Tern,57.63514,-2.32596,7.5,Spring,0.0133,147,2
Arctic Tern,57.63514,-2.08112,7.5,Spring,0.0205,51,3
Arctic Tern,57.63514,-1.83628,7.5,Spring,0.0663,232,12
Arctic Tern,57.77027,-8.69175,7.5,Spring,0.0316,65,1
Arctic Tern,57.77027,-7.95723,7.5,Spring,0.2336,1,1
Arctic Tern,57.77027,-7.22272,7.5,Spring,0.3255,66,35
Arctic Tern,57.77027,-6.97788,7.5,Spring,0.3051,68,14
Arctic Tern,57.77027,-5.75369,7.5,Spring,0.0349,131,9
Arctic Tern,57.77027,-3.55015,7.5,Spring,0.021,157,6
Arctic Tern,57.77027,-3.30531,7.5,Spring,0.0386,165,13
Arctic Tern,57.90541,-6.97788,7.5,Spring,0.2268,91,15
Arctic Tern,57.90541,-6.73304,7.5,Spring,0.0526,58,3
Arctic Tern,57.90541,-6.24337,7.5,Spring,0.065,31,1
Arctic Tern,57.90541,-5.75369,7.5,Spring,0.0465,31,3
Arctic Tern,57.90541,-5.50885,7.5,Spring,0.0413,117,13
Arctic Tern,57.90541,-4.03983,7.5,Spring,0.0145,326,2
Arctic Tern,57.90541,-3.79499,7.5,Spring,0.0164,70,1
Arctic Tern,58.04054,-6.97788,7.5,Spring,0.2003,23,8
Arctic Tern,58.04054,-6.73304,7.5,Spring,0.0617,42,6
Arctic Tern,58.04054,-6.48821,7.5,Spring,0.0773,31,1
Arctic Tern,58.04054,-5.75369,7.5,Spring,0.0472,13,1
Arctic Tern,58.04054,-3.79499,7.5,Spring,0.0198,75,7
Arctic Tern,58.17568,-6.97788,7.5,Spring,0.2075,41,7
Arctic Tern,58.17568,-6.73304,7.5,Spring,0.1179,86,10
Arctic Tern,58.17568,-6.48821,7.5,Spring,0.1276,169,14
Arctic Tern,58.17568,-6.24337,7.5,Spring,0.1224,77,13
Arctic Tern,58.17568,-5.50885,7.5,Spring,0.0756,17,1
Arctic Tern,58.17568,-5.26402,7.5,Spring,0.0556,130,14
Arctic Tern,58.31081,-6.97788,7.5,Spring,0.3114,33,5
Arctic Tern,58.31081,-6.73304,7.5,Spring,0.3008,84,20
Arctic Tern,58.31081,-6.48821,7.5,Spring,0.3058,58,9
Arctic Tern,58.31081,-6.24337,7.5,Spring,0.329,135,21
Arctic Tern,58.31081,-5.26402,7.5,Spring,0.173,43,6
Arctic Tern,58.31081,-5.01918,7.5,Spring,0.0684,43,3
Arctic Tern,58.44595,-6.24337,7.5,Spring,0.3505,106,24
Arctic Tern,58.44595,-5.26402,7.5,Spring,0.2369,89,45
Arctic Tern,58.44595,-5.01918,7.5,Spring,0.1098,31,1
Arctic Tern,58.44595,-3.06047,7.5,Spring,0.1626,87,7
Arctic Tern,58.58108,-6.24337,7.5,Spring,0.346,71,28
Arctic Tern,58.58108,-4.77434,7.5,Spring,0.1958,149,15
Arctic Tern,58.58108,-4.28466,7.5,Spring,0.1946,22,4
Arctic Tern,58.58108,-3.79499,7.5,Spring,0.1988,34,6
Arctic Tern,58.58108,-3.55015,7.5,Spring,0.2133,95,11
Arctic Tern,58.58108,-3.30531,7.5,Spring,0.2256,100,27
Arctic Tern,58.58108,-3.06047,7.5,Spring,0.2188,142,13
Arctic Tern,58.71622,-3.30531,7.5,Spring,0.2878,86,2
Arctic Tern,58.71622,-3.06047,7.5,Spring,0.2781,32,4
Arctic Tern,58.85135,-3.55015,7.5,Spring,0.1947,6,1
Arctic Tern,58.85135,-3.30531,7.5,Spring,0.2996,97,13
Arctic Tern,58.85135,-3.06047,7.5,Spring,0.3012,66,13
Arctic Tern,58.85135,-2.81564,7.5,Spring,0.2937,115,31
Arctic Tern,58.98649,-3.30531,7.5,Spring,0.2977,299,78
Arctic Tern,58.98649,-3.06047,7.5,Spring,0.2954,323,29
Arctic Tern,58.98649,-2.81564,7.5,Spring,0.3055,106,13
Arctic Tern,59.12162,-3.30531,7.5,Spring,0.3176,228,37
Arctic Tern,59.12162,-3.06047,7.5,Spring,0.3125,182,19
Arctic Tern,59.12162,-2.81564,7.5,Spring,0.3187,15,5
Arctic Tern,59.12162,-2.5708,7.5,Spring,0.2111,7,1
Arctic Tern,59.25676,-3.06047,7.5,Spring,0.3232,27,10
Arctic Tern,59.25676,-2.81564,7.5,Spring,0.3274,23,4
Arctic Tern,59.25676,-2.5708,7.5,Spring,0.3506,8,5
Arctic Tern,59.39189,-3.06047,7.5,Spring,0.3107,21,3
Arctic Tern,59.39189,-2.81564,7.5,Spring,0.3133,24,10
Arctic Tern,59.39189,-2.32596,7.5,Spring,0.2447,344,144
Arctic Tern,59.39189,-1.59145,7.5,Spring,0.234,3,1
Arctic Tern,59.52703,-1.59145,7.5,Spring,0.2761,456,88
Arctic Tern,59.7973,-1.34661,7.5,Spring,0.3468,175,28
Arctic Tern,59.93243,-1.34661,7.5,Spring,0.4039,1629,390
Arctic Tern,59.93243,-1.10177,7.5,Spring,0.3736,131,35
Arctic Tern,60.06757,-2.08112,7.5,Spring,0.2387,22,6
Arctic Tern,60.06757,-1.34661,7.5,Spring,0.3987,437,59
Arctic Tern,60.06757,-1.10177,7.5,Spring,0.3651,123,27
Arctic Tern,60.2027,-1.59145,7.5,Spring,0.3863,49,12
Arctic Tern,60.2027,-1.34661,7.5,Spring,0.4031,134,18
Arctic Tern,60.2027,-1.10177,7.5,Spring,0.3807,488,112
Arctic Tern,60.33784,-1.59145,7.5,Spring,0.3879,34,11
Arctic Tern,60.33784,-1.34661,7.5,Spring,0.4005,70,10
Arctic Tern,60.33784,-1.10177,7.5,Spring,0.3806,26,5
Arctic Tern,60.33784,-0.85693,7.5,Spring,0.3678,5,2
Arctic Tern,60.47297,-1.59145,7.5,Spring,0.389,71,21
Arctic Tern,60.47297,-1.34661,7.5,Spring,0.4022,52,9
Arctic Tern,60.47297,-1.10177,7.5,Spring,0.3809,58,19
Arctic Tern,60.47297,-0.85693,7.5,Spring,0.3682,26,6
Arctic Tern,60.60811,-1.34661,7.5,Spring,0.3794,24,4
Arctic Tern,60.60811,-1.10177,7.5,Spring,0.3665,33,1
Arctic Tern,60.60811,-0.85693,7.5,Spring,0.3547,78,26
Arctic Tern,60.74324,-1.10177,7.5,Spring,0.3533,20,4
Arctic Tern,60.74324,-0.85693,7.5,Spring,0.3482,385,73
Arctic Tern,60.87838,-0.85693,7.5,Spring,0.0998,114,12
Arctic Tern,54.93243,-3.06047,7.5,Summer,0.0044,41,1
Arctic Tern,55.06757,-5.26402,7.5,Summer,0.0079,23,2
Arctic Tern,55.33784,-4.77434,7.5,Summer,0.0063,137,1
Arctic Tern,55.47297,-5.75369,7.5,Summer,0.0288,39,4
Arctic Tern,55.47297,-4.77434,7.5,Summer,0.0122,450,39
Arctic Tern,55.47297,-4.5295,7.5,Summer,0.0024,794,13
Arctic Tern,55.60811,-6.24337,7.5,Summer,0.0262,83,1
Arctic Tern,55.60811,-4.77434,7.5,Summer,0.0117,3125,94
Arctic Tern,55.74324,-6.48821,7.5,Summer,0.1567,38,9
Arctic Tern,55.74324,-6.24337,7.5,Summer,0.0645,63,5
Arctic Tern,55.74324,-5.75369,7.5,Summer,0.0451,17,1
Arctic Tern,55.74324,-5.26402,7.5,Summer,0.0144,32,1
Arctic Tern,55.74324,-4.03983,7.5,Summer,0.0024,219,1
Arctic Tern,55.87838,-6.24337,7.5,Summer,0.0524,94,10
Arctic Tern,55.87838,-5.99853,7.5,Summer,0.0475,21,2
Arctic Tern,55.87838,-5.50885,7.5,Summer,0.0228,48,2
Arctic Tern,55.87838,-4.77434,7.5,Summer,0.0125,45,1
Arctic Tern,55.87838,-4.5295,7.5,Summer,0.0023,292,1
Arctic Tern,55.87838,-3.06047,7.5,Summer,0.0039,1626,13
Arctic Tern,55.87838,-2.08112,7.5,Summer,0.01,295,14
Arctic Tern,56.01351,-6.24337,7.5,Summer,0.0273,22,1
Arctic Tern,56.01351,-5.99853,7.5,Summer,0.0219,3,1
Arctic Tern,56.01351,-4.77434,7.5,Summer,0.0056,128,1
Arctic Tern,56.01351,-3.30531,7.5,Summer,0.0638,2181,58
Arctic Tern,56.01351,-3.06047,7.5,Summer,0.0679,2396,95
Arctic Tern,56.01351,-2.81564,7.5,Summer,0.0503,786,30
Arctic Tern,56.01351,-2.5708,7.5,Summer,0.1215,613,36
Arctic Tern,56.01351,-2.32596,7.5,Summer,0.0356,130,4
Arctic Tern,56.14865,-3.30531,7.5,Summer,0.0098,405,1
Arctic Tern,56.14865,-3.06047,7.5,Summer,0.0272,158,7
Arctic Tern,56.14865,-2.81564,7.5,Summer,0.0302,174,13
Arctic Tern,56.14865,-2.5708,7.5,Summer,0.1268,245,115
Arctic Tern,56.28378,-6.48821,7.5,Summer,0.0641,238,14
Arctic Tern,56.28378,-6.24337,7.5,Summer,0.0397,89,1
Arctic Tern,56.28378,-5.75369,7.5,Summer,0.0351,34,2
Arctic Tern,56.28378,-2.81564,7.5,Summer,0.0339,1122,21
Arctic Tern,56.28378,-2.5708,7.5,Summer,0.237,524,131
Arctic Tern,56.28378,-1.34661,7.5,Summer,0.1406,3,1
Arctic Tern,56.41892,-6.97788,7.5,Summer,0.1735,37,18
Arctic Tern,56.41892,-6.48821,7.5,Summer,0.1011,1,1
Arctic Tern,56.41892,-6.24337,7.5,Summer,0.0638,224,24
Arctic Tern,56.41892,-5.99853,7.5,Summer,0.0562,294,6
Arctic Tern,56.41892,-5.75369,7.5,Summer,0.0538,361,65
Arctic Tern,56.41892,-5.50885,7.5,Summer,0.0321,433,31
Arctic Tern,56.41892,-5.26402,7.5,Summer,0.0145,25,6
Arctic Tern,56.41892,-2.81564,7.5,Summer,0.0405,590,38
Arctic Tern,56.55405,-6.97788,7.5,Summer,0.2411,19,6
Arctic Tern,56.55405,-6.73304,7.5,Summer,0.084,37,11
Arctic Tern,56.55405,-6.48821,7.5,Summer,0.1504,134,25
Arctic Tern,56.55405,-6.24337,7.5,Summer,0.1077,192,5
Arctic Tern,56.55405,-5.99853,7.5,Summer,0.105,274,8
Arctic Tern,56.55405,-5.75369,7.5,Summer,0.1078,81,6
Arctic Tern,56.55405,-2.81564,7.5,Summer,0.0108,30,2
Arctic Tern,56.55405,-2.5708,7.5,Summer,0.1779,98,4
Arctic Tern,56.68919,-6.48821,7.5,Summer,0.1571,30,12
Arctic Tern,56.68919,-6.24337,7.5,Summer,0.1138,70,1
Arctic Tern,56.68919,-5.99853,7.5,Summer,0.1092,168,7
Arctic Tern,56.68919,-5.75369,7.5,Summer,0.1116,30,1
Arctic Tern,56.68919,-5.50885,7.5,Summer,0.0264,44,1
Arctic Tern,56.68919,-5.26402,7.5,Summer,0.0148,139,4
Arctic Tern,56.68919,-2.5708,7.5,Summer,0.1522,238,34
Arctic Tern,56.68919,-2.32596,7.5,Summer,0.063,30,15
Arctic Tern,56.82432,-7.7124,7.5,Summer,0.1475,5,2
Arctic Tern,56.82432,-6.24337,7.5,Summer,0.1237,21,4
Arctic Tern,56.82432,-5.99853,7.5,Summer,0.1193,11,1
Arctic Tern,56.82432,-5.75369,7.5,Summer,0.1174,93,10
Arctic Tern,56.82432,-2.32596,7.5,Summer,0.0325,71,5
Arctic Tern,56.95946,-7.46756,7.5,Summer,0.2175,118,11
Arctic Tern,56.95946,-6.24337,7.5,Summer,0.1271,43,9
Arctic Tern,56.95946,-5.99853,7.5,Summer,0.1262,9,3
Arctic Tern,56.95946,-5.75369,7.5,Summer,0.115,122,7
Arctic Tern,56.95946,-2.08112,7.5,Summer,0.0401,272,6
Arctic Tern,57.09459,-7.46756,7.5,Summer,0.2077,86,15
Arctic Tern,57.09459,-7.22272,7.5,Summer,0.2056,41,4
Arctic Tern,57.09459,-6.48821,7.5,Summer,0.0863,39,5
Arctic Tern,57.09459,-6.24337,7.5,Summer,0.086,7,1
Arctic Tern,57.09459,-5.99853,7.5,Summer,0.0883,105,4
Arctic Tern,57.09459,-5.75369,7.5,Summer,0.0779,94,3
Arctic Tern,57.09459,-2.08112,7.5,Summer,0.0371,1194,155
Arctic Tern,57.22973,-7.46756,7.5,Summer,0.2341,112,30
Arctic Tern,57.22973,-7.22272,7.5,Summer,0.224,26,9
Arctic Tern,57.22973,-6.24337,7.5,Summer,0.0663,148,1
Arctic Tern,57.22973,-5.99853,7.5,Summer,0.0734,364,23
Arctic Tern,57.22973,-5.75369,7.5,Summer,0.0678,148,4
Arctic Tern,57.22973,-2.08112,7.5,Summer,0.0461,267,12
Arctic Tern,57.22973,-1.83628,7.5,Summer,0.1459,5,3
Arctic Tern,57.36486,-7.46756,7.5,Summer,0.2172,123,19
Arctic Tern,57.36486,-7.22272,7.5,Summer,0.2013,80,18
Arctic Tern,57.36486,-6.24337,7.5,Summer,0.0366,292,4
Arctic Tern,57.36486,-5.99853,7.5,Summer,0.0373,33,4
Arctic Tern,57.36486,-5.75369,7.5,Summer,0.0345,65,1
Arctic Tern,57.36486,-3.79499,7.5,Summer,0.0032,308,1
Arctic Tern,57.36486,-2.08112,7.5,Summer,0.0168,330,150
Arctic Tern,57.36486,-1.83628,7.5,Summer,0.0294,74,4
Arctic Tern,57.5,-7.46756,7.5,Summer,0.1321,165,39
Arctic Tern,57.5,-7.22272,7.5,Summer,0.1153,111,12
Arctic Tern,57.5,-6.73304,7.5,Summer,0.015,402,6
Arctic Tern,57.5,-6.48821,7.5,Summer,0.0331,157,9
Arctic Tern,57.5,-6.24337,7.5,Summer,0.0272,189,1
Arctic Tern,57.5,-5.75369,7.5,Summer,0.0288,62,1
Arctic Tern,57.5,-4.28466,7.5,Summer,0.0068,814,10
Arctic Tern,57.5,-4.03983,7.5,Summer,0.0051,626,4
Arctic Tern,57.5,-1.83628,7.5,Summer,0.0158,107,1
Arctic Tern,57.63514,-7.46756,7.5,Summer,0.3219,350,85
Arctic Tern,57.63514,-7.22272,7.5,Summer,0.3624,116,35
Arctic Tern,57.63514,-6.97788,7.5,Summer,0.3535,9,6
Arctic Tern,57.63514,-6.73304,7.5,Summer,0.174,13,6
Arctic Tern,57.63514,-6.48821,7.5,Summer,0.1722,167,5
Arctic Tern,57.63514,-6.24337,7.5,Summer,0.1154,443,17
Arctic Tern,57.63514,-5.75369,7.5,Summer,0.1177,46,3
Arctic Tern,57.63514,-4.28466,7.5,Summer,0.0656,189,24
Arctic Tern,57.63514,-4.03983,7.5,Summer,0.0826,742,99
Arctic Tern,57.63514,-3.79499,7.5,Summer,0.044,187,1
Arctic Tern,57.63514,-3.55015,7.5,Summer,0.0408,190,2
Arctic Tern,57.63514,-3.06047,7.5,Summer,0.0335,170,29
Arctic Tern,57.63514,-2.08112,7.5,Summer,0.0209,34,1
Arctic Tern,57.63514,-1.83628,7.5,Summer,0.0424,145,7
Arctic Tern,57.77027,-8.69175,7.5,Summer,0.0616,36,2
Arctic Tern,57.77027,-8.44691,7.5,Summer,0.1035,18,1
Arctic Tern,57.77027,-7.22272,7.5,Summer,0.3398,64,28
Arctic Tern,57.77027,-6.97788,7.5,Summer,0.3341,108,29
Arctic Tern,57.77027,-6.73304,7.5,Summer,0.164,13,1
Arctic Tern,57.77027,-6.48821,7.5,Summer,0.1779,5,2
Arctic Tern,57.77027,-5.75369,7.5,Summer,0.1413,159,24
Arctic Tern,57.77027,-5.50885,7.5,Summer,0.1029,82,7
Arctic Tern,57.77027,-4.03983,7.5,Summer,0.075,134,1
Arctic Tern,57.77027,-3.79499,7.5,Summer,0.0477,180,3
Arctic Tern,57.77027,-3.55015,7.5,Summer,0.046,104,3
Arctic Tern,57.77027,-3.30531,7.5,Summer,0.075,140,20
Arctic Tern,57.90541,-6.97788,7.5,Summer,0.2141,77,19
Arctic Tern,57.90541,-6.73304,7.5,Summer,0.1316,63,6
Arctic Tern,57.90541,-6.48821,7.5,Summer,0.1554,1,1
Arctic Tern,57.90541,-6.24337,7.5,Summer,0.141,17,3
Arctic Tern,57.90541,-5.75369,7.5,Summer,0.1483,41,8
Arctic Tern,57.90541,-5.50885,7.5,Summer,0.118,122,16
Arctic Tern,57.90541,-4.03983,7.5,Summer,0.0757,246,8
Arctic Tern,57.90541,-3.79499,7.5,Summer,0.0569,52,6
Arctic Tern,58.04054,-6.97788,7.5,Summer,0.191,28,2
Arctic Tern,58.04054,-6.73304,7.5,Summer,0.1553,36,4
Arctic Tern,58.04054,-6.48821,7.5,Summer,0.16,51,2
Arctic Tern,58.04054,-5.50885,7.5,Summer,0.1169,7,1
Arctic Tern,58.04054,-5.26402,7.5,Summer,0.083,31,2
Arctic Tern,58.04054,-3.79499,7.5,Summer,0.0563,81,14
Arctic Tern,58.17568,-6.97788,7.5,Summer,0.2248,82,22
Arctic Tern,58.17568,-6.73304,7.5,Summer,0.2225,84,19
Arctic Tern,58.17568,-6.48821,7.5,Summer,0.2237,142,20
Arctic Tern,58.17568,-6.24337,7.5,Summer,0.2191,101,28
Arctic Tern,58.17568,-5.26402,7.5,Summer,0.1457,123,11
Arctic Tern,58.17568,-3.55015,7.5,Summer,0.0587,44,1
Arctic Tern,58.31081,-6.97788,7.5,Summer,0.3222,11,2
Arctic Tern,58.31081,-6.73304,7.5,Summer,0.334,126,26
Arctic Tern,58.31081,-6.48821,7.5,Summer,0.3298,64,7
Arctic Tern,58.31081,-6.24337,7.5,Summer,0.3464,163,37
Arctic Tern,58.31081,-5.26402,7.5,Summer,0.2672,70,8
Arctic Tern,58.31081,-5.01918,7.5,Summer,0.1318,40,3
Arctic Tern,58.44595,-6.48821,7.5,Summer,0.3404,19,2
Arctic Tern,58.44595,-6.24337,7.5,Summer,0.3702,130,44
Arctic Tern,58.44595,-5.26402,7.5,Summer,0.3053,94,44
Arctic Tern,58.44595,-5.01918,7.5,Summer,0.1584,54,1
Arctic Tern,58.44595,-4.5295,7.5,Summer,0.1799,33,1
Arctic Tern,58.44595,-3.06047,7.5,Summer,0.1786,74,16
Arctic Tern,58.58108,-6.24337,7.5,Summer,0.3605,87,24
Arctic Tern,58.58108,-4.77434,7.5,Summer,0.2808,110,16
Arctic Tern,58.58108,-4.5295,7.5,Summer,0.2834,26,7
Arctic Tern,58.58108,-4.28466,7.5,Summer,0.2964,31,5
Arctic Tern,58.58108,-4.03983,7.5,Summer,0.3131,37,7
Arctic Tern,58.58108,-3.79499,7.5,Summer,0.2893,34,15
Arctic Tern,58.58108,-3.55015,7.5,Summer,0.2848,117,34
Arctic Tern,58.58108,-3.30531,7.5,Summer,0.3003,172,66
Arctic Tern,58.58108,-3.06047,7.5,Summer,0.2563,174,20
Arctic Tern,58.71622,-3.30531,7.5,Summer,0.3456,103,6
Arctic Tern,58.71622,-3.06047,7.5,Summer,0.3168,37,9
Arctic Tern,58.85135,-3.55015,7.5,Summer,0.2193,10,1
Arctic Tern,58.85135,-3.30531,7.5,Summer,0.3859,113,9
Arctic Tern,58.85135,-3.06047,7.5,Summer,0.4004,70,33
Arctic Tern,58.85135,-2.81564,7.5,Summer,0.394,183,64
Arctic Tern,58.85135,-2.5708,7.5,Summer,0.1652,5,1
Arctic Tern,58.98649,-3.55015,7.5,Summer,0.2175,1,1
Arctic Tern,58.98649,-3.30531,7.5,Summer,0.392,530,178
Arctic Tern,58.98649,-3.06047,7.5,Summer,0.3937,416,73
Arctic Tern,58.98649,-2.81564,7.5,Summer,0.3913,119,29
Arctic Tern,59.12162,-4.5295,7.5,Summer,0.2249,1,1
Arctic Tern,59.12162,-3.30531,7.5,Summer,0.3872,447,97
Arctic Tern,59.12162,-3.06047,7.5,Summer,0.3911,316,36
Arctic Tern,59.12162,-2.81564,7.5,Summer,0.3952,13,3
Arctic Tern,59.12162,-2.5708,7.5,Summer,0.2283,12,1
Arctic Tern,59.25676,-3.06047,7.5,Summer,0.3804,56,15
Arctic Tern,59.25676,-2.81564,7.5,Summer,0.4044,63,12
Arctic Tern,59.25676,-2.5708,7.5,Summer,0.411,15,12
Arctic Tern,59.25676,-2.32596,7.5,Summer,0.2565,5,4
Arctic Tern,59.39189,-3.06047,7.5,Summer,0.3899,41,8
Arctic Tern,59.39189,-2.81564,7.5,Summer,0.4161,16,11
Arctic Tern,59.39189,-2.32596,7.5,Summer,0.301,184,135
Arctic Tern,59.52703,-1.59145,7.5,Summer,0.4888,354,254
Arctic Tern,59.7973,-1.34661,7.5,Summer,0.5018,226,99
Arctic Tern,59.93243,-1.34661,7.5,Summer,0.5055,1489,906
Arctic Tern,59.93243,-1.10177,7.5,Summer,0.4907,126,87
Arctic Tern,60.06757,-2.08112,7.5,Summer,0.3671,17,8
Arctic Tern,60.06757,-1.34661,7.5,Summer,0.5011,208,112
Arctic Tern,60.06757,-1.10177,7.5,Summer,0.4895,75,37
Arctic Tern,60.06757,-0.85693,7.5,Summer,0.4841,2,1
Arctic Tern,60.2027,-3.79499,7.5,Summer,0.2428,6,1
Arctic Tern,60.2027,-2.08112,7.5,Summer,0.3652,4,2
Arctic Tern,60.2027,-1.59145,7.5,Summer,0.4947,33,14
Arctic Tern,60.2027,-1.34661,7.5,Summer,0.4986,126,44
Arctic Tern,60.2027,-1.10177,7.5,Summer,0.4925,394,233
Arctic Tern,60.33784,-1.59145,7.5,Summer,0.4949,54,31
Arctic Tern,60.33784,-1.34661,7.5,Summer,0.4977,85,46
Arctic Tern,60.33784,-1.10177,7.5,Summer,0.4927,45,24
Arctic Tern,60.33784,-0.85693,7.5,Summer,0.4889,1,1
Arctic Tern,60.47297,-1.59145,7.5,Summer,0.4943,123,63
Arctic Tern,60.47297,-1.34661,7.5,Summer,0.4973,54,19
Arctic Tern,60.47297,-1.10177,7.5,Summer,0.4925,77,47
Arctic Tern,60.47297,-0.85693,7.5,Summer,0.489,10,8
Arctic Tern,60.60811,-1.34661,7.5,Summer,0.4829,30,11
Arctic Tern,60.60811,-1.10177,7.5,Summer,0.4916,58,23
Arctic Tern,60.60811,-0.85693,7.5,Summer,0.4925,218,120
Arctic Tern,60.74324,-1.10177,7.5,Summer,0.4835,31,9
Arctic Tern,60.74324,-0.85693,7.5,Summer,0.4896,401,203
Arctic Tern,60.87838,-1.83628,7.5,Summer,0.1982,1,1
Arctic Tern,60.87838,-0.85693,7.5,Summer,0.2225,127,34
Atlantic Puffin,54.7973,-5.01918,7.5,Autumn,0.0026,38,1
Atlantic Puffin,55.60811,-4.77434,7.5,Autumn,0.001,3758,16
Atlantic Puffin,55.87838,-3.06047,7.5,Autumn,0.0011,1429,1
Atlantic Puffin,55.87838,-2.32596,7.5,Autumn,0.003,105,2
Atlantic Puffin,55.87838,-2.08112,7.5,Autumn,0.0077,169,10
Atlantic Puffin,56.01351,-3.30531,7.5,Autumn,0.0014,1675,1
Atlantic Puffin,56.01351,-3.06047,7.5,Autumn,0.0017,1856,3
Atlantic Puffin,56.01351,-2.81564,7.5,Autumn,0.0019,652,4
Atlantic Puffin,56.01351,-2.5708,7.5,Autumn,0.0021,447,5
Atlantic Puffin,56.01351,-2.32596,7.5,Autumn,0.0095,379,8
Atlantic Puffin,56.14865,-2.81564,7.5,Autumn,0.0057,81,2
Atlantic Puffin,56.14865,-2.5708,7.5,Autumn,0.0049,22,3
Atlantic Puffin,56.28378,-2.81564,7.5,Autumn,0.0013,885,2
Atlantic Puffin,56.28378,-2.5708,7.5,Autumn,0.0036,604,84
Atlantic Puffin,56.41892,-2.81564,7.5,Autumn,0.0013,548,3
Atlantic Puffin,56.41892,-2.32596,7.5,Autumn,0.013,2,2
Atlantic Puffin,56.41892,-1.83628,7.5,Autumn,0.0151,1,1
Atlantic Puffin,56.68919,-6.48821,7.5,Autumn,0.0034,4,1
Atlantic Puffin,56.68919,-2.5708,7.5,Autumn,0.0025,265,3
Atlantic Puffin,56.68919,-2.32596,7.5,Autumn,0.0071,26,2
Atlantic Puffin,56.95946,-2.08112,7.5,Autumn,0.0038,92,3
Atlantic Puffin,57.09459,-2.08112,7.5,Autumn,0.0023,1071,15
Atlantic Puffin,57.22973,-7.46756,7.5,Autumn,0.0017,56,1
Atlantic Puffin,57.22973,-2.08112,7.5,Autumn,0.0024,282,2
Atlantic Puffin,57.36486,-6.73304,7.5,Autumn,0.002,40,1
Atlantic Puffin,57.5,-6.73304,7.5,Autumn,0.0016,244,1
Atlantic Puffin,57.5,-4.03983,7.5,Autumn,0.001,423,2
Atlantic Puffin,57.5,-1.34661,7.5,Autumn,0.0058,2,2
Atlantic Puffin,57.63514,-4.03983,7.5,Autumn,0.001,581,1
Atlantic Puffin,57.63514,-3.79499,7.5,Autumn,0.001,202,2
Atlantic Puffin,57.63514,-2.5708,7.5,Autumn,0.002,29,1
Atlantic Puffin,57.63514,-2.08112,7.5,Autumn,0.0028,39,1
Atlantic Puffin,57.63514,-1.83628,7.5,Autumn,0.0042,165,1
Atlantic Puffin,57.77027,-8.69175,7.5,Autumn,0.0047,2,1
Atlantic Puffin,57.77027,-6.97788,7.5,Autumn,0.0016,28,1
Atlantic Puffin,57.77027,-3.55015,7.5,Autumn,0.0012,162,3
Atlantic Puffin,57.90541,-4.03983,7.5,Autumn,0.0011,167,2
Atlantic Puffin,58.04054,-3.79499,7.5,Autumn,0.0016,34,1
Atlantic Puffin,58.04054,-2.08112,7.5,Autumn,0.0036,1,1
Atlantic Puffin,58.17568,-6.97788,7.5,Autumn,0.0014,67,1
Atlantic Puffin,58.17568,-3.55015,7.5,Autumn,0.0016,13,1
Atlantic Puffin,58.31081,-6.73304,7.5,Autumn,0.0017,87,1
Atlantic Puffin,58.31081,-6.24337,7.5,Autumn,0.0012,117,1
Atlantic Puffin,58.44595,-3.06047,7.5,Autumn,0.0018,54,2
Atlantic Puffin,58.58108,-6.24337,7.5,Autumn,0.0012,58,3
Atlantic Puffin,58.58108,-4.03983,7.5,Autumn,0.0013,21,2
Atlantic Puffin,58.58108,-3.06047,7.5,Autumn,0.0017,95,3
Atlantic Puffin,58.71622,-3.30531,7.5,Autumn,0.002,18,1
Atlantic Puffin,58.85135,-3.79499,7.5,Autumn,0.003,1,1
Atlantic Puffin,58.85135,-3.06047,7.5,Autumn,0.0015,54,2
Atlantic Puffin,59.39189,-2.32596,7.5,Autumn,0.0056,327,18
Atlantic Puffin,59.52703,-1.59145,7.5,Autumn,0.0039,323,8
Atlantic Puffin,59.7973,-2.81564,7.5,Autumn,0.0033,1,1
Atlantic Puffin,59.7973,-1.34661,7.5,Autumn,0.0031,168,3
Atlantic Puffin,59.93243,-1.34661,7.5,Autumn,0.0009,2628,2
Atlantic Puffin,60.33784,-0.85693,7.5,Autumn,0.0009,31,1
Atlantic Puffin,60.47297,-1.59145,7.5,Autumn,0.0015,176,1
Atlantic Puffin,60.47297,-0.85693,7.5,Autumn,0.0009,36,1
Atlantic Puffin,60.87838,-0.85693,7.5,Autumn,0.0017,125,5
Atlantic Puffin,54.66216,-4.77434,7.5,Spring,0.0517,75,9
Atlantic Puffin,54.93243,-5.26402,7.5,Spring,0.0198,4,2
Atlantic Puffin,55.06757,-5.26402,7.5,Spring,0.0336,20,2
Atlantic Puffin,55.2027,-5.01918,7.5,Spring,0.0313,21,4
Atlantic Puffin,55.33784,-4.77434,7.5,Spring,0.0488,92,1
Atlantic Puffin,55.47297,-5.01918,7.5,Spring,0.0165,71,3
Atlantic Puffin,55.47297,-4.77434,7.5,Spring,0.0416,561,1
Atlantic Puffin,55.60811,-4.77434,7.5,Spring,0.0027,3607,34
Atlantic Puffin,55.74324,-5.26402,7.5,Spring,0.0018,38,1
Atlantic Puffin,55.74324,-4.77434,7.5,Spring,0.0022,124,1
Atlantic Puffin,55.87838,-3.06047,7.5,Spring,0.0012,2165,3
Atlantic Puffin,55.87838,-2.32596,7.5,Spring,0.0062,169,6
Atlantic Puffin,55.87838,-2.08112,7.5,Spring,0.0304,288,15
Atlantic Puffin,56.01351,-3.30531,7.5,Spring,0.0114,2906,16
Atlantic Puffin,56.01351,-3.06047,7.5,Spring,0.008,2432,28
Atlantic Puffin,56.01351,-2.81564,7.5,Spring,0.0053,928,67
Atlantic Puffin,56.01351,-2.5708,7.5,Spring,0.0023,754,42
Atlantic Puffin,56.01351,-2.32596,7.5,Spring,0.0146,300,13
Atlantic Puffin,56.14865,-6.24337,7.5,Spring,0.0055,11,1
Atlantic Puffin,56.14865,-5.50885,7.5,Spring,0.0022,78,1
Atlantic Puffin,56.14865,-3.06047,7.5,Spring,0.008,422,4
Atlantic Puffin,56.14865,-2.81564,7.5,Spring,0.0097,399,9
Atlantic Puffin,56.14865,-2.5708,7.5,Spring,0.5325,243,230
Atlantic Puffin,56.28378,-6.48821,7.5,Spring,0.0503,342,8
Atlantic Puffin,56.28378,-6.24337,7.5,Spring,0.006,133,1
Atlantic Puffin,56.28378,-2.81564,7.5,Spring,0.0019,1514,1
Atlantic Puffin,56.28378,-2.5708,7.5,Spring,0.2062,559,122
Atlantic Puffin,56.41892,-7.7124,7.5,Spring,0.0776,1,1
Atlantic Puffin,56.41892,-6.48821,7.5,Spring,0.2915,4,2
Atlantic Puffin,56.41892,-6.24337,7.5,Spring,0.0093,177,87
Atlantic Puffin,56.41892,-5.99853,7.5,Spring,0.0028,401,1
Atlantic Puffin,56.41892,-5.75369,7.5,Spring,0.0028,385,1
Atlantic Puffin,56.41892,-5.50885,7.5,Spring,0.0022,396,2
Atlantic Puffin,56.55405,-6.97788,7.5,Spring,0.0469,33,1
Atlantic Puffin,56.55405,-6.73304,7.5,Spring,0.043,34,2
Atlantic Puffin,56.55405,-6.48821,7.5,Spring,0.2733,149,130
Atlantic Puffin,56.55405,-6.24337,7.5,Spring,0.0164,182,4
Atlantic Puffin,56.55405,-5.99853,7.5,Spring,0.003,283,2
Atlantic Puffin,56.55405,-5.26402,7.5,Spring,0.0022,50,1
Atlantic Puffin,56.55405,-2.5708,7.5,Spring,0.0843,109,6
Atlantic Puffin,56.68919,-6.48821,7.5,Spring,0.2867,42,3
Atlantic Puffin,56.68919,-6.24337,7.5,Spring,0.0233,84,8
Atlantic Puffin,56.68919,-5.99853,7.5,Spring,0.0031,205,1
Atlantic Puffin,56.68919,-5.26402,7.5,Spring,0.0022,113,1
Atlantic Puffin,56.82432,-7.7124,7.5,Spring,0.0846,11,10
Atlantic Puffin,56.82432,-7.46756,7.5,Spring,0.0283,5,3
Atlantic Puffin,56.82432,-6.24337,7.5,Spring,0.0227,25,4
Atlantic Puffin,56.82432,-5.99853,7.5,Spring,0.0031,17,2
Atlantic Puffin,56.82432,-2.32596,7.5,Spring,0.0752,78,1
Atlantic Puffin,56.95946,-7.46756,7.5,Spring,0.0177,82,2
Atlantic Puffin,56.95946,-6.73304,7.5,Spring,0.0498,2,1
Atlantic Puffin,56.95946,-6.24337,7.5,Spring,0.0207,108,4
Atlantic Puffin,56.95946,-5.99853,7.5,Spring,0.0032,11,1
Atlantic Puffin,56.95946,-2.32596,7.5,Spring,0.112,74,1
Atlantic Puffin,56.95946,-2.08112,7.5,Spring,0.1299,269,58
Atlantic Puffin,57.09459,-7.22272,7.5,Spring,0.0062,65,1
Atlantic Puffin,57.09459,-6.48821,7.5,Spring,0.1023,30,11
Atlantic Puffin,57.09459,-5.75369,7.5,Spring,0.0021,50,1
Atlantic Puffin,57.09459,-2.08112,7.5,Spring,0.0439,1560,45
Atlantic Puffin,57.22973,-6.97788,7.5,Spring,0.0108,1,1
Atlantic Puffin,57.22973,-6.48821,7.5,Spring,0.0196,23,1
Atlantic Puffin,57.22973,-5.75369,7.5,Spring,0.0019,159,1
Atlantic Puffin,57.22973,-2.08112,7.5,Spring,0.0206,488,1
Atlantic Puffin,57.22973,-1.83628,7.5,Spring,0.0675,6,2
Atlantic Puffin,57.36486,-6.97788,7.5,Spring,0.0103,1,1
Atlantic Puffin,57.36486,-6.73304,7.5,Spring,0.0074,87,7
Atlantic Puffin,57.36486,-6.24337,7.5,Spring,0.0035,242,2
Atlantic Puffin,57.36486,-1.83628,7.5,Spring,0.0732,69,3
Atlantic Puffin,57.5,-7.22272,7.5,Spring,0.0027,151,1
Atlantic Puffin,57.5,-6.73304,7.5,Spring,0.0061,445,7
Atlantic Puffin,57.5,-4.28466,7.5,Spring,0.0011,915,1
Atlantic Puffin,57.5,-4.03983,7.5,Spring,0.0011,691,1
Atlantic Puffin,57.5,-1.83628,7.5,Spring,0.1081,128,61
Atlantic Puffin,57.5,-1.59145,7.5,Spring,0.3544,4,1
Atlantic Puffin,57.63514,-7.22272,7.5,Spring,0.0036,123,4
Atlantic Puffin,57.63514,-6.97788,7.5,Spring,0.0148,10,2
Atlantic Puffin,57.63514,-6.73304,7.5,Spring,0.0145,5,5
Atlantic Puffin,57.63514,-6.48821,7.5,Spring,0.0387,131,5
Atlantic Puffin,57.63514,-6.24337,7.5,Spring,0.0048,360,4
Atlantic Puffin,57.63514,-3.79499,7.5,Spring,0.0012,223,2
Atlantic Puffin,57.63514,-2.5708,7.5,Spring,0.0546,131,4
Atlantic Puffin,57.63514,-2.32596,7.5,Spring,0.0618,147,31
Atlantic Puffin,57.63514,-2.08112,7.5,Spring,0.0419,51,1
Atlantic Puffin,57.63514,-1.83628,7.5,Spring,0.1068,232,4
Atlantic Puffin,57.63514,-1.10177,7.5,Spring,0.276,1,1
Atlantic Puffin,57.77027,-8.69175,7.5,Spring,0.1477,65,36
Atlantic Puffin,57.77027,-8.44691,7.5,Spring,0.1392,23,15
Atlantic Puffin,57.77027,-7.95723,7.5,Spring,0.0754,1,1
Atlantic Puffin,57.77027,-7.22272,7.5,Spring,0.0151,66,1
Atlantic Puffin,57.77027,-6.97788,7.5,Spring,0.018,68,1
Atlantic Puffin,57.77027,-6.73304,7.5,Spring,0.0233,10,5
Atlantic Puffin,57.77027,-3.55015,7.5,Spring,0.0024,157,1
Atlantic Puffin,57.90541,-8.44691,7.5,Spring,0.178,3,2
Atlantic Puffin,57.90541,-6.73304,7.5,Spring,0.0192,58,2
Atlantic Puffin,57.90541,-6.48821,7.5,Spring,0.0567,1,1
Atlantic Puffin,57.90541,-6.24337,7.5,Spring,0.035,31,23
Atlantic Puffin,57.90541,-5.99853,7.5,Spring,0.035,1,1
Atlantic Puffin,57.90541,-5.75369,7.5,Spring,0.0221,31,3
Atlantic Puffin,57.90541,-5.50885,7.5,Spring,0.0131,117,2
Atlantic Puffin,57.90541,-5.26402,7.5,Spring,0.007,130,2
Atlantic Puffin,57.90541,-4.03983,7.5,Spring,0.0028,326,1
Atlantic Puffin,57.90541,-3.79499,7.5,Spring,0.0037,70,4
Atlantic Puffin,58.04054,-6.48821,7.5,Spring,0.0415,31,1
Atlantic Puffin,58.04054,-6.24337,7.5,Spring,0.038,3,1
Atlantic Puffin,58.04054,-5.75369,7.5,Spring,0.0311,13,9
Atlantic Puffin,58.17568,-6.97788,7.5,Spring,0.0134,41,2
Atlantic Puffin,58.17568,-6.48821,7.5,Spring,0.0346,169,4
Atlantic Puffin,58.17568,-6.24337,7.5,Spring,0.0307,77,9
Atlantic Puffin,58.17568,-5.50885,7.5,Spring,0.0208,17,1
Atlantic Puffin,58.17568,-3.55015,7.5,Spring,0.009,19,2
Atlantic Puffin,58.17568,-1.83628,7.5,Spring,0.1554,1,1
Atlantic Puffin,58.31081,-6.73304,7.5,Spring,0.008,84,3
Atlantic Puffin,58.31081,-6.24337,7.5,Spring,0.0138,135,4
Atlantic Puffin,58.31081,-5.26402,7.5,Spring,0.0109,43,3
Atlantic Puffin,58.31081,-3.06047,7.5,Spring,0.0224,18,2
Atlantic Puffin,58.31081,-2.08112,7.5,Spring,0.0974,5,3
Atlantic Puffin,58.31081,-1.83628,7.5,Spring,0.1536,1,1
Atlantic Puffin,58.44595,-5.26402,7.5,Spring,0.0388,89,62
Atlantic Puffin,58.44595,-3.06047,7.5,Spring,0.0868,87,7
Atlantic Puffin,58.44595,-2.32596,7.5,Spring,0.1721,4,2
Atlantic Puffin,58.58108,-6.24337,7.5,Spring,0.0144,71,1
Atlantic Puffin,58.58108,-4.77434,7.5,Spring,0.046,149,5
Atlantic Puffin,58.58108,-4.03983,7.5,Spring,0.0717,19,9
Atlantic Puffin,58.58108,-3.79499,7.5,Spring,0.0974,34,8
Atlantic Puffin,58.58108,-3.55015,7.5,Spring,0.0939,95,2
Atlantic Puffin,58.58108,-3.30531,7.5,Spring,0.0754,100,1
Atlantic Puffin,58.58108,-3.06047,7.5,Spring,0.143,142,22
Atlantic Puffin,58.58108,-2.32596,7.5,Spring,0.1822,3,1
Atlantic Puffin,58.71622,-3.55015,7.5,Spring,0.1718,6,5
Atlantic Puffin,58.71622,-3.30531,7.5,Spring,0.1703,86,42
Atlantic Puffin,58.71622,-3.06047,7.5,Spring,0.2947,32,5
Atlantic Puffin,58.85135,-3.55015,7.5,Spring,0.1194,6,5
Atlantic Puffin,58.85135,-3.30531,7.5,Spring,0.0605,97,1
Atlantic Puffin,58.85135,-3.06047,7.5,Spring,0.1014,66,7
Atlantic Puffin,58.98649,-3.30531,7.5,Spring,0.0462,299,6
Atlantic Puffin,58.98649,-3.06047,7.5,Spring,0.0805,323,5
Atlantic Puffin,58.98649,-2.81564,7.5,Spring,0.0516,106,6
Atlantic Puffin,59.12162,-5.75369,7.5,Spring,0.0744,1,1
Atlantic Puffin,59.12162,-3.30531,7.5,Spring,0.1239,228,38
Atlantic Puffin,59.12162,-3.06047,7.5,Spring,0.1709,182,2
Atlantic Puffin,59.12162,-2.81564,7.5,Spring,0.1494,15,1
Atlantic Puffin,59.12162,-2.5708,7.5,Spring,0.1795,7,1
Atlantic Puffin,59.25676,-3.06047,7.5,Spring,0.2632,27,2
Atlantic Puffin,59.25676,-2.81564,7.5,Spring,0.259,23,12
Atlantic Puffin,59.25676,-1.34661,7.5,Spring,0.3614,1,1
Atlantic Puffin,59.39189,-3.06047,7.5,Spring,0.2752,21,6
Atlantic Puffin,59.39189,-2.81564,7.5,Spring,0.2741,24,10
Atlantic Puffin,59.39189,-2.32596,7.5,Spring,0.2175,344,10
Atlantic Puffin,59.39189,-2.08112,7.5,Spring,0.1611,2,2
Atlantic Puffin,59.39189,-1.83628,7.5,Spring,0.2204,4,2
Atlantic Puffin,59.39189,-1.59145,7.5,Spring,0.4615,3,3
Atlantic Puffin,59.52703,-2.08112,7.5,Spring,0.1836,1,1
Atlantic Puffin,59.52703,-1.83628,7.5,Spring,0.2469,2,2
Atlantic Puffin,59.52703,-1.59145,7.5,Spring,0.4918,456,267
Atlantic Puffin,59.66216,-1.59145,7.5,Spring,0.485,2,2
Atlantic Puffin,59.66216,-1.34661,7.5,Spring,0.3808,2,2
Atlantic Puffin,59.7973,-1.34661,7.5,Spring,0.3644,175,116
Atlantic Puffin,59.93243,-2.32596,7.5,Spring,0.09,1,1
Atlantic Puffin,59.93243,-1.34661,7.5,Spring,0.0313,1629,180
Atlantic Puffin,59.93243,-1.10177,7.5,Spring,0.1347,131,9
Atlantic Puffin,60.06757,-2.08112,7.5,Spring,0.1116,22,11
Atlantic Puffin,60.06757,-1.34661,7.5,Spring,0.0424,437,6
Atlantic Puffin,60.06757,-1.10177,7.5,Spring,0.1294,123,9
Atlantic Puffin,60.2027,-1.59145,7.5,Spring,0.1102,49,3
Atlantic Puffin,60.2027,-1.10177,7.5,Spring,0.1247,488,40
Atlantic Puffin,60.33784,-1.59145,7.5,Spring,0.1644,34,1
Atlantic Puffin,60.33784,-1.34661,7.5,Spring,0.0768,70,3
Atlantic Puffin,60.33784,-1.10177,7.5,Spring,0.1292,26,3
Atlantic Puffin,60.47297,-1.59145,7.5,Spring,0.19,71,15
Atlantic Puffin,60.47297,-1.34661,7.5,Spring,0.0903,52,2
Atlantic Puffin,60.47297,-1.10177,7.5,Spring,0.1246,58,3
Atlantic Puffin,60.47297,-0.85693,7.5,Spring,0.0604,26,10
Atlantic Puffin,60.60811,-1.34661,7.5,Spring,0.082,24,1
Atlantic Puffin,60.60811,-1.10177,7.5,Spring,0.108,33,2
Atlantic Puffin,60.60811,-0.85693,7.5,Spring,0.0516,78,8
Atlantic Puffin,60.74324,-0.85693,7.5,Spring,0.0405,385,3
Atlantic Puffin,60.87838,-0.85693,7.5,Spring,0.0868,114,47
Atlantic Puffin,54.66216,-5.26402,7.5,Summer,0.0167,2,2
Atlantic Puffin,54.66216,-4.77434,7.5,Summer,0.0213,43,8
Atlantic Puffin,54.7973,-3.79499,7.5,Summer,0.0123,22,1
Atlantic Puffin,54.93243,-5.01918,7.5,Summer,0.0092,74,1
Atlantic Puffin,55.06757,-5.26402,7.5,Summer,0.0116,23,1
Atlantic Puffin,55.2027,-5.75369,7.5,Summer,0.0084,2,2
Atlantic Puffin,55.2027,-5.01918,7.5,Summer,0.0156,17,4
Atlantic Puffin,55.47297,-6.48821,7.5,Summer,0.0059,1,1
Atlantic Puffin,55.47297,-4.77434,7.5,Summer,0.0092,450,1
Atlantic Puffin,55.60811,-5.01918,7.5,Summer,0.0017,24,1
Atlantic Puffin,55.60811,-4.77434,7.5,Summer,0.0016,3125,12
Atlantic Puffin,55.74324,-5.99853,7.5,Summer,0.0016,12,1
Atlantic Puffin,55.87838,-6.73304,7.5,Summer,0.0028,1,1
Atlantic Puffin,55.87838,-4.77434,7.5,Summer,0.0014,45,1
Atlantic Puffin,55.87838,-3.06047,7.5,Summer,0.0015,1626,5
Atlantic Puffin,55.87838,-2.08112,7.5,Summer,0.0494,295,36
Atlantic Puffin,56.01351,-5.99853,7.5,Summer,0.0025,3,1
Atlantic Puffin,56.01351,-3.30531,7.5,Summer,0.0578,2181,40
Atlantic Puffin,56.01351,-3.06047,7.5,Summer,0.0489,2396,62
Atlantic Puffin,56.01351,-2.81564,7.5,Summer,0.0243,786,122
Atlantic Puffin,56.01351,-2.5708,7.5,Summer,0.0056,613,80
Atlantic Puffin,56.01351,-2.32596,7.5,Summer,0.0233,130,6
Atlantic Puffin,56.14865,-5.50885,7.5,Summer,0.0025,74,1
Atlantic Puffin,56.14865,-3.06047,7.5,Summer,0.0398,158,4
Atlantic Puffin,56.14865,-2.81564,7.5,Summer,0.0413,174,16
Atlantic Puffin,56.14865,-2.5708,7.5,Summer,0.5918,245,218
Atlantic Puffin,56.28378,-8.69175,7.5,Summer,0.0259,1,1
Atlantic Puffin,56.28378,-6.48821,7.5,Summer,0.0268,238,3
Atlantic Puffin,56.28378,-2.81564,7.5,Summer,0.0025,1122,6
Atlantic Puffin,56.28378,-2.5708,7.5,Summer,0.3545,524,235
Atlantic Puffin,56.41892,-6.97788,7.5,Summer,0.0268,37,1
Atlantic Puffin,56.41892,-6.48821,7.5,Summer,0.2418,1,1
Atlantic Puffin,56.41892,-6.24337,7.5,Summer,0.0101,224,119
Atlantic Puffin,56.41892,-5.50885,7.5,Summer,0.0022,433,1
Atlantic Puffin,56.55405,-6.73304,7.5,Summer,0.0301,37,1
Atlantic Puffin,56.55405,-6.48821,7.5,Summer,0.2483,134,124
Atlantic Puffin,56.55405,-6.24337,7.5,Summer,0.0197,192,2
Atlantic Puffin,56.55405,-2.5708,7.5,Summer,0.2156,98,16
Atlantic Puffin,56.68919,-6.48821,7.5,Summer,0.2975,30,5
Atlantic Puffin,56.68919,-6.24337,7.5,Summer,0.0328,70,7
Atlantic Puffin,56.68919,-5.01918,7.5,Summer,0.0018,304,1
Atlantic Puffin,56.68919,-2.32596,7.5,Summer,0.2378,30,3
Atlantic Puffin,56.82432,-7.7124,7.5,Summer,0.0696,5,4
Atlantic Puffin,56.82432,-7.22272,7.5,Summer,0.0305,2,2
Atlantic Puffin,56.82432,-6.73304,7.5,Summer,0.0409,5,2
Atlantic Puffin,56.82432,-6.24337,7.5,Summer,0.0399,21,3
Atlantic Puffin,56.82432,-5.99853,7.5,Summer,0.0042,11,2
Atlantic Puffin,56.82432,-2.32596,7.5,Summer,0.2275,71,4
Atlantic Puffin,56.95946,-7.46756,7.5,Summer,0.0154,118,2
Atlantic Puffin,56.95946,-7.22272,7.5,Summer,0.024,1,1
Atlantic Puffin,56.95946,-5.99853,7.5,Summer,0.0046,9,2
Atlantic Puffin,56.95946,-5.75369,7.5,Summer,0.0031,122,1
Atlantic Puffin,56.95946,-2.32596,7.5,Summer,0.2344,53,6
Atlantic Puffin,56.95946,-2.08112,7.5,Summer,0.2997,272,99
Atlantic Puffin,57.09459,-7.22272,7.5,Summer,0.0063,41,1
Atlantic Puffin,57.09459,-6.97788,7.5,Summer,0.0143,1,1
Atlantic Puffin,57.09459,-6.48821,7.5,Summer,0.0978,39,16
Atlantic Puffin,57.09459,-6.24337,7.5,Summer,0.024,7,1
Atlantic Puffin,57.09459,-5.99853,7.5,Summer,0.0032,105,2
Atlantic Puffin,57.09459,-5.75369,7.5,Summer,0.0028,94,2
Atlantic Puffin,57.09459,-2.08112,7.5,Summer,0.1425,1194,125
Atlantic Puffin,57.09459,-1.83628,7.5,Summer,0.2171,2,1
Atlantic Puffin,57.22973,-6.97788,7.5,Summer,0.0068,1,1
Atlantic Puffin,57.22973,-2.08112,7.5,Summer,0.0343,267,1
Atlantic Puffin,57.22973,-1.83628,7.5,Summer,0.1,5,1
Atlantic Puffin,57.36486,-7.46756,7.5,Summer,0.003,123,1
Atlantic Puffin,57.36486,-6.73304,7.5,Summer,0.005,94,6
Atlantic Puffin,57.36486,-5.99853,7.5,Summer,0.0027,33,1
Atlantic Puffin,57.36486,-2.08112,7.5,Summer,0.043,330,1
Atlantic Puffin,57.36486,-1.83628,7.5,Summer,0.1364,74,9
Atlantic Puffin,57.5,-6.73304,7.5,Summer,0.005,402,11
Atlantic Puffin,57.5,-4.03983,7.5,Summer,0.0013,626,1
Atlantic Puffin,57.5,-1.83628,7.5,Summer,0.1246,107,49
Atlantic Puffin,57.63514,-7.46756,7.5,Summer,0.0034,350,1
Atlantic Puffin,57.63514,-7.22272,7.5,Summer,0.0036,116,1
Atlantic Puffin,57.63514,-6.97788,7.5,Summer,0.0104,9,5
Atlantic Puffin,57.63514,-6.73304,7.5,Summer,0.0113,13,10
Atlantic Puffin,57.63514,-6.48821,7.5,Summer,0.053,167,6
Atlantic Puffin,57.63514,-6.24337,7.5,Summer,0.0064,443,3
Atlantic Puffin,57.63514,-4.03983,7.5,Summer,0.0014,742,4
Atlantic Puffin,57.63514,-2.32596,7.5,Summer,0.0915,124,31
Atlantic Puffin,57.77027,-8.69175,7.5,Summer,0.1326,36,16
Atlantic Puffin,57.77027,-8.44691,7.5,Summer,0.1257,18,11
Atlantic Puffin,57.77027,-6.97788,7.5,Summer,0.0217,108,1
Atlantic Puffin,57.77027,-6.73304,7.5,Summer,0.0282,13,6
Atlantic Puffin,57.77027,-6.48821,7.5,Summer,0.1051,5,4
Atlantic Puffin,57.77027,-6.24337,7.5,Summer,0.0251,14,4
Atlantic Puffin,57.77027,-5.75369,7.5,Summer,0.0103,159,1
Atlantic Puffin,57.77027,-5.50885,7.5,Summer,0.0053,82,1
Atlantic Puffin,57.77027,-4.03983,7.5,Summer,0.0027,134,1
Atlantic Puffin,57.77027,-3.79499,7.5,Summer,0.003,180,1
Atlantic Puffin,57.77027,-3.55015,7.5,Summer,0.0044,104,1
Atlantic Puffin,57.77027,-1.83628,7.5,Summer,0.1828,2,1
Atlantic Puffin,57.90541,-6.97788,7.5,Summer,0.0165,77,1
Atlantic Puffin,57.90541,-6.73304,7.5,Summer,0.016,63,1
Atlantic Puffin,57.90541,-6.24337,7.5,Summer,0.055,17,16
Atlantic Puffin,57.90541,-5.75369,7.5,Summer,0.0545,41,7
Atlantic Puffin,57.90541,-5.50885,7.5,Summer,0.0241,122,1
Atlantic Puffin,57.90541,-5.26402,7.5,Summer,0.013,175,2
Atlantic Puffin,57.90541,-3.79499,7.5,Summer,0.0058,52,9
Atlantic Puffin,58.04054,-7.46756,7.5,Summer,0.0205,1,1
Atlantic Puffin,58.04054,-6.24337,7.5,Summer,0.0626,1,1
Atlantic Puffin,58.04054,-5.75369,7.5,Summer,0.0911,27,16
Atlantic Puffin,58.04054,-3.79499,7.5,Summer,0.0063,81,1
Atlantic Puffin,58.17568,-7.22272,7.5,Summer,0.015,2,1
Atlantic Puffin,58.17568,-6.97788,7.5,Summer,0.0136,82,3
Atlantic Puffin,58.17568,-6.48821,7.5,Summer,0.0318,142,4
Atlantic Puffin,58.17568,-6.24337,7.5,Summer,0.0505,101,8
Atlantic Puffin,58.17568,-5.75369,7.5,Summer,0.0859,5,3
Atlantic Puffin,58.17568,-5.50885,7.5,Summer,0.0451,27,8
Atlantic Puffin,58.17568,-5.26402,7.5,Summer,0.0244,123,2
Atlantic Puffin,58.17568,-3.55015,7.5,Summer,0.0184,44,1
Atlantic Puffin,58.17568,-3.30531,7.5,Summer,0.0629,48,18
Atlantic Puffin,58.31081,-7.46756,7.5,Summer,0.0119,1,1
Atlantic Puffin,58.31081,-6.73304,7.5,Summer,0.0079,126,5
Atlantic Puffin,58.31081,-6.24337,7.5,Summer,0.0234,163,13
Atlantic Puffin,58.31081,-5.26402,7.5,Summer,0.0298,70,8
Atlantic Puffin,58.31081,-3.30531,7.5,Summer,0.0649,52,4
Atlantic Puffin,58.44595,-6.24337,7.5,Summer,0.0225,130,1
Atlantic Puffin,58.44595,-5.26402,7.5,Summer,0.0738,94,57
Atlantic Puffin,58.44595,-5.01918,7.5,Summer,0.0364,54,2
Atlantic Puffin,58.44595,-3.06047,7.5,Summer,0.2626,74,11
Atlantic Puffin,58.58108,-6.24337,7.5,Summer,0.0315,87,9
Atlantic Puffin,58.58108,-5.01918,7.5,Summer,0.0556,8,2
Atlantic Puffin,58.58108,-4.77434,7.5,Summer,0.0537,110,7
Atlantic Puffin,58.58108,-4.5295,7.5,Summer,0.0552,26,2
Atlantic Puffin,58.58108,-4.03983,7.5,Summer,0.0706,37,14
Atlantic Puffin,58.58108,-3.79499,7.5,Summer,0.0913,34,6
Atlantic Puffin,58.58108,-3.55015,7.5,Summer,0.0903,117,6
Atlantic Puffin,58.58108,-3.30531,7.5,Summer,0.1808,172,6
Atlantic Puffin,58.58108,-3.06047,7.5,Summer,0.2938,174,58
Atlantic Puffin,58.71622,-3.55015,7.5,Summer,0.2244,6,5
Atlantic Puffin,58.71622,-3.30531,7.5,Summer,0.3404,103,64
Atlantic Puffin,58.71622,-3.06047,7.5,Summer,0.4773,37,9
Atlantic Puffin,58.85135,-3.55015,7.5,Summer,0.2038,10,5
Atlantic Puffin,58.85135,-3.30531,7.5,Summer,0.1907,113,7
Atlantic Puffin,58.85135,-3.06047,7.5,Summer,0.2575,70,11
Atlantic Puffin,58.85135,-2.5708,7.5,Summer,0.2919,5,3
Atlantic Puffin,58.98649,-3.55015,7.5,Summer,0.1761,1,1
Atlantic Puffin,58.98649,-3.30531,7.5,Summer,0.1107,530,22
Atlantic Puffin,58.98649,-3.06047,7.5,Summer,0.1508,416,12
Atlantic Puffin,58.98649,-2.81564,7.5,Summer,0.0499,119,15
Atlantic Puffin,58.98649,-2.5708,7.5,Summer,0.2657,2,1
Atlantic Puffin,59.12162,-6.24337,7.5,Summer,0.0824,2,1
Atlantic Puffin,59.12162,-5.75369,7.5,Summer,0.1762,4,4
Atlantic Puffin,59.12162,-4.5295,7.5,Summer,0.1528,1,1
Atlantic Puffin,59.12162,-3.30531,7.5,Summer,0.2347,447,128
Atlantic Puffin,59.12162,-3.06047,7.5,Summer,0.2651,316,10
Atlantic Puffin,59.12162,-2.81564,7.5,Summer,0.1787,13,1
Atlantic Puffin,59.12162,-2.5708,7.5,Summer,0.2859,12,1
Atlantic Puffin,59.25676,-3.06047,7.5,Summer,0.4474,56,13
Atlantic Puffin,59.25676,-2.81564,7.5,Summer,0.3593,63,24
Atlantic Puffin,59.25676,-1.59145,7.5,Summer,0.5144,1,1
Atlantic Puffin,59.39189,-3.06047,7.5,Summer,0.4384,41,20
Atlantic Puffin,59.39189,-2.81564,7.5,Summer,0.346,16,7
Atlantic Puffin,59.39189,-2.32596,7.5,Summer,0.3902,184,19
Atlantic Puffin,59.39189,-1.59145,7.5,Summer,0.5552,5,2
Atlantic Puffin,59.52703,-1.59145,7.5,Summer,0.5887,354,291
Atlantic Puffin,59.7973,-1.34661,7.5,Summer,0.5349,226,190
Atlantic Puffin,59.93243,-1.34661,7.5,Summer,0.2758,1489,393
Atlantic Puffin,59.93243,-1.10177,7.5,Summer,0.1959,126,25
Atlantic Puffin,60.06757,-2.08112,7.5,Summer,0.2418,17,9
Atlantic Puffin,60.06757,-1.34661,7.5,Summer,0.2362,208,15
Atlantic Puffin,60.06757,-1.10177,7.5,Summer,0.1774,75,11
Atlantic Puffin,60.06757,-0.85693,7.5,Summer,0.091,2,1
Atlantic Puffin,60.2027,-2.08112,7.5,Summer,0.2656,4,2
Atlantic Puffin,60.2027,-1.59145,7.5,Summer,0.3321,33,3
Atlantic Puffin,60.2027,-1.34661,7.5,Summer,0.2512,126,1
Atlantic Puffin,60.2027,-1.10177,7.5,Summer,0.1736,394,55
Atlantic Puffin,60.33784,-1.59145,7.5,Summer,0.395,54,7
Atlantic Puffin,60.33784,-1.34661,7.5,Summer,0.2829,85,2
Atlantic Puffin,60.33784,-1.10177,7.5,Summer,0.1991,45,7
Atlantic Puffin,60.47297,-1.59145,7.5,Summer,0.4293,123,40
Atlantic Puffin,60.47297,-1.34661,7.5,Summer,0.3099,54,3
Atlantic Puffin,60.47297,-1.10177,7.5,Summer,0.2167,77,13
Atlantic Puffin,60.47297,-0.85693,7.5,Summer,0.106,10,3
Atlantic Puffin,60.60811,-1.34661,7.5,Summer,0.2965,30,2
Atlantic Puffin,60.60811,-1.10177,7.5,Summer,0.204,58,1
Atlantic Puffin,60.60811,-0.85693,7.5,Summer,0.0887,218,24
Atlantic Puffin,60.74324,-1.59145,7.5,Summer,0.4076,1,1
Atlantic Puffin,60.74324,-1.10177,7.5,Summer,0.2046,31,1
Atlantic Puffin,60.74324,-0.85693,7.5,Summer,0.0792,401,28
Atlantic Puffin,60.87838,-1.83628,7.5,Summer,0.3195,1,1
Atlantic Puffin,60.87838,-0.85693,7.5,Summer,0.2492,127,75
Atlantic Puffin,55.60811,-4.77434,7.5,Winter,0.001,4222,5
Atlantic Puffin,55.87838,-4.77434,7.5,Winter,0.001,20,1
Atlantic Puffin,55.87838,-3.06047,7.5,Winter,0.0015,1773,4
Atlantic Puffin,55.87838,-2.32596,7.5,Winter,0.0091,71,1
Atlantic Puffin,55.87838,-2.08112,7.5,Winter,0.0368,65,2
Atlantic Puffin,56.01351,-3.30531,7.5,Winter,0.0017,2000,3
Atlantic Puffin,56.01351,-3.06047,7.5,Winter,0.0033,1585,4
Atlantic Puffin,56.01351,-2.81564,7.5,Winter,0.0019,874,7
Atlantic Puffin,56.01351,-2.5708,7.5,Winter,0.0019,643,5
Atlantic Puffin,56.01351,-2.32596,7.5,Winter,0.007,144,8
Atlantic Puffin,56.14865,-3.06047,7.5,Winter,0.0075,302,7
Atlantic Puffin,56.14865,-2.81564,7.5,Winter,0.0046,219,2
Atlantic Puffin,56.28378,-2.81564,7.5,Winter,0.0013,1177,4
Atlantic Puffin,56.28378,-2.5708,7.5,Winter,0.004,333,34
Atlantic Puffin,56.68919,-2.5708,7.5,Winter,0.0015,202,1
Atlantic Puffin,56.95946,-2.08112,7.5,Winter,0.0018,42,1
Atlantic Puffin,57.09459,-2.08112,7.5,Winter,0.0017,1022,5
Atlantic Puffin,57.22973,-2.08112,7.5,Winter,0.0021,305,1
Atlantic Puffin,57.63514,-2.08112,7.5,Winter,0.002,57,2
Atlantic Puffin,57.63514,-1.83628,7.5,Winter,0.0021,140,3
Atlantic Puffin,57.77027,-3.30531,7.5,Winter,0.0024,185,1
Atlantic Puffin,57.90541,-3.79499,7.5,Winter,0.0022,17,1
Atlantic Puffin,58.04054,-3.79499,7.5,Winter,0.0027,38,1
Atlantic Puffin,58.17568,-3.55015,7.5,Winter,0.0038,14,1
Atlantic Puffin,58.31081,-3.06047,7.5,Winter,0.0057,4,1
Atlantic Puffin,58.58108,-3.79499,7.5,Winter,0.0029,15,2
Atlantic Puffin,58.98649,-2.81564,7.5,Winter,0.0015,12,1
Atlantic Puffin,59.7973,-1.34661,7.5,Winter,0.0011,30,1
Atlantic Puffin,60.33784,-1.59145,7.5,Winter,0.0036,9,1
Atlantic Puffin,60.74324,-0.85693,7.5,Winter,0.0022,280,1
Atlantic Puffin,60.87838,-0.85693,7.5,Winter,0.01,32,1
Barn Swallow,54.66216,-5.01918,7.5,Autumn,0.2991,21,11
Barn Swallow,54.66216,-4.77434,7.5,Autumn,0.2784,22,13
Barn Swallow,54.66216,-4.5295,7.5,Autumn,0.2421,5,3
Barn Swallow,54.66216,-4.28466,7.5,Autumn,0.2225,8,3
Barn Swallow,54.7973,-5.01918,7.5,Autumn,0.2384,38,19
Barn Swallow,54.7973,-4.5295,7.5,Autumn,0.19,46,10
Barn Swallow,54.7973,-4.03983,7.5,Autumn,0.183,8,1
Barn Swallow,54.93243,-5.01918,7.5,Autumn,0.1218,93,10
Barn Swallow,54.93243,-4.5295,7.5,Autumn,0.1237,19,3
Barn Swallow,54.93243,-4.28466,7.5,Autumn,0.1186,30,4
Barn Swallow,54.93243,-4.03983,7.5,Autumn,0.131,53,13
Barn Swallow,54.93243,-3.79499,7.5,Autumn,0.1291,92,35
Barn Swallow,54.93243,-3.55015,7.5,Autumn,0.1241,239,34
Barn Swallow,54.93243,-3.30531,7.5,Autumn,0.1242,26,2
Barn Swallow,54.93243,-3.06047,7.5,Autumn,0.1815,46,21
Barn Swallow,55.06757,-5.26402,7.5,Autumn,0.1321,16,2
Barn Swallow,55.06757,-5.01918,7.5,Autumn,0.1308,27,13
Barn Swallow,55.06757,-4.77434,7.5,Autumn,0.128,7,5
Barn Swallow,55.06757,-4.5295,7.5,Autumn,0.1248,13,2
Barn Swallow,55.06757,-4.03983,7.5,Autumn,0.1318,42,12
Barn Swallow,55.06757,-3.79499,7.5,Autumn,0.1291,21,2
Barn Swallow,55.06757,-3.55015,7.5,Autumn,0.1269,165,25
Barn Swallow,55.06757,-3.30531,7.5,Autumn,0.1264,30,2
Barn Swallow,55.06757,-3.06047,7.5,Autumn,0.1832,13,6
Barn Swallow,55.2027,-4.77434,7.5,Autumn,0.1122,17,1
Barn Swallow,55.2027,-4.28466,7.5,Autumn,0.1118,1,1
Barn Swallow,55.2027,-3.30531,7.5,Autumn,0.117,21,7
Barn Swallow,55.33784,-5.75369,7.5,Autumn,0.1189,8,3
Barn Swallow,55.33784,-5.50885,7.5,Autumn,0.1171,7,2
Barn Swallow,55.33784,-4.77434,7.5,Autumn,0.1061,125,9
Barn Swallow,55.33784,-4.5295,7.5,Autumn,0.1098,6,3
Barn Swallow,55.33784,-4.28466,7.5,Autumn,0.1054,22,4
Barn Swallow,55.33784,-3.55015,7.5,Autumn,0.1097,19,1
Barn Swallow,55.33784,-3.30531,7.5,Autumn,0.1089,6,1
Barn Swallow,55.33784,-2.5708,7.5,Autumn,0.1458,2,1
Barn Swallow,55.47297,-5.75369,7.5,Autumn,0.116,16,6
Barn Swallow,55.47297,-5.50885,7.5,Autumn,0.1145,19,3
Barn Swallow,55.47297,-5.26402,7.5,Autumn,0.1142,50,8
Barn Swallow,55.47297,-5.01918,7.5,Autumn,0.1111,41,9
Barn Swallow,55.47297,-4.77434,7.5,Autumn,0.1046,581,56
Barn Swallow,55.47297,-4.5295,7.5,Autumn,0.1065,1154,114
Barn Swallow,55.47297,-4.28466,7.5,Autumn,0.1015,12,2
Barn Swallow,55.47297,-3.55015,7.5,Autumn,0.1084,23,9
Barn Swallow,55.47297,-3.30531,7.5,Autumn,0.1064,22,12
Barn Swallow,55.47297,-2.81564,7.5,Autumn,0.1444,43,3
Barn Swallow,55.47297,-2.5708,7.5,Autumn,0.1436,31,12
Barn Swallow,55.60811,-6.24337,7.5,Autumn,0.0996,96,15
Barn Swallow,55.60811,-5.99853,7.5,Autumn,0.1062,6,1
Barn Swallow,55.60811,-5.75369,7.5,Autumn,0.1042,11,1
Barn Swallow,55.60811,-5.50885,7.5,Autumn,0.1027,5,2
Barn Swallow,55.60811,-5.26402,7.5,Autumn,0.1025,81,9
Barn Swallow,55.60811,-5.01918,7.5,Autumn,0.1014,20,4
Barn Swallow,55.60811,-4.77434,7.5,Autumn,0.1003,3758,196
Barn Swallow,55.60811,-4.5295,7.5,Autumn,0.0978,21393,1676
Barn Swallow,55.60811,-4.28466,7.5,Autumn,0.0914,7,1
Barn Swallow,55.60811,-4.03983,7.5,Autumn,0.1046,4,1
Barn Swallow,55.60811,-3.79499,7.5,Autumn,0.1034,26,5
Barn Swallow,55.60811,-3.55015,7.5,Autumn,0.1008,48,8
Barn Swallow,55.60811,-3.30531,7.5,Autumn,0.0985,58,7
Barn Swallow,55.60811,-2.81564,7.5,Autumn,0.1405,83,10
Barn Swallow,55.60811,-2.5708,7.5,Autumn,0.1398,19,2
Barn Swallow,55.60811,-2.32596,7.5,Autumn,0.1447,28,4
Barn Swallow,55.74324,-6.48821,7.5,Autumn,0.0934,54,5
Barn Swallow,55.74324,-6.24337,7.5,Autumn,0.0963,173,10
Barn Swallow,55.74324,-5.75369,7.5,Autumn,0.1002,3,1
Barn Swallow,55.74324,-5.26402,7.5,Autumn,0.0975,34,2
Barn Swallow,55.74324,-5.01918,7.5,Autumn,0.0968,76,5
Barn Swallow,55.74324,-4.77434,7.5,Autumn,0.0964,71,2
Barn Swallow,55.74324,-4.5295,7.5,Autumn,0.0914,278,13
Barn Swallow,55.74324,-4.28466,7.5,Autumn,0.0865,566,22
Barn Swallow,55.74324,-4.03983,7.5,Autumn,0.1019,208,19
Barn Swallow,55.74324,-3.79499,7.5,Autumn,0.1016,18,4
Barn Swallow,55.74324,-3.55015,7.5,Autumn,0.1004,38,8
Barn Swallow,55.74324,-3.30531,7.5,Autumn,0.0992,26,7
Barn Swallow,55.74324,-3.06047,7.5,Autumn,0.1418,165,34
Barn Swallow,55.74324,-2.81564,7.5,Autumn,0.1443,10,1
Barn Swallow,55.74324,-2.5708,7.5,Autumn,0.1415,3,1
Barn Swallow,55.74324,-2.32596,7.5,Autumn,0.1467,14,7
Barn Swallow,55.87838,-6.48821,7.5,Autumn,0.0934,4,2
Barn Swallow,55.87838,-6.24337,7.5,Autumn,0.0957,142,21
Barn Swallow,55.87838,-5.99853,7.5,Autumn,0.101,20,8
Barn Swallow,55.87838,-5.50885,7.5,Autumn,0.096,16,1
Barn Swallow,55.87838,-5.26402,7.5,Autumn,0.0958,14,4
Barn Swallow,55.87838,-5.01918,7.5,Autumn,0.095,16,1
Barn Swallow,55.87838,-4.77434,7.5,Autumn,0.0944,36,7
Barn Swallow,55.87838,-4.5295,7.5,Autumn,0.0869,297,12
Barn Swallow,55.87838,-4.28466,7.5,Autumn,0.0807,1614,32
Barn Swallow,55.87838,-4.03983,7.5,Autumn,0.0957,110,2
Barn Swallow,55.87838,-3.79499,7.5,Autumn,0.0954,50,8
Barn Swallow,55.87838,-3.55015,7.5,Autumn,0.0933,74,17
Barn Swallow,55.87838,-3.30531,7.5,Autumn,0.0921,892,64
Barn Swallow,55.87838,-3.06047,7.5,Autumn,0.1301,1429,200
Barn Swallow,55.87838,-2.81564,7.5,Autumn,0.1408,104,15
Barn Swallow,55.87838,-2.5708,7.5,Autumn,0.139,13,1
Barn Swallow,55.87838,-2.32596,7.5,Autumn,0.1442,105,37
Barn Swallow,55.87838,-2.08112,7.5,Autumn,0.1298,169,32
Barn Swallow,56.01351,-6.24337,7.5,Autumn,0.1043,25,4
Barn Swallow,56.01351,-5.75369,7.5,Autumn,0.1076,10,4
Barn Swallow,56.01351,-5.50885,7.5,Autumn,0.1073,48,5
Barn Swallow,56.01351,-5.26402,7.5,Autumn,0.1074,7,1
Barn Swallow,56.01351,-5.01918,7.5,Autumn,0.1069,72,14
Barn Swallow,56.01351,-4.77434,7.5,Autumn,0.1058,77,9
Barn Swallow,56.01351,-4.5295,7.5,Autumn,0.1009,132,20
Barn Swallow,56.01351,-4.28466,7.5,Autumn,0.0936,26,2
Barn Swallow,56.01351,-4.03983,7.5,Autumn,0.1086,27,10
Barn Swallow,56.01351,-3.79499,7.5,Autumn,0.1045,285,40
Barn Swallow,56.01351,-3.55015,7.5,Autumn,0.0996,300,35
Barn Swallow,56.01351,-3.30531,7.5,Autumn,0.0987,1675,92
Barn Swallow,56.01351,-3.06047,7.5,Autumn,0.1271,1856,319
Barn Swallow,56.01351,-2.81564,7.5,Autumn,0.1395,652,80
Barn Swallow,56.01351,-2.5708,7.5,Autumn,0.1364,447,50
Barn Swallow,56.01351,-2.32596,7.5,Autumn,0.1423,379,77
Barn Swallow,56.14865,-6.24337,7.5,Autumn,0.1065,9,3
Barn Swallow,56.14865,-5.50885,7.5,Autumn,0.1104,29,6
Barn Swallow,56.14865,-5.01918,7.5,Autumn,0.1099,7,1
Barn Swallow,56.14865,-4.77434,7.5,Autumn,0.1093,53,12
Barn Swallow,56.14865,-4.5295,7.5,Autumn,0.1054,103,23
Barn Swallow,56.14865,-4.28466,7.5,Autumn,0.0979,31,3
Barn Swallow,56.14865,-4.03983,7.5,Autumn,0.1134,176,30
Barn Swallow,56.14865,-3.79499,7.5,Autumn,0.1094,274,49
Barn Swallow,56.14865,-3.55015,7.5,Autumn,0.1037,52,6
Barn Swallow,56.14865,-3.30531,7.5,Autumn,0.1039,374,55
Barn Swallow,56.14865,-3.06047,7.5,Autumn,0.1304,103,12
Barn Swallow,56.14865,-2.81564,7.5,Autumn,0.1441,81,21
Barn Swallow,56.14865,-2.5708,7.5,Autumn,0.1417,22,11
Barn Swallow,56.28378,-6.48821,7.5,Autumn,0.1059,55,10
Barn Swallow,56.28378,-6.24337,7.5,Autumn,0.1071,22,4
Barn Swallow,56.28378,-5.99853,7.5,Autumn,0.1147,9,2
Barn Swallow,56.28378,-5.50885,7.5,Autumn,0.1114,4,1
Barn Swallow,56.28378,-5.26402,7.5,Autumn,0.1117,2,1
Barn Swallow,56.28378,-5.01918,7.5,Autumn,0.1108,23,7
Barn Swallow,56.28378,-4.77434,7.5,Autumn,0.1105,22,7
Barn Swallow,56.28378,-4.5295,7.5,Autumn,0.1058,7,1
Barn Swallow,56.28378,-4.28466,7.5,Autumn,0.0987,38,4
Barn Swallow,56.28378,-4.03983,7.5,Autumn,0.1142,18,4
Barn Swallow,56.28378,-3.79499,7.5,Autumn,0.1101,75,11
Barn Swallow,56.28378,-3.55015,7.5,Autumn,0.1046,13,2
Barn Swallow,56.28378,-3.30531,7.5,Autumn,0.1049,77,15
Barn Swallow,56.28378,-3.06047,7.5,Autumn,0.1312,309,56
Barn Swallow,56.28378,-2.81564,7.5,Autumn,0.145,885,124
Barn Swallow,56.28378,-2.5708,7.5,Autumn,0.1409,604,117
Barn Swallow,56.41892,-6.24337,7.5,Autumn,0.0995,6,1
Barn Swallow,56.41892,-5.99853,7.5,Autumn,0.1074,72,13
Barn Swallow,56.41892,-5.75369,7.5,Autumn,0.1048,123,16
Barn Swallow,56.41892,-5.50885,7.5,Autumn,0.1047,147,7
Barn Swallow,56.41892,-5.26402,7.5,Autumn,0.1068,5,3
Barn Swallow,56.41892,-4.77434,7.5,Autumn,0.1062,25,2
Barn Swallow,56.41892,-4.5295,7.5,Autumn,0.1031,10,2
Barn Swallow,56.41892,-4.28466,7.5,Autumn,0.0957,69,9
Barn Swallow,56.41892,-4.03983,7.5,Autumn,0.1109,23,2
Barn Swallow,56.41892,-3.79499,7.5,Autumn,0.1063,24,2
Barn Swallow,56.41892,-3.55015,7.5,Autumn,0.1009,96,6
Barn Swallow,56.41892,-3.30531,7.5,Autumn,0.1016,131,22
Barn Swallow,56.41892,-3.06047,7.5,Autumn,0.1251,363,4
Barn Swallow,56.41892,-2.81564,7.5,Autumn,0.1399,548,105
Barn Swallow,56.55405,-6.97788,7.5,Autumn,0.0947,27,1
Barn Swallow,56.55405,-6.73304,7.5,Autumn,0.0973,6,1
Barn Swallow,56.55405,-6.24337,7.5,Autumn,0.0991,64,3
Barn Swallow,56.55405,-5.99853,7.5,Autumn,0.1073,81,15
Barn Swallow,56.55405,-5.75369,7.5,Autumn,0.1047,70,9
Barn Swallow,56.55405,-5.50885,7.5,Autumn,0.1047,22,6
Barn Swallow,56.55405,-4.03983,7.5,Autumn,0.1098,32,1
Barn Swallow,56.55405,-3.55015,7.5,Autumn,0.0997,128,10
Barn Swallow,56.55405,-3.30531,7.5,Autumn,0.1003,23,6
Barn Swallow,56.55405,-2.81564,7.5,Autumn,0.1349,26,3
Barn Swallow,56.55405,-2.5708,7.5,Autumn,0.1334,60,7
Barn Swallow,56.68919,-6.48821,7.5,Autumn,0.0977,4,1
Barn Swallow,56.68919,-6.24337,7.5,Autumn,0.0982,44,3
Barn Swallow,56.68919,-5.99853,7.5,Autumn,0.1062,45,2
Barn Swallow,56.68919,-5.75369,7.5,Autumn,0.1039,30,1
Barn Swallow,56.68919,-5.50885,7.5,Autumn,0.1044,20,9
Barn Swallow,56.68919,-5.26402,7.5,Autumn,0.1068,49,3
Barn Swallow,56.68919,-5.01918,7.5,Autumn,0.1054,142,7
Barn Swallow,56.68919,-4.77434,7.5,Autumn,0.1057,22,5
Barn Swallow,56.68919,-4.03983,7.5,Autumn,0.1101,22,4
Barn Swallow,56.68919,-3.79499,7.5,Autumn,0.1046,146,11
Barn Swallow,56.68919,-3.55015,7.5,Autumn,0.0989,9,1
Barn Swallow,56.68919,-3.30531,7.5,Autumn,0.0997,28,2
Barn Swallow,56.68919,-3.06047,7.5,Autumn,0.1217,95,27
Barn Swallow,56.68919,-2.81564,7.5,Autumn,0.137,37,6
Barn Swallow,56.68919,-2.5708,7.5,Autumn,0.1347,265,44
Barn Swallow,56.68919,-2.32596,7.5,Autumn,0.1382,26,15
Barn Swallow,56.82432,-5.99853,7.5,Autumn,0.1062,2,2
Barn Swallow,56.82432,-5.75369,7.5,Autumn,0.1039,36,1
Barn Swallow,56.82432,-5.50885,7.5,Autumn,0.1044,63,7
Barn Swallow,56.82432,-5.26402,7.5,Autumn,0.107,9,1
Barn Swallow,56.82432,-5.01918,7.5,Autumn,0.1057,127,12
Barn Swallow,56.82432,-4.77434,7.5,Autumn,0.1063,6,1
Barn Swallow,56.82432,-3.79499,7.5,Autumn,0.1046,22,1
Barn Swallow,56.82432,-3.30531,7.5,Autumn,0.0996,52,4
Barn Swallow,56.82432,-3.06047,7.5,Autumn,0.1217,6,2
Barn Swallow,56.82432,-2.5708,7.5,Autumn,0.1341,79,9
Barn Swallow,56.82432,-2.32596,7.5,Autumn,0.1378,51,8
Barn Swallow,56.95946,-5.75369,7.5,Autumn,0.1031,105,9
Barn Swallow,56.95946,-5.01918,7.5,Autumn,0.1051,16,2
Barn Swallow,56.95946,-4.77434,7.5,Autumn,0.1055,9,1
Barn Swallow,56.95946,-4.5295,7.5,Autumn,0.102,23,3
Barn Swallow,56.95946,-3.55015,7.5,Autumn,0.0987,22,2
Barn Swallow,56.95946,-3.30531,7.5,Autumn,0.0997,46,2
Barn Swallow,56.95946,-3.06047,7.5,Autumn,0.1216,12,2
Barn Swallow,56.95946,-2.5708,7.5,Autumn,0.1342,12,1
Barn Swallow,56.95946,-2.32596,7.5,Autumn,0.1377,29,8
Barn Swallow,56.95946,-2.08112,7.5,Autumn,0.1335,92,22
Barn Swallow,57.09459,-5.99853,7.5,Autumn,0.1042,37,1
Barn Swallow,57.09459,-5.75369,7.5,Autumn,0.102,33,3
Barn Swallow,57.09459,-5.50885,7.5,Autumn,0.1027,1,1
Barn Swallow,57.09459,-4.77434,7.5,Autumn,0.1049,37,6
Barn Swallow,57.09459,-4.28466,7.5,Autumn,0.0945,3,1
Barn Swallow,57.09459,-4.03983,7.5,Autumn,0.1094,242,47
Barn Swallow,57.09459,-3.79499,7.5,Autumn,0.1041,105,7
Barn Swallow,57.09459,-3.06047,7.5,Autumn,0.1209,41,2
Barn Swallow,57.09459,-2.81564,7.5,Autumn,0.1356,64,17
Barn Swallow,57.09459,-2.32596,7.5,Autumn,0.1353,56,4
Barn Swallow,57.09459,-2.08112,7.5,Autumn,0.1318,1071,159
Barn Swallow,57.22973,-7.46756,7.5,Autumn,0.0956,56,7
Barn Swallow,57.22973,-6.24337,7.5,Autumn,0.0968,53,2
Barn Swallow,57.22973,-5.99853,7.5,Autumn,0.1033,170,22
Barn Swallow,57.22973,-5.75369,7.5,Autumn,0.1012,61,5
Barn Swallow,57.22973,-5.50885,7.5,Autumn,0.1016,94,6
Barn Swallow,57.22973,-4.5295,7.5,Autumn,0.0993,23,1
Barn Swallow,57.22973,-4.03983,7.5,Autumn,0.1069,90,9
Barn Swallow,57.22973,-3.79499,7.5,Autumn,0.1019,655,49
Barn Swallow,57.22973,-3.55015,7.5,Autumn,0.0957,169,17
Barn Swallow,57.22973,-3.30531,7.5,Autumn,0.0966,35,2
Barn Swallow,57.22973,-2.81564,7.5,Autumn,0.1257,21,8
Barn Swallow,57.22973,-2.5708,7.5,Autumn,0.1221,12,4
Barn Swallow,57.22973,-2.32596,7.5,Autumn,0.1215,8,1
Barn Swallow,57.22973,-2.08112,7.5,Autumn,0.1162,282,19
Barn Swallow,57.36486,-7.46756,7.5,Autumn,0.0966,73,8
Barn Swallow,57.36486,-6.73304,7.5,Autumn,0.096,40,4
Barn Swallow,57.36486,-6.48821,7.5,Autumn,0.0971,31,4
Barn Swallow,57.36486,-6.24337,7.5,Autumn,0.0972,155,6
Barn Swallow,57.36486,-5.99853,7.5,Autumn,0.1031,26,2
Barn Swallow,57.36486,-5.75369,7.5,Autumn,0.1009,43,1
Barn Swallow,57.36486,-5.50885,7.5,Autumn,0.1011,30,4
Barn Swallow,57.36486,-4.77434,7.5,Autumn,0.1027,26,3
Barn Swallow,57.36486,-4.5295,7.5,Autumn,0.1,158,27
Barn Swallow,57.36486,-4.28466,7.5,Autumn,0.0923,108,13
Barn Swallow,57.36486,-4.03983,7.5,Autumn,0.1067,23,2
Barn Swallow,57.36486,-3.79499,7.5,Autumn,0.102,98,9
Barn Swallow,57.36486,-3.55015,7.5,Autumn,0.096,167,15
Barn Swallow,57.36486,-2.81564,7.5,Autumn,0.1265,4,2
Barn Swallow,57.36486,-2.5708,7.5,Autumn,0.1229,46,9
Barn Swallow,57.36486,-2.32596,7.5,Autumn,0.1223,10,1
Barn Swallow,57.36486,-2.08112,7.5,Autumn,0.1172,200,27
Barn Swallow,57.36486,-1.83628,7.5,Autumn,0.116,66,8
Barn Swallow,57.5,-7.46756,7.5,Autumn,0.1017,50,1
Barn Swallow,57.5,-7.22272,7.5,Autumn,0.0996,14,3
Barn Swallow,57.5,-6.73304,7.5,Autumn,0.1018,244,37
Barn Swallow,57.5,-6.48821,7.5,Autumn,0.103,64,2
Barn Swallow,57.5,-6.24337,7.5,Autumn,0.1032,77,2
Barn Swallow,57.5,-5.75369,7.5,Autumn,0.108,50,11
Barn Swallow,57.5,-4.77434,7.5,Autumn,0.1107,4,1
Barn Swallow,57.5,-4.5295,7.5,Autumn,0.1077,80,15
Barn Swallow,57.5,-4.28466,7.5,Autumn,0.0997,562,67
Barn Swallow,57.5,-4.03983,7.5,Autumn,0.1179,423,71
Barn Swallow,57.5,-3.55015,7.5,Autumn,0.1047,12,1
Barn Swallow,57.5,-3.30531,7.5,Autumn,0.1054,33,1
Barn Swallow,57.5,-3.06047,7.5,Autumn,0.1212,14,2
Barn Swallow,57.5,-2.08112,7.5,Autumn,0.1213,32,5
Barn Swallow,57.5,-1.83628,7.5,Autumn,0.1201,45,10
Barn Swallow,57.63514,-7.46756,7.5,Autumn,0.1038,72,11
Barn Swallow,57.63514,-7.22272,7.5,Autumn,0.102,32,2
Barn Swallow,57.63514,-6.48821,7.5,Autumn,0.1092,42,3
Barn Swallow,57.63514,-6.24337,7.5,Autumn,0.1133,184,32
Barn Swallow,57.63514,-5.50885,7.5,Autumn,0.1184,11,2
Barn Swallow,57.63514,-5.01918,7.5,Autumn,0.1217,9,1
Barn Swallow,57.63514,-4.77434,7.5,Autumn,0.1247,9,1
Barn Swallow,57.63514,-4.5295,7.5,Autumn,0.126,83,14
Barn Swallow,57.63514,-4.28466,7.5,Autumn,0.1194,93,12
Barn Swallow,57.63514,-4.03983,7.5,Autumn,0.147,581,115
Barn Swallow,57.63514,-3.79499,7.5,Autumn,0.1372,202,46
Barn Swallow,57.63514,-3.55015,7.5,Autumn,0.1271,283,24
Barn Swallow,57.63514,-3.30531,7.5,Autumn,0.1291,151,17
Barn Swallow,57.63514,-3.06047,7.5,Autumn,0.1372,109,17
Barn Swallow,57.63514,-2.81564,7.5,Autumn,0.1452,40,2
Barn Swallow,57.63514,-2.32596,7.5,Autumn,0.1405,32,4
Barn Swallow,57.63514,-2.08112,7.5,Autumn,0.1339,39,3
Barn Swallow,57.63514,-1.83628,7.5,Autumn,0.1316,165,36
Barn Swallow,57.77027,-7.22272,7.5,Autumn,0.0976,18,1
Barn Swallow,57.77027,-5.75369,7.5,Autumn,0.1186,55,8
Barn Swallow,57.77027,-5.50885,7.5,Autumn,0.119,25,1
Barn Swallow,57.77027,-5.01918,7.5,Autumn,0.1226,22,2
Barn Swallow,57.77027,-4.28466,7.5,Autumn,0.1223,4,1
Barn Swallow,57.77027,-4.03983,7.5,Autumn,0.1522,104,23
Barn Swallow,57.77027,-3.79499,7.5,Autumn,0.1446,172,49
Barn Swallow,57.77027,-3.55015,7.5,Autumn,0.1388,162,19
Barn Swallow,57.77027,-3.30531,7.5,Autumn,0.1404,202,29
Barn Swallow,57.90541,-5.26402,7.5,Autumn,0.122,101,8
Barn Swallow,57.90541,-4.77434,7.5,Autumn,0.1269,2,1
Barn Swallow,57.90541,-4.5295,7.5,Autumn,0.1293,32,8
Barn Swallow,57.90541,-4.28466,7.5,Autumn,0.122,86,14
Barn Swallow,57.90541,-4.03983,7.5,Autumn,0.1525,167,26
Barn Swallow,57.90541,-3.79499,7.5,Autumn,0.1455,76,20
Barn Swallow,58.04054,-5.50885,7.5,Autumn,0.1184,2,1
Barn Swallow,58.04054,-4.5295,7.5,Autumn,0.1291,24,3
Barn Swallow,58.04054,-4.28466,7.5,Autumn,0.1221,19,1
Barn Swallow,58.04054,-4.03983,7.5,Autumn,0.1525,14,2
Barn Swallow,58.04054,-3.79499,7.5,Autumn,0.1456,34,8
Barn Swallow,58.17568,-6.73304,7.5,Autumn,0.1,14,3
Barn Swallow,58.17568,-6.48821,7.5,Autumn,0.1042,64,7
Barn Swallow,58.17568,-6.24337,7.5,Autumn,0.1099,72,1
Barn Swallow,58.17568,-5.26402,7.5,Autumn,0.1223,50,4
Barn Swallow,58.17568,-3.55015,7.5,Autumn,0.1413,13,4
Barn Swallow,58.31081,-6.97788,7.5,Autumn,0.0961,8,1
Barn Swallow,58.31081,-6.73304,7.5,Autumn,0.1009,87,5
Barn Swallow,58.31081,-6.48821,7.5,Autumn,0.1053,22,2
Barn Swallow,58.31081,-6.24337,7.5,Autumn,0.1108,117,9
Barn Swallow,58.31081,-5.26402,7.5,Autumn,0.1227,10,2
Barn Swallow,58.31081,-5.01918,7.5,Autumn,0.1241,7,1
Barn Swallow,58.31081,-4.03983,7.5,Autumn,0.1535,4,1
Barn Swallow,58.31081,-3.79499,7.5,Autumn,0.1467,14,3
Barn Swallow,58.31081,-3.30531,7.5,Autumn,0.1424,14,3
Barn Swallow,58.44595,-6.24337,7.5,Autumn,0.1099,109,8
Barn Swallow,58.44595,-4.77434,7.5,Autumn,0.1271,2,2
Barn Swallow,58.44595,-3.79499,7.5,Autumn,0.1466,8,1
Barn Swallow,58.44595,-3.55015,7.5,Autumn,0.1424,4,2
Barn Swallow,58.44595,-3.30531,7.5,Autumn,0.1432,3,1
Barn Swallow,58.44595,-3.06047,7.5,Autumn,0.1423,54,14
Barn Swallow,58.58108,-6.24337,7.5,Autumn,0.1186,58,1
Barn Swallow,58.58108,-4.77434,7.5,Autumn,0.1378,66,15
Barn Swallow,58.58108,-4.03983,7.5,Autumn,0.1583,21,1
Barn Swallow,58.58108,-3.79499,7.5,Autumn,0.1516,9,1
Barn Swallow,58.58108,-3.55015,7.5,Autumn,0.1474,31,8
Barn Swallow,58.58108,-3.30531,7.5,Autumn,0.1485,53,8
Barn Swallow,58.58108,-3.06047,7.5,Autumn,0.1455,95,7
Barn Swallow,58.71622,-3.55015,7.5,Autumn,0.1563,4,4
Barn Swallow,58.71622,-3.30531,7.5,Autumn,0.1599,18,1
Barn Swallow,58.71622,-3.06047,7.5,Autumn,0.1548,35,6
Barn Swallow,58.71622,-2.81564,7.5,Autumn,0.167,5,3
Barn Swallow,58.85135,-3.30531,7.5,Autumn,0.1697,14,6
Barn Swallow,58.85135,-3.06047,7.5,Autumn,0.1698,54,8
Barn Swallow,58.85135,-2.81564,7.5,Autumn,0.1905,100,20
Barn Swallow,58.98649,-3.30531,7.5,Autumn,0.1782,157,40
Barn Swallow,58.98649,-3.06047,7.5,Autumn,0.1755,134,23
Barn Swallow,58.98649,-2.81564,7.5,Autumn,0.1933,98,53
Barn Swallow,59.12162,-3.30531,7.5,Autumn,0.1783,100,30
Barn Swallow,59.12162,-3.06047,7.5,Autumn,0.1735,80,13
Barn Swallow,59.12162,-2.81564,7.5,Autumn,0.188,4,1
Barn Swallow,59.12162,-2.5708,7.5,Autumn,0.1799,41,3
Barn Swallow,59.25676,-2.81564,7.5,Autumn,0.1872,2,1
Barn Swallow,59.25676,-2.5708,7.5,Autumn,0.1789,8,5
Barn Swallow,59.25676,-2.32596,7.5,Autumn,0.1665,3,1
Barn Swallow,59.39189,-2.32596,7.5,Autumn,0.1516,327,89
Barn Swallow,59.52703,-1.59145,7.5,Autumn,0.1343,323,103
Barn Swallow,59.7973,-1.34661,7.5,Autumn,0.1496,168,9
Barn Swallow,59.93243,-1.34661,7.5,Autumn,0.1215,2628,383
Barn Swallow,59.93243,-1.10177,7.5,Autumn,0.0747,77,6
Barn Swallow,60.06757,-4.03983,7.5,Autumn,0.0622,7,1
Barn Swallow,60.06757,-2.08112,7.5,Autumn,0.0544,16,4
Barn Swallow,60.06757,-1.34661,7.5,Autumn,0.0403,907,62
Barn Swallow,60.06757,-1.10177,7.5,Autumn,0.0367,253,13
Barn Swallow,60.2027,-1.59145,7.5,Autumn,0.0434,63,2
Barn Swallow,60.2027,-1.34661,7.5,Autumn,0.0437,500,10
Barn Swallow,60.2027,-1.10177,7.5,Autumn,0.0338,824,25
Barn Swallow,60.33784,-1.59145,7.5,Autumn,0.0425,107,1
Barn Swallow,60.33784,-1.34661,7.5,Autumn,0.0479,397,30
Barn Swallow,60.33784,-1.10177,7.5,Autumn,0.0333,219,5
Barn Swallow,60.33784,-0.85693,7.5,Autumn,0.0425,31,2
Barn Swallow,60.47297,-1.59145,7.5,Autumn,0.0411,176,9
Barn Swallow,60.47297,-1.34661,7.5,Autumn,0.043,240,2
Barn Swallow,60.47297,-1.10177,7.5,Autumn,0.0313,149,2
Barn Swallow,60.47297,-0.85693,7.5,Autumn,0.0404,36,1
Barn Swallow,60.60811,-0.85693,7.5,Autumn,0.0388,32,1
Barn Swallow,60.74324,-0.85693,7.5,Autumn,0.0432,798,44
Barn Swallow,60.87838,-0.85693,7.5,Autumn,0.0672,125,5
Barn Swallow,54.66216,-5.01918,7.5,Spring,0.4004,17,12
Barn Swallow,54.66216,-4.77434,7.5,Spring,0.3914,75,55
Barn Swallow,54.66216,-4.28466,7.5,Spring,0.3654,9,5
Barn Swallow,54.7973,-5.26402,7.5,Spring,0.3721,4,1
Barn Swallow,54.7973,-5.01918,7.5,Spring,0.3763,84,36
Barn Swallow,54.7973,-4.77434,7.5,Spring,0.373,11,2
Barn Swallow,54.7973,-4.5295,7.5,Spring,0.3605,51,21
Barn Swallow,54.7973,-4.28466,7.5,Spring,0.3496,23,11
Barn Swallow,54.7973,-4.03983,7.5,Spring,0.3534,114,21
Barn Swallow,54.7973,-3.79499,7.5,Spring,0.3572,19,10
Barn Swallow,54.93243,-5.26402,7.5,Spring,0.3478,4,1
Barn Swallow,54.93243,-5.01918,7.5,Spring,0.3532,134,38
Barn Swallow,54.93243,-4.77434,7.5,Spring,0.3639,32,20
Barn Swallow,54.93243,-4.5295,7.5,Spring,0.3534,64,26
Barn Swallow,54.93243,-4.28466,7.5,Spring,0.3455,37,11
Barn Swallow,54.93243,-4.03983,7.5,Spring,0.3489,118,48
Barn Swallow,54.93243,-3.79499,7.5,Spring,0.3523,108,41
Barn Swallow,54.93243,-3.55015,7.5,Spring,0.3183,256,72
Barn Swallow,54.93243,-3.30531,7.5,Spring,0.3122,36,9
Barn Swallow,54.93243,-3.06047,7.5,Spring,0.3076,53,26
Barn Swallow,55.06757,-5.26402,7.5,Spring,0.3365,20,6
Barn Swallow,55.06757,-5.01918,7.5,Spring,0.3395,15,2
Barn Swallow,55.06757,-4.77434,7.5,Spring,0.3397,8,7
Barn Swallow,55.06757,-4.5295,7.5,Spring,0.3255,70,23
Barn Swallow,55.06757,-4.28466,7.5,Spring,0.3165,28,4
Barn Swallow,55.06757,-4.03983,7.5,Spring,0.3179,73,24
Barn Swallow,55.06757,-3.79499,7.5,Spring,0.3185,21,1
Barn Swallow,55.06757,-3.55015,7.5,Spring,0.29,243,51
Barn Swallow,55.06757,-3.30531,7.5,Spring,0.2837,79,17
Barn Swallow,55.06757,-3.06047,7.5,Spring,0.2851,32,7
Barn Swallow,55.2027,-5.01918,7.5,Spring,0.3441,21,2
Barn Swallow,55.2027,-4.77434,7.5,Spring,0.3433,32,14
Barn Swallow,55.2027,-4.5295,7.5,Spring,0.3306,42,1
Barn Swallow,55.2027,-4.28466,7.5,Spring,0.3219,17,6
Barn Swallow,55.2027,-4.03983,7.5,Spring,0.3242,25,10
Barn Swallow,55.2027,-3.79499,7.5,Spring,0.3261,36,8
Barn Swallow,55.2027,-3.55015,7.5,Spring,0.3002,7,1
Barn Swallow,55.2027,-3.30531,7.5,Spring,0.2954,75,40
Barn Swallow,55.2027,-3.06047,7.5,Spring,0.2933,49,16
Barn Swallow,55.2027,-2.81564,7.5,Spring,0.3104,29,8
Barn Swallow,55.33784,-5.75369,7.5,Spring,0.3123,19,5
Barn Swallow,55.33784,-5.50885,7.5,Spring,0.3195,4,2
Barn Swallow,55.33784,-4.77434,7.5,Spring,0.3198,92,36
Barn Swallow,55.33784,-4.5295,7.5,Spring,0.3104,62,8
Barn Swallow,55.33784,-4.28466,7.5,Spring,0.3012,147,57
Barn Swallow,55.33784,-4.03983,7.5,Spring,0.3044,11,2
Barn Swallow,55.33784,-3.79499,7.5,Spring,0.3047,69,23
Barn Swallow,55.33784,-3.55015,7.5,Spring,0.2821,100,24
Barn Swallow,55.33784,-3.30531,7.5,Spring,0.2792,18,1
Barn Swallow,55.33784,-3.06047,7.5,Spring,0.2806,2,1
Barn Swallow,55.33784,-2.81564,7.5,Spring,0.307,9,1
Barn Swallow,55.33784,-2.5708,7.5,Spring,0.3041,10,3
Barn Swallow,55.47297,-5.75369,7.5,Spring,0.314,50,13
Barn Swallow,55.47297,-5.50885,7.5,Spring,0.3209,29,7
Barn Swallow,55.47297,-5.26402,7.5,Spring,0.323,53,14
Barn Swallow,55.47297,-5.01918,7.5,Spring,0.3167,71,32
Barn Swallow,55.47297,-4.77434,7.5,Spring,0.2962,561,51
Barn Swallow,55.47297,-4.5295,7.5,Spring,0.291,1120,188
Barn Swallow,55.47297,-4.28466,7.5,Spring,0.2804,36,12
Barn Swallow,55.47297,-3.79499,7.5,Spring,0.2872,119,27
Barn Swallow,55.47297,-3.55015,7.5,Spring,0.274,116,33
Barn Swallow,55.47297,-3.30531,7.5,Spring,0.266,66,32
Barn Swallow,55.47297,-3.06047,7.5,Spring,0.2707,13,1
Barn Swallow,55.47297,-2.81564,7.5,Spring,0.3063,51,7
Barn Swallow,55.47297,-2.5708,7.5,Spring,0.3039,52,9
Barn Swallow,55.47297,-2.32596,7.5,Spring,0.3023,5,1
Barn Swallow,55.60811,-6.24337,7.5,Spring,0.2964,237,75
Barn Swallow,55.60811,-5.99853,7.5,Spring,0.2938,16,4
Barn Swallow,55.60811,-5.75369,7.5,Spring,0.2953,34,7
Barn Swallow,55.60811,-5.50885,7.5,Spring,0.2996,16,4
Barn Swallow,55.60811,-5.26402,7.5,Spring,0.3013,166,63
Barn Swallow,55.60811,-5.01918,7.5,Spring,0.2945,34,12
Barn Swallow,55.60811,-4.77434,7.5,Spring,0.2688,3607,297
Barn Swallow,55.60811,-4.5295,7.5,Spring,0.2639,21683,3404
Barn Swallow,55.60811,-4.28466,7.5,Spring,0.2487,65,4
Barn Swallow,55.60811,-4.03983,7.5,Spring,0.2558,18,6
Barn Swallow,55.60811,-3.79499,7.5,Spring,0.2571,38,8
Barn Swallow,55.60811,-3.55015,7.5,Spring,0.2509,77,27
Barn Swallow,55.60811,-3.30531,7.5,Spring,0.2495,97,30
Barn Swallow,55.60811,-3.06047,7.5,Spring,0.2673,58,26
Barn Swallow,55.60811,-2.81564,7.5,Spring,0.3175,127,32
Barn Swallow,55.60811,-2.5708,7.5,Spring,0.3181,64,10
Barn Swallow,55.60811,-2.32596,7.5,Spring,0.3161,44,11
Barn Swallow,55.74324,-6.48821,7.5,Spring,0.2653,81,16
Barn Swallow,55.74324,-6.24337,7.5,Spring,0.2824,131,22
Barn Swallow,55.74324,-5.99853,7.5,Spring,0.2799,27,5
Barn Swallow,55.74324,-5.75369,7.5,Spring,0.2821,3418,40
Barn Swallow,55.74324,-5.50885,7.5,Spring,0.2846,40,11
Barn Swallow,55.74324,-5.26402,7.5,Spring,0.2867,38,15
Barn Swallow,55.74324,-5.01918,7.5,Spring,0.2817,108,35
Barn Swallow,55.74324,-4.77434,7.5,Spring,0.2604,124,18
Barn Swallow,55.74324,-4.5295,7.5,Spring,0.2553,468,148
Barn Swallow,55.74324,-4.28466,7.5,Spring,0.2393,998,126
Barn Swallow,55.74324,-4.03983,7.5,Spring,0.2457,315,42
Barn Swallow,55.74324,-3.79499,7.5,Spring,0.2472,52,16
Barn Swallow,55.74324,-3.55015,7.5,Spring,0.2423,38,15
Barn Swallow,55.74324,-3.30531,7.5,Spring,0.2405,64,19
Barn Swallow,55.74324,-3.06047,7.5,Spring,0.2597,398,95
Barn Swallow,55.74324,-2.81564,7.5,Spring,0.3175,30,3
Barn Swallow,55.74324,-2.5708,7.5,Spring,0.3223,11,4
Barn Swallow,55.74324,-2.32596,7.5,Spring,0.3195,14,3
Barn Swallow,55.74324,-2.08112,7.5,Spring,0.3052,42,8
Barn Swallow,55.87838,-6.48821,7.5,Spring,0.224,24,10
Barn Swallow,55.87838,-6.24337,7.5,Spring,0.2368,110,34
Barn Swallow,55.87838,-5.99853,7.5,Spring,0.2359,48,20
Barn Swallow,55.87838,-5.75369,7.5,Spring,0.2378,3,2
Barn Swallow,55.87838,-5.50885,7.5,Spring,0.2395,30,8
Barn Swallow,55.87838,-5.26402,7.5,Spring,0.2384,41,12
Barn Swallow,55.87838,-5.01918,7.5,Spring,0.2355,56,22
Barn Swallow,55.87838,-4.77434,7.5,Spring,0.2144,59,10
Barn Swallow,55.87838,-4.5295,7.5,Spring,0.2067,458,39
Barn Swallow,55.87838,-4.28466,7.5,Spring,0.1852,2168,124
Barn Swallow,55.87838,-4.03983,7.5,Spring,0.1945,258,28
Barn Swallow,55.87838,-3.79499,7.5,Spring,0.1945,47,11
Barn Swallow,55.87838,-3.55015,7.5,Spring,0.191,219,31
Barn Swallow,55.87838,-3.30531,7.5,Spring,0.1912,2071,220
Barn Swallow,55.87838,-3.06047,7.5,Spring,0.2384,2165,379
Barn Swallow,55.87838,-2.81564,7.5,Spring,0.3178,239,40
Barn Swallow,55.87838,-2.5708,7.5,Spring,0.3302,232,52
Barn Swallow,55.87838,-2.32596,7.5,Spring,0.3271,169,58
Barn Swallow,55.87838,-2.08112,7.5,Spring,0.3155,288,126
Barn Swallow,56.01351,-6.24337,7.5,Spring,0.2859,34,19
Barn Swallow,56.01351,-5.99853,7.5,Spring,0.2859,11,9
Barn Swallow,56.01351,-5.75369,7.5,Spring,0.2849,19,10
Barn Swallow,56.01351,-5.50885,7.5,Spring,0.2843,97,34
Barn Swallow,56.01351,-5.26402,7.5,Spring,0.284,45,11
Barn Swallow,56.01351,-5.01918,7.5,Spring,0.2842,167,52
Barn Swallow,56.01351,-4.77434,7.5,Spring,0.2705,189,28
Barn Swallow,56.01351,-4.5295,7.5,Spring,0.2649,435,124
Barn Swallow,56.01351,-4.28466,7.5,Spring,0.2542,175,38
Barn Swallow,56.01351,-4.03983,7.5,Spring,0.2542,39,6
Barn Swallow,56.01351,-3.79499,7.5,Spring,0.2496,421,122
Barn Swallow,56.01351,-3.55015,7.5,Spring,0.225,493,80
Barn Swallow,56.01351,-3.30531,7.5,Spring,0.2275,2906,217
Barn Swallow,56.01351,-3.06047,7.5,Spring,0.2549,2432,510
Barn Swallow,56.01351,-2.81564,7.5,Spring,0.3395,928,243
Barn Swallow,56.01351,-2.5708,7.5,Spring,0.3623,754,228
Barn Swallow,56.01351,-2.32596,7.5,Spring,0.3624,300,128
Barn Swallow,56.14865,-6.24337,7.5,Spring,0.29,11,4
Barn Swallow,56.14865,-5.50885,7.5,Spring,0.2884,78,33
Barn Swallow,56.14865,-5.26402,7.5,Spring,0.288,28,11
Barn Swallow,56.14865,-5.01918,7.5,Spring,0.2881,25,7
Barn Swallow,56.14865,-4.77434,7.5,Spring,0.2777,77,22
Barn Swallow,56.14865,-4.5295,7.5,Spring,0.2742,234,73
Barn Swallow,56.14865,-4.28466,7.5,Spring,0.2664,180,42
Barn Swallow,56.14865,-4.03983,7.5,Spring,0.2662,535,106
Barn Swallow,56.14865,-3.79499,7.5,Spring,0.2608,695,175
Barn Swallow,56.14865,-3.55015,7.5,Spring,0.2437,219,43
Barn Swallow,56.14865,-3.30531,7.5,Spring,0.2495,652,199
Barn Swallow,56.14865,-3.06047,7.5,Spring,0.2653,422,107
Barn Swallow,56.14865,-2.81564,7.5,Spring,0.3378,399,140
Barn Swallow,56.14865,-2.5708,7.5,Spring,0.3592,243,84
Barn Swallow,56.28378,-6.48821,7.5,Spring,0.2734,342,172
Barn Swallow,56.28378,-6.24337,7.5,Spring,0.292,133,49
Barn Swallow,56.28378,-5.99853,7.5,Spring,0.292,21,8
Barn Swallow,56.28378,-5.75369,7.5,Spring,0.291,17,5
Barn Swallow,56.28378,-5.50885,7.5,Spring,0.2903,44,18
Barn Swallow,56.28378,-5.26402,7.5,Spring,0.2899,4,2
Barn Swallow,56.28378,-5.01918,7.5,Spring,0.2898,58,26
Barn Swallow,56.28378,-4.77434,7.5,Spring,0.28,86,29
Barn Swallow,56.28378,-4.5295,7.5,Spring,0.2756,56,18
Barn Swallow,56.28378,-4.28466,7.5,Spring,0.2675,269,67
Barn Swallow,56.28378,-4.03983,7.5,Spring,0.2672,43,8
Barn Swallow,56.28378,-3.79499,7.5,Spring,0.2612,106,21
Barn Swallow,56.28378,-3.55015,7.5,Spring,0.2486,32,6
Barn Swallow,56.28378,-3.30531,7.5,Spring,0.2545,146,37
Barn Swallow,56.28378,-3.06047,7.5,Spring,0.2713,546,151
Barn Swallow,56.28378,-2.81564,7.5,Spring,0.3403,1514,374
Barn Swallow,56.28378,-2.5708,7.5,Spring,0.3624,559,209
Barn Swallow,56.41892,-6.97788,7.5,Spring,0.2168,28,9
Barn Swallow,56.41892,-6.24337,7.5,Spring,0.2654,177,36
Barn Swallow,56.41892,-5.99853,7.5,Spring,0.2666,401,83
Barn Swallow,56.41892,-5.75369,7.5,Spring,0.2658,385,130
Barn Swallow,56.41892,-5.50885,7.5,Spring,0.265,396,52
Barn Swallow,56.41892,-5.26402,7.5,Spring,0.2646,39,4
Barn Swallow,56.41892,-5.01918,7.5,Spring,0.2646,73,32
Barn Swallow,56.41892,-4.77434,7.5,Spring,0.263,54,18
Barn Swallow,56.41892,-4.5295,7.5,Spring,0.2606,40,11
Barn Swallow,56.41892,-4.28466,7.5,Spring,0.2563,86,31
Barn Swallow,56.41892,-4.03983,7.5,Spring,0.2558,122,27
Barn Swallow,56.41892,-3.79499,7.5,Spring,0.25,80,12
Barn Swallow,56.41892,-3.55015,7.5,Spring,0.2379,238,38
Barn Swallow,56.41892,-3.30531,7.5,Spring,0.2444,261,64
Barn Swallow,56.41892,-3.06047,7.5,Spring,0.2558,540,51
Barn Swallow,56.41892,-2.81564,7.5,Spring,0.3169,655,161
Barn Swallow,56.55405,-6.97788,7.5,Spring,0.2129,33,5
Barn Swallow,56.55405,-6.73304,7.5,Spring,0.2126,34,8
Barn Swallow,56.55405,-6.48821,7.5,Spring,0.2453,149,6
Barn Swallow,56.55405,-6.24337,7.5,Spring,0.2645,182,49
Barn Swallow,56.55405,-5.99853,7.5,Spring,0.2659,283,75
Barn Swallow,56.55405,-5.75369,7.5,Spring,0.2657,158,36
Barn Swallow,56.55405,-5.50885,7.5,Spring,0.2664,85,44
Barn Swallow,56.55405,-5.26402,7.5,Spring,0.2659,50,14
Barn Swallow,56.55405,-4.77434,7.5,Spring,0.2642,40,8
Barn Swallow,56.55405,-4.5295,7.5,Spring,0.2616,2,1
Barn Swallow,56.55405,-4.28466,7.5,Spring,0.2563,17,5
Barn Swallow,56.55405,-4.03983,7.5,Spring,0.2561,55,11
Barn Swallow,56.55405,-3.79499,7.5,Spring,0.2489,74,19
Barn Swallow,56.55405,-3.55015,7.5,Spring,0.2369,294,82
Barn Swallow,56.55405,-3.30531,7.5,Spring,0.2437,54,10
Barn Swallow,56.55405,-3.06047,7.5,Spring,0.2549,50,13
Barn Swallow,56.55405,-2.81564,7.5,Spring,0.3157,55,12
Barn Swallow,56.55405,-2.5708,7.5,Spring,0.334,109,20
Barn Swallow,56.68919,-6.73304,7.5,Spring,0.2064,4,1
Barn Swallow,56.68919,-6.48821,7.5,Spring,0.2378,42,16
Barn Swallow,56.68919,-6.24337,7.5,Spring,0.2533,84,18
Barn Swallow,56.68919,-5.99853,7.5,Spring,0.2544,205,30
Barn Swallow,56.68919,-5.75369,7.5,Spring,0.2549,96,14
Barn Swallow,56.68919,-5.50885,7.5,Spring,0.2553,74,13
Barn Swallow,56.68919,-5.26402,7.5,Spring,0.2548,113,32
Barn Swallow,56.68919,-5.01918,7.5,Spring,0.2541,215,22
Barn Swallow,56.68919,-4.77434,7.5,Spring,0.2545,29,6
Barn Swallow,56.68919,-4.5295,7.5,Spring,0.2542,10,2
Barn Swallow,56.68919,-4.03983,7.5,Spring,0.2505,46,9
Barn Swallow,56.68919,-3.79499,7.5,Spring,0.2433,290,65
Barn Swallow,56.68919,-3.55015,7.5,Spring,0.2318,26,11
Barn Swallow,56.68919,-3.30531,7.5,Spring,0.2389,83,20
Barn Swallow,56.68919,-3.06047,7.5,Spring,0.2531,181,48
Barn Swallow,56.68919,-2.81564,7.5,Spring,0.3166,111,23
Barn Swallow,56.68919,-2.5708,7.5,Spring,0.3337,253,54
Barn Swallow,56.68919,-2.32596,7.5,Spring,0.3332,22,5
Barn Swallow,56.82432,-7.46756,7.5,Spring,0.2388,5,4
Barn Swallow,56.82432,-6.24337,7.5,Spring,0.2539,25,9
Barn Swallow,56.82432,-5.99853,7.5,Spring,0.2548,17,3
Barn Swallow,56.82432,-5.75369,7.5,Spring,0.2556,83,18
Barn Swallow,56.82432,-5.50885,7.5,Spring,0.256,86,20
Barn Swallow,56.82432,-5.26402,7.5,Spring,0.2555,28,1
Barn Swallow,56.82432,-5.01918,7.5,Spring,0.255,256,35
Barn Swallow,56.82432,-4.77434,7.5,Spring,0.2555,30,9
Barn Swallow,56.82432,-4.28466,7.5,Spring,0.2506,17,4
Barn Swallow,56.82432,-4.03983,7.5,Spring,0.2506,45,9
Barn Swallow,56.82432,-3.79499,7.5,Spring,0.2419,59,16
Barn Swallow,56.82432,-3.55015,7.5,Spring,0.2299,19,1
Barn Swallow,56.82432,-3.30531,7.5,Spring,0.2372,111,17
Barn Swallow,56.82432,-3.06047,7.5,Spring,0.2546,25,10
Barn Swallow,56.82432,-2.81564,7.5,Spring,0.3225,10,1
Barn Swallow,56.82432,-2.5708,7.5,Spring,0.3399,127,41
Barn Swallow,56.82432,-2.32596,7.5,Spring,0.3398,78,22
Barn Swallow,56.95946,-7.46756,7.5,Spring,0.2379,82,18
Barn Swallow,56.95946,-6.73304,7.5,Spring,0.205,2,1
Barn Swallow,56.95946,-6.24337,7.5,Spring,0.253,108,33
Barn Swallow,56.95946,-5.99853,7.5,Spring,0.2539,11,1
Barn Swallow,56.95946,-5.75369,7.5,Spring,0.2548,175,43
Barn Swallow,56.95946,-5.01918,7.5,Spring,0.2542,46,13
Barn Swallow,56.95946,-4.77434,7.5,Spring,0.2551,11,2
Barn Swallow,56.95946,-4.5295,7.5,Spring,0.2537,55,23
Barn Swallow,56.95946,-4.28466,7.5,Spring,0.2496,91,25
Barn Swallow,56.95946,-3.79499,7.5,Spring,0.2405,7,2
Barn Swallow,56.95946,-3.55015,7.5,Spring,0.2278,57,17
Barn Swallow,56.95946,-3.30531,7.5,Spring,0.2352,107,13
Barn Swallow,56.95946,-3.06047,7.5,Spring,0.255,23,2
Barn Swallow,56.95946,-2.81564,7.5,Spring,0.3235,10,4
Barn Swallow,56.95946,-2.5708,7.5,Spring,0.3403,21,6
Barn Swallow,56.95946,-2.32596,7.5,Spring,0.3405,74,23
Barn Swallow,56.95946,-2.08112,7.5,Spring,0.3315,269,91
Barn Swallow,57.09459,-7.46756,7.5,Spring,0.2386,60,18
Barn Swallow,57.09459,-7.22272,7.5,Spring,0.2013,65,6
Barn Swallow,57.09459,-6.48821,7.5,Spring,0.2346,30,14
Barn Swallow,57.09459,-5.99853,7.5,Spring,0.2511,100,12
Barn Swallow,57.09459,-5.75369,7.5,Spring,0.2519,50,15
Barn Swallow,57.09459,-4.77434,7.5,Spring,0.2524,114,40
Barn Swallow,57.09459,-4.5295,7.5,Spring,0.2509,8,1
Barn Swallow,57.09459,-4.28466,7.5,Spring,0.2464,5,1
Barn Swallow,57.09459,-4.03983,7.5,Spring,0.2469,709,149
Barn Swallow,57.09459,-3.79499,7.5,Spring,0.2368,375,33
Barn Swallow,57.09459,-3.55015,7.5,Spring,0.2232,433,21
Barn Swallow,57.09459,-3.30531,7.5,Spring,0.2318,78,4
Barn Swallow,57.09459,-3.06047,7.5,Spring,0.2552,69,9
Barn Swallow,57.09459,-2.81564,7.5,Spring,0.3233,188,51
Barn Swallow,57.09459,-2.5708,7.5,Spring,0.34,64,16
Barn Swallow,57.09459,-2.32596,7.5,Spring,0.3404,89,14
Barn Swallow,57.09459,-2.08112,7.5,Spring,0.3319,1560,399
Barn Swallow,57.22973,-7.46756,7.5,Spring,0.2373,214,58
Barn Swallow,57.22973,-7.22272,7.5,Spring,0.1981,50,3
Barn Swallow,57.22973,-6.48821,7.5,Spring,0.2305,23,6
Barn Swallow,57.22973,-6.24337,7.5,Spring,0.2465,115,7
Barn Swallow,57.22973,-5.99853,7.5,Spring,0.2479,315,67
Barn Swallow,57.22973,-5.75369,7.5,Spring,0.2493,159,24
Barn Swallow,57.22973,-5.50885,7.5,Spring,0.2497,128,22
Barn Swallow,57.22973,-5.26402,7.5,Spring,0.2492,5,1
Barn Swallow,57.22973,-5.01918,7.5,Spring,0.2488,41,8
Barn Swallow,57.22973,-4.77434,7.5,Spring,0.2495,34,10
Barn Swallow,57.22973,-4.5295,7.5,Spring,0.2484,45,9
Barn Swallow,57.22973,-4.28466,7.5,Spring,0.2441,11,2
Barn Swallow,57.22973,-4.03983,7.5,Spring,0.2445,252,55
Barn Swallow,57.22973,-3.79499,7.5,Spring,0.2347,2240,272
Barn Swallow,57.22973,-3.55015,7.5,Spring,0.2201,560,69
Barn Swallow,57.22973,-3.30531,7.5,Spring,0.2301,123,30
Barn Swallow,57.22973,-3.06047,7.5,Spring,0.2511,10,9
Barn Swallow,57.22973,-2.81564,7.5,Spring,0.3158,24,6
Barn Swallow,57.22973,-2.5708,7.5,Spring,0.3273,20,6
Barn Swallow,57.22973,-2.32596,7.5,Spring,0.3272,52,10
Barn Swallow,57.22973,-2.08112,7.5,Spring,0.3167,488,77
Barn Swallow,57.36486,-7.46756,7.5,Spring,0.2369,199,29
Barn Swallow,57.36486,-7.22272,7.5,Spring,0.1975,119,5
Barn Swallow,57.36486,-6.73304,7.5,Spring,0.1975,87,2
Barn Swallow,57.36486,-6.48821,7.5,Spring,0.2308,77,10
Barn Swallow,57.36486,-6.24337,7.5,Spring,0.2474,242,25
Barn Swallow,57.36486,-5.99853,7.5,Spring,0.2493,41,3
Barn Swallow,57.36486,-5.75369,7.5,Spring,0.251,69,16
Barn Swallow,57.36486,-5.50885,7.5,Spring,0.2514,59,7
Barn Swallow,57.36486,-5.01918,7.5,Spring,0.2506,15,4
Barn Swallow,57.36486,-4.77434,7.5,Spring,0.2514,86,26
Barn Swallow,57.36486,-4.5295,7.5,Spring,0.2504,272,72
Barn Swallow,57.36486,-4.28466,7.5,Spring,0.2465,333,68
Barn Swallow,57.36486,-4.03983,7.5,Spring,0.2476,118,15
Barn Swallow,57.36486,-3.79499,7.5,Spring,0.2383,407,35
Barn Swallow,57.36486,-3.55015,7.5,Spring,0.2261,445,48
Barn Swallow,57.36486,-3.30531,7.5,Spring,0.2357,43,15
Barn Swallow,57.36486,-2.81564,7.5,Spring,0.319,14,2
Barn Swallow,57.36486,-2.5708,7.5,Spring,0.3303,25,12
Barn Swallow,57.36486,-2.32596,7.5,Spring,0.3304,30,16
Barn Swallow,57.36486,-2.08112,7.5,Spring,0.3199,274,81
Barn Swallow,57.36486,-1.83628,7.5,Spring,0.3266,69,16
Barn Swallow,57.5,-7.46756,7.5,Spring,0.2416,266,76
Barn Swallow,57.5,-7.22272,7.5,Spring,0.2022,151,22
Barn Swallow,57.5,-6.73304,7.5,Spring,0.2016,445,58
Barn Swallow,57.5,-6.48821,7.5,Spring,0.2329,129,13
Barn Swallow,57.5,-6.24337,7.5,Spring,0.2491,165,16
Barn Swallow,57.5,-5.75369,7.5,Spring,0.254,47,16
Barn Swallow,57.5,-5.50885,7.5,Spring,0.2544,38,8
Barn Swallow,57.5,-5.01918,7.5,Spring,0.2536,14,1
Barn Swallow,57.5,-4.77434,7.5,Spring,0.2544,7,2
Barn Swallow,57.5,-4.5295,7.5,Spring,0.254,192,38
Barn Swallow,57.5,-4.28466,7.5,Spring,0.2507,915,212
Barn Swallow,57.5,-4.03983,7.5,Spring,0.2523,691,193
Barn Swallow,57.5,-3.79499,7.5,Spring,0.2438,39,8
Barn Swallow,57.5,-3.55015,7.5,Spring,0.2311,26,5
Barn Swallow,57.5,-3.30531,7.5,Spring,0.2406,49,16
Barn Swallow,57.5,-3.06047,7.5,Spring,0.257,32,6
Barn Swallow,57.5,-2.81564,7.5,Spring,0.3204,26,7
Barn Swallow,57.5,-2.32596,7.5,Spring,0.3317,43,11
Barn Swallow,57.5,-2.08112,7.5,Spring,0.3211,46,9
Barn Swallow,57.5,-1.83628,7.5,Spring,0.3262,128,32
Barn Swallow,57.63514,-7.46756,7.5,Spring,0.2332,489,158
Barn Swallow,57.63514,-7.22272,7.5,Spring,0.1984,123,10
Barn Swallow,57.63514,-6.48821,7.5,Spring,0.23,131,23
Barn Swallow,57.63514,-6.24337,7.5,Spring,0.2484,360,59
Barn Swallow,57.63514,-5.75369,7.5,Spring,0.2531,56,38
Barn Swallow,57.63514,-5.50885,7.5,Spring,0.2535,19,6
Barn Swallow,57.63514,-5.26402,7.5,Spring,0.2529,54,6
Barn Swallow,57.63514,-5.01918,7.5,Spring,0.2526,22,7
Barn Swallow,57.63514,-4.77434,7.5,Spring,0.2544,38,7
Barn Swallow,57.63514,-4.5295,7.5,Spring,0.2533,168,46
Barn Swallow,57.63514,-4.28466,7.5,Spring,0.2504,160,24
Barn Swallow,57.63514,-4.03983,7.5,Spring,0.2519,569,136
Barn Swallow,57.63514,-3.79499,7.5,Spring,0.2434,223,35
Barn Swallow,57.63514,-3.55015,7.5,Spring,0.2308,328,37
Barn Swallow,57.63514,-3.30531,7.5,Spring,0.2404,232,65
Barn Swallow,57.63514,-3.06047,7.5,Spring,0.2586,167,61
Barn Swallow,57.63514,-2.81564,7.5,Spring,0.3216,87,13
Barn Swallow,57.63514,-2.5708,7.5,Spring,0.3323,131,24
Barn Swallow,57.63514,-2.32596,7.5,Spring,0.3326,147,62
Barn Swallow,57.63514,-2.08112,7.5,Spring,0.3223,51,10
Barn Swallow,57.63514,-1.83628,7.5,Spring,0.3302,232,127
Barn Swallow,57.77027,-8.69175,7.5,Spring,0.2221,65,20
Barn Swallow,57.77027,-8.44691,7.5,Spring,0.2221,23,5
Barn Swallow,57.77027,-7.22272,7.5,Spring,0.1935,66,10
Barn Swallow,57.77027,-6.97788,7.5,Spring,0.1926,68,3
Barn Swallow,57.77027,-5.75369,7.5,Spring,0.2537,131,31
Barn Swallow,57.77027,-5.50885,7.5,Spring,0.2541,84,21
Barn Swallow,57.77027,-5.01918,7.5,Spring,0.2532,49,10
Barn Swallow,57.77027,-4.28466,7.5,Spring,0.2507,40,10
Barn Swallow,57.77027,-4.03983,7.5,Spring,0.2523,201,55
Barn Swallow,57.77027,-3.79499,7.5,Spring,0.2443,199,70
Barn Swallow,57.77027,-3.55015,7.5,Spring,0.2321,157,30
Barn Swallow,57.77027,-3.30531,7.5,Spring,0.2414,165,21
Barn Swallow,57.77027,-2.81564,7.5,Spring,0.3196,41,9
Barn Swallow,57.90541,-6.97788,7.5,Spring,0.1855,91,4
Barn Swallow,57.90541,-6.73304,7.5,Spring,0.1859,58,4
Barn Swallow,57.90541,-5.75369,7.5,Spring,0.2491,31,3
Barn Swallow,57.90541,-5.50885,7.5,Spring,0.2498,117,23
Barn Swallow,57.90541,-5.26402,7.5,Spring,0.2498,130,20
Barn Swallow,57.90541,-4.5295,7.5,Spring,0.2511,18,6
Barn Swallow,57.90541,-4.28466,7.5,Spring,0.2471,115,13
Barn Swallow,57.90541,-4.03983,7.5,Spring,0.2492,326,64
Barn Swallow,57.90541,-3.79499,7.5,Spring,0.2423,70,26
Barn Swallow,58.04054,-7.22272,7.5,Spring,0.1856,4,1
Barn Swallow,58.04054,-6.48821,7.5,Spring,0.2207,31,3
Barn Swallow,58.04054,-5.50885,7.5,Spring,0.2492,6,1
Barn Swallow,58.04054,-4.5295,7.5,Spring,0.2511,61,18
Barn Swallow,58.04054,-4.28466,7.5,Spring,0.2472,55,7
Barn Swallow,58.04054,-4.03983,7.5,Spring,0.2494,61,12
Barn Swallow,58.04054,-3.79499,7.5,Spring,0.243,75,24
Barn Swallow,58.17568,-6.97788,7.5,Spring,0.1852,41,2
Barn Swallow,58.17568,-6.73304,7.5,Spring,0.1858,86,14
Barn Swallow,58.17568,-6.48821,7.5,Spring,0.2211,169,10
Barn Swallow,58.17568,-6.24337,7.5,Spring,0.2442,77,12
Barn Swallow,58.17568,-5.26402,7.5,Spring,0.2488,130,17
Barn Swallow,58.17568,-5.01918,7.5,Spring,0.2493,28,1
Barn Swallow,58.17568,-4.5295,7.5,Spring,0.251,9,1
Barn Swallow,58.17568,-4.03983,7.5,Spring,0.2493,8,6
Barn Swallow,58.17568,-3.79499,7.5,Spring,0.2429,13,5
Barn Swallow,58.17568,-3.55015,7.5,Spring,0.2324,19,7
Barn Swallow,58.17568,-1.83628,7.5,Spring,0.3178,1,1
Barn Swallow,58.31081,-6.73304,7.5,Spring,0.1888,84,14
Barn Swallow,58.31081,-6.48821,7.5,Spring,0.2253,58,10
Barn Swallow,58.31081,-6.24337,7.5,Spring,0.2462,135,26
Barn Swallow,58.31081,-5.26402,7.5,Spring,0.2506,43,6
Barn Swallow,58.31081,-5.01918,7.5,Spring,0.2506,43,2
Barn Swallow,58.31081,-4.77434,7.5,Spring,0.2525,1,1
Barn Swallow,58.31081,-4.5295,7.5,Spring,0.2516,14,9
Barn Swallow,58.31081,-4.03983,7.5,Spring,0.2498,3,1
Barn Swallow,58.31081,-3.79499,7.5,Spring,0.2434,31,18
Barn Swallow,58.31081,-3.55015,7.5,Spring,0.2327,14,1
Barn Swallow,58.31081,-3.30531,7.5,Spring,0.242,19,5
Barn Swallow,58.31081,-3.06047,7.5,Spring,0.2591,18,1
Barn Swallow,58.44595,-6.48821,7.5,Spring,0.2283,12,3
Barn Swallow,58.44595,-6.24337,7.5,Spring,0.249,106,34
Barn Swallow,58.44595,-5.26402,7.5,Spring,0.253,89,16
Barn Swallow,58.44595,-5.01918,7.5,Spring,0.2529,31,4
Barn Swallow,58.44595,-4.5295,7.5,Spring,0.2551,28,9
Barn Swallow,58.44595,-4.03983,7.5,Spring,0.2532,1,1
Barn Swallow,58.44595,-3.55015,7.5,Spring,0.2344,11,1
Barn Swallow,58.44595,-3.30531,7.5,Spring,0.2437,21,4
Barn Swallow,58.44595,-3.06047,7.5,Spring,0.259,87,30
Barn Swallow,58.44595,0.36726,7.5,Spring,0.1733,2,2
Barn Swallow,58.58108,-6.24337,7.5,Spring,0.2539,71,13
Barn Swallow,58.58108,-4.77434,7.5,Spring,0.2599,149,51
Barn Swallow,58.58108,-4.5295,7.5,Spring,0.2593,1,1
Barn Swallow,58.58108,-4.28466,7.5,Spring,0.255,22,7
Barn Swallow,58.58108,-4.03983,7.5,Spring,0.2572,19,10
Barn Swallow,58.58108,-3.79499,7.5,Spring,0.2504,34,9
Barn Swallow,58.58108,-3.55015,7.5,Spring,0.2376,95,27
Barn Swallow,58.58108,-3.30531,7.5,Spring,0.2466,100,20
Barn Swallow,58.58108,-3.06047,7.5,Spring,0.2593,142,41
Barn Swallow,58.71622,-3.30531,7.5,Spring,0.2456,86,27
Barn Swallow,58.71622,-3.06047,7.5,Spring,0.2588,32,14
Barn Swallow,58.85135,-3.30531,7.5,Spring,0.2452,97,14
Barn Swallow,58.85135,-3.06047,7.5,Spring,0.2587,66,24
Barn Swallow,58.85135,-2.81564,7.5,Spring,0.3253,115,32
Barn Swallow,58.98649,-3.30531,7.5,Spring,0.2397,299,59
Barn Swallow,58.98649,-3.06047,7.5,Spring,0.2364,323,72
Barn Swallow,58.98649,-2.81564,7.5,Spring,0.292,106,52
Barn Swallow,59.12162,-3.30531,7.5,Spring,0.2412,228,64
Barn Swallow,59.12162,-3.06047,7.5,Spring,0.236,182,31
Barn Swallow,59.12162,-2.81564,7.5,Spring,0.2825,15,2
Barn Swallow,59.12162,-2.5708,7.5,Spring,0.2935,7,2
Barn Swallow,59.25676,-3.06047,7.5,Spring,0.2353,27,15
Barn Swallow,59.25676,-2.81564,7.5,Spring,0.2787,23,1
Barn Swallow,59.25676,-2.5708,7.5,Spring,0.2896,8,2
Barn Swallow,59.39189,-3.06047,7.5,Spring,0.2288,21,4
Barn Swallow,59.39189,-2.81564,7.5,Spring,0.2658,24,8
Barn Swallow,59.39189,-2.32596,7.5,Spring,0.2748,344,186
Barn Swallow,59.52703,-1.59145,7.5,Spring,0.1924,456,199
Barn Swallow,59.7973,-1.34661,7.5,Spring,0.2104,175,29
Barn Swallow,59.93243,-1.34661,7.5,Spring,0.1534,1629,262
Barn Swallow,59.93243,-1.10177,7.5,Spring,0.0617,131,2
Barn Swallow,60.06757,-2.08112,7.5,Spring,0.1013,22,6
Barn Swallow,60.06757,-1.34661,7.5,Spring,0.0695,437,48
Barn Swallow,60.06757,-1.10177,7.5,Spring,0.0534,123,7
Barn Swallow,60.2027,-1.59145,7.5,Spring,0.069,49,4
Barn Swallow,60.2027,-1.34661,7.5,Spring,0.0626,134,9
Barn Swallow,60.2027,-1.10177,7.5,Spring,0.0525,488,29
Barn Swallow,60.33784,-1.59145,7.5,Spring,0.0612,34,2
Barn Swallow,60.33784,-1.10177,7.5,Spring,0.0476,26,1
Barn Swallow,60.47297,-1.59145,7.5,Spring,0.0614,71,5
Barn Swallow,60.47297,-1.10177,7.5,Spring,0.0472,58,2
Barn Swallow,60.47297,-0.85693,7.5,Spring,0.0934,26,7
Barn Swallow,60.60811,-1.34661,7.5,Spring,0.0579,24,4
Barn Swallow,60.60811,-0.85693,7.5,Spring,0.0951,78,7
Barn Swallow,60.74324,-1.10177,7.5,Spring,0.0518,20,1
Barn Swallow,60.74324,-0.85693,7.5,Spring,0.1051,385,36
Barn Swallow,60.87838,-0.85693,7.5,Spring,0.128,114,13
Barn Swallow,54.66216,-5.01918,7.5,Summer,0.4882,12,5
Barn Swallow,54.66216,-4.77434,7.5,Summer,0.4854,43,26
Barn Swallow,54.66216,-4.28466,7.5,Summer,0.517,11,6
Barn Swallow,54.7973,-5.01918,7.5,Summer,0.4919,55,27
Barn Swallow,54.7973,-4.77434,7.5,Summer,0.4893,8,3
Barn Swallow,54.7973,-4.5295,7.5,Summer,0.5075,34,23
Barn Swallow,54.7973,-4.28466,7.5,Summer,0.5243,27,14
Barn Swallow,54.7973,-4.03983,7.5,Summer,0.5357,46,22
Barn Swallow,54.7973,-3.79499,7.5,Summer,0.5468,22,14
Barn Swallow,54.93243,-5.26402,7.5,Summer,0.484,2,1
Barn Swallow,54.93243,-5.01918,7.5,Summer,0.4971,74,25
Barn Swallow,54.93243,-4.77434,7.5,Summer,0.4945,13,9
Barn Swallow,54.93243,-4.5295,7.5,Summer,0.5161,52,24
Barn Swallow,54.93243,-4.28466,7.5,Summer,0.5331,35,20
Barn Swallow,54.93243,-4.03983,7.5,Summer,0.5457,106,62
Barn Swallow,54.93243,-3.79499,7.5,Summer,0.5565,76,66
Barn Swallow,54.93243,-3.55015,7.5,Summer,0.5593,171,102
Barn Swallow,54.93243,-3.30531,7.5,Summer,0.5551,22,17
Barn Swallow,54.93243,-3.06047,7.5,Summer,0.5539,41,33
Barn Swallow,55.06757,-5.26402,7.5,Summer,0.4858,23,9
Barn Swallow,55.06757,-5.01918,7.5,Summer,0.4932,12,5
Barn Swallow,55.06757,-4.77434,7.5,Summer,0.4879,10,9
Barn Swallow,55.06757,-4.5295,7.5,Summer,0.5108,44,19
Barn Swallow,55.06757,-4.28466,7.5,Summer,0.5177,16,7
Barn Swallow,55.06757,-4.03983,7.5,Summer,0.5293,63,45
Barn Swallow,55.06757,-3.79499,7.5,Summer,0.5387,17,9
Barn Swallow,55.06757,-3.55015,7.5,Summer,0.5424,192,82
Barn Swallow,55.06757,-3.30531,7.5,Summer,0.5379,52,16
Barn Swallow,55.06757,-3.06047,7.5,Summer,0.5464,13,8
Barn Swallow,55.2027,-5.01918,7.5,Summer,0.4928,17,4
Barn Swallow,55.2027,-4.77434,7.5,Summer,0.4873,30,14
Barn Swallow,55.2027,-4.28466,7.5,Summer,0.5231,23,18
Barn Swallow,55.2027,-4.03983,7.5,Summer,0.5345,23,20
Barn Swallow,55.2027,-3.79499,7.5,Summer,0.543,14,5
Barn Swallow,55.2027,-3.55015,7.5,Summer,0.5456,9,8
Barn Swallow,55.2027,-3.30531,7.5,Summer,0.5415,58,38
Barn Swallow,55.2027,-3.06047,7.5,Summer,0.5474,22,11
Barn Swallow,55.2027,-2.81564,7.5,Summer,0.5584,13,6
Barn Swallow,55.2027,-2.5708,7.5,Summer,0.5532,1,1
Barn Swallow,55.33784,-5.75369,7.5,Summer,0.4732,17,8
Barn Swallow,55.33784,-5.50885,7.5,Summer,0.4779,14,8
Barn Swallow,55.33784,-4.77434,7.5,Summer,0.4754,137,58
Barn Swallow,55.33784,-4.5295,7.5,Summer,0.5151,7,5
Barn Swallow,55.33784,-4.28466,7.5,Summer,0.5191,47,31
Barn Swallow,55.33784,-4.03983,7.5,Summer,0.5297,3,1
Barn Swallow,55.33784,-3.79499,7.5,Summer,0.5373,22,14
Barn Swallow,55.33784,-3.55015,7.5,Summer,0.5402,45,21
Barn Swallow,55.33784,-3.30531,7.5,Summer,0.5326,14,4
Barn Swallow,55.33784,-3.06047,7.5,Summer,0.5435,1,1
Barn Swallow,55.33784,-2.81564,7.5,Summer,0.5564,2,1
Barn Swallow,55.33784,-2.5708,7.5,Summer,0.5513,8,2
Barn Swallow,55.47297,-5.75369,7.5,Summer,0.473,39,16
Barn Swallow,55.47297,-5.50885,7.5,Summer,0.4766,25,8
Barn Swallow,55.47297,-5.26402,7.5,Summer,0.4786,20,13
Barn Swallow,55.47297,-5.01918,7.5,Summer,0.4813,38,18
Barn Swallow,55.47297,-4.77434,7.5,Summer,0.4729,450,125
Barn Swallow,55.47297,-4.5295,7.5,Summer,0.5186,794,346
Barn Swallow,55.47297,-4.28466,7.5,Summer,0.5191,34,21
Barn Swallow,55.47297,-4.03983,7.5,Summer,0.5286,5,2
Barn Swallow,55.47297,-3.79499,7.5,Summer,0.5356,96,39
Barn Swallow,55.47297,-3.55015,7.5,Summer,0.5393,88,34
Barn Swallow,55.47297,-3.30531,7.5,Summer,0.5318,63,41
Barn Swallow,55.47297,-3.06047,7.5,Summer,0.5428,3,2
Barn Swallow,55.47297,-2.81564,7.5,Summer,0.5558,11,6
Barn Swallow,55.47297,-2.5708,7.5,Summer,0.5506,29,16
Barn Swallow,55.47297,-2.32596,7.5,Summer,0.5498,3,2
Barn Swallow,55.60811,-6.24337,7.5,Summer,0.4748,83,35
Barn Swallow,55.60811,-5.99853,7.5,Summer,0.4799,10,4
Barn Swallow,55.60811,-5.75369,7.5,Summer,0.4813,15,4
Barn Swallow,55.60811,-5.50885,7.5,Summer,0.481,12,4
Barn Swallow,55.60811,-5.26402,7.5,Summer,0.481,104,52
Barn Swallow,55.60811,-5.01918,7.5,Summer,0.4775,24,3
Barn Swallow,55.60811,-4.77434,7.5,Summer,0.4688,3125,774
Barn Swallow,55.60811,-4.5295,7.5,Summer,0.5114,27860,10296
Barn Swallow,55.60811,-4.28466,7.5,Summer,0.5009,20,5
Barn Swallow,55.60811,-4.03983,7.5,Summer,0.5104,5,3
Barn Swallow,55.60811,-3.79499,7.5,Summer,0.5183,38,14
Barn Swallow,55.60811,-3.55015,7.5,Summer,0.5236,78,53
Barn Swallow,55.60811,-3.30531,7.5,Summer,0.5176,49,27
Barn Swallow,55.60811,-3.06047,7.5,Summer,0.5457,83,35
Barn Swallow,55.60811,-2.81564,7.5,Summer,0.5609,109,54
Barn Swallow,55.60811,-2.5708,7.5,Summer,0.5537,41,22
Barn Swallow,55.60811,-2.32596,7.5,Summer,0.5534,20,7
Barn Swallow,55.74324,-6.48821,7.5,Summer,0.4683,38,21
Barn Swallow,55.74324,-6.24337,7.5,Summer,0.4741,63,19
Barn Swallow,55.74324,-5.99853,7.5,Summer,0.4806,12,4
Barn Swallow,55.74324,-5.75369,7.5,Summer,0.4853,17,7
Barn Swallow,55.74324,-5.50885,7.5,Summer,0.487,42,23
Barn Swallow,55.74324,-5.26402,7.5,Summer,0.4827,32,17
Barn Swallow,55.74324,-5.01918,7.5,Summer,0.4794,93,41
Barn Swallow,55.74324,-4.77434,7.5,Summer,0.4702,62,15
Barn Swallow,55.74324,-4.5295,7.5,Summer,0.4931,277,118
Barn Swallow,55.74324,-4.28466,7.5,Summer,0.4834,507,133
Barn Swallow,55.74324,-4.03983,7.5,Summer,0.4939,219,54
Barn Swallow,55.74324,-3.79499,7.5,Summer,0.5064,20,8
Barn Swallow,55.74324,-3.55015,7.5,Summer,0.5126,24,17
Barn Swallow,55.74324,-3.30531,7.5,Summer,0.5105,29,21
Barn Swallow,55.74324,-3.06047,7.5,Summer,0.541,133,90
Barn Swallow,55.74324,-2.81564,7.5,Summer,0.5604,18,10
Barn Swallow,55.74324,-2.5708,7.5,Summer,0.5557,14,5
Barn Swallow,55.74324,-2.32596,7.5,Summer,0.5545,10,6
Barn Swallow,55.74324,-2.08112,7.5,Summer,0.5472,40,22
Barn Swallow,55.87838,-6.48821,7.5,Summer,0.4367,11,11
Barn Swallow,55.87838,-6.24337,7.5,Summer,0.4413,94,66
Barn Swallow,55.87838,-5.99853,7.5,Summer,0.446,21,10
Barn Swallow,55.87838,-5.75369,7.5,Summer,0.4505,7,5
Barn Swallow,55.87838,-5.50885,7.5,Summer,0.4496,48,31
Barn Swallow,55.87838,-5.26402,7.5,Summer,0.4438,24,15
Barn Swallow,55.87838,-5.01918,7.5,Summer,0.4358,15,4
Barn Swallow,55.87838,-4.77434,7.5,Summer,0.4268,45,12
Barn Swallow,55.87838,-4.5295,7.5,Summer,0.4136,292,57
Barn Swallow,55.87838,-4.28466,7.5,Summer,0.3955,1378,144
Barn Swallow,55.87838,-4.03983,7.5,Summer,0.4099,131,16
Barn Swallow,55.87838,-3.79499,7.5,Summer,0.424,42,22
Barn Swallow,55.87838,-3.55015,7.5,Summer,0.4267,134,54
Barn Swallow,55.87838,-3.30531,7.5,Summer,0.4224,1184,284
Barn Swallow,55.87838,-3.06047,7.5,Summer,0.5247,1626,598
Barn Swallow,55.87838,-2.81564,7.5,Summer,0.5516,98,53
Barn Swallow,55.87838,-2.5708,7.5,Summer,0.5502,109,55
Barn Swallow,55.87838,-2.32596,7.5,Summer,0.553,75,52
Barn Swallow,55.87838,-2.08112,7.5,Summer,0.5447,295,191
Barn Swallow,56.01351,-6.24337,7.5,Summer,0.4513,22,9
Barn Swallow,56.01351,-5.99853,7.5,Summer,0.4615,3,2
Barn Swallow,56.01351,-5.75369,7.5,Summer,0.4714,13,8
Barn Swallow,56.01351,-5.50885,7.5,Summer,0.4742,37,14
Barn Swallow,56.01351,-5.26402,7.5,Summer,0.4721,22,9
Barn Swallow,56.01351,-5.01918,7.5,Summer,0.4649,85,42
Barn Swallow,56.01351,-4.77434,7.5,Summer,0.4627,128,40
Barn Swallow,56.01351,-4.5295,7.5,Summer,0.4652,279,106
Barn Swallow,56.01351,-4.28466,7.5,Summer,0.4566,90,30
Barn Swallow,56.01351,-4.03983,7.5,Summer,0.4621,53,21
Barn Swallow,56.01351,-3.79499,7.5,Summer,0.4686,365,195
Barn Swallow,56.01351,-3.55015,7.5,Summer,0.4682,266,108
Barn Swallow,56.01351,-3.30531,7.5,Summer,0.4644,2181,329
Barn Swallow,56.01351,-3.06047,7.5,Summer,0.5106,2396,1106
Barn Swallow,56.01351,-2.81564,7.5,Summer,0.5405,786,365
Barn Swallow,56.01351,-2.5708,7.5,Summer,0.5433,613,317
Barn Swallow,56.01351,-2.32596,7.5,Summer,0.5448,130,110
Barn Swallow,56.14865,-6.24337,7.5,Summer,0.4553,6,2
Barn Swallow,56.14865,-5.75369,7.5,Summer,0.4752,5,1
Barn Swallow,56.14865,-5.50885,7.5,Summer,0.4777,74,42
Barn Swallow,56.14865,-5.26402,7.5,Summer,0.4767,28,16
Barn Swallow,56.14865,-5.01918,7.5,Summer,0.4687,10,5
Barn Swallow,56.14865,-4.77434,7.5,Summer,0.4669,98,33
Barn Swallow,56.14865,-4.5295,7.5,Summer,0.4679,225,105
Barn Swallow,56.14865,-4.28466,7.5,Summer,0.4602,111,44
Barn Swallow,56.14865,-4.03983,7.5,Summer,0.4657,349,130
Barn Swallow,56.14865,-3.79499,7.5,Summer,0.4726,328,179
Barn Swallow,56.14865,-3.55015,7.5,Summer,0.4732,114,55
Barn Swallow,56.14865,-3.30531,7.5,Summer,0.4737,405,286
Barn Swallow,56.14865,-3.06047,7.5,Summer,0.5035,158,75
Barn Swallow,56.14865,-2.81564,7.5,Summer,0.529,174,86
Barn Swallow,56.14865,-2.5708,7.5,Summer,0.531,245,151
Barn Swallow,56.28378,-8.69175,7.5,Summer,0.3757,1,1
Barn Swallow,56.28378,-6.48821,7.5,Summer,0.4436,238,143
Barn Swallow,56.28378,-6.24337,7.5,Summer,0.4516,89,41
Barn Swallow,56.28378,-5.99853,7.5,Summer,0.4613,3,1
Barn Swallow,56.28378,-5.75369,7.5,Summer,0.471,34,8
Barn Swallow,56.28378,-5.50885,7.5,Summer,0.4725,51,18
Barn Swallow,56.28378,-5.26402,7.5,Summer,0.4716,19,9
Barn Swallow,56.28378,-5.01918,7.5,Summer,0.4642,74,35
Barn Swallow,56.28378,-4.77434,7.5,Summer,0.4635,90,35
Barn Swallow,56.28378,-4.5295,7.5,Summer,0.4645,49,17
Barn Swallow,56.28378,-4.28466,7.5,Summer,0.4569,205,70
Barn Swallow,56.28378,-4.03983,7.5,Summer,0.4631,8,6
Barn Swallow,56.28378,-3.79499,7.5,Summer,0.4691,77,41
Barn Swallow,56.28378,-3.55015,7.5,Summer,0.4699,35,15
Barn Swallow,56.28378,-3.30531,7.5,Summer,0.4704,90,59
Barn Swallow,56.28378,-3.06047,7.5,Summer,0.5118,322,182
Barn Swallow,56.28378,-2.81564,7.5,Summer,0.5472,1122,661
Barn Swallow,56.28378,-2.5708,7.5,Summer,0.5484,524,200
Barn Swallow,56.28378,-1.34661,7.5,Summer,0.3468,3,1
Barn Swallow,56.41892,-6.97788,7.5,Summer,0.2464,37,23
Barn Swallow,56.41892,-6.24337,7.5,Summer,0.2638,224,32
Barn Swallow,56.41892,-5.99853,7.5,Summer,0.3091,294,82
Barn Swallow,56.41892,-5.75369,7.5,Summer,0.3339,361,162
Barn Swallow,56.41892,-5.50885,7.5,Summer,0.3363,433,71
Barn Swallow,56.41892,-5.26402,7.5,Summer,0.3333,25,4
Barn Swallow,56.41892,-5.01918,7.5,Summer,0.3129,33,17
Barn Swallow,56.41892,-4.77434,7.5,Summer,0.3738,64,19
Barn Swallow,56.41892,-4.5295,7.5,Summer,0.4298,45,18
Barn Swallow,56.41892,-4.28466,7.5,Summer,0.4291,97,53
Barn Swallow,56.41892,-4.03983,7.5,Summer,0.4312,50,25
Barn Swallow,56.41892,-3.79499,7.5,Summer,0.417,78,31
Barn Swallow,56.41892,-3.55015,7.5,Summer,0.4241,110,41
Barn Swallow,56.41892,-3.30531,7.5,Summer,0.43,198,91
Barn Swallow,56.41892,-3.06047,7.5,Summer,0.4808,357,40
Barn Swallow,56.41892,-2.81564,7.5,Summer,0.5247,590,282
Barn Swallow,56.55405,-6.97788,7.5,Summer,0.3427,19,10
Barn Swallow,56.55405,-6.73304,7.5,Summer,0.3591,37,21
Barn Swallow,56.55405,-6.48821,7.5,Summer,0.364,134,10
Barn Swallow,56.55405,-6.24337,7.5,Summer,0.3737,192,76
Barn Swallow,56.55405,-5.99853,7.5,Summer,0.3961,274,103
Barn Swallow,56.55405,-5.75369,7.5,Summer,0.4124,81,23
Barn Swallow,56.55405,-5.50885,7.5,Summer,0.4152,37,19
Barn Swallow,56.55405,-5.26402,7.5,Summer,0.4155,36,12
Barn Swallow,56.55405,-4.77434,7.5,Summer,0.4258,50,11
Barn Swallow,56.55405,-4.5295,7.5,Summer,0.4517,1,1
Barn Swallow,56.55405,-4.28466,7.5,Summer,0.451,36,13
Barn Swallow,56.55405,-4.03983,7.5,Summer,0.4528,49,28
Barn Swallow,56.55405,-3.79499,7.5,Summer,0.4307,45,15
Barn Swallow,56.55405,-3.55015,7.5,Summer,0.4367,287,129
Barn Swallow,56.55405,-3.30531,7.5,Summer,0.441,47,20
Barn Swallow,56.55405,-3.06047,7.5,Summer,0.4827,31,15
Barn Swallow,56.55405,-2.81564,7.5,Summer,0.5289,30,13
Barn Swallow,56.55405,-2.5708,7.5,Summer,0.5317,98,47
Barn Swallow,56.68919,-6.48821,7.5,Summer,0.3607,30,13
Barn Swallow,56.68919,-6.24337,7.5,Summer,0.372,70,21
Barn Swallow,56.68919,-5.99853,7.5,Summer,0.3934,168,61
Barn Swallow,56.68919,-5.75369,7.5,Summer,0.4099,30,8
Barn Swallow,56.68919,-5.50885,7.5,Summer,0.4135,44,24
Barn Swallow,56.68919,-5.26402,7.5,Summer,0.4141,139,41
Barn Swallow,56.68919,-5.01918,7.5,Summer,0.3657,304,67
Barn Swallow,56.68919,-4.77434,7.5,Summer,0.4245,34,5
Barn Swallow,56.68919,-4.5295,7.5,Summer,0.4524,12,4
Barn Swallow,56.68919,-4.28466,7.5,Summer,0.4511,18,7
Barn Swallow,56.68919,-4.03983,7.5,Summer,0.4534,50,23
Barn Swallow,56.68919,-3.79499,7.5,Summer,0.4301,268,85
Barn Swallow,56.68919,-3.55015,7.5,Summer,0.4361,12,6
Barn Swallow,56.68919,-3.30531,7.5,Summer,0.4407,40,26
Barn Swallow,56.68919,-3.06047,7.5,Summer,0.4826,142,83
Barn Swallow,56.68919,-2.81564,7.5,Summer,0.5293,56,27
Barn Swallow,56.68919,-2.5708,7.5,Summer,0.5321,238,141
Barn Swallow,56.68919,-2.32596,7.5,Summer,0.53,30,21
Barn Swallow,56.82432,-6.24337,7.5,Summer,0.3677,21,10
Barn Swallow,56.82432,-5.99853,7.5,Summer,0.389,11,2
Barn Swallow,56.82432,-5.75369,7.5,Summer,0.4056,93,33
Barn Swallow,56.82432,-5.50885,7.5,Summer,0.4104,78,31
Barn Swallow,56.82432,-5.26402,7.5,Summer,0.4113,33,8
Barn Swallow,56.82432,-5.01918,7.5,Summer,0.3593,276,86
Barn Swallow,56.82432,-4.77434,7.5,Summer,0.4231,22,6
Barn Swallow,56.82432,-4.28466,7.5,Summer,0.4508,15,9
Barn Swallow,56.82432,-4.03983,7.5,Summer,0.4529,25,9
Barn Swallow,56.82432,-3.79499,7.5,Summer,0.4243,56,19
Barn Swallow,56.82432,-3.55015,7.5,Summer,0.4318,25,7
Barn Swallow,56.82432,-3.30531,7.5,Summer,0.4376,104,33
Barn Swallow,56.82432,-3.06047,7.5,Summer,0.4811,27,18
Barn Swallow,56.82432,-2.81564,7.5,Summer,0.528,11,9
Barn Swallow,56.82432,-2.5708,7.5,Summer,0.5308,78,52
Barn Swallow,56.82432,-2.32596,7.5,Summer,0.5294,71,37
Barn Swallow,56.95946,-7.46756,7.5,Summer,0.2989,118,12
Barn Swallow,56.95946,-6.24337,7.5,Summer,0.3671,43,19
Barn Swallow,56.95946,-5.99853,7.5,Summer,0.3896,9,4
Barn Swallow,56.95946,-5.75369,7.5,Summer,0.4062,122,35
Barn Swallow,56.95946,-5.26402,7.5,Summer,0.4104,6,4
Barn Swallow,56.95946,-5.01918,7.5,Summer,0.361,48,9
Barn Swallow,56.95946,-4.77434,7.5,Summer,0.4247,11,4
Barn Swallow,56.95946,-4.5295,7.5,Summer,0.4514,28,19
Barn Swallow,56.95946,-4.28466,7.5,Summer,0.45,75,24
Barn Swallow,56.95946,-3.79499,7.5,Summer,0.423,2,2
Barn Swallow,56.95946,-3.55015,7.5,Summer,0.4295,70,18
Barn Swallow,56.95946,-3.30531,7.5,Summer,0.4356,105,20
Barn Swallow,56.95946,-2.81564,7.5,Summer,0.5281,64,45
Barn Swallow,56.95946,-2.5708,7.5,Summer,0.5308,21,6
Barn Swallow,56.95946,-2.32596,7.5,Summer,0.5287,53,27
Barn Swallow,56.95946,-2.08112,7.5,Summer,0.5264,272,126
Barn Swallow,57.09459,-7.46756,7.5,Summer,0.3035,86,23
Barn Swallow,57.09459,-7.22272,7.5,Summer,0.316,41,11
Barn Swallow,57.09459,-6.48821,7.5,Summer,0.3563,39,21
Barn Swallow,57.09459,-5.99853,7.5,Summer,0.3873,105,38
Barn Swallow,57.09459,-5.75369,7.5,Summer,0.4033,94,32
Barn Swallow,57.09459,-5.50885,7.5,Summer,0.4066,6,1
Barn Swallow,57.09459,-5.01918,7.5,Summer,0.3583,33,1
Barn Swallow,57.09459,-4.77434,7.5,Summer,0.4216,136,64
Barn Swallow,57.09459,-4.5295,7.5,Summer,0.4454,16,2
Barn Swallow,57.09459,-4.28466,7.5,Summer,0.444,7,2
Barn Swallow,57.09459,-4.03983,7.5,Summer,0.4463,526,196
Barn Swallow,57.09459,-3.79499,7.5,Summer,0.4115,311,40
Barn Swallow,57.09459,-3.55015,7.5,Summer,0.419,315,29
Barn Swallow,57.09459,-3.30531,7.5,Summer,0.4266,90,39
Barn Swallow,57.09459,-3.06047,7.5,Summer,0.4738,80,8
Barn Swallow,57.09459,-2.81564,7.5,Summer,0.5265,84,37
Barn Swallow,57.09459,-2.5708,7.5,Summer,0.5293,32,13
Barn Swallow,57.09459,-2.32596,7.5,Summer,0.5269,68,30
Barn Swallow,57.09459,-2.08112,7.5,Summer,0.524,1194,555
Barn Swallow,57.22973,-7.46756,7.5,Summer,0.2963,112,36
Barn Swallow,57.22973,-6.48821,7.5,Summer,0.3442,21,10
Barn Swallow,57.22973,-6.24337,7.5,Summer,0.351,148,13
Barn Swallow,57.22973,-5.99853,7.5,Summer,0.3735,364,109
Barn Swallow,57.22973,-5.75369,7.5,Summer,0.3915,148,31
Barn Swallow,57.22973,-5.50885,7.5,Summer,0.3953,171,47
Barn Swallow,57.22973,-5.01918,7.5,Summer,0.3479,28,5
Barn Swallow,57.22973,-4.77434,7.5,Summer,0.4123,35,20
Barn Swallow,57.22973,-4.5295,7.5,Summer,0.4376,77,19
Barn Swallow,57.22973,-4.03983,7.5,Summer,0.4395,133,56
Barn Swallow,57.22973,-3.79499,7.5,Summer,0.4014,1932,398
Barn Swallow,57.22973,-3.55015,7.5,Summer,0.4098,441,158
Barn Swallow,57.22973,-3.30531,7.5,Summer,0.4193,128,50
Barn Swallow,57.22973,-3.06047,7.5,Summer,0.4602,7,3
Barn Swallow,57.22973,-2.81564,7.5,Summer,0.5118,22,11
Barn Swallow,57.22973,-2.5708,7.5,Summer,0.5137,23,14
Barn Swallow,57.22973,-2.32596,7.5,Summer,0.5099,9,6
Barn Swallow,57.22973,-2.08112,7.5,Summer,0.5096,267,95
Barn Swallow,57.36486,-7.46756,7.5,Summer,0.2961,123,37
Barn Swallow,57.36486,-7.22272,7.5,Summer,0.3021,80,8
Barn Swallow,57.36486,-6.73304,7.5,Summer,0.3358,94,19
Barn Swallow,57.36486,-6.48821,7.5,Summer,0.347,93,30
Barn Swallow,57.36486,-6.24337,7.5,Summer,0.3542,292,28
Barn Swallow,57.36486,-5.99853,7.5,Summer,0.3783,33,8
Barn Swallow,57.36486,-5.75369,7.5,Summer,0.3997,65,18
Barn Swallow,57.36486,-5.50885,7.5,Summer,0.4039,51,21
Barn Swallow,57.36486,-5.01918,7.5,Summer,0.3611,3,1
Barn Swallow,57.36486,-4.77434,7.5,Summer,0.4314,58,23
Barn Swallow,57.36486,-4.5295,7.5,Summer,0.4634,222,108
Barn Swallow,57.36486,-4.28466,7.5,Summer,0.4631,264,103
Barn Swallow,57.36486,-4.03983,7.5,Summer,0.4663,86,34
Barn Swallow,57.36486,-3.79499,7.5,Summer,0.4407,308,103
Barn Swallow,57.36486,-3.55015,7.5,Summer,0.441,381,92
Barn Swallow,57.36486,-3.30531,7.5,Summer,0.4468,71,34
Barn Swallow,57.36486,-3.06047,7.5,Summer,0.4646,14,6
Barn Swallow,57.36486,-2.81564,7.5,Summer,0.5069,7,3
Barn Swallow,57.36486,-2.5708,7.5,Summer,0.5083,84,76
Barn Swallow,57.36486,-2.32596,7.5,Summer,0.5039,37,21
Barn Swallow,57.36486,-2.08112,7.5,Summer,0.5018,330,167
Barn Swallow,57.36486,-1.83628,7.5,Summer,0.4903,74,19
Barn Swallow,57.5,-7.46756,7.5,Summer,0.3078,165,29
Barn Swallow,57.5,-7.22272,7.5,Summer,0.3133,111,23
Barn Swallow,57.5,-6.73304,7.5,Summer,0.3455,402,136
Barn Swallow,57.5,-6.48821,7.5,Summer,0.3543,157,46
Barn Swallow,57.5,-6.24337,7.5,Summer,0.3608,189,44
Barn Swallow,57.5,-5.99853,7.5,Summer,0.3851,4,2
Barn Swallow,57.5,-5.75369,7.5,Summer,0.4067,62,25
Barn Swallow,57.5,-5.50885,7.5,Summer,0.411,59,19
Barn Swallow,57.5,-5.26402,7.5,Summer,0.4121,15,3
Barn Swallow,57.5,-5.01918,7.5,Summer,0.3744,8,2
Barn Swallow,57.5,-4.77434,7.5,Summer,0.448,6,3
Barn Swallow,57.5,-4.5295,7.5,Summer,0.4915,186,61
Barn Swallow,57.5,-4.28466,7.5,Summer,0.4926,814,321
Barn Swallow,57.5,-4.03983,7.5,Summer,0.4958,626,332
Barn Swallow,57.5,-3.79499,7.5,Summer,0.4715,60,24
Barn Swallow,57.5,-3.55015,7.5,Summer,0.4727,9,2
Barn Swallow,57.5,-3.30531,7.5,Summer,0.4722,48,18
Barn Swallow,57.5,-3.06047,7.5,Summer,0.4713,11,3
Barn Swallow,57.5,-2.81564,7.5,Summer,0.5124,19,4
Barn Swallow,57.5,-2.5708,7.5,Summer,0.5135,11,1
Barn Swallow,57.5,-2.32596,7.5,Summer,0.5085,17,12
Barn Swallow,57.5,-2.08112,7.5,Summer,0.5042,41,14
Barn Swallow,57.5,-1.83628,7.5,Summer,0.4966,107,55
Barn Swallow,57.63514,-7.46756,7.5,Summer,0.2989,350,138
Barn Swallow,57.63514,-7.22272,7.5,Summer,0.3046,116,15
Barn Swallow,57.63514,-6.73304,7.5,Summer,0.3357,13,1
Barn Swallow,57.63514,-6.48821,7.5,Summer,0.3467,167,43
Barn Swallow,57.63514,-6.24337,7.5,Summer,0.3596,443,121
Barn Swallow,57.63514,-5.75369,7.5,Summer,0.4056,46,20
Barn Swallow,57.63514,-5.50885,7.5,Summer,0.4079,49,3
Barn Swallow,57.63514,-5.26402,7.5,Summer,0.4093,100,21
Barn Swallow,57.63514,-5.01918,7.5,Summer,0.3713,27,10
Barn Swallow,57.63514,-4.77434,7.5,Summer,0.4453,32,4
Barn Swallow,57.63514,-4.5295,7.5,Summer,0.4919,173,65
Barn Swallow,57.63514,-4.28466,7.5,Summer,0.4933,189,82
Barn Swallow,57.63514,-4.03983,7.5,Summer,0.4968,742,392
Barn Swallow,57.63514,-3.79499,7.5,Summer,0.4728,187,88
Barn Swallow,57.63514,-3.55015,7.5,Summer,0.4737,190,80
Barn Swallow,57.63514,-3.30531,7.5,Summer,0.4728,127,45
Barn Swallow,57.63514,-3.06047,7.5,Summer,0.4677,170,72
Barn Swallow,57.63514,-2.81564,7.5,Summer,0.5071,26,11
Barn Swallow,57.63514,-2.5708,7.5,Summer,0.5093,33,10
Barn Swallow,57.63514,-2.32596,7.5,Summer,0.5037,124,59
Barn Swallow,57.63514,-2.08112,7.5,Summer,0.5008,34,7
Barn Swallow,57.63514,-1.83628,7.5,Summer,0.4924,145,103
Barn Swallow,57.77027,-8.69175,7.5,Summer,0.2,36,1
Barn Swallow,57.77027,-7.22272,7.5,Summer,0.243,64,5
Barn Swallow,57.77027,-6.97788,7.5,Summer,0.2519,108,15
Barn Swallow,57.77027,-6.24337,7.5,Summer,0.3369,14,4
Barn Swallow,57.77027,-5.75369,7.5,Summer,0.4007,159,39
Barn Swallow,57.77027,-5.50885,7.5,Summer,0.4053,82,19
Barn Swallow,57.77027,-5.26402,7.5,Summer,0.4091,1,1
Barn Swallow,57.77027,-5.01918,7.5,Summer,0.3715,41,13
Barn Swallow,57.77027,-4.28466,7.5,Summer,0.4926,33,19
Barn Swallow,57.77027,-4.03983,7.5,Summer,0.4963,134,77
Barn Swallow,57.77027,-3.79499,7.5,Summer,0.4727,180,150
Barn Swallow,57.77027,-3.55015,7.5,Summer,0.4736,104,40
Barn Swallow,57.77027,-3.30531,7.5,Summer,0.4719,140,54
Barn Swallow,57.77027,-2.81564,7.5,Summer,0.4891,24,7
Barn Swallow,57.77027,-1.83628,7.5,Summer,0.467,2,1
Barn Swallow,57.90541,-6.97788,7.5,Summer,0.2115,77,4
Barn Swallow,57.90541,-6.73304,7.5,Summer,0.2651,63,3
Barn Swallow,57.90541,-5.75369,7.5,Summer,0.3839,41,6
Barn Swallow,57.90541,-5.50885,7.5,Summer,0.3937,122,32
Barn Swallow,57.90541,-5.26402,7.5,Summer,0.3992,175,55
Barn Swallow,57.90541,-5.01918,7.5,Summer,0.3701,18,4
Barn Swallow,57.90541,-4.77434,7.5,Summer,0.4415,11,1
Barn Swallow,57.90541,-4.5295,7.5,Summer,0.4863,28,6
Barn Swallow,57.90541,-4.28466,7.5,Summer,0.487,66,40
Barn Swallow,57.90541,-4.03983,7.5,Summer,0.4906,246,86
Barn Swallow,57.90541,-3.79499,7.5,Summer,0.4672,52,19
Barn Swallow,58.04054,-6.73304,7.5,Summer,0.263,36,1
Barn Swallow,58.04054,-6.48821,7.5,Summer,0.2757,51,2
Barn Swallow,58.04054,-5.50885,7.5,Summer,0.3911,7,2
Barn Swallow,58.04054,-5.26402,7.5,Summer,0.3962,31,7
Barn Swallow,58.04054,-5.01918,7.5,Summer,0.3685,24,4
Barn Swallow,58.04054,-4.77434,7.5,Summer,0.4386,10,1
Barn Swallow,58.04054,-4.5295,7.5,Summer,0.4847,45,20
Barn Swallow,58.04054,-4.28466,7.5,Summer,0.4845,26,8
Barn Swallow,58.04054,-4.03983,7.5,Summer,0.4887,57,19
Barn Swallow,58.04054,-3.79499,7.5,Summer,0.4652,81,26
Barn Swallow,58.17568,-6.97788,7.5,Summer,0.2102,82,3
Barn Swallow,58.17568,-6.73304,7.5,Summer,0.2688,84,26
Barn Swallow,58.17568,-6.48821,7.5,Summer,0.2793,142,11
Barn Swallow,58.17568,-6.24337,7.5,Summer,0.3184,101,30
Barn Swallow,58.17568,-5.50885,7.5,Summer,0.3914,27,3
Barn Swallow,58.17568,-5.26402,7.5,Summer,0.3984,123,44
Barn Swallow,58.17568,-5.01918,7.5,Summer,0.3706,52,15
Barn Swallow,58.17568,-4.77434,7.5,Summer,0.4392,4,1
Barn Swallow,58.17568,-4.5295,7.5,Summer,0.4848,7,1
Barn Swallow,58.17568,-3.79499,7.5,Summer,0.4653,23,6
Barn Swallow,58.17568,-3.55015,7.5,Summer,0.4666,44,22
Barn Swallow,58.17568,-3.30531,7.5,Summer,0.4651,48,4
Barn Swallow,58.31081,-6.73304,7.5,Summer,0.2957,126,31
Barn Swallow,58.31081,-6.48821,7.5,Summer,0.3041,64,4
Barn Swallow,58.31081,-6.24337,7.5,Summer,0.3335,163,37
Barn Swallow,58.31081,-5.50885,7.5,Summer,0.3961,6,1
Barn Swallow,58.31081,-5.26402,7.5,Summer,0.4032,70,28
Barn Swallow,58.31081,-5.01918,7.5,Summer,0.3749,40,7
Barn Swallow,58.31081,-4.28466,7.5,Summer,0.4859,20,10
Barn Swallow,58.31081,-4.03983,7.5,Summer,0.4902,14,1
Barn Swallow,58.31081,-3.79499,7.5,Summer,0.4672,47,23
Barn Swallow,58.31081,-3.55015,7.5,Summer,0.4685,4,1
Barn Swallow,58.31081,-3.30531,7.5,Summer,0.468,52,20
Barn Swallow,58.31081,-3.06047,7.5,Summer,0.455,6,3
Barn Swallow,58.44595,-6.48821,7.5,Summer,0.2941,19,3
Barn Swallow,58.44595,-6.24337,7.5,Summer,0.3289,130,46
Barn Swallow,58.44595,-5.26402,7.5,Summer,0.4019,94,28
Barn Swallow,58.44595,-5.01918,7.5,Summer,0.3746,54,20
Barn Swallow,58.44595,-4.77434,7.5,Summer,0.4446,11,1
Barn Swallow,58.44595,-4.5295,7.5,Summer,0.4871,33,10
Barn Swallow,58.44595,-4.28466,7.5,Summer,0.4864,27,9
Barn Swallow,58.44595,-3.79499,7.5,Summer,0.4676,16,6
Barn Swallow,58.44595,-3.55015,7.5,Summer,0.4685,5,2
Barn Swallow,58.44595,-3.30531,7.5,Summer,0.468,6,3
Barn Swallow,58.44595,-3.06047,7.5,Summer,0.4547,74,38
Barn Swallow,58.58108,-6.24337,7.5,Summer,0.3127,87,12
Barn Swallow,58.58108,-5.01918,7.5,Summer,0.3752,8,1
Barn Swallow,58.58108,-4.77434,7.5,Summer,0.4481,110,43
Barn Swallow,58.58108,-4.5295,7.5,Summer,0.4864,26,15
Barn Swallow,58.58108,-4.28466,7.5,Summer,0.4854,31,15
Barn Swallow,58.58108,-4.03983,7.5,Summer,0.4896,37,18
Barn Swallow,58.58108,-3.79499,7.5,Summer,0.4676,34,9
Barn Swallow,58.58108,-3.55015,7.5,Summer,0.469,117,62
Barn Swallow,58.58108,-3.30531,7.5,Summer,0.4685,172,98
Barn Swallow,58.58108,-3.06047,7.5,Summer,0.4524,174,58
Barn Swallow,58.71622,-3.30531,7.5,Summer,0.4639,103,37
Barn Swallow,58.71622,-3.06047,7.5,Summer,0.4439,37,13
Barn Swallow,58.71622,-2.81564,7.5,Summer,0.4846,3,2
Barn Swallow,58.85135,-3.30531,7.5,Summer,0.4622,113,18
Barn Swallow,58.85135,-3.06047,7.5,Summer,0.4356,70,40
Barn Swallow,58.85135,-2.81564,7.5,Summer,0.4822,183,68
Barn Swallow,58.98649,-3.30531,7.5,Summer,0.4557,530,184
Barn Swallow,58.98649,-3.06047,7.5,Summer,0.43,416,120
Barn Swallow,58.98649,-2.81564,7.5,Summer,0.4778,119,62
Barn Swallow,59.12162,-3.30531,7.5,Summer,0.4439,447,180
Barn Swallow,59.12162,-3.06047,7.5,Summer,0.4268,316,100
Barn Swallow,59.12162,-2.81564,7.5,Summer,0.4709,13,6
Barn Swallow,59.12162,-2.5708,7.5,Summer,0.4714,12,6
Barn Swallow,59.25676,-3.06047,7.5,Summer,0.4261,56,29
Barn Swallow,59.25676,-2.81564,7.5,Summer,0.4692,63,26
Barn Swallow,59.25676,-2.5708,7.5,Summer,0.4698,15,5
Barn Swallow,59.25676,-2.32596,7.5,Summer,0.4632,5,2
Barn Swallow,59.39189,-3.06047,7.5,Summer,0.4128,41,10
Barn Swallow,59.39189,-2.81564,7.5,Summer,0.4491,16,11
Barn Swallow,59.39189,-2.32596,7.5,Summer,0.443,184,135
Barn Swallow,59.52703,-1.59145,7.5,Summer,0.2915,354,222
Barn Swallow,59.7973,-1.34661,7.5,Summer,0.2616,226,38
Barn Swallow,59.93243,-1.34661,7.5,Summer,0.2292,1489,426
Barn Swallow,59.93243,-1.10177,7.5,Summer,0.1727,126,6
Barn Swallow,60.06757,-2.08112,7.5,Summer,0.1724,17,1
Barn Swallow,60.06757,-1.34661,7.5,Summer,0.0868,208,67
Barn Swallow,60.06757,-1.10177,7.5,Summer,0.087,75,6
Barn Swallow,60.2027,-2.08112,7.5,Summer,0.1597,4,4
Barn Swallow,60.2027,-1.59145,7.5,Summer,0.0883,33,1
Barn Swallow,60.2027,-1.34661,7.5,Summer,0.0909,126,8
Barn Swallow,60.2027,-1.10177,7.5,Summer,0.0706,394,28
Barn Swallow,60.33784,-1.59145,7.5,Summer,0.0782,54,4
Barn Swallow,60.33784,-1.34661,7.5,Summer,0.0897,85,3
Barn Swallow,60.47297,-1.59145,7.5,Summer,0.0737,123,4
Barn Swallow,60.47297,-1.34661,7.5,Summer,0.086,54,2
Barn Swallow,60.47297,-1.10177,7.5,Summer,0.0643,77,2
Barn Swallow,60.47297,-0.85693,7.5,Summer,0.0618,10,2
Barn Swallow,60.60811,-1.10177,7.5,Summer,0.0658,58,4
Barn Swallow,60.60811,-0.85693,7.5,Summer,0.0637,218,10
Barn Swallow,60.74324,-0.85693,7.5,Summer,0.0702,401,57
Barn Swallow,60.87838,-0.85693,7.5,Summer,0.0687,127,9
Barn Swallow,55.47297,-4.77434,7.5,Winter,0.0224,596,7
Barn Swallow,60.33784,-1.59145,7.5,Winter,0.025,9,1
Common Cuckoo,55.87838,-2.32596,7.5,Autumn,0.0017,105,2
Common Cuckoo,56.01351,-3.06047,7.5,Autumn,0.0017,1856,1
Common Cuckoo,56.95946,-3.30531,7.5,Autumn,0.0017,46,1
Common Cuckoo,57.22973,-3.30531,7.5,Autumn,0.0021,35,1
Common Cuckoo,57.36486,-2.08112,7.5,Autumn,0.0017,200,1
Common Cuckoo,57.63514,-4.5295,7.5,Autumn,0.0018,83,1
Common Cuckoo,57.77027,-3.79499,7.5,Autumn,0.0017,172,1
Common Cuckoo,59.39189,-2.32596,7.5,Autumn,0.0017,327,1
Common Cuckoo,54.7973,-4.5295,7.5,Spring,0.0342,51,1
Common Cuckoo,54.7973,-4.28466,7.5,Spring,0.0309,23,2
Common Cuckoo,54.7973,-3.79499,7.5,Spring,0.041,19,5
Common Cuckoo,54.93243,-5.01918,7.5,Spring,0.0594,134,4
Common Cuckoo,54.93243,-4.77434,7.5,Spring,0.0896,32,11
Common Cuckoo,54.93243,-4.5295,7.5,Spring,0.1825,64,14
Common Cuckoo,54.93243,-4.28466,7.5,Spring,0.1661,37,13
Common Cuckoo,54.93243,-4.03983,7.5,Spring,0.1116,118,3
Common Cuckoo,54.93243,-3.79499,7.5,Spring,0.1229,108,11
Common Cuckoo,54.93243,-3.55015,7.5,Spring,0.0576,256,5
Common Cuckoo,55.06757,-4.77434,7.5,Spring,0.0834,8,6
Common Cuckoo,55.06757,-4.5295,7.5,Spring,0.1983,70,27
Common Cuckoo,55.06757,-4.28466,7.5,Spring,0.1747,28,8
Common Cuckoo,55.06757,-4.03983,7.5,Spring,0.1341,73,10
Common Cuckoo,55.06757,-3.79499,7.5,Spring,0.1354,21,5
Common Cuckoo,55.06757,-3.55015,7.5,Spring,0.0562,243,7
Common Cuckoo,55.06757,-3.06047,7.5,Spring,0.0327,32,1
Common Cuckoo,55.2027,-4.77434,7.5,Spring,0.063,32,1
Common Cuckoo,55.2027,-4.5295,7.5,Spring,0.1891,42,2
Common Cuckoo,55.2027,-4.28466,7.5,Spring,0.1734,17,5
Common Cuckoo,55.2027,-4.03983,7.5,Spring,0.134,25,2
Common Cuckoo,55.2027,-3.79499,7.5,Spring,0.1344,36,4
Common Cuckoo,55.2027,-3.55015,7.5,Spring,0.0541,7,1
Common Cuckoo,55.2027,-3.06047,7.5,Spring,0.0534,49,11
Common Cuckoo,55.2027,-2.81564,7.5,Spring,0.062,29,6
Common Cuckoo,55.33784,-5.75369,7.5,Spring,0.0819,19,3
Common Cuckoo,55.33784,-4.5295,7.5,Spring,0.1358,62,2
Common Cuckoo,55.33784,-4.28466,7.5,Spring,0.1405,147,22
Common Cuckoo,55.33784,-4.03983,7.5,Spring,0.1281,11,2
Common Cuckoo,55.33784,-3.79499,7.5,Spring,0.1323,69,9
Common Cuckoo,55.33784,-3.30531,7.5,Spring,0.0499,18,1
Common Cuckoo,55.47297,-5.75369,7.5,Spring,0.1266,50,2
Common Cuckoo,55.47297,-5.50885,7.5,Spring,0.138,29,1
Common Cuckoo,55.47297,-5.26402,7.5,Spring,0.1731,53,17
Common Cuckoo,55.47297,-5.01918,7.5,Spring,0.0961,71,7
Common Cuckoo,55.47297,-4.5295,7.5,Spring,0.0399,1120,1
Common Cuckoo,55.47297,-3.79499,7.5,Spring,0.0565,119,2
Common Cuckoo,55.47297,-3.55015,7.5,Spring,0.0535,116,3
Common Cuckoo,55.47297,-3.30531,7.5,Spring,0.055,66,1
Common Cuckoo,55.60811,-6.24337,7.5,Spring,0.2027,237,30
Common Cuckoo,55.60811,-5.99853,7.5,Spring,0.2107,16,4
Common Cuckoo,55.60811,-5.50885,7.5,Spring,0.1854,16,2
Common Cuckoo,55.60811,-5.26402,7.5,Spring,0.2361,166,36
Common Cuckoo,55.60811,-5.01918,7.5,Spring,0.0829,34,2
Common Cuckoo,55.60811,-4.77434,7.5,Spring,0.0288,3607,1
Common Cuckoo,55.60811,-4.5295,7.5,Spring,0.0567,21683,4
Common Cuckoo,55.60811,-4.28466,7.5,Spring,0.0769,65,3
Common Cuckoo,55.60811,-3.55015,7.5,Spring,0.0915,77,2
Common Cuckoo,55.60811,-3.30531,7.5,Spring,0.123,97,5
Common Cuckoo,55.60811,-3.06047,7.5,Spring,0.0912,58,6
Common Cuckoo,55.60811,-2.81564,7.5,Spring,0.0613,127,3
Common Cuckoo,55.74324,-6.48821,7.5,Spring,0.0598,81,8
Common Cuckoo,55.74324,-6.24337,7.5,Spring,0.1493,131,14
Common Cuckoo,55.74324,-5.99853,7.5,Spring,0.1529,27,4
Common Cuckoo,55.74324,-5.75369,7.5,Spring,0.1262,3418,1
Common Cuckoo,55.74324,-5.50885,7.5,Spring,0.1433,40,2
Common Cuckoo,55.74324,-5.26402,7.5,Spring,0.1667,38,11
Common Cuckoo,55.74324,-5.01918,7.5,Spring,0.0739,108,1
Common Cuckoo,55.74324,-4.77434,7.5,Spring,0.0483,124,5
Common Cuckoo,55.74324,-4.5295,7.5,Spring,0.0541,468,4
Common Cuckoo,55.74324,-4.28466,7.5,Spring,0.0538,998,28
Common Cuckoo,55.74324,-4.03983,7.5,Spring,0.0584,315,3
Common Cuckoo,55.74324,-3.79499,7.5,Spring,0.0701,52,1
Common Cuckoo,55.74324,-3.55015,7.5,Spring,0.0889,38,7
Common Cuckoo,55.74324,-3.30531,7.5,Spring,0.1302,64,1
Common Cuckoo,55.74324,-3.06047,7.5,Spring,0.1121,398,33
Common Cuckoo,55.87838,-6.48821,7.5,Spring,0.0745,24,3
Common Cuckoo,55.87838,-6.24337,7.5,Spring,0.1496,110,20
Common Cuckoo,55.87838,-5.99853,7.5,Spring,0.1677,48,17
Common Cuckoo,55.87838,-5.75369,7.5,Spring,0.1492,3,1
Common Cuckoo,55.87838,-5.50885,7.5,Spring,0.1649,30,3
Common Cuckoo,55.87838,-5.26402,7.5,Spring,0.1713,41,8
Common Cuckoo,55.87838,-5.01918,7.5,Spring,0.1496,56,6
Common Cuckoo,55.87838,-4.77434,7.5,Spring,0.1099,59,13
Common Cuckoo,55.87838,-4.5295,7.5,Spring,0.0186,458,6
Common Cuckoo,55.87838,-4.28466,7.5,Spring,0.0084,2168,2
Common Cuckoo,55.87838,-4.03983,7.5,Spring,0.01,258,3
Common Cuckoo,55.87838,-3.79499,7.5,Spring,0.0121,47,2
Common Cuckoo,55.87838,-3.55015,7.5,Spring,0.0103,219,5
Common Cuckoo,55.87838,-3.30531,7.5,Spring,0.0092,2071,53
Common Cuckoo,55.87838,-3.06047,7.5,Spring,0.0059,2165,4
Common Cuckoo,55.87838,-2.81564,7.5,Spring,0.0086,239,1
Common Cuckoo,55.87838,-2.5708,7.5,Spring,0.0169,232,29
Common Cuckoo,55.87838,-2.32596,7.5,Spring,0.0081,169,3
Common Cuckoo,55.87838,-2.08112,7.5,Spring,0.0079,288,1
Common Cuckoo,56.01351,-6.24337,7.5,Spring,0.2007,34,16
Common Cuckoo,56.01351,-5.99853,7.5,Spring,0.2148,11,8
Common Cuckoo,56.01351,-5.75369,7.5,Spring,0.198,19,5
Common Cuckoo,56.01351,-5.50885,7.5,Spring,0.219,97,6
Common Cuckoo,56.01351,-5.26402,7.5,Spring,0.2246,45,14
Common Cuckoo,56.01351,-5.01918,7.5,Spring,0.223,167,45
Common Cuckoo,56.01351,-4.77434,7.5,Spring,0.161,189,17
Common Cuckoo,56.01351,-4.5295,7.5,Spring,0.0432,435,42
Common Cuckoo,56.01351,-4.28466,7.5,Spring,0.0284,175,17
Common Cuckoo,56.01351,-4.03983,7.5,Spring,0.0184,39,2
Common Cuckoo,56.01351,-3.79499,7.5,Spring,0.0118,421,3
Common Cuckoo,56.01351,-3.55015,7.5,Spring,0.009,493,2
Common Cuckoo,56.01351,-3.30531,7.5,Spring,0.0059,2906,4
Common Cuckoo,56.01351,-3.06047,7.5,Spring,0.0039,2432,11
Common Cuckoo,56.01351,-2.81564,7.5,Spring,0.0041,928,3
Common Cuckoo,56.01351,-2.5708,7.5,Spring,0.0058,754,7
Common Cuckoo,56.14865,-6.24337,7.5,Spring,0.2655,11,6
Common Cuckoo,56.14865,-5.50885,7.5,Spring,0.272,78,26
Common Cuckoo,56.14865,-5.26402,7.5,Spring,0.2656,28,9
Common Cuckoo,56.14865,-5.01918,7.5,Spring,0.2689,25,6
Common Cuckoo,56.14865,-4.77434,7.5,Spring,0.2508,77,5
Common Cuckoo,56.14865,-4.5295,7.5,Spring,0.2101,234,56
Common Cuckoo,56.14865,-4.28466,7.5,Spring,0.1852,180,24
Common Cuckoo,56.14865,-4.03983,7.5,Spring,0.0754,535,18
Common Cuckoo,56.14865,-3.79499,7.5,Spring,0.0504,695,21
Common Cuckoo,56.14865,-3.55015,7.5,Spring,0.0248,219,9
Common Cuckoo,56.14865,-3.30531,7.5,Spring,0.0078,652,7
Common Cuckoo,56.14865,-2.81564,7.5,Spring,0.0037,399,1
Common Cuckoo,56.28378,-6.48821,7.5,Spring,0.2197,342,57
Common Cuckoo,56.28378,-6.24337,7.5,Spring,0.268,133,40
Common Cuckoo,56.28378,-5.99853,7.5,Spring,0.2735,21,5
Common Cuckoo,56.28378,-5.75369,7.5,Spring,0.2617,17,1
Common Cuckoo,56.28378,-5.50885,7.5,Spring,0.275,44,12
Common Cuckoo,56.28378,-5.26402,7.5,Spring,0.2706,4,2
Common Cuckoo,56.28378,-5.01918,7.5,Spring,0.2697,58,6
Common Cuckoo,56.28378,-4.77434,7.5,Spring,0.2557,86,31
Common Cuckoo,56.28378,-4.5295,7.5,Spring,0.2478,56,17
Common Cuckoo,56.28378,-4.28466,7.5,Spring,0.2418,269,37
Common Cuckoo,56.28378,-4.03983,7.5,Spring,0.1675,43,21
Common Cuckoo,56.28378,-3.79499,7.5,Spring,0.1243,106,3
Common Cuckoo,56.28378,-3.30531,7.5,Spring,0.0153,146,9
Common Cuckoo,56.28378,-3.06047,7.5,Spring,0.0075,546,2
Common Cuckoo,56.28378,-2.81564,7.5,Spring,0.0054,1514,2
Common Cuckoo,56.28378,-2.5708,7.5,Spring,0.0058,559,3
Common Cuckoo,56.41892,-6.97788,7.5,Spring,0.2086,28,2
Common Cuckoo,56.41892,-6.24337,7.5,Spring,0.2639,177,10
Common Cuckoo,56.41892,-5.99853,7.5,Spring,0.2726,401,70
Common Cuckoo,56.41892,-5.75369,7.5,Spring,0.2635,385,109
Common Cuckoo,56.41892,-5.50885,7.5,Spring,0.2758,396,24
Common Cuckoo,56.41892,-5.26402,7.5,Spring,0.2715,39,5
Common Cuckoo,56.41892,-5.01918,7.5,Spring,0.274,73,17
Common Cuckoo,56.41892,-4.77434,7.5,Spring,0.2572,54,10
Common Cuckoo,56.41892,-4.5295,7.5,Spring,0.2463,40,6
Common Cuckoo,56.41892,-4.28466,7.5,Spring,0.2467,86,23
Common Cuckoo,56.41892,-4.03983,7.5,Spring,0.1813,122,25
Common Cuckoo,56.41892,-3.79499,7.5,Spring,0.1629,80,9
Common Cuckoo,56.41892,-3.55015,7.5,Spring,0.0306,238,1
Common Cuckoo,56.41892,-3.30531,7.5,Spring,0.0102,261,1
Common Cuckoo,56.55405,-6.73304,7.5,Spring,0.2586,34,2
Common Cuckoo,56.55405,-6.48821,7.5,Spring,0.2695,149,1
Common Cuckoo,56.55405,-6.24337,7.5,Spring,0.2786,182,28
Common Cuckoo,56.55405,-5.99853,7.5,Spring,0.2806,283,37
Common Cuckoo,56.55405,-5.75369,7.5,Spring,0.2702,158,54
Common Cuckoo,56.55405,-5.50885,7.5,Spring,0.283,85,18
Common Cuckoo,56.55405,-5.26402,7.5,Spring,0.279,50,15
Common Cuckoo,56.55405,-5.01918,7.5,Spring,0.2821,7,3
Common Cuckoo,56.55405,-4.77434,7.5,Spring,0.264,40,9
Common Cuckoo,56.55405,-4.5295,7.5,Spring,0.2387,2,1
Common Cuckoo,56.55405,-4.28466,7.5,Spring,0.2386,17,5
Common Cuckoo,56.55405,-4.03983,7.5,Spring,0.1714,55,5
Common Cuckoo,56.55405,-3.79499,7.5,Spring,0.1648,74,10
Common Cuckoo,56.55405,-3.55015,7.5,Spring,0.0325,294,16
Common Cuckoo,56.55405,-3.06047,7.5,Spring,0.0064,50,1
Common Cuckoo,56.68919,-6.48821,7.5,Spring,0.2792,42,15
Common Cuckoo,56.68919,-6.24337,7.5,Spring,0.2786,84,18
Common Cuckoo,56.68919,-5.99853,7.5,Spring,0.2799,205,22
Common Cuckoo,56.68919,-5.75369,7.5,Spring,0.2686,96,23
Common Cuckoo,56.68919,-5.50885,7.5,Spring,0.2814,74,17
Common Cuckoo,56.68919,-5.26402,7.5,Spring,0.2773,113,20
Common Cuckoo,56.68919,-5.01918,7.5,Spring,0.2804,215,31
Common Cuckoo,56.68919,-4.77434,7.5,Spring,0.2623,29,4
Common Cuckoo,56.68919,-4.5295,7.5,Spring,0.2388,10,1
Common Cuckoo,56.68919,-4.03983,7.5,Spring,0.1734,46,5
Common Cuckoo,56.68919,-3.79499,7.5,Spring,0.1739,290,11
Common Cuckoo,56.68919,-3.55015,7.5,Spring,0.0682,26,6
Common Cuckoo,56.68919,-3.30531,7.5,Spring,0.0343,83,12
Common Cuckoo,56.68919,-3.06047,7.5,Spring,0.0254,181,7
Common Cuckoo,56.82432,-7.7124,7.5,Spring,0.0231,11,1
Common Cuckoo,56.82432,-6.24337,7.5,Spring,0.2802,25,4
Common Cuckoo,56.82432,-5.99853,7.5,Spring,0.2816,17,3
Common Cuckoo,56.82432,-5.75369,7.5,Spring,0.2703,83,36
Common Cuckoo,56.82432,-5.50885,7.5,Spring,0.2829,86,8
Common Cuckoo,56.82432,-5.26402,7.5,Spring,0.2788,28,5
Common Cuckoo,56.82432,-5.01918,7.5,Spring,0.2819,256,37
Common Cuckoo,56.82432,-4.77434,7.5,Spring,0.2619,30,7
Common Cuckoo,56.82432,-4.5295,7.5,Spring,0.2479,3,1
Common Cuckoo,56.82432,-4.28466,7.5,Spring,0.2499,17,3
Common Cuckoo,56.82432,-4.03983,7.5,Spring,0.188,45,9
Common Cuckoo,56.82432,-3.79499,7.5,Spring,0.1881,59,2
Common Cuckoo,56.82432,-3.55015,7.5,Spring,0.097,19,1
Common Cuckoo,56.82432,-3.30531,7.5,Spring,0.1081,111,3
Common Cuckoo,56.82432,-3.06047,7.5,Spring,0.1211,25,4
Common Cuckoo,56.82432,-2.81564,7.5,Spring,0.0622,10,5
Common Cuckoo,56.95946,-7.46756,7.5,Spring,0.254,82,21
Common Cuckoo,56.95946,-6.24337,7.5,Spring,0.2835,108,68
Common Cuckoo,56.95946,-5.99853,7.5,Spring,0.2849,11,1
Common Cuckoo,56.95946,-5.75369,7.5,Spring,0.2737,175,35
Common Cuckoo,56.95946,-5.26402,7.5,Spring,0.2824,6,3
Common Cuckoo,56.95946,-5.01918,7.5,Spring,0.2857,46,15
Common Cuckoo,56.95946,-4.77434,7.5,Spring,0.2625,11,3
Common Cuckoo,56.95946,-4.5295,7.5,Spring,0.2485,55,15
Common Cuckoo,56.95946,-4.28466,7.5,Spring,0.2511,91,14
Common Cuckoo,56.95946,-3.79499,7.5,Spring,0.1884,7,2
Common Cuckoo,56.95946,-3.55015,7.5,Spring,0.0955,57,15
Common Cuckoo,56.95946,-3.30531,7.5,Spring,0.1074,107,9
Common Cuckoo,56.95946,-3.06047,7.5,Spring,0.1205,23,3
Common Cuckoo,56.95946,-2.81564,7.5,Spring,0.0644,10,1
Common Cuckoo,56.95946,-2.5708,7.5,Spring,0.0344,21,5
Common Cuckoo,56.95946,-2.08112,7.5,Spring,0.0037,269,1
Common Cuckoo,57.09459,-7.46756,7.5,Spring,0.2503,60,15
Common Cuckoo,57.09459,-7.22272,7.5,Spring,0.2833,65,11
Common Cuckoo,57.09459,-6.48821,7.5,Spring,0.2846,30,14
Common Cuckoo,57.09459,-6.24337,7.5,Spring,0.2838,5,3
Common Cuckoo,57.09459,-5.99853,7.5,Spring,0.285,100,18
Common Cuckoo,57.09459,-5.75369,7.5,Spring,0.2738,50,12
Common Cuckoo,57.09459,-5.50885,7.5,Spring,0.2865,2,1
Common Cuckoo,57.09459,-5.01918,7.5,Spring,0.2859,19,5
Common Cuckoo,57.09459,-4.77434,7.5,Spring,0.2614,114,8
Common Cuckoo,57.09459,-4.5295,7.5,Spring,0.2463,8,1
Common Cuckoo,57.09459,-4.03983,7.5,Spring,0.1887,709,62
Common Cuckoo,57.09459,-3.79499,7.5,Spring,0.188,375,55
Common Cuckoo,57.09459,-3.55015,7.5,Spring,0.0926,433,34
Common Cuckoo,57.09459,-3.30531,7.5,Spring,0.0989,78,1
Common Cuckoo,57.09459,-3.06047,7.5,Spring,0.1113,69,2
Common Cuckoo,57.09459,-2.81564,7.5,Spring,0.0467,188,53
Common Cuckoo,57.09459,-2.5708,7.5,Spring,0.0262,64,3
Common Cuckoo,57.09459,-2.32596,7.5,Spring,0.0036,89,1
Common Cuckoo,57.09459,-2.08112,7.5,Spring,0.0037,1560,1
Common Cuckoo,57.22973,-7.46756,7.5,Spring,0.2439,214,26
Common Cuckoo,57.22973,-7.22272,7.5,Spring,0.2854,50,37
Common Cuckoo,57.22973,-6.48821,7.5,Spring,0.2866,23,10
Common Cuckoo,57.22973,-6.24337,7.5,Spring,0.2857,115,38
Common Cuckoo,57.22973,-5.99853,7.5,Spring,0.287,315,83
Common Cuckoo,57.22973,-5.75369,7.5,Spring,0.2742,159,34
Common Cuckoo,57.22973,-5.50885,7.5,Spring,0.287,128,15
Common Cuckoo,57.22973,-5.26402,7.5,Spring,0.283,5,5
Common Cuckoo,57.22973,-5.01918,7.5,Spring,0.2863,41,15
Common Cuckoo,57.22973,-4.77434,7.5,Spring,0.2629,34,6
Common Cuckoo,57.22973,-4.5295,7.5,Spring,0.2442,45,1
Common Cuckoo,57.22973,-4.28466,7.5,Spring,0.2484,11,2
Common Cuckoo,57.22973,-4.03983,7.5,Spring,0.1841,252,26
Common Cuckoo,57.22973,-3.79499,7.5,Spring,0.1874,2240,299
Common Cuckoo,57.22973,-3.55015,7.5,Spring,0.091,560,35
Common Cuckoo,57.22973,-3.30531,7.5,Spring,0.0982,123,11
Common Cuckoo,57.22973,-2.81564,7.5,Spring,0.0482,24,1
Common Cuckoo,57.22973,-2.5708,7.5,Spring,0.0294,20,2
Common Cuckoo,57.22973,-2.08112,7.5,Spring,0.0045,488,1
Common Cuckoo,57.36486,-7.46756,7.5,Spring,0.2424,199,12
Common Cuckoo,57.36486,-7.22272,7.5,Spring,0.2841,119,48
Common Cuckoo,57.36486,-6.73304,7.5,Spring,0.2815,87,1
Common Cuckoo,57.36486,-6.48821,7.5,Spring,0.284,77,25
Common Cuckoo,57.36486,-6.24337,7.5,Spring,0.2855,242,46
Common Cuckoo,57.36486,-5.99853,7.5,Spring,0.2856,41,9
Common Cuckoo,57.36486,-5.75369,7.5,Spring,0.2728,69,16
Common Cuckoo,57.36486,-5.50885,7.5,Spring,0.2855,59,7
Common Cuckoo,57.36486,-5.01918,7.5,Spring,0.2849,15,8
Common Cuckoo,57.36486,-4.77434,7.5,Spring,0.2607,86,31
Common Cuckoo,57.36486,-4.5295,7.5,Spring,0.2487,272,27
Common Cuckoo,57.36486,-4.28466,7.5,Spring,0.253,333,71
Common Cuckoo,57.36486,-4.03983,7.5,Spring,0.1872,118,6
Common Cuckoo,57.36486,-3.79499,7.5,Spring,0.194,407,81
Common Cuckoo,57.36486,-3.55015,7.5,Spring,0.0843,445,31
Common Cuckoo,57.36486,-3.30531,7.5,Spring,0.0865,43,10
Common Cuckoo,57.36486,-3.06047,7.5,Spring,0.1049,5,1
Common Cuckoo,57.36486,-2.81564,7.5,Spring,0.0466,14,2
Common Cuckoo,57.36486,-2.5708,7.5,Spring,0.0298,25,2
Common Cuckoo,57.36486,-2.08112,7.5,Spring,0.0058,274,6
Common Cuckoo,57.5,-7.46756,7.5,Spring,0.245,266,30
Common Cuckoo,57.5,-7.22272,7.5,Spring,0.2842,151,45
Common Cuckoo,57.5,-6.73304,7.5,Spring,0.2829,445,125
Common Cuckoo,57.5,-6.48821,7.5,Spring,0.2854,129,17
Common Cuckoo,57.5,-6.24337,7.5,Spring,0.2857,165,36
Common Cuckoo,57.5,-5.99853,7.5,Spring,0.2858,6,2
Common Cuckoo,57.5,-5.75369,7.5,Spring,0.273,47,13
Common Cuckoo,57.5,-5.50885,7.5,Spring,0.2857,38,4
Common Cuckoo,57.5,-5.26402,7.5,Spring,0.282,21,4
Common Cuckoo,57.5,-5.01918,7.5,Spring,0.2853,14,4
Common Cuckoo,57.5,-4.77434,7.5,Spring,0.2562,7,1
Common Cuckoo,57.5,-4.5295,7.5,Spring,0.1581,192,15
Common Cuckoo,57.5,-4.28466,7.5,Spring,0.1187,915,15
Common Cuckoo,57.5,-4.03983,7.5,Spring,0.0233,691,7
Common Cuckoo,57.5,-3.79499,7.5,Spring,0.0305,39,7
Common Cuckoo,57.5,-3.55015,7.5,Spring,0.0247,26,4
Common Cuckoo,57.5,-3.30531,7.5,Spring,0.0415,49,4
Common Cuckoo,57.5,-3.06047,7.5,Spring,0.0631,32,4
Common Cuckoo,57.5,-2.81564,7.5,Spring,0.0244,26,1
Common Cuckoo,57.5,-2.08112,7.5,Spring,0.006,46,2
Common Cuckoo,57.63514,-7.46756,7.5,Spring,0.2417,489,75
Common Cuckoo,57.63514,-7.22272,7.5,Spring,0.2845,123,39
Common Cuckoo,57.63514,-6.97788,7.5,Spring,0.2825,10,5
Common Cuckoo,57.63514,-6.48821,7.5,Spring,0.2859,131,21
Common Cuckoo,57.63514,-6.24337,7.5,Spring,0.2862,360,58
Common Cuckoo,57.63514,-5.75369,7.5,Spring,0.2737,56,22
Common Cuckoo,57.63514,-5.50885,7.5,Spring,0.2864,19,7
Common Cuckoo,57.63514,-5.26402,7.5,Spring,0.2827,54,18
Common Cuckoo,57.63514,-5.01918,7.5,Spring,0.2861,22,2
Common Cuckoo,57.63514,-4.77434,7.5,Spring,0.2597,38,2
Common Cuckoo,57.63514,-4.5295,7.5,Spring,0.1904,168,11
Common Cuckoo,57.63514,-4.28466,7.5,Spring,0.1452,160,3
Common Cuckoo,57.63514,-4.03983,7.5,Spring,0.0255,569,4
Common Cuckoo,57.63514,-3.55015,7.5,Spring,0.0187,328,1
Common Cuckoo,57.63514,-2.81564,7.5,Spring,0.0162,87,1
Common Cuckoo,57.63514,-1.83628,7.5,Spring,0.0072,232,6
Common Cuckoo,57.77027,-8.69175,7.5,Spring,0.0109,65,1
Common Cuckoo,57.77027,-7.22272,7.5,Spring,0.2824,66,7
Common Cuckoo,57.77027,-6.97788,7.5,Spring,0.2809,68,16
Common Cuckoo,57.77027,-6.73304,7.5,Spring,0.2819,10,3
Common Cuckoo,57.77027,-6.24337,7.5,Spring,0.2846,7,2
Common Cuckoo,57.77027,-5.75369,7.5,Spring,0.2721,131,41
Common Cuckoo,57.77027,-5.50885,7.5,Spring,0.2848,84,19
Common Cuckoo,57.77027,-5.01918,7.5,Spring,0.2845,49,8
Common Cuckoo,57.77027,-4.28466,7.5,Spring,0.1627,40,6
Common Cuckoo,57.77027,-4.03983,7.5,Spring,0.0379,201,4
Common Cuckoo,57.90541,-6.97788,7.5,Spring,0.277,91,16
Common Cuckoo,57.90541,-6.73304,7.5,Spring,0.2787,58,13
Common Cuckoo,57.90541,-5.75369,7.5,Spring,0.2701,31,3
Common Cuckoo,57.90541,-5.50885,7.5,Spring,0.2823,117,21
Common Cuckoo,57.90541,-5.26402,7.5,Spring,0.2793,130,32
Common Cuckoo,57.90541,-4.77434,7.5,Spring,0.257,3,2
Common Cuckoo,57.90541,-4.5295,7.5,Spring,0.2232,18,12
Common Cuckoo,57.90541,-4.28466,7.5,Spring,0.204,115,21
Common Cuckoo,57.90541,-4.03983,7.5,Spring,0.0588,326,17
Common Cuckoo,58.04054,-7.22272,7.5,Spring,0.2765,4,1
Common Cuckoo,58.04054,-6.97788,7.5,Spring,0.2782,23,11
Common Cuckoo,58.04054,-6.73304,7.5,Spring,0.2814,42,24
Common Cuckoo,58.04054,-6.48821,7.5,Spring,0.2854,31,15
Common Cuckoo,58.04054,-5.26402,7.5,Spring,0.2811,24,7
Common Cuckoo,58.04054,-5.01918,7.5,Spring,0.286,23,11
Common Cuckoo,58.04054,-4.5295,7.5,Spring,0.2488,61,19
Common Cuckoo,58.04054,-4.28466,7.5,Spring,0.2384,55,13
Common Cuckoo,58.04054,-4.03983,7.5,Spring,0.1077,61,12
Common Cuckoo,58.04054,-3.79499,7.5,Spring,0.1144,75,4
Common Cuckoo,58.17568,-6.97788,7.5,Spring,0.2697,41,10
Common Cuckoo,58.17568,-6.73304,7.5,Spring,0.2727,86,21
Common Cuckoo,58.17568,-6.48821,7.5,Spring,0.2762,169,18
Common Cuckoo,58.17568,-6.24337,7.5,Spring,0.2775,77,2
Common Cuckoo,58.17568,-5.50885,7.5,Spring,0.2708,17,1
Common Cuckoo,58.17568,-5.26402,7.5,Spring,0.2739,130,27
Common Cuckoo,58.17568,-5.01918,7.5,Spring,0.28,28,5
Common Cuckoo,58.17568,-4.5295,7.5,Spring,0.2479,9,3
Common Cuckoo,58.17568,-4.03983,7.5,Spring,0.1101,8,5
Common Cuckoo,58.17568,-3.79499,7.5,Spring,0.1192,13,7
Common Cuckoo,58.17568,-3.55015,7.5,Spring,0.0433,19,1
Common Cuckoo,58.31081,-6.97788,7.5,Spring,0.2664,33,2
Common Cuckoo,58.31081,-6.73304,7.5,Spring,0.2692,84,12
Common Cuckoo,58.31081,-6.48821,7.5,Spring,0.2731,58,8
Common Cuckoo,58.31081,-6.24337,7.5,Spring,0.2746,135,26
Common Cuckoo,58.31081,-5.26402,7.5,Spring,0.2779,43,17
Common Cuckoo,58.31081,-5.01918,7.5,Spring,0.284,43,15
Common Cuckoo,58.31081,-4.77434,7.5,Spring,0.258,1,1
Common Cuckoo,58.31081,-4.5295,7.5,Spring,0.2477,14,8
Common Cuckoo,58.31081,-4.28466,7.5,Spring,0.2389,7,2
Common Cuckoo,58.31081,-4.03983,7.5,Spring,0.1094,3,1
Common Cuckoo,58.31081,-3.79499,7.5,Spring,0.1186,31,11
Common Cuckoo,58.31081,-3.55015,7.5,Spring,0.0452,14,1
Common Cuckoo,58.31081,-3.30531,7.5,Spring,0.0444,19,5
Common Cuckoo,58.31081,-3.06047,7.5,Spring,0.0762,18,1
Common Cuckoo,58.44595,-6.48821,7.5,Spring,0.2568,12,1
Common Cuckoo,58.44595,-6.24337,7.5,Spring,0.2598,106,8
Common Cuckoo,58.44595,-5.26402,7.5,Spring,0.2663,89,33
Common Cuckoo,58.44595,-5.01918,7.5,Spring,0.2757,31,14
Common Cuckoo,58.44595,-4.77434,7.5,Spring,0.2507,4,1
Common Cuckoo,58.44595,-4.5295,7.5,Spring,0.242,28,8
Common Cuckoo,58.44595,-4.28466,7.5,Spring,0.2346,8,5
Common Cuckoo,58.44595,-4.03983,7.5,Spring,0.1074,1,1
Common Cuckoo,58.44595,-3.79499,7.5,Spring,0.1164,4,1
Common Cuckoo,58.44595,-3.55015,7.5,Spring,0.0443,11,2
Common Cuckoo,58.44595,-3.30531,7.5,Spring,0.0447,21,3
Common Cuckoo,58.44595,-3.06047,7.5,Spring,0.081,87,3
Common Cuckoo,58.58108,-4.77434,7.5,Spring,0.02,149,16
Common Cuckoo,58.58108,-4.5295,7.5,Spring,0.0513,1,1
Common Cuckoo,58.58108,-4.03983,7.5,Spring,0.0506,19,4
Common Cuckoo,58.58108,-3.79499,7.5,Spring,0.052,34,6
Common Cuckoo,58.58108,-3.06047,7.5,Spring,0.0774,142,8
Common Cuckoo,58.85135,-3.30531,7.5,Spring,0.0418,97,10
Common Cuckoo,58.85135,-3.06047,7.5,Spring,0.0952,66,2
Common Cuckoo,58.98649,-3.30531,7.5,Spring,0.022,299,1
Common Cuckoo,58.98649,-3.06047,7.5,Spring,0.0691,323,27
Common Cuckoo,59.12162,-3.06047,7.5,Spring,0.0535,182,21
Common Cuckoo,59.12162,-2.81564,7.5,Spring,0.0162,15,1
Common Cuckoo,59.39189,-3.06047,7.5,Spring,0.0336,21,1
Common Cuckoo,59.39189,-2.32596,7.5,Spring,0.0041,344,5
Common Cuckoo,59.52703,-1.59145,7.5,Spring,0.0045,456,22
Common Cuckoo,59.93243,-1.34661,7.5,Spring,0.004,1629,9
Common Cuckoo,60.06757,-1.34661,7.5,Spring,0.0046,437,2
Common Cuckoo,60.06757,-1.10177,7.5,Spring,0.0035,123,1
Common Cuckoo,60.2027,-1.34661,7.5,Spring,0.005,134,12
Common Cuckoo,60.2027,-1.10177,7.5,Spring,0.0035,488,1
Common Cuckoo,60.33784,-1.34661,7.5,Spring,0.0108,70,2
Common Cuckoo,54.7973,-4.03983,7.5,Summer,0.0063,46,2
Common Cuckoo,54.93243,-4.77434,7.5,Summer,0.0556,13,4
Common Cuckoo,54.93243,-4.5295,7.5,Summer,0.0138,52,2
Common Cuckoo,54.93243,-4.28466,7.5,Summer,0.0083,35,1
Common Cuckoo,54.93243,-3.55015,7.5,Summer,0.0187,171,3
Common Cuckoo,54.93243,-3.06047,7.5,Summer,0.0153,41,1
Common Cuckoo,55.06757,-5.01918,7.5,Summer,0.0449,12,1
Common Cuckoo,55.06757,-4.77434,7.5,Summer,0.0496,10,5
Common Cuckoo,55.06757,-4.5295,7.5,Summer,0.0122,44,2
Common Cuckoo,55.06757,-4.03983,7.5,Summer,0.0076,63,1
Common Cuckoo,55.06757,-3.55015,7.5,Summer,0.0216,192,2
Common Cuckoo,55.2027,-3.55015,7.5,Summer,0.03,9,2
Common Cuckoo,55.2027,-3.06047,7.5,Summer,0.0287,22,2
Common Cuckoo,55.2027,-2.81564,7.5,Summer,0.0263,13,2
Common Cuckoo,55.33784,-5.75369,7.5,Summer,0.0525,17,2
Common Cuckoo,55.33784,-5.50885,7.5,Summer,0.0377,14,1
Common Cuckoo,55.33784,-4.5295,7.5,Summer,0.012,7,1
Common Cuckoo,55.33784,-4.28466,7.5,Summer,0.0108,47,2
Common Cuckoo,55.33784,-3.79499,7.5,Summer,0.0107,22,1
Common Cuckoo,55.33784,-3.55015,7.5,Summer,0.0248,45,2
Common Cuckoo,55.33784,-2.5708,7.5,Summer,0.0189,8,1
Common Cuckoo,55.47297,-5.26402,7.5,Summer,0.03,20,1
Common Cuckoo,55.47297,-4.28466,7.5,Summer,0.0059,34,2
Common Cuckoo,55.47297,-3.79499,7.5,Summer,0.007,96,2
Common Cuckoo,55.60811,-6.24337,7.5,Summer,0.0745,83,2
Common Cuckoo,55.60811,-5.50885,7.5,Summer,0.0518,12,1
Common Cuckoo,55.60811,-5.26402,7.5,Summer,0.0432,104,4
Common Cuckoo,55.60811,-4.5295,7.5,Summer,0.006,27860,3
Common Cuckoo,55.60811,-3.79499,7.5,Summer,0.0073,38,1
Common Cuckoo,55.60811,-3.06047,7.5,Summer,0.0184,83,3
Common Cuckoo,55.60811,-2.81564,7.5,Summer,0.0163,109,1
Common Cuckoo,55.74324,-6.48821,7.5,Summer,0.0572,38,2
Common Cuckoo,55.74324,-6.24337,7.5,Summer,0.0764,63,1
Common Cuckoo,55.74324,-5.50885,7.5,Summer,0.0575,42,1
Common Cuckoo,55.74324,-5.26402,7.5,Summer,0.0482,32,3
Common Cuckoo,55.74324,-5.01918,7.5,Summer,0.0428,93,1
Common Cuckoo,55.74324,-4.5295,7.5,Summer,0.0061,277,1
Common Cuckoo,55.74324,-3.55015,7.5,Summer,0.0332,24,4
Common Cuckoo,55.74324,-3.06047,7.5,Summer,0.0267,133,11
Common Cuckoo,55.87838,-6.48821,7.5,Summer,0.0372,11,1
Common Cuckoo,55.87838,-6.24337,7.5,Summer,0.0496,94,5
Common Cuckoo,55.87838,-5.99853,7.5,Summer,0.0501,21,3
Common Cuckoo,55.87838,-5.50885,7.5,Summer,0.0319,48,2
Common Cuckoo,55.87838,-4.77434,7.5,Summer,0.0185,45,5
Common Cuckoo,55.87838,-4.5295,7.5,Summer,0.0039,292,1
Common Cuckoo,55.87838,-3.79499,7.5,Summer,0.0041,42,1
Common Cuckoo,55.87838,-3.55015,7.5,Summer,0.005,134,7
Common Cuckoo,55.87838,-3.30531,7.5,Summer,0.0046,1184,12
Common Cuckoo,55.87838,-3.06047,7.5,Summer,0.0038,1626,3
Common Cuckoo,55.87838,-2.81564,7.5,Summer,0.0039,98,1
Common Cuckoo,55.87838,-2.5708,7.5,Summer,0.0048,109,8
Common Cuckoo,55.87838,-2.32596,7.5,Summer,0.0094,75,4
Common Cuckoo,55.87838,-2.08112,7.5,Summer,0.0066,295,1
Common Cuckoo,56.01351,-6.24337,7.5,Summer,0.0593,22,6
Common Cuckoo,56.01351,-5.99853,7.5,Summer,0.0607,3,3
Common Cuckoo,56.01351,-5.75369,7.5,Summer,0.056,13,1
Common Cuckoo,56.01351,-5.50885,7.5,Summer,0.041,37,2
Common Cuckoo,56.01351,-5.01918,7.5,Summer,0.0415,85,6
Common Cuckoo,56.01351,-4.77434,7.5,Summer,0.0262,128,2
Common Cuckoo,56.01351,-4.5295,7.5,Summer,0.0097,279,10
Common Cuckoo,56.01351,-4.28466,7.5,Summer,0.0083,90,6
Common Cuckoo,56.01351,-4.03983,7.5,Summer,0.0065,53,3
Common Cuckoo,56.01351,-3.55015,7.5,Summer,0.0065,266,1
Common Cuckoo,56.01351,-3.30531,7.5,Summer,0.0062,2181,4
Common Cuckoo,56.01351,-3.06047,7.5,Summer,0.0051,2396,10
Common Cuckoo,56.01351,-2.81564,7.5,Summer,0.0046,786,2
Common Cuckoo,56.01351,-2.5708,7.5,Summer,0.0055,613,1
Common Cuckoo,56.01351,-2.32596,7.5,Summer,0.0085,130,2
Common Cuckoo,56.14865,-5.50885,7.5,Summer,0.0506,74,5
Common Cuckoo,56.14865,-5.01918,7.5,Summer,0.0474,10,1
Common Cuckoo,56.14865,-4.5295,7.5,Summer,0.0191,225,5
Common Cuckoo,56.14865,-4.28466,7.5,Summer,0.0172,111,6
Common Cuckoo,56.14865,-4.03983,7.5,Summer,0.0122,349,2
Common Cuckoo,56.14865,-3.79499,7.5,Summer,0.0086,328,2
Common Cuckoo,56.14865,-2.5708,7.5,Summer,0.0062,245,6
Common Cuckoo,56.28378,-6.48821,7.5,Summer,0.0731,238,15
Common Cuckoo,56.28378,-6.24337,7.5,Summer,0.0997,89,5
Common Cuckoo,56.28378,-5.75369,7.5,Summer,0.0807,34,1
Common Cuckoo,56.28378,-5.50885,7.5,Summer,0.0493,51,2
Common Cuckoo,56.28378,-5.01918,7.5,Summer,0.0477,74,1
Common Cuckoo,56.28378,-4.77434,7.5,Summer,0.0371,90,8
Common Cuckoo,56.28378,-4.5295,7.5,Summer,0.0232,49,2
Common Cuckoo,56.28378,-4.28466,7.5,Summer,0.0227,205,3
Common Cuckoo,56.28378,-4.03983,7.5,Summer,0.0189,8,1
Common Cuckoo,56.28378,-3.30531,7.5,Summer,0.0138,90,2
Common Cuckoo,56.28378,-3.06047,7.5,Summer,0.0067,322,1
Common Cuckoo,56.28378,-2.81564,7.5,Summer,0.0059,1122,3
Common Cuckoo,56.28378,-2.5708,7.5,Summer,0.0081,524,3
Common Cuckoo,56.41892,-6.24337,7.5,Summer,0.0777,224,6
Common Cuckoo,56.41892,-5.99853,7.5,Summer,0.0776,294,22
Common Cuckoo,56.41892,-5.75369,7.5,Summer,0.0577,361,13
Common Cuckoo,56.41892,-5.50885,7.5,Summer,0.0403,433,4
Common Cuckoo,56.41892,-5.01918,7.5,Summer,0.0422,33,2
Common Cuckoo,56.41892,-4.28466,7.5,Summer,0.0315,97,2
Common Cuckoo,56.41892,-4.03983,7.5,Summer,0.0285,50,9
Common Cuckoo,56.41892,-3.79499,7.5,Summer,0.0273,78,1
Common Cuckoo,56.41892,-3.55015,7.5,Summer,0.0184,110,2
Common Cuckoo,56.41892,-3.30531,7.5,Summer,0.0126,198,2
Common Cuckoo,56.41892,-2.81564,7.5,Summer,0.0052,590,4
Common Cuckoo,56.55405,-6.73304,7.5,Summer,0.0604,37,4
Common Cuckoo,56.55405,-6.48821,7.5,Summer,0.077,134,1
Common Cuckoo,56.55405,-6.24337,7.5,Summer,0.0949,192,10
Common Cuckoo,56.55405,-5.99853,7.5,Summer,0.0957,274,7
Common Cuckoo,56.55405,-5.75369,7.5,Summer,0.0643,81,1
Common Cuckoo,56.55405,-5.50885,7.5,Summer,0.0481,37,2
Common Cuckoo,56.55405,-5.26402,7.5,Summer,0.0483,36,3
Common Cuckoo,56.55405,-5.01918,7.5,Summer,0.0492,4,1
Common Cuckoo,56.55405,-4.77434,7.5,Summer,0.0421,50,2
Common Cuckoo,56.55405,-4.28466,7.5,Summer,0.034,36,6
Common Cuckoo,56.55405,-4.03983,7.5,Summer,0.0299,49,4
Common Cuckoo,56.55405,-3.79499,7.5,Summer,0.0332,45,5
Common Cuckoo,56.55405,-3.55015,7.5,Summer,0.0213,287,6
Common Cuckoo,56.68919,-6.48821,7.5,Summer,0.0911,30,5
Common Cuckoo,56.68919,-6.24337,7.5,Summer,0.0746,70,4
Common Cuckoo,56.68919,-5.99853,7.5,Summer,0.0754,168,2
Common Cuckoo,56.68919,-5.50885,7.5,Summer,0.0458,44,2
Common Cuckoo,56.68919,-5.26402,7.5,Summer,0.0461,139,4
Common Cuckoo,56.68919,-5.01918,7.5,Summer,0.0465,304,4
Common Cuckoo,56.68919,-4.77434,7.5,Summer,0.0401,34,2
Common Cuckoo,56.68919,-4.28466,7.5,Summer,0.0345,18,6
Common Cuckoo,56.68919,-4.03983,7.5,Summer,0.0297,50,1
Common Cuckoo,56.68919,-3.79499,7.5,Summer,0.0321,268,5
Common Cuckoo,56.68919,-3.30531,7.5,Summer,0.0161,40,7
Common Cuckoo,56.68919,-3.06047,7.5,Summer,0.0088,142,3
Common Cuckoo,56.68919,-2.81564,7.5,Summer,0.006,56,1
Common Cuckoo,56.68919,-2.5708,7.5,Summer,0.0053,238,2
Common Cuckoo,56.82432,-5.99853,7.5,Summer,0.0669,11,2
Common Cuckoo,56.82432,-5.75369,7.5,Summer,0.0479,93,5
Common Cuckoo,56.82432,-5.26402,7.5,Summer,0.0373,33,1
Common Cuckoo,56.82432,-5.01918,7.5,Summer,0.0368,276,3
Common Cuckoo,56.82432,-4.28466,7.5,Summer,0.0338,15,1
Common Cuckoo,56.82432,-3.30531,7.5,Summer,0.021,104,1
Common Cuckoo,56.82432,-3.06047,7.5,Summer,0.0151,27,4
Common Cuckoo,56.82432,-2.81564,7.5,Summer,0.0092,11,4
Common Cuckoo,56.95946,-7.46756,7.5,Summer,0.0422,118,16
Common Cuckoo,56.95946,-6.24337,7.5,Summer,0.0709,43,2
Common Cuckoo,56.95946,-5.99853,7.5,Summer,0.0722,9,1
Common Cuckoo,56.95946,-5.75369,7.5,Summer,0.0532,122,3
Common Cuckoo,56.95946,-5.01918,7.5,Summer,0.0432,48,2
Common Cuckoo,56.95946,-4.28466,7.5,Summer,0.0357,75,2
Common Cuckoo,56.95946,-3.79499,7.5,Summer,0.0356,2,1
Common Cuckoo,56.95946,-3.55015,7.5,Summer,0.0326,70,12
Common Cuckoo,56.95946,-3.30531,7.5,Summer,0.0239,105,5
Common Cuckoo,56.95946,-3.06047,7.5,Summer,0.0201,26,1
Common Cuckoo,56.95946,-2.81564,7.5,Summer,0.0136,64,5
Common Cuckoo,56.95946,-2.5708,7.5,Summer,0.0091,21,2
Common Cuckoo,56.95946,-2.32596,7.5,Summer,0.0064,53,1
Common Cuckoo,56.95946,-2.08112,7.5,Summer,0.005,272,6
Common Cuckoo,57.09459,-7.22272,7.5,Summer,0.0726,41,3
Common Cuckoo,57.09459,-6.48821,7.5,Summer,0.0677,39,3
Common Cuckoo,57.09459,-5.99853,7.5,Summer,0.0506,105,6
Common Cuckoo,57.09459,-5.75369,7.5,Summer,0.0414,94,1
Common Cuckoo,57.09459,-5.50885,7.5,Summer,0.0358,6,1
Common Cuckoo,57.09459,-5.01918,7.5,Summer,0.0373,33,4
Common Cuckoo,57.09459,-4.77434,7.5,Summer,0.0336,136,3
Common Cuckoo,57.09459,-4.03983,7.5,Summer,0.0309,526,19
Common Cuckoo,57.09459,-3.79499,7.5,Summer,0.0356,311,11
Common Cuckoo,57.09459,-3.55015,7.5,Summer,0.033,315,6
Common Cuckoo,57.09459,-3.30531,7.5,Summer,0.0232,90,1
Common Cuckoo,57.09459,-3.06047,7.5,Summer,0.0192,80,5
Common Cuckoo,57.09459,-2.81564,7.5,Summer,0.011,84,8
Common Cuckoo,57.09459,-2.32596,7.5,Summer,0.0058,68,1
Common Cuckoo,57.09459,-2.08112,7.5,Summer,0.0047,1194,6
Common Cuckoo,57.22973,-7.46756,7.5,Summer,0.0232,112,9
Common Cuckoo,57.22973,-7.22272,7.5,Summer,0.1559,26,12
Common Cuckoo,57.22973,-6.48821,7.5,Summer,0.1386,21,4
Common Cuckoo,57.22973,-6.24337,7.5,Summer,0.1136,148,13
Common Cuckoo,57.22973,-5.99853,7.5,Summer,0.1136,364,20
Common Cuckoo,57.22973,-5.75369,7.5,Summer,0.0897,148,10
Common Cuckoo,57.22973,-5.01918,7.5,Summer,0.0713,28,2
Common Cuckoo,57.22973,-4.77434,7.5,Summer,0.0557,35,1
Common Cuckoo,57.22973,-4.5295,7.5,Summer,0.0379,77,5
Common Cuckoo,57.22973,-4.03983,7.5,Summer,0.0387,133,11
Common Cuckoo,57.22973,-3.79499,7.5,Summer,0.0538,1932,97
Common Cuckoo,57.22973,-3.55015,7.5,Summer,0.0431,441,28
Common Cuckoo,57.22973,-3.30531,7.5,Summer,0.024,128,10
Common Cuckoo,57.22973,-2.08112,7.5,Summer,0.0041,267,2
Common Cuckoo,57.36486,-7.46756,7.5,Summer,0.021,123,4
Common Cuckoo,57.36486,-7.22272,7.5,Summer,0.16,80,22
Common Cuckoo,57.36486,-6.48821,7.5,Summer,0.1389,93,4
Common Cuckoo,57.36486,-6.24337,7.5,Summer,0.1125,292,9
Common Cuckoo,57.36486,-5.99853,7.5,Summer,0.1135,33,3
Common Cuckoo,57.36486,-5.75369,7.5,Summer,0.0957,65,9
Common Cuckoo,57.36486,-5.50885,7.5,Summer,0.0837,51,2
Common Cuckoo,57.36486,-5.01918,7.5,Summer,0.0836,3,1
Common Cuckoo,57.36486,-4.5295,7.5,Summer,0.0425,222,6
Common Cuckoo,57.36486,-4.28466,7.5,Summer,0.0517,264,19
Common Cuckoo,57.36486,-4.03983,7.5,Summer,0.0426,86,9
Common Cuckoo,57.36486,-3.79499,7.5,Summer,0.0638,308,83
Common Cuckoo,57.36486,-3.55015,7.5,Summer,0.045,381,16
Common Cuckoo,57.36486,-3.30531,7.5,Summer,0.0236,71,11
Common Cuckoo,57.36486,-3.06047,7.5,Summer,0.0176,14,2
Common Cuckoo,57.36486,-2.5708,7.5,Summer,0.0064,84,1
Common Cuckoo,57.36486,-1.83628,7.5,Summer,0.0044,74,2
Common Cuckoo,57.5,-7.46756,7.5,Summer,0.0206,165,3
Common Cuckoo,57.5,-7.22272,7.5,Summer,0.1601,111,16
Common Cuckoo,57.5,-6.73304,7.5,Summer,0.1585,402,52
Common Cuckoo,57.5,-6.48821,7.5,Summer,0.1366,157,7
Common Cuckoo,57.5,-6.24337,7.5,Summer,0.1086,189,12
Common Cuckoo,57.5,-5.99853,7.5,Summer,0.1093,4,1
Common Cuckoo,57.5,-5.75369,7.5,Summer,0.0927,62,3
Common Cuckoo,57.5,-5.50885,7.5,Summer,0.0823,59,1
Common Cuckoo,57.5,-5.26402,7.5,Summer,0.0858,15,3
Common Cuckoo,57.5,-5.01918,7.5,Summer,0.0788,8,2
Common Cuckoo,57.5,-4.77434,7.5,Summer,0.0529,6,1
Common Cuckoo,57.5,-4.5295,7.5,Summer,0.0224,186,2
Common Cuckoo,57.5,-4.28466,7.5,Summer,0.0208,814,7
Common Cuckoo,57.5,-4.03983,7.5,Summer,0.0129,626,1
Common Cuckoo,57.63514,-7.46756,7.5,Summer,0.0216,350,24
Common Cuckoo,57.63514,-7.22272,7.5,Summer,0.1595,116,14
Common Cuckoo,57.63514,-6.97788,7.5,Summer,0.1581,9,1
Common Cuckoo,57.63514,-6.48821,7.5,Summer,0.1387,167,12
Common Cuckoo,57.63514,-6.24337,7.5,Summer,0.1134,443,26
Common Cuckoo,57.63514,-5.75369,7.5,Summer,0.098,46,7
Common Cuckoo,57.63514,-5.50885,7.5,Summer,0.0885,49,3
Common Cuckoo,57.63514,-5.26402,7.5,Summer,0.095,100,12
Common Cuckoo,57.63514,-5.01918,7.5,Summer,0.0854,27,1
Common Cuckoo,57.63514,-4.5295,7.5,Summer,0.0253,173,7
Common Cuckoo,57.63514,-4.03983,7.5,Summer,0.0135,742,1
Common Cuckoo,57.63514,-2.81564,7.5,Summer,0.0074,26,1
Common Cuckoo,57.77027,-7.22272,7.5,Summer,0.1522,64,3
Common Cuckoo,57.77027,-6.97788,7.5,Summer,0.154,108,10
Common Cuckoo,57.77027,-6.73304,7.5,Summer,0.1568,13,2
Common Cuckoo,57.77027,-5.75369,7.5,Summer,0.0988,159,7
Common Cuckoo,57.77027,-5.50885,7.5,Summer,0.0899,82,3
Common Cuckoo,57.77027,-5.01918,7.5,Summer,0.0888,41,4
Common Cuckoo,57.77027,-4.28466,7.5,Summer,0.0233,33,1
Common Cuckoo,57.90541,-6.97788,7.5,Summer,0.1519,77,2
Common Cuckoo,57.90541,-6.73304,7.5,Summer,0.1574,63,7
Common Cuckoo,57.90541,-6.48821,7.5,Summer,0.1366,1,1
Common Cuckoo,57.90541,-5.50885,7.5,Summer,0.1003,122,11
Common Cuckoo,57.90541,-5.26402,7.5,Summer,0.1165,175,23
Common Cuckoo,57.90541,-5.01918,7.5,Summer,0.1074,18,1
Common Cuckoo,57.90541,-4.77434,7.5,Summer,0.0756,11,1
Common Cuckoo,57.90541,-4.5295,7.5,Summer,0.0421,28,1
Common Cuckoo,57.90541,-4.28466,7.5,Summer,0.0423,66,5
Common Cuckoo,57.90541,-4.03983,7.5,Summer,0.0295,246,2
Common Cuckoo,58.04054,-6.97788,7.5,Summer,0.1548,28,7
Common Cuckoo,58.04054,-6.73304,7.5,Summer,0.1625,36,5
Common Cuckoo,58.04054,-6.48821,7.5,Summer,0.1416,51,2
Common Cuckoo,58.04054,-5.26402,7.5,Summer,0.1303,31,2
Common Cuckoo,58.04054,-5.01918,7.5,Summer,0.1205,24,2
Common Cuckoo,58.04054,-4.77434,7.5,Summer,0.0924,10,2
Common Cuckoo,58.04054,-4.5295,7.5,Summer,0.0622,45,6
Common Cuckoo,58.04054,-4.03983,7.5,Summer,0.0498,57,4
Common Cuckoo,58.04054,-3.79499,7.5,Summer,0.0524,81,2
Common Cuckoo,58.17568,-6.97788,7.5,Summer,0.1536,82,3
Common Cuckoo,58.17568,-6.73304,7.5,Summer,0.1614,84,13
Common Cuckoo,58.17568,-6.48821,7.5,Summer,0.1406,142,8
Common Cuckoo,58.17568,-6.24337,7.5,Summer,0.1117,101,2
Common Cuckoo,58.17568,-5.26402,7.5,Summer,0.1356,123,21
Common Cuckoo,58.17568,-5.01918,7.5,Summer,0.1258,52,12
Common Cuckoo,58.17568,-4.77434,7.5,Summer,0.0972,4,1
Common Cuckoo,58.17568,-3.79499,7.5,Summer,0.0613,23,4
Common Cuckoo,58.17568,-3.55015,7.5,Summer,0.0354,44,2
Common Cuckoo,58.31081,-6.97788,7.5,Summer,0.1111,11,1
Common Cuckoo,58.31081,-6.73304,7.5,Summer,0.1166,126,4
Common Cuckoo,58.31081,-6.48821,7.5,Summer,0.1013,64,5
Common Cuckoo,58.31081,-6.24337,7.5,Summer,0.0883,163,8
Common Cuckoo,58.31081,-5.26402,7.5,Summer,0.1165,70,6
Common Cuckoo,58.31081,-5.01918,7.5,Summer,0.1129,40,6
Common Cuckoo,58.31081,-4.28466,7.5,Summer,0.0705,20,4
Common Cuckoo,58.31081,-4.03983,7.5,Summer,0.0567,14,1
Common Cuckoo,58.31081,-3.79499,7.5,Summer,0.0634,47,14
Common Cuckoo,58.31081,-3.06047,7.5,Summer,0.0149,6,1
Common Cuckoo,58.44595,-6.24337,7.5,Summer,0.0595,130,2
Common Cuckoo,58.44595,-5.26402,7.5,Summer,0.0995,94,7
Common Cuckoo,58.44595,-5.01918,7.5,Summer,0.1026,54,13
Common Cuckoo,58.44595,-4.5295,7.5,Summer,0.0653,33,4
Common Cuckoo,58.44595,-4.28466,7.5,Summer,0.0689,27,10
Common Cuckoo,58.44595,-3.79499,7.5,Summer,0.0619,16,2
Common Cuckoo,58.44595,-3.55015,7.5,Summer,0.034,5,1
Common Cuckoo,58.58108,-4.77434,7.5,Summer,0.0321,110,10
Common Cuckoo,58.58108,-4.5295,7.5,Summer,0.0413,26,4
Common Cuckoo,58.58108,-4.03983,7.5,Summer,0.0401,37,7
Common Cuckoo,58.58108,-3.55015,7.5,Summer,0.0309,117,2
Common Cuckoo,58.58108,-3.06047,7.5,Summer,0.0155,174,4
Common Cuckoo,58.71622,-3.30531,7.5,Summer,0.0181,103,1
Common Cuckoo,58.85135,-3.30531,7.5,Summer,0.0186,113,19
Common Cuckoo,58.98649,-3.06047,7.5,Summer,0.0164,416,11
Common Cuckoo,58.98649,-2.81564,7.5,Summer,0.0091,119,4
Common Cuckoo,59.12162,-3.06047,7.5,Summer,0.0118,316,25
Common Cuckoo,59.39189,-2.32596,7.5,Summer,0.0049,184,1
Common Cuckoo,59.52703,-1.59145,7.5,Summer,0.0044,354,2
Common Cuckoo,59.93243,-1.34661,7.5,Summer,0.0049,1489,4
Common Cuckoo,60.2027,-1.34661,7.5,Summer,0.0079,126,7
Common Cuckoo,60.2027,-1.10177,7.5,Summer,0.0034,394,2
Common Cuckoo,60.33784,-1.34661,7.5,Summer,0.0226,85,1
Common Cuckoo,60.47297,-1.34661,7.5,Summer,0.0215,54,2
Common Cuckoo,60.74324,-0.85693,7.5,Summer,0.004,401,2
Crested Tit,56.95946,-4.28466,7.5,Autumn,0.0004,18,1
Crested Tit,57.09459,-4.03983,7.5,Autumn,0.0028,242,8
Crested Tit,57.09459,-3.79499,7.5,Autumn,0.1234,105,32
Crested Tit,57.09459,-3.55015,7.5,Autumn,0.0341,58,1
Crested Tit,57.22973,-5.01918,7.5,Autumn,0.0028,6,1
Crested Tit,57.22973,-3.79499,7.5,Autumn,0.3245,655,221
Crested Tit,57.22973,-3.55015,7.5,Autumn,0.3394,169,35
Crested Tit,57.36486,-4.77434,7.5,Autumn,0.0569,26,3
Crested Tit,57.36486,-4.5295,7.5,Autumn,0.0484,158,1
Crested Tit,57.36486,-4.28466,7.5,Autumn,0.0137,108,3
Crested Tit,57.36486,-3.79499,7.5,Autumn,0.2354,98,8
Crested Tit,57.36486,-3.55015,7.5,Autumn,0.2856,167,33
Crested Tit,57.36486,-3.30531,7.5,Autumn,0.0025,10,1
Crested Tit,57.5,-4.5295,7.5,Autumn,0.0056,80,8
Crested Tit,57.5,-4.28466,7.5,Autumn,0.0043,562,9
Crested Tit,57.5,-3.79499,7.5,Autumn,0.0311,17,2
Crested Tit,57.63514,-4.5295,7.5,Autumn,0.0031,83,1
Crested Tit,57.63514,-4.28466,7.5,Autumn,0.0028,93,1
Crested Tit,57.63514,-4.03983,7.5,Autumn,0.002,581,1
Crested Tit,57.63514,-3.79499,7.5,Autumn,0.0144,202,8
Crested Tit,57.63514,-3.55015,7.5,Autumn,0.0218,283,9
Crested Tit,57.63514,-3.30531,7.5,Autumn,0.0044,151,1
Crested Tit,57.77027,-3.30531,7.5,Autumn,0.0007,202,9
Crested Tit,56.82432,-5.50885,7.5,Spring,0.0003,86,1
Crested Tit,56.95946,-3.79499,7.5,Spring,0.0004,7,1
Crested Tit,57.09459,-4.77434,7.5,Spring,0.0023,114,1
Crested Tit,57.09459,-4.03983,7.5,Spring,0.0014,709,6
Crested Tit,57.09459,-3.79499,7.5,Spring,0.0545,375,62
Crested Tit,57.09459,-3.55015,7.5,Spring,0.012,433,1
Crested Tit,57.22973,-5.01918,7.5,Spring,0.0017,41,6
Crested Tit,57.22973,-3.79499,7.5,Spring,0.2576,2240,359
Crested Tit,57.22973,-3.55015,7.5,Spring,0.2371,560,86
Crested Tit,57.36486,-4.77434,7.5,Spring,0.0197,86,4
Crested Tit,57.36486,-4.5295,7.5,Spring,0.0211,272,5
Crested Tit,57.36486,-3.79499,7.5,Spring,0.0822,407,5
Crested Tit,57.36486,-3.55015,7.5,Spring,0.1174,445,47
Crested Tit,57.5,-4.5295,7.5,Spring,0.0008,192,3
Crested Tit,57.5,-4.28466,7.5,Spring,0.0005,915,7
Crested Tit,57.5,-4.03983,7.5,Spring,0.0005,691,1
Crested Tit,57.63514,-4.28466,7.5,Spring,0.0007,160,2
Crested Tit,57.63514,-3.79499,7.5,Spring,0.0049,223,3
Crested Tit,57.63514,-3.55015,7.5,Spring,0.0087,328,7
Crested Tit,57.77027,-4.03983,7.5,Spring,0.0007,201,1
Crested Tit,57.77027,-3.30531,7.5,Spring,0.0005,165,1
Crested Tit,56.95946,-4.28466,7.5,Summer,0.0003,75,1
Crested Tit,57.09459,-4.03983,7.5,Summer,0.0028,526,13
Crested Tit,57.09459,-3.79499,7.5,Summer,0.1175,311,63
Crested Tit,57.09459,-3.55015,7.5,Summer,0.0207,315,2
Crested Tit,57.22973,-5.01918,7.5,Summer,0.0044,28,7
Crested Tit,57.22973,-4.5295,7.5,Summer,0.01,77,1
Crested Tit,57.22973,-4.03983,7.5,Summer,0.0041,133,1
Crested Tit,57.22973,-3.79499,7.5,Summer,0.3397,1932,465
Crested Tit,57.22973,-3.55015,7.5,Summer,0.2884,441,45
Crested Tit,57.22973,-3.30531,7.5,Summer,0.0019,128,1
Crested Tit,57.22973,-2.08112,7.5,Summer,0.0004,267,2
Crested Tit,57.36486,-4.77434,7.5,Summer,0.0637,58,3
Crested Tit,57.36486,-4.5295,7.5,Summer,0.0464,222,1
Crested Tit,57.36486,-4.28466,7.5,Summer,0.011,264,2
Crested Tit,57.36486,-3.79499,7.5,Summer,0.2027,308,6
Crested Tit,57.36486,-3.55015,7.5,Summer,0.2098,381,62
Crested Tit,57.5,-4.5295,7.5,Summer,0.0012,186,6
Crested Tit,57.5,-4.28466,7.5,Summer,0.0007,814,5
Crested Tit,57.63514,-4.5295,7.5,Summer,0.001,173,1
Crested Tit,57.63514,-3.79499,7.5,Summer,0.0069,187,6
Crested Tit,57.63514,-3.55015,7.5,Summer,0.0097,190,2
Crested Tit,57.63514,-3.30531,7.5,Summer,0.0021,127,2
Crested Tit,57.77027,-4.03983,7.5,Summer,0.0011,134,2
Crested Tit,57.77027,-3.30531,7.5,Summer,0.0006,140,9
Crested Tit,56.95946,-3.79499,7.5,Winter,0.0004,3,1
Crested Tit,57.09459,-4.03983,7.5,Winter,0.0022,301,14
Crested Tit,57.09459,-3.79499,7.5,Winter,0.1233,97,48
Crested Tit,57.22973,-5.01918,7.5,Winter,0.003,3,1
Crested Tit,57.22973,-4.77434,7.5,Winter,0.0074,4,1
Crested Tit,57.22973,-3.79499,7.5,Winter,0.3323,583,229
Crested Tit,57.22973,-3.55015,7.5,Winter,0.3497,232,75
Crested Tit,57.36486,-4.28466,7.5,Winter,0.0085,66,1
Crested Tit,57.36486,-3.79499,7.5,Winter,0.2148,79,6
Crested Tit,57.36486,-3.55015,7.5,Winter,0.2918,228,55
Crested Tit,57.5,-4.5295,7.5,Winter,0.0024,25,1
Crested Tit,57.5,-4.28466,7.5,Winter,0.0019,622,8
Crested Tit,57.5,-3.79499,7.5,Winter,0.0362,23,1
Crested Tit,57.63514,-4.77434,7.5,Winter,0.0026,7,1
Crested Tit,57.63514,-4.03983,7.5,Winter,0.0029,354,1
Crested Tit,57.63514,-3.79499,7.5,Winter,0.0268,297,8
Crested Tit,57.63514,-3.55015,7.5,Winter,0.0536,318,7
Crested Tit,57.63514,-3.30531,7.5,Winter,0.0052,341,2
Crested Tit,57.77027,-3.30531,7.5,Winter,0.0008,185,12
Osprey,54.93243,-4.03983,7.5,Autumn,0.0025,53,1
Osprey,54.93243,-3.79499,7.5,Autumn,0.0021,92,1
Osprey,54.93243,-3.06047,7.5,Autumn,0.0027,46,2
Osprey,55.60811,-4.77434,7.5,Autumn,0.0009,3758,1
Osprey,55.60811,-2.81564,7.5,Autumn,0.0015,83,1
Osprey,55.74324,-6.24337,7.5,Autumn,0.001,173,1
Osprey,55.74324,-3.06047,7.5,Autumn,0.0015,165,2
Osprey,55.74324,-2.08112,7.5,Autumn,0.0015,9,1
Osprey,55.87838,-5.50885,7.5,Autumn,0.0019,16,1
Osprey,55.87838,-4.5295,7.5,Autumn,0.0013,297,2
Osprey,55.87838,-3.79499,7.5,Autumn,0.0012,50,3
Osprey,55.87838,-3.06047,7.5,Autumn,0.0011,1429,1
Osprey,56.01351,-5.75369,7.5,Autumn,0.002,10,2
Osprey,56.01351,-5.50885,7.5,Autumn,0.0026,48,2
Osprey,56.01351,-4.77434,7.5,Autumn,0.0023,77,1
Osprey,56.01351,-4.5295,7.5,Autumn,0.0018,132,3
Osprey,56.01351,-4.03983,7.5,Autumn,0.0015,27,1
Osprey,56.01351,-3.55015,7.5,Autumn,0.0011,300,1
Osprey,56.01351,-3.06047,7.5,Autumn,0.0011,1856,5
Osprey,56.01351,-2.81564,7.5,Autumn,0.0011,652,1
Osprey,56.14865,-6.24337,7.5,Autumn,0.0014,9,1
Osprey,56.14865,-4.77434,7.5,Autumn,0.0043,53,1
Osprey,56.14865,-4.03983,7.5,Autumn,0.0056,176,1
Osprey,56.14865,-3.79499,7.5,Autumn,0.0044,274,2
Osprey,56.14865,-3.30531,7.5,Autumn,0.0061,374,33
Osprey,56.28378,-5.26402,7.5,Autumn,0.0027,2,1
Osprey,56.28378,-4.77434,7.5,Autumn,0.0036,22,1
Osprey,56.28378,-4.28466,7.5,Autumn,0.007,38,1
Osprey,56.28378,-3.30531,7.5,Autumn,0.0106,77,2
Osprey,56.28378,-3.06047,7.5,Autumn,0.0099,309,2
Osprey,56.28378,-2.81564,7.5,Autumn,0.0031,885,1
Osprey,56.41892,-4.28466,7.5,Autumn,0.0075,69,1
Osprey,56.41892,-2.81564,7.5,Autumn,0.0094,548,60
Osprey,56.55405,-3.55015,7.5,Autumn,0.0072,128,1
Osprey,56.68919,-3.79499,7.5,Autumn,0.0053,146,1
Osprey,56.68919,-3.06047,7.5,Autumn,0.0101,95,2
Osprey,56.68919,-2.81564,7.5,Autumn,0.0105,37,3
Osprey,56.68919,-2.5708,7.5,Autumn,0.0088,265,14
Osprey,56.82432,-5.01918,7.5,Autumn,0.0022,127,1
Osprey,56.82432,-2.5708,7.5,Autumn,0.0046,79,1
Osprey,57.09459,-5.99853,7.5,Autumn,0.0011,37,1
Osprey,57.09459,-4.03983,7.5,Autumn,0.0047,242,1
Osprey,57.09459,-3.79499,7.5,Autumn,0.004,105,1
Osprey,57.22973,-5.75369,7.5,Autumn,0.0012,61,1
Osprey,57.22973,-3.79499,7.5,Autumn,0.004,655,3
Osprey,57.36486,-4.5295,7.5,Autumn,0.0047,158,1
Osprey,57.36486,-4.28466,7.5,Autumn,0.0063,108,4
Osprey,57.36486,-2.08112,7.5,Autumn,0.0013,200,3
Osprey,57.5,-5.75369,7.5,Autumn,0.0012,50,2
Osprey,57.5,-4.77434,7.5,Autumn,0.0066,4,1
Osprey,57.5,-4.5295,7.5,Autumn,0.0159,80,2
Osprey,57.5,-4.28466,7.5,Autumn,0.0328,562,20
Osprey,57.5,-4.03983,7.5,Autumn,0.0233,423,9
Osprey,57.63514,-4.77434,7.5,Autumn,0.0115,9,1
Osprey,57.63514,-4.5295,7.5,Autumn,0.023,83,2
Osprey,57.63514,-4.28466,7.5,Autumn,0.0469,93,2
Osprey,57.63514,-4.03983,7.5,Autumn,0.0437,581,40
Osprey,57.63514,-3.55015,7.5,Autumn,0.0165,283,25
Osprey,57.63514,-3.06047,7.5,Autumn,0.0182,109,5
Osprey,57.63514,-2.5708,7.5,Autumn,0.0072,29,2
Osprey,57.63514,-1.83628,7.5,Autumn,0.0019,165,1
Osprey,57.77027,-4.03983,7.5,Autumn,0.0283,104,5
Osprey,57.77027,-3.79499,7.5,Autumn,0.021,172,2
Osprey,57.77027,-3.30531,7.5,Autumn,0.0096,202,3
Osprey,57.90541,-5.26402,7.5,Autumn,0.0017,101,1
Osprey,57.90541,-4.03983,7.5,Autumn,0.0234,167,6
Osprey,57.90541,-3.79499,7.5,Autumn,0.0172,76,2
Osprey,58.04054,-4.03983,7.5,Autumn,0.0103,14,1
Osprey,58.58108,-4.77434,7.5,Autumn,0.0016,66,1
Osprey,58.58108,-4.03983,7.5,Autumn,0.0018,21,1
Osprey,54.7973,-4.28466,7.5,Spring,0.006,23,1
Osprey,54.7973,-4.03983,7.5,Spring,0.0069,114,1
Osprey,54.93243,-4.5295,7.5,Spring,0.0122,64,1
Osprey,54.93243,-4.03983,7.5,Spring,0.0199,118,52
Osprey,54.93243,-3.55015,7.5,Spring,0.0059,256,3
Osprey,54.93243,-3.06047,7.5,Spring,0.009,53,1
Osprey,55.06757,-4.5295,7.5,Spring,0.0183,70,2
Osprey,55.06757,-4.03983,7.5,Spring,0.0205,73,2
Osprey,55.06757,-3.55015,7.5,Spring,0.0102,243,1
Osprey,55.06757,-3.30531,7.5,Spring,0.0112,79,1
Osprey,55.2027,-3.55015,7.5,Spring,0.0104,7,1
Osprey,55.2027,-3.30531,7.5,Spring,0.011,75,1
Osprey,55.2027,-3.06047,7.5,Spring,0.0149,49,2
Osprey,55.33784,-4.28466,7.5,Spring,0.0145,147,28
Osprey,55.33784,-3.55015,7.5,Spring,0.0124,100,1
Osprey,55.47297,-4.28466,7.5,Spring,0.0081,36,1
Osprey,55.47297,-3.79499,7.5,Spring,0.0098,119,1
Osprey,55.47297,-3.30531,7.5,Spring,0.0185,66,3
Osprey,55.47297,-2.5708,7.5,Spring,0.021,52,1
Osprey,55.60811,-5.99853,7.5,Spring,0.0013,16,1
Osprey,55.60811,-5.75369,7.5,Spring,0.0014,34,1
Osprey,55.60811,-4.77434,7.5,Spring,0.0014,3607,1
Osprey,55.60811,-3.30531,7.5,Spring,0.0267,97,3
Osprey,55.60811,-3.06047,7.5,Spring,0.0685,58,4
Osprey,55.60811,-2.81564,7.5,Spring,0.0638,127,3
Osprey,55.60811,-2.5708,7.5,Spring,0.0651,64,3
Osprey,55.60811,-2.32596,7.5,Spring,0.0252,44,1
Osprey,55.74324,-5.50885,7.5,Spring,0.0041,40,2
Osprey,55.74324,-5.01918,7.5,Spring,0.0039,108,2
Osprey,55.74324,-4.5295,7.5,Spring,0.0138,468,21
Osprey,55.74324,-4.28466,7.5,Spring,0.0069,998,1
Osprey,55.74324,-4.03983,7.5,Spring,0.007,315,1
Osprey,55.74324,-3.55015,7.5,Spring,0.0198,38,2
Osprey,55.74324,-3.06047,7.5,Spring,0.0637,398,35
Osprey,55.74324,-2.08112,7.5,Spring,0.019,42,1
Osprey,55.87838,-6.24337,7.5,Spring,0.0018,110,3
Osprey,55.87838,-5.50885,7.5,Spring,0.0123,30,1
Osprey,55.87838,-5.01918,7.5,Spring,0.0168,56,6
Osprey,55.87838,-4.77434,7.5,Spring,0.0155,59,2
Osprey,55.87838,-4.5295,7.5,Spring,0.0084,458,9
Osprey,55.87838,-4.28466,7.5,Spring,0.0028,2168,2
Osprey,55.87838,-4.03983,7.5,Spring,0.0033,258,1
Osprey,55.87838,-3.79499,7.5,Spring,0.0059,47,2
Osprey,55.87838,-3.55015,7.5,Spring,0.0073,219,1
Osprey,55.87838,-3.30531,7.5,Spring,0.006,2071,17
Osprey,55.87838,-3.06047,7.5,Spring,0.0084,2165,2
Osprey,55.87838,-2.5708,7.5,Spring,0.0137,232,10
Osprey,56.01351,-5.50885,7.5,Spring,0.0154,97,8
Osprey,56.01351,-5.26402,7.5,Spring,0.0165,45,3
Osprey,56.01351,-5.01918,7.5,Spring,0.018,167,2
Osprey,56.01351,-4.77434,7.5,Spring,0.017,189,3
Osprey,56.01351,-4.5295,7.5,Spring,0.0116,435,77
Osprey,56.01351,-4.03983,7.5,Spring,0.0026,39,6
Osprey,56.01351,-3.06047,7.5,Spring,0.0021,2432,7
Osprey,56.01351,-2.81564,7.5,Spring,0.0019,928,1
Osprey,56.01351,-2.32596,7.5,Spring,0.0021,300,2
Osprey,56.14865,-5.50885,7.5,Spring,0.0215,78,5
Osprey,56.14865,-5.26402,7.5,Spring,0.0216,28,2
Osprey,56.14865,-4.5295,7.5,Spring,0.0818,234,9
Osprey,56.14865,-4.28466,7.5,Spring,0.0647,180,11
Osprey,56.14865,-4.03983,7.5,Spring,0.0284,535,2
Osprey,56.14865,-3.79499,7.5,Spring,0.0191,695,1
Osprey,56.14865,-3.55015,7.5,Spring,0.018,219,1
Osprey,56.14865,-3.30531,7.5,Spring,0.0138,652,20
Osprey,56.14865,-2.81564,7.5,Spring,0.0045,399,1
Osprey,56.28378,-5.01918,7.5,Spring,0.0291,58,1
Osprey,56.28378,-4.77434,7.5,Spring,0.0246,86,2
Osprey,56.28378,-4.5295,7.5,Spring,0.0804,56,3
Osprey,56.28378,-4.28466,7.5,Spring,0.0722,269,14
Osprey,56.28378,-4.03983,7.5,Spring,0.0404,43,10
Osprey,56.28378,-3.79499,7.5,Spring,0.034,106,1
Osprey,56.28378,-3.55015,7.5,Spring,0.0288,32,1
Osprey,56.28378,-3.30531,7.5,Spring,0.0225,146,5
Osprey,56.28378,-3.06047,7.5,Spring,0.018,546,5
Osprey,56.28378,-2.81564,7.5,Spring,0.0051,1514,13
Osprey,56.28378,-2.5708,7.5,Spring,0.0028,559,1
Osprey,56.41892,-5.75369,7.5,Spring,0.002,385,5
Osprey,56.41892,-5.50885,7.5,Spring,0.0049,396,1
Osprey,56.41892,-5.01918,7.5,Spring,0.0141,73,13
Osprey,56.41892,-4.28466,7.5,Spring,0.1018,86,5
Osprey,56.41892,-4.03983,7.5,Spring,0.0808,122,9
Osprey,56.41892,-3.79499,7.5,Spring,0.08,80,2
Osprey,56.41892,-3.55015,7.5,Spring,0.0689,238,8
Osprey,56.41892,-3.30531,7.5,Spring,0.0676,261,3
Osprey,56.41892,-3.06047,7.5,Spring,0.0779,540,4
Osprey,56.41892,-2.81564,7.5,Spring,0.063,655,40
Osprey,56.55405,-6.24337,7.5,Spring,0.0011,182,1
Osprey,56.55405,-5.50885,7.5,Spring,0.0039,85,2
Osprey,56.55405,-4.28466,7.5,Spring,0.1064,17,1
Osprey,56.55405,-4.03983,7.5,Spring,0.0897,55,1
Osprey,56.55405,-3.55015,7.5,Spring,0.0834,294,127
Osprey,56.55405,-3.30531,7.5,Spring,0.0841,54,4
Osprey,56.55405,-2.81564,7.5,Spring,0.0786,55,4
Osprey,56.68919,-4.5295,7.5,Spring,0.0774,10,1
Osprey,56.68919,-4.28466,7.5,Spring,0.1203,19,2
Osprey,56.68919,-4.03983,7.5,Spring,0.1087,46,1
Osprey,56.68919,-3.79499,7.5,Spring,0.112,290,2
Osprey,56.68919,-3.30531,7.5,Spring,0.1044,83,7
Osprey,56.68919,-3.06047,7.5,Spring,0.1279,181,48
Osprey,56.68919,-2.81564,7.5,Spring,0.0922,111,24
Osprey,56.68919,-2.5708,7.5,Spring,0.0352,253,9
Osprey,56.82432,-5.50885,7.5,Spring,0.0033,86,2
Osprey,56.82432,-5.01918,7.5,Spring,0.0092,256,2
Osprey,56.82432,-3.79499,7.5,Spring,0.1085,59,1
Osprey,56.82432,-3.30531,7.5,Spring,0.0958,111,2
Osprey,56.82432,-3.06047,7.5,Spring,0.1145,25,1
Osprey,56.82432,-2.5708,7.5,Spring,0.026,127,2
Osprey,56.82432,-2.32596,7.5,Spring,0.0081,78,1
Osprey,56.95946,-4.28466,7.5,Spring,0.1145,91,1
Osprey,56.95946,-3.55015,7.5,Spring,0.0953,57,5
Osprey,56.95946,-3.30531,7.5,Spring,0.0957,107,8
Osprey,57.09459,-5.75369,7.5,Spring,0.0016,50,1
Osprey,57.09459,-4.77434,7.5,Spring,0.014,114,1
Osprey,57.09459,-4.03983,7.5,Spring,0.111,709,144
Osprey,57.09459,-3.79499,7.5,Spring,0.1149,375,11
Osprey,57.09459,-3.55015,7.5,Spring,0.0987,433,1
Osprey,57.09459,-3.30531,7.5,Spring,0.098,78,3
Osprey,57.09459,-3.06047,7.5,Spring,0.1164,69,1
Osprey,57.09459,-2.81564,7.5,Spring,0.0624,188,8
Osprey,57.09459,-2.5708,7.5,Spring,0.0253,64,2
Osprey,57.09459,-2.32596,7.5,Spring,0.0078,89,1
Osprey,57.09459,-2.08112,7.5,Spring,0.0082,1560,3
Osprey,57.22973,-7.22272,7.5,Spring,0.0012,50,3
Osprey,57.22973,-5.99853,7.5,Spring,0.0013,315,1
Osprey,57.22973,-5.01918,7.5,Spring,0.0132,41,1
Osprey,57.22973,-4.77434,7.5,Spring,0.0202,34,1
Osprey,57.22973,-4.5295,7.5,Spring,0.0938,45,1
Osprey,57.22973,-4.28466,7.5,Spring,0.1453,11,2
Osprey,57.22973,-4.03983,7.5,Spring,0.1476,252,15
Osprey,57.22973,-3.79499,7.5,Spring,0.1595,2240,365
Osprey,57.22973,-3.55015,7.5,Spring,0.1046,560,27
Osprey,57.22973,-3.30531,7.5,Spring,0.1001,123,1
Osprey,57.22973,-2.5708,7.5,Spring,0.0274,20,1
Osprey,57.22973,-2.32596,7.5,Spring,0.0119,52,1
Osprey,57.22973,-2.08112,7.5,Spring,0.0121,488,1
Osprey,57.36486,-5.50885,7.5,Spring,0.0032,59,1
Osprey,57.36486,-4.77434,7.5,Spring,0.026,86,1
Osprey,57.36486,-4.5295,7.5,Spring,0.0951,272,3
Osprey,57.36486,-4.28466,7.5,Spring,0.1442,333,59
Osprey,57.36486,-4.03983,7.5,Spring,0.1397,118,1
Osprey,57.36486,-3.79499,7.5,Spring,0.1371,407,37
Osprey,57.36486,-3.55015,7.5,Spring,0.095,445,10
Osprey,57.36486,-3.30531,7.5,Spring,0.1035,43,1
Osprey,57.36486,-2.5708,7.5,Spring,0.037,25,1
Osprey,57.36486,-2.32596,7.5,Spring,0.0247,30,5
Osprey,57.36486,-2.08112,7.5,Spring,0.0256,274,29
Osprey,57.36486,-1.83628,7.5,Spring,0.0207,69,2
Osprey,57.5,-4.77434,7.5,Spring,0.0281,7,1
Osprey,57.5,-4.5295,7.5,Spring,0.1116,192,19
Osprey,57.5,-4.28466,7.5,Spring,0.1463,915,40
Osprey,57.5,-4.03983,7.5,Spring,0.1431,691,26
Osprey,57.5,-3.79499,7.5,Spring,0.1424,39,2
Osprey,57.5,-3.55015,7.5,Spring,0.0979,26,2
Osprey,57.5,-2.81564,7.5,Spring,0.0651,26,1
Osprey,57.5,-2.32596,7.5,Spring,0.0256,43,5
Osprey,57.5,-2.08112,7.5,Spring,0.0263,46,11
Osprey,57.63514,-6.24337,7.5,Spring,0.001,360,2
Osprey,57.63514,-5.01918,7.5,Spring,0.0177,22,1
Osprey,57.63514,-4.77434,7.5,Spring,0.0314,38,5
Osprey,57.63514,-4.5295,7.5,Spring,0.0998,168,1
Osprey,57.63514,-4.28466,7.5,Spring,0.1479,160,6
Osprey,57.63514,-4.03983,7.5,Spring,0.1473,569,38
Osprey,57.63514,-3.79499,7.5,Spring,0.1443,223,8
Osprey,57.63514,-3.55015,7.5,Spring,0.1005,328,26
Osprey,57.63514,-3.30531,7.5,Spring,0.1087,232,7
Osprey,57.63514,-3.06047,7.5,Spring,0.1248,167,49
Osprey,57.63514,-2.81564,7.5,Spring,0.0606,87,1
Osprey,57.63514,-1.83628,7.5,Spring,0.0187,232,16
Osprey,57.77027,-5.75369,7.5,Spring,0.0015,131,1
Osprey,57.77027,-5.50885,7.5,Spring,0.0036,84,1
Osprey,57.77027,-5.01918,7.5,Spring,0.0173,49,1
Osprey,57.77027,-4.28466,7.5,Spring,0.1503,40,3
Osprey,57.77027,-4.03983,7.5,Spring,0.1512,201,28
Osprey,57.77027,-3.79499,7.5,Spring,0.1398,199,2
Osprey,57.77027,-3.55015,7.5,Spring,0.1034,157,1
Osprey,57.77027,-3.30531,7.5,Spring,0.0847,165,29
Osprey,57.90541,-5.50885,7.5,Spring,0.0037,117,1
Osprey,57.90541,-5.26402,7.5,Spring,0.0041,130,1
Osprey,57.90541,-4.5295,7.5,Spring,0.0992,18,1
Osprey,57.90541,-4.28466,7.5,Spring,0.148,115,13
Osprey,57.90541,-4.03983,7.5,Spring,0.1489,326,74
Osprey,58.04054,-5.26402,7.5,Spring,0.0043,24,2
Osprey,58.04054,-4.5295,7.5,Spring,0.0922,61,1
Osprey,58.04054,-4.28466,7.5,Spring,0.1384,55,5
Osprey,58.04054,-4.03983,7.5,Spring,0.141,61,4
Osprey,58.04054,-3.79499,7.5,Spring,0.1295,75,1
Osprey,58.17568,-3.79499,7.5,Spring,0.0885,13,1
Osprey,58.31081,-6.24337,7.5,Spring,0.001,135,1
Osprey,58.31081,-5.01918,7.5,Spring,0.0126,43,4
Osprey,58.31081,-4.28466,7.5,Spring,0.071,7,1
Osprey,58.31081,-4.03983,7.5,Spring,0.0743,3,2
Osprey,58.31081,-3.79499,7.5,Spring,0.0682,31,1
Osprey,58.31081,-3.55015,7.5,Spring,0.0529,14,1
Osprey,58.44595,-5.26402,7.5,Spring,0.0022,89,1
Osprey,58.44595,-3.55015,7.5,Spring,0.0443,11,1
Osprey,58.44595,-3.30531,7.5,Spring,0.0184,21,2
Osprey,58.44595,-3.06047,7.5,Spring,0.0148,87,1
Osprey,58.58108,-4.77434,7.5,Spring,0.0032,149,1
Osprey,58.58108,-3.30531,7.5,Spring,0.0012,100,1
Osprey,58.98649,-3.30531,7.5,Spring,0.0012,299,2
Osprey,59.39189,-2.32596,7.5,Spring,0.0012,344,1
Osprey,59.52703,-1.59145,7.5,Spring,0.001,456,10
Osprey,59.93243,-1.34661,7.5,Spring,0.0009,1629,2
Osprey,60.33784,-1.34661,7.5,Spring,0.001,70,3
Osprey,54.7973,-4.5295,7.5,Summer,0.0093,34,1
Osprey,54.7973,-4.28466,7.5,Summer,0.0132,27,1
Osprey,54.7973,-4.03983,7.5,Summer,0.0147,46,1
Osprey,54.7973,-3.79499,7.5,Summer,0.0046,22,1
Osprey,54.93243,-5.01918,7.5,Summer,0.0023,74,1
Osprey,54.93243,-4.28466,7.5,Summer,0.038,35,1
Osprey,54.93243,-4.03983,7.5,Summer,0.0409,106,31
Osprey,54.93243,-3.55015,7.5,Summer,0.0075,171,2
Osprey,55.06757,-4.5295,7.5,Summer,0.0187,44,2
Osprey,55.06757,-4.03983,7.5,Summer,0.0198,63,3
Osprey,55.06757,-3.55015,7.5,Summer,0.0069,192,1
Osprey,55.2027,-4.03983,7.5,Summer,0.0203,23,1
Osprey,55.33784,-5.75369,7.5,Summer,0.0041,17,1
Osprey,55.33784,-4.28466,7.5,Summer,0.0113,47,12
Osprey,55.47297,-5.50885,7.5,Summer,0.0022,25,1
Osprey,55.47297,-5.26402,7.5,Summer,0.002,20,1
Osprey,55.47297,-4.5295,7.5,Summer,0.0077,794,2
Osprey,55.47297,-3.55015,7.5,Summer,0.0102,88,3
Osprey,55.47297,-3.30531,7.5,Summer,0.0117,63,8
Osprey,55.60811,-5.75369,7.5,Summer,0.0023,15,2
Osprey,55.60811,-4.77434,7.5,Summer,0.0021,3125,3
Osprey,55.60811,-4.5295,7.5,Summer,0.0078,27860,3
Osprey,55.60811,-3.06047,7.5,Summer,0.0516,83,6
Osprey,55.60811,-2.81564,7.5,Summer,0.0482,109,3
Osprey,55.60811,-2.5708,7.5,Summer,0.0447,41,1
Osprey,55.74324,-6.48821,7.5,Summer,0.0019,38,1
Osprey,55.74324,-6.24337,7.5,Summer,0.0018,63,1
Osprey,55.74324,-4.5295,7.5,Summer,0.0086,277,9
Osprey,55.74324,-4.03983,7.5,Summer,0.0073,219,2
Osprey,55.74324,-3.55015,7.5,Summer,0.0154,24,1
Osprey,55.74324,-3.06047,7.5,Summer,0.058,133,26
Osprey,55.74324,-2.5708,7.5,Summer,0.0477,14,1
Osprey,55.74324,-2.08112,7.5,Summer,0.0229,40,2
Osprey,55.87838,-6.24337,7.5,Summer,0.0026,94,1
Osprey,55.87838,-5.99853,7.5,Summer,0.0034,21,1
Osprey,55.87838,-5.50885,7.5,Summer,0.0187,48,1
Osprey,55.87838,-5.26402,7.5,Summer,0.0217,24,1
Osprey,55.87838,-4.5295,7.5,Summer,0.0084,292,4
Osprey,55.87838,-4.03983,7.5,Summer,0.0048,131,2
Osprey,55.87838,-3.79499,7.5,Summer,0.01,42,6
Osprey,55.87838,-3.55015,7.5,Summer,0.0095,134,4
Osprey,55.87838,-3.30531,7.5,Summer,0.007,1184,8
Osprey,55.87838,-2.5708,7.5,Summer,0.0112,109,4
Osprey,56.01351,-5.50885,7.5,Summer,0.0218,37,3
Osprey,56.01351,-5.26402,7.5,Summer,0.0239,22,2
Osprey,56.01351,-5.01918,7.5,Summer,0.0286,85,8
Osprey,56.01351,-4.77434,7.5,Summer,0.0267,128,3
Osprey,56.01351,-4.5295,7.5,Summer,0.0288,279,53
Osprey,56.01351,-4.28466,7.5,Summer,0.0103,90,3
Osprey,56.01351,-4.03983,7.5,Summer,0.0104,53,10
Osprey,56.01351,-3.79499,7.5,Summer,0.008,365,2
Osprey,56.01351,-3.55015,7.5,Summer,0.003,266,3
Osprey,56.01351,-3.30531,7.5,Summer,0.002,2181,1
Osprey,56.01351,-3.06047,7.5,Summer,0.0023,2396,10
Osprey,56.01351,-2.5708,7.5,Summer,0.0025,613,4
Osprey,56.14865,-6.24337,7.5,Summer,0.0019,6,1
Osprey,56.14865,-5.50885,7.5,Summer,0.0237,74,4
Osprey,56.14865,-4.5295,7.5,Summer,0.1155,225,14
Osprey,56.14865,-4.28466,7.5,Summer,0.097,111,9
Osprey,56.14865,-4.03983,7.5,Summer,0.0666,349,10
Osprey,56.14865,-3.79499,7.5,Summer,0.0496,328,3
Osprey,56.14865,-3.30531,7.5,Summer,0.0284,405,57
Osprey,56.28378,-6.48821,7.5,Summer,0.0014,238,1
Osprey,56.28378,-5.50885,7.5,Summer,0.015,51,4
Osprey,56.28378,-4.77434,7.5,Summer,0.0169,90,2
Osprey,56.28378,-4.5295,7.5,Summer,0.0897,49,5
Osprey,56.28378,-4.28466,7.5,Summer,0.0854,205,16
Osprey,56.28378,-4.03983,7.5,Summer,0.0765,8,1
Osprey,56.28378,-3.79499,7.5,Summer,0.0654,77,3
Osprey,56.28378,-3.55015,7.5,Summer,0.0562,35,2
Osprey,56.28378,-3.30531,7.5,Summer,0.0467,90,6
Osprey,56.28378,-3.06047,7.5,Summer,0.0251,322,6
Osprey,56.28378,-2.81564,7.5,Summer,0.0074,1122,9
Osprey,56.28378,-2.5708,7.5,Summer,0.0039,524,2
Osprey,56.41892,-6.24337,7.5,Summer,0.0012,224,1
Osprey,56.41892,-5.99853,7.5,Summer,0.0028,294,1
Osprey,56.41892,-5.75369,7.5,Summer,0.0036,361,4
Osprey,56.41892,-5.50885,7.5,Summer,0.0042,433,1
Osprey,56.41892,-5.01918,7.5,Summer,0.0085,33,2
Osprey,56.41892,-4.5295,7.5,Summer,0.1035,45,1
Osprey,56.41892,-4.28466,7.5,Summer,0.1276,97,9
Osprey,56.41892,-4.03983,7.5,Summer,0.1206,50,11
Osprey,56.41892,-3.55015,7.5,Summer,0.0996,110,1
Osprey,56.41892,-3.30531,7.5,Summer,0.1092,198,4
Osprey,56.41892,-3.06047,7.5,Summer,0.1161,357,3
Osprey,56.41892,-2.81564,7.5,Summer,0.1013,590,92
Osprey,56.55405,-5.99853,7.5,Summer,0.0032,274,3
Osprey,56.55405,-4.77434,7.5,Summer,0.0131,50,1
Osprey,56.55405,-4.03983,7.5,Summer,0.1252,49,2
Osprey,56.55405,-3.55015,7.5,Summer,0.1079,287,105
Osprey,56.55405,-3.30531,7.5,Summer,0.1181,47,3
Osprey,56.55405,-2.81564,7.5,Summer,0.1069,30,1
Osprey,56.68919,-5.50885,7.5,Summer,0.0038,44,1
Osprey,56.68919,-5.26402,7.5,Summer,0.0036,139,1
Osprey,56.68919,-5.01918,7.5,Summer,0.0081,304,2
Osprey,56.68919,-4.5295,7.5,Summer,0.1079,12,1
Osprey,56.68919,-4.03983,7.5,Summer,0.1328,50,2
Osprey,56.68919,-3.79499,7.5,Summer,0.1317,268,11
Osprey,56.68919,-3.55015,7.5,Summer,0.1217,12,1
Osprey,56.68919,-3.30531,7.5,Summer,0.1292,40,8
Osprey,56.68919,-3.06047,7.5,Summer,0.1443,142,42
Osprey,56.68919,-2.81564,7.5,Summer,0.1226,56,18
Osprey,56.68919,-2.5708,7.5,Summer,0.1019,238,40
Osprey,56.68919,-2.32596,7.5,Summer,0.0171,30,5
Osprey,56.82432,-5.75369,7.5,Summer,0.0035,93,8
Osprey,56.82432,-5.01918,7.5,Summer,0.0098,276,2
Osprey,56.82432,-4.28466,7.5,Summer,0.1354,15,2
Osprey,56.82432,-4.03983,7.5,Summer,0.1269,25,1
Osprey,56.82432,-3.30531,7.5,Summer,0.1153,104,1
Osprey,56.82432,-3.06047,7.5,Summer,0.1265,27,1
Osprey,56.82432,-2.5708,7.5,Summer,0.0728,78,8
Osprey,56.82432,-2.32596,7.5,Summer,0.0124,71,1
Osprey,56.95946,-4.5295,7.5,Summer,0.1121,28,1
Osprey,56.95946,-4.28466,7.5,Summer,0.134,75,1
Osprey,56.95946,-4.03983,7.5,Summer,0.1259,1,1
Osprey,56.95946,-3.55015,7.5,Summer,0.1091,70,5
Osprey,56.95946,-3.30531,7.5,Summer,0.1154,105,3
Osprey,56.95946,-2.81564,7.5,Summer,0.0812,64,5
Osprey,57.09459,-4.77434,7.5,Summer,0.0156,136,2
Osprey,57.09459,-4.03983,7.5,Summer,0.12,526,81
Osprey,57.09459,-3.79499,7.5,Summer,0.1202,311,9
Osprey,57.09459,-3.55015,7.5,Summer,0.1029,315,2
Osprey,57.09459,-3.30531,7.5,Summer,0.1116,90,2
Osprey,57.09459,-3.06047,7.5,Summer,0.1229,80,4
Osprey,57.09459,-2.81564,7.5,Summer,0.0809,84,3
Osprey,57.09459,-2.5708,7.5,Summer,0.0615,32,1
Osprey,57.09459,-2.32596,7.5,Summer,0.0112,68,1
Osprey,57.09459,-2.08112,7.5,Summer,0.0107,1194,5
Osprey,57.22973,-5.75369,7.5,Summer,0.0024,148,4
Osprey,57.22973,-5.26402,7.5,Summer,0.0041,9,1
Osprey,57.22973,-5.01918,7.5,Summer,0.0133,28,1
Osprey,57.22973,-4.5295,7.5,Summer,0.1178,77,4
Osprey,57.22973,-4.03983,7.5,Summer,0.153,133,9
Osprey,57.22973,-3.79499,7.5,Summer,0.1543,1932,322
Osprey,57.22973,-3.55015,7.5,Summer,0.101,441,1
Osprey,57.22973,-3.30531,7.5,Summer,0.111,128,1
Osprey,57.22973,-2.81564,7.5,Summer,0.0794,22,1
Osprey,57.22973,-2.5708,7.5,Summer,0.0638,23,1
Osprey,57.22973,-2.08112,7.5,Summer,0.0254,267,4
Osprey,57.36486,-6.24337,7.5,Summer,0.0011,292,1
Osprey,57.36486,-5.99853,7.5,Summer,0.002,33,1
Osprey,57.36486,-5.01918,7.5,Summer,0.0193,3,1
Osprey,57.36486,-4.5295,7.5,Summer,0.1231,222,6
Osprey,57.36486,-4.28466,7.5,Summer,0.1612,264,61
Osprey,57.36486,-4.03983,7.5,Summer,0.1525,86,5
Osprey,57.36486,-3.79499,7.5,Summer,0.1461,308,27
Osprey,57.36486,-3.55015,7.5,Summer,0.0968,381,11
Osprey,57.36486,-2.32596,7.5,Summer,0.038,37,5
Osprey,57.36486,-2.08112,7.5,Summer,0.0386,330,57
Osprey,57.5,-7.22272,7.5,Summer,0.0011,111,1
Osprey,57.5,-6.24337,7.5,Summer,0.0011,189,1
Osprey,57.5,-5.01918,7.5,Summer,0.021,8,1
Osprey,57.5,-4.77434,7.5,Summer,0.0339,6,2
Osprey,57.5,-4.5295,7.5,Summer,0.1348,186,23
Osprey,57.5,-4.28466,7.5,Summer,0.1781,814,87
Osprey,57.5,-4.03983,7.5,Summer,0.171,626,49
Osprey,57.5,-3.79499,7.5,Summer,0.1667,60,4
Osprey,57.5,-2.5708,7.5,Summer,0.0818,11,1
Osprey,57.5,-2.08112,7.5,Summer,0.0443,41,17
Osprey,57.5,-1.83628,7.5,Summer,0.045,107,2
Osprey,57.63514,-7.46756,7.5,Summer,0.0011,350,1
Osprey,57.63514,-6.24337,7.5,Summer,0.0011,443,1
Osprey,57.63514,-5.75369,7.5,Summer,0.0022,46,1
Osprey,57.63514,-5.50885,7.5,Summer,0.003,49,1
Osprey,57.63514,-5.26402,7.5,Summer,0.0043,100,1
Osprey,57.63514,-4.77434,7.5,Summer,0.0403,32,11
Osprey,57.63514,-4.5295,7.5,Summer,0.1361,173,9
Osprey,57.63514,-4.28466,7.5,Summer,0.1881,189,36
Osprey,57.63514,-4.03983,7.5,Summer,0.1836,742,87
Osprey,57.63514,-3.79499,7.5,Summer,0.1777,187,13
Osprey,57.63514,-3.55015,7.5,Summer,0.1182,190,64
Osprey,57.63514,-3.30531,7.5,Summer,0.1425,127,8
Osprey,57.63514,-3.06047,7.5,Summer,0.1514,170,66
Osprey,57.63514,-2.5708,7.5,Summer,0.0823,33,1
Osprey,57.63514,-1.83628,7.5,Summer,0.046,145,27
Osprey,57.77027,-6.48821,7.5,Summer,0.0011,5,1
Osprey,57.77027,-5.75369,7.5,Summer,0.0022,159,1
Osprey,57.77027,-5.01918,7.5,Summer,0.0246,41,3
Osprey,57.77027,-4.03983,7.5,Summer,0.1804,134,26
Osprey,57.77027,-3.79499,7.5,Summer,0.1618,180,8
Osprey,57.77027,-3.55015,7.5,Summer,0.098,104,3
Osprey,57.77027,-3.30531,7.5,Summer,0.0878,140,22
Osprey,57.90541,-5.26402,7.5,Summer,0.0042,175,2
Osprey,57.90541,-5.01918,7.5,Summer,0.0253,18,1
Osprey,57.90541,-4.77434,7.5,Summer,0.038,11,1
Osprey,57.90541,-4.5295,7.5,Summer,0.1352,28,2
Osprey,57.90541,-4.28466,7.5,Summer,0.183,66,11
Osprey,57.90541,-4.03983,7.5,Summer,0.1785,246,74
Osprey,57.90541,-3.79499,7.5,Summer,0.158,52,1
Osprey,58.04054,-5.26402,7.5,Summer,0.0044,31,2
Osprey,58.04054,-4.77434,7.5,Summer,0.0384,10,2
Osprey,58.04054,-4.5295,7.5,Summer,0.1324,45,9
Osprey,58.04054,-4.28466,7.5,Summer,0.1755,26,7
Osprey,58.04054,-4.03983,7.5,Summer,0.1718,57,2
Osprey,58.04054,-3.79499,7.5,Summer,0.1517,81,2
Osprey,58.17568,-5.01918,7.5,Summer,0.0197,52,7
Osprey,58.17568,-3.79499,7.5,Summer,0.0765,23,1
Osprey,58.31081,-4.03983,7.5,Summer,0.0481,14,6
Osprey,58.31081,-3.79499,7.5,Summer,0.0414,47,2
Osprey,58.31081,-3.30531,7.5,Summer,0.0126,52,1
Osprey,58.44595,-5.26402,7.5,Summer,0.0019,94,1
Osprey,58.44595,-5.01918,7.5,Summer,0.0048,54,3
Osprey,58.44595,-4.5295,7.5,Summer,0.0237,33,2
Osprey,58.44595,-3.55015,7.5,Summer,0.0226,5,1
Osprey,58.44595,-3.30531,7.5,Summer,0.0116,6,1
Osprey,58.58108,-4.77434,7.5,Summer,0.0025,110,1
Osprey,58.58108,-4.5295,7.5,Summer,0.0023,26,1
Osprey,58.58108,-4.28466,7.5,Summer,0.0026,31,2
Osprey,58.58108,-3.79499,7.5,Summer,0.0026,34,1
Osprey,58.71622,-3.30531,7.5,Summer,0.0012,103,1
Osprey,58.85135,-3.06047,7.5,Summer,0.0012,70,1
Osprey,58.98649,-3.06047,7.5,Summer,0.0011,416,2
Osprey,59.39189,-2.32596,7.5,Summer,0.0012,184,1
Osprey,59.52703,-1.59145,7.5,Summer,0.0009,354,1
Osprey,60.74324,-1.10177,7.5,Summer,0.0013,31,1
Osprey,60.74324,-0.85693,7.5,Summer,0.001,401,5
Red Grouse,55.33784,-3.79499,7.5,Autumn,0.0106,15,3
Red Grouse,55.33784,-3.55015,7.5,Autumn,0.0085,19,1
Red Grouse,55.47297,-3.79499,7.5,Autumn,0.0057,51,10
Red Grouse,55.60811,-2.81564,7.5,Autumn,0.0036,83,2
Red Grouse,55.74324,-4.28466,7.5,Autumn,0.004,566,4
Red Grouse,55.74324,-3.55015,7.5,Autumn,0.0176,38,2
Red Grouse,55.74324,-3.30531,7.5,Autumn,0.1674,26,1
Red Grouse,55.74324,-3.06047,7.5,Autumn,0.2561,165,22
Red Grouse,55.87838,-4.5295,7.5,Autumn,0.0012,297,2
Red Grouse,55.87838,-3.79499,7.5,Autumn,0.0034,50,1
Red Grouse,55.87838,-3.55015,7.5,Autumn,0.005,74,1
Red Grouse,55.87838,-3.30531,7.5,Autumn,0.1028,892,50
Red Grouse,55.87838,-2.81564,7.5,Autumn,0.0317,104,3
Red Grouse,55.87838,-2.5708,7.5,Autumn,0.0848,13,11
Red Grouse,56.01351,-4.5295,7.5,Autumn,0.0017,132,2
Red Grouse,56.01351,-4.28466,7.5,Autumn,0.0073,26,2
Red Grouse,56.01351,-3.06047,7.5,Autumn,0.0015,1856,1
Red Grouse,56.14865,-3.79499,7.5,Autumn,0.0027,274,1
Red Grouse,56.14865,-3.30531,7.5,Autumn,0.0025,374,1
Red Grouse,56.28378,-4.03983,7.5,Autumn,0.0102,18,1
Red Grouse,56.28378,-3.30531,7.5,Autumn,0.0042,77,4
Red Grouse,56.41892,-4.28466,7.5,Autumn,0.0778,69,1
Red Grouse,56.41892,-4.03983,7.5,Autumn,0.1498,23,1
Red Grouse,56.41892,-3.79499,7.5,Autumn,0.1044,24,4
Red Grouse,56.55405,-4.28466,7.5,Autumn,0.1045,12,2
Red Grouse,56.55405,-4.03983,7.5,Autumn,0.1503,32,4
Red Grouse,56.55405,-3.79499,7.5,Autumn,0.1066,16,6
Red Grouse,56.55405,-3.55015,7.5,Autumn,0.0462,128,2
Red Grouse,56.68919,-5.50885,7.5,Autumn,0.0017,20,1
Red Grouse,56.68919,-4.77434,7.5,Autumn,0.0055,22,3
Red Grouse,56.68919,-4.03983,7.5,Autumn,0.1138,22,7
Red Grouse,56.68919,-3.30531,7.5,Autumn,0.0314,28,1
Red Grouse,56.68919,-3.06047,7.5,Autumn,0.0067,95,1
Red Grouse,56.82432,-4.5295,7.5,Autumn,0.0048,1,1
Red Grouse,56.82432,-4.28466,7.5,Autumn,0.1223,4,2
Red Grouse,56.82432,-4.03983,7.5,Autumn,0.1227,8,1
Red Grouse,56.82432,-3.55015,7.5,Autumn,0.1774,5,1
Red Grouse,56.82432,-3.30531,7.5,Autumn,0.1051,52,23
Red Grouse,56.82432,-3.06047,7.5,Autumn,0.0512,6,1
Red Grouse,56.95946,-6.24337,7.5,Autumn,0.0019,68,8
Red Grouse,56.95946,-4.28466,7.5,Autumn,0.0992,18,1
Red Grouse,56.95946,-3.79499,7.5,Autumn,0.1079,2,2
Red Grouse,56.95946,-3.55015,7.5,Autumn,0.2051,22,1
Red Grouse,56.95946,-3.30531,7.5,Autumn,0.1135,46,3
Red Grouse,56.95946,-3.06047,7.5,Autumn,0.0519,12,2
Red Grouse,56.95946,-2.5708,7.5,Autumn,0.0123,12,5
Red Grouse,57.09459,-4.28466,7.5,Autumn,0.0811,3,1
Red Grouse,57.09459,-4.03983,7.5,Autumn,0.0819,242,6
Red Grouse,57.09459,-3.79499,7.5,Autumn,0.0863,105,9
Red Grouse,57.09459,-3.55015,7.5,Autumn,0.1984,58,15
Red Grouse,57.09459,-3.30531,7.5,Autumn,0.1152,18,3
Red Grouse,57.09459,-3.06047,7.5,Autumn,0.05,41,4
Red Grouse,57.22973,-6.24337,7.5,Autumn,0.0024,53,2
Red Grouse,57.22973,-4.03983,7.5,Autumn,0.0757,90,4
Red Grouse,57.22973,-3.79499,7.5,Autumn,0.0651,655,6
Red Grouse,57.22973,-3.55015,7.5,Autumn,0.139,169,7
Red Grouse,57.22973,-3.30531,7.5,Autumn,0.1038,35,6
Red Grouse,57.36486,-7.22272,7.5,Autumn,0.0017,22,1
Red Grouse,57.36486,-4.28466,7.5,Autumn,0.0691,108,5
Red Grouse,57.36486,-4.03983,7.5,Autumn,0.0986,23,5
Red Grouse,57.36486,-3.79499,7.5,Autumn,0.1159,98,68
Red Grouse,57.36486,-3.55015,7.5,Autumn,0.1178,167,10
Red Grouse,57.36486,-3.30531,7.5,Autumn,0.0902,10,2
Red Grouse,57.36486,-3.06047,7.5,Autumn,0.0391,5,1
Red Grouse,57.5,-5.50885,7.5,Autumn,0.0014,11,1
Red Grouse,57.5,-4.28466,7.5,Autumn,0.0034,562,3
Red Grouse,57.5,-3.79499,7.5,Autumn,0.0036,17,4
Red Grouse,57.5,-3.55015,7.5,Autumn,0.0032,12,6
Red Grouse,57.5,-3.06047,7.5,Autumn,0.0119,14,1
Red Grouse,57.63514,-4.5295,7.5,Autumn,0.0014,83,1
Red Grouse,57.90541,-6.97788,7.5,Autumn,0.0018,32,2
Red Grouse,57.90541,-6.73304,7.5,Autumn,0.0018,9,1
Red Grouse,57.90541,-4.77434,7.5,Autumn,0.002,2,1
Red Grouse,57.90541,-4.28466,7.5,Autumn,0.0043,86,4
Red Grouse,58.04054,-4.28466,7.5,Autumn,0.0122,19,3
Red Grouse,58.17568,-5.01918,7.5,Autumn,0.0021,4,1
Red Grouse,58.31081,-4.03983,7.5,Autumn,0.0042,4,1
Red Grouse,58.44595,-3.79499,7.5,Autumn,0.0042,8,1
Red Grouse,58.98649,-3.06047,7.5,Autumn,0.034,134,3
Red Grouse,59.12162,-3.06047,7.5,Autumn,0.024,80,9
Red Grouse,59.93243,-1.34661,7.5,Autumn,0.0018,2628,2
Red Grouse,60.06757,-1.34661,7.5,Autumn,0.005,907,6
Red Grouse,60.06757,-1.10177,7.5,Autumn,0.0062,253,2
Red Grouse,60.2027,-1.59145,7.5,Autumn,0.0702,63,3
Red Grouse,60.2027,-1.34661,7.5,Autumn,0.124,500,32
Red Grouse,60.2027,-1.10177,7.5,Autumn,0.0793,824,32
Red Grouse,60.33784,-1.59145,7.5,Autumn,0.0903,107,1
Red Grouse,60.33784,-1.34661,7.5,Autumn,0.1592,397,20
Red Grouse,60.33784,-1.10177,7.5,Autumn,0.0896,219,9
Red Grouse,60.33784,-0.85693,7.5,Autumn,0.0175,31,5
Red Grouse,60.47297,-1.59145,7.5,Autumn,0.0758,176,2
Red Grouse,60.47297,-1.34661,7.5,Autumn,0.1205,240,12
Red Grouse,60.47297,-1.10177,7.5,Autumn,0.044,149,2
Red Grouse,60.60811,-1.34661,7.5,Autumn,0.0068,63,2
Red Grouse,54.93243,-4.77434,7.5,Spring,0.0012,32,1
Red Grouse,55.06757,-4.28466,7.5,Spring,0.002,28,1
Red Grouse,55.2027,-4.5295,7.5,Spring,0.0037,42,2
Red Grouse,55.2027,-3.06047,7.5,Spring,0.006,49,6
Red Grouse,55.2027,-2.81564,7.5,Spring,0.0071,29,2
Red Grouse,55.33784,-4.28466,7.5,Spring,0.0032,147,1
Red Grouse,55.33784,-4.03983,7.5,Spring,0.0037,11,2
Red Grouse,55.33784,-3.79499,7.5,Spring,0.0059,69,7
Red Grouse,55.47297,-3.79499,7.5,Spring,0.0046,119,6
Red Grouse,55.47297,-3.30531,7.5,Spring,0.0092,66,2
Red Grouse,55.60811,-6.24337,7.5,Spring,0.0011,237,2
Red Grouse,55.60811,-5.75369,7.5,Spring,0.0011,34,3
Red Grouse,55.60811,-4.03983,7.5,Spring,0.004,18,2
Red Grouse,55.60811,-3.55015,7.5,Spring,0.0039,77,1
Red Grouse,55.60811,-3.06047,7.5,Spring,0.0058,58,2
Red Grouse,55.60811,-2.81564,7.5,Spring,0.0058,127,2
Red Grouse,55.74324,-4.77434,7.5,Spring,0.0013,124,1
Red Grouse,55.74324,-4.28466,7.5,Spring,0.003,998,11
Red Grouse,55.74324,-3.06047,7.5,Spring,0.2157,398,45
Red Grouse,55.74324,-2.81564,7.5,Spring,0.3117,30,4
Red Grouse,55.74324,-2.5708,7.5,Spring,0.3386,11,3
Red Grouse,55.87838,-4.28466,7.5,Spring,0.0016,2168,1
Red Grouse,55.87838,-3.55015,7.5,Spring,0.0037,219,1
Red Grouse,55.87838,-3.30531,7.5,Spring,0.0932,2071,99
Red Grouse,55.87838,-2.81564,7.5,Spring,0.0777,239,4
Red Grouse,55.87838,-2.5708,7.5,Spring,0.2517,232,142
Red Grouse,56.01351,-5.01918,7.5,Spring,0.0012,167,3
Red Grouse,56.01351,-4.5295,7.5,Spring,0.0012,435,1
Red Grouse,56.01351,-4.28466,7.5,Spring,0.0019,175,1
Red Grouse,56.01351,-4.03983,7.5,Spring,0.0018,39,3
Red Grouse,56.01351,-2.5708,7.5,Spring,0.0016,754,1
Red Grouse,56.14865,-4.28466,7.5,Spring,0.0021,180,1
Red Grouse,56.14865,-3.79499,7.5,Spring,0.0017,695,7
Red Grouse,56.14865,-3.30531,7.5,Spring,0.0026,652,3
Red Grouse,56.28378,-4.77434,7.5,Spring,0.0019,86,1
Red Grouse,56.28378,-4.03983,7.5,Spring,0.0062,43,1
Red Grouse,56.28378,-3.30531,7.5,Spring,0.0067,146,15
Red Grouse,56.41892,-4.77434,7.5,Spring,0.0025,54,2
Red Grouse,56.41892,-4.28466,7.5,Spring,0.0497,86,3
Red Grouse,56.41892,-4.03983,7.5,Spring,0.1033,122,28
Red Grouse,56.41892,-3.79499,7.5,Spring,0.094,80,18
Red Grouse,56.55405,-4.77434,7.5,Spring,0.0045,40,3
Red Grouse,56.55405,-4.28466,7.5,Spring,0.0657,17,1
Red Grouse,56.55405,-4.03983,7.5,Spring,0.1059,55,10
Red Grouse,56.55405,-3.79499,7.5,Spring,0.0977,74,23
Red Grouse,56.55405,-3.55015,7.5,Spring,0.0563,294,9
Red Grouse,56.55405,-3.06047,7.5,Spring,0.0081,50,1
Red Grouse,56.68919,-4.77434,7.5,Spring,0.0044,29,2
Red Grouse,56.68919,-4.5295,7.5,Spring,0.0044,10,1
Red Grouse,56.68919,-4.03983,7.5,Spring,0.0704,46,3
Red Grouse,56.68919,-3.79499,7.5,Spring,0.0581,290,3
Red Grouse,56.68919,-3.30531,7.5,Spring,0.0427,83,2
Red Grouse,56.68919,-3.06047,7.5,Spring,0.0082,181,13
Red Grouse,56.68919,-2.5708,7.5,Spring,0.0027,253,1
Red Grouse,56.82432,-6.24337,7.5,Spring,0.0022,25,1
Red Grouse,56.82432,-5.01918,7.5,Spring,0.0022,256,1
Red Grouse,56.82432,-4.28466,7.5,Spring,0.0735,17,9
Red Grouse,56.82432,-4.03983,7.5,Spring,0.0856,45,3
Red Grouse,56.82432,-3.79499,7.5,Spring,0.085,59,1
Red Grouse,56.82432,-3.55015,7.5,Spring,0.291,19,5
Red Grouse,56.82432,-3.30531,7.5,Spring,0.2141,111,77
Red Grouse,56.82432,-3.06047,7.5,Spring,0.1263,25,11
Red Grouse,56.82432,-2.81564,7.5,Spring,0.0281,10,3
Red Grouse,56.95946,-6.24337,7.5,Spring,0.0023,108,5
Red Grouse,56.95946,-4.5295,7.5,Spring,0.0039,55,2
Red Grouse,56.95946,-4.28466,7.5,Spring,0.0626,91,9
Red Grouse,56.95946,-4.03983,7.5,Spring,0.0759,3,1
Red Grouse,56.95946,-3.55015,7.5,Spring,0.2933,57,3
Red Grouse,56.95946,-3.30531,7.5,Spring,0.2003,107,11
Red Grouse,56.95946,-3.06047,7.5,Spring,0.0993,23,3
Red Grouse,56.95946,-2.81564,7.5,Spring,0.0162,10,1
Red Grouse,56.95946,-2.5708,7.5,Spring,0.0091,21,1
Red Grouse,56.95946,-2.08112,7.5,Spring,0.0018,269,1
Red Grouse,57.09459,-5.99853,7.5,Spring,0.0022,100,1
Red Grouse,57.09459,-4.5295,7.5,Spring,0.0034,8,2
Red Grouse,57.09459,-4.03983,7.5,Spring,0.0526,709,4
Red Grouse,57.09459,-3.79499,7.5,Spring,0.0622,375,23
Red Grouse,57.09459,-3.55015,7.5,Spring,0.2798,433,143
Red Grouse,57.09459,-3.30531,7.5,Spring,0.1893,78,1
Red Grouse,57.09459,-3.06047,7.5,Spring,0.0776,69,6
Red Grouse,57.22973,-6.24337,7.5,Spring,0.0039,115,5
Red Grouse,57.22973,-5.75369,7.5,Spring,0.0033,159,1
Red Grouse,57.22973,-5.26402,7.5,Spring,0.0031,5,1
Red Grouse,57.22973,-4.5295,7.5,Spring,0.0032,45,2
Red Grouse,57.22973,-4.03983,7.5,Spring,0.0443,252,12
Red Grouse,57.22973,-3.79499,7.5,Spring,0.0463,2240,18
Red Grouse,57.22973,-3.55015,7.5,Spring,0.2174,560,17
Red Grouse,57.22973,-3.30531,7.5,Spring,0.1858,123,22
Red Grouse,57.22973,-3.06047,7.5,Spring,0.0738,10,1
Red Grouse,57.22973,-2.81564,7.5,Spring,0.0105,24,1
Red Grouse,57.22973,-2.08112,7.5,Spring,0.0016,488,1
Red Grouse,57.36486,-7.22272,7.5,Spring,0.0022,119,3
Red Grouse,57.36486,-6.24337,7.5,Spring,0.0032,242,1
Red Grouse,57.36486,-5.99853,7.5,Spring,0.0024,41,1
Red Grouse,57.36486,-4.77434,7.5,Spring,0.0031,86,3
Red Grouse,57.36486,-4.28466,7.5,Spring,0.0292,333,2
Red Grouse,57.36486,-4.03983,7.5,Spring,0.049,118,18
Red Grouse,57.36486,-3.79499,7.5,Spring,0.0808,407,232
Red Grouse,57.36486,-3.55015,7.5,Spring,0.1581,445,35
Red Grouse,57.36486,-3.30531,7.5,Spring,0.1213,43,8
Red Grouse,57.5,-7.22272,7.5,Spring,0.0018,151,4
Red Grouse,57.5,-6.24337,7.5,Spring,0.0024,165,1
Red Grouse,57.5,-5.01918,7.5,Spring,0.0021,14,2
Red Grouse,57.5,-4.5295,7.5,Spring,0.0021,192,1
Red Grouse,57.5,-4.28466,7.5,Spring,0.0052,915,12
Red Grouse,57.5,-4.03983,7.5,Spring,0.0039,691,1
Red Grouse,57.5,-3.79499,7.5,Spring,0.0082,39,9
Red Grouse,57.5,-3.55015,7.5,Spring,0.0096,26,3
Red Grouse,57.63514,-7.46756,7.5,Spring,0.0014,489,14
Red Grouse,57.63514,-6.24337,7.5,Spring,0.002,360,2
Red Grouse,57.63514,-4.03983,7.5,Spring,0.0029,569,1
Red Grouse,57.63514,-2.81564,7.5,Spring,0.0031,87,1
Red Grouse,57.77027,-5.01918,7.5,Spring,0.0018,49,2
Red Grouse,57.77027,-4.28466,7.5,Spring,0.0063,40,1
Red Grouse,57.90541,-6.97788,7.5,Spring,0.0022,91,2
Red Grouse,57.90541,-6.73304,7.5,Spring,0.0024,58,2
Red Grouse,57.90541,-4.5295,7.5,Spring,0.0022,18,1
Red Grouse,57.90541,-4.28466,7.5,Spring,0.0077,115,12
Red Grouse,57.90541,-4.03983,7.5,Spring,0.0032,326,1
Red Grouse,58.04054,-6.48821,7.5,Spring,0.0028,31,1
Red Grouse,58.04054,-4.28466,7.5,Spring,0.0402,55,5
Red Grouse,58.17568,-6.48821,7.5,Spring,0.0022,169,1
Red Grouse,58.17568,-5.26402,7.5,Spring,0.002,130,1
Red Grouse,58.17568,-4.5295,7.5,Spring,0.0033,9,3
Red Grouse,58.31081,-6.48821,7.5,Spring,0.0023,58,1
Red Grouse,58.31081,-6.24337,7.5,Spring,0.0026,135,1
Red Grouse,58.31081,-5.26402,7.5,Spring,0.0022,43,2
Red Grouse,58.31081,-4.5295,7.5,Spring,0.0038,14,4
Red Grouse,58.31081,-4.28466,7.5,Spring,0.0387,7,1
Red Grouse,58.31081,-3.79499,7.5,Spring,0.0092,31,2
Red Grouse,58.31081,-3.30531,7.5,Spring,0.0093,19,4
Red Grouse,58.44595,-5.26402,7.5,Spring,0.0024,89,16
Red Grouse,58.44595,-5.01918,7.5,Spring,0.0031,31,1
Red Grouse,58.44595,-4.5295,7.5,Spring,0.0039,28,2
Red Grouse,58.44595,-3.79499,7.5,Spring,0.0103,4,1
Red Grouse,58.44595,-3.55015,7.5,Spring,0.0124,11,1
Red Grouse,58.44595,-3.30531,7.5,Spring,0.011,21,1
Red Grouse,58.58108,-3.79499,7.5,Spring,0.0082,34,2
Red Grouse,58.58108,-3.06047,7.5,Spring,0.0177,142,1
Red Grouse,58.85135,-3.30531,7.5,Spring,0.0109,97,1
Red Grouse,58.85135,-3.06047,7.5,Spring,0.0287,66,2
Red Grouse,58.98649,-3.06047,7.5,Spring,0.0312,323,7
Red Grouse,59.12162,-3.30531,7.5,Spring,0.017,228,4
Red Grouse,59.12162,-3.06047,7.5,Spring,0.0273,182,8
Red Grouse,59.25676,-3.06047,7.5,Spring,0.0197,27,1
Red Grouse,60.06757,-1.34661,7.5,Spring,0.0044,437,2
Red Grouse,60.2027,-1.59145,7.5,Spring,0.0681,49,5
Red Grouse,60.2027,-1.34661,7.5,Spring,0.1022,134,6
Red Grouse,60.2027,-1.10177,7.5,Spring,0.0652,488,9
Red Grouse,60.33784,-1.59145,7.5,Spring,0.0995,34,2
Red Grouse,60.33784,-1.34661,7.5,Spring,0.1502,70,9
Red Grouse,60.33784,-1.10177,7.5,Spring,0.0797,26,1
Red Grouse,60.33784,-0.85693,7.5,Spring,0.0202,5,3
Red Grouse,60.47297,-1.59145,7.5,Spring,0.0556,71,1
Red Grouse,60.47297,-1.34661,7.5,Spring,0.0845,52,8
Red Grouse,60.47297,-1.10177,7.5,Spring,0.0315,58,3
Red Grouse,55.2027,-3.06047,7.5,Summer,0.0038,22,2
Red Grouse,55.2027,-2.81564,7.5,Summer,0.0052,13,1
Red Grouse,55.33784,-3.79499,7.5,Summer,0.0035,22,1
Red Grouse,55.60811,-4.5295,7.5,Summer,0.001,27860,1
Red Grouse,55.60811,-3.06047,7.5,Summer,0.0032,83,1
Red Grouse,55.74324,-4.28466,7.5,Summer,0.0026,507,3
Red Grouse,55.74324,-3.55015,7.5,Summer,0.0086,24,3
Red Grouse,55.74324,-3.30531,7.5,Summer,0.0692,29,1
Red Grouse,55.74324,-3.06047,7.5,Summer,0.1281,133,11
Red Grouse,55.74324,-2.81564,7.5,Summer,0.1772,18,3
Red Grouse,55.74324,-2.5708,7.5,Summer,0.2102,14,3
Red Grouse,55.87838,-5.99853,7.5,Summer,0.0014,21,1
Red Grouse,55.87838,-5.50885,7.5,Summer,0.0015,48,1
Red Grouse,55.87838,-3.55015,7.5,Summer,0.0034,134,1
Red Grouse,55.87838,-3.30531,7.5,Summer,0.0696,1184,27
Red Grouse,55.87838,-3.06047,7.5,Summer,0.0236,1626,1
Red Grouse,55.87838,-2.81564,7.5,Summer,0.0431,98,5
Red Grouse,55.87838,-2.5708,7.5,Summer,0.1332,109,55
Red Grouse,56.01351,-4.03983,7.5,Summer,0.0023,53,1
Red Grouse,56.01351,-3.06047,7.5,Summer,0.0015,2396,1
Red Grouse,56.01351,-2.81564,7.5,Summer,0.0014,786,1
Red Grouse,56.14865,-5.26402,7.5,Summer,0.0013,28,1
Red Grouse,56.14865,-4.5295,7.5,Summer,0.0013,225,2
Red Grouse,56.14865,-3.79499,7.5,Summer,0.0024,328,4
Red Grouse,56.28378,-4.28466,7.5,Summer,0.0061,205,1
Red Grouse,56.28378,-3.30531,7.5,Summer,0.0041,90,2
Red Grouse,56.41892,-4.28466,7.5,Summer,0.0198,97,1
Red Grouse,56.41892,-4.03983,7.5,Summer,0.077,50,6
Red Grouse,56.41892,-3.79499,7.5,Summer,0.0883,78,1
Red Grouse,56.55405,-4.77434,7.5,Summer,0.0042,50,4
Red Grouse,56.55405,-4.28466,7.5,Summer,0.0219,36,1
Red Grouse,56.55405,-4.03983,7.5,Summer,0.0645,49,5
Red Grouse,56.55405,-3.79499,7.5,Summer,0.063,45,3
Red Grouse,56.55405,-3.55015,7.5,Summer,0.0212,287,3
Red Grouse,56.68919,-4.5295,7.5,Summer,0.0036,12,1
Red Grouse,56.68919,-3.79499,7.5,Summer,0.0366,268,3
Red Grouse,56.68919,-3.06047,7.5,Summer,0.005,142,5
Red Grouse,56.82432,-4.28466,7.5,Summer,0.0251,15,7
Red Grouse,56.82432,-3.55015,7.5,Summer,0.078,25,3
Red Grouse,56.82432,-3.30531,7.5,Summer,0.047,104,44
Red Grouse,56.82432,-3.06047,7.5,Summer,0.0427,27,7
Red Grouse,56.82432,-2.81564,7.5,Summer,0.0164,11,5
Red Grouse,56.82432,-2.5708,7.5,Summer,0.0075,78,1
Red Grouse,56.95946,-4.5295,7.5,Summer,0.0031,28,1
Red Grouse,56.95946,-4.28466,7.5,Summer,0.018,75,3
Red Grouse,56.95946,-3.55015,7.5,Summer,0.0976,70,3
Red Grouse,56.95946,-3.30531,7.5,Summer,0.055,105,4
Red Grouse,56.95946,-2.81564,7.5,Summer,0.0156,64,6
Red Grouse,57.09459,-5.26402,7.5,Summer,0.0016,14,2
Red Grouse,57.09459,-4.03983,7.5,Summer,0.0197,526,2
Red Grouse,57.09459,-3.79499,7.5,Summer,0.0355,311,12
Red Grouse,57.09459,-3.55015,7.5,Summer,0.0939,315,51
Red Grouse,57.09459,-3.06047,7.5,Summer,0.0444,80,4
Red Grouse,57.09459,-2.5708,7.5,Summer,0.0071,32,1
Red Grouse,57.22973,-6.24337,7.5,Summer,0.0015,148,2
Red Grouse,57.22973,-5.01918,7.5,Summer,0.0021,28,3
Red Grouse,57.22973,-4.28466,7.5,Summer,0.0119,4,1
Red Grouse,57.22973,-4.03983,7.5,Summer,0.017,133,6
Red Grouse,57.22973,-3.79499,7.5,Summer,0.0233,1932,12
Red Grouse,57.22973,-3.55015,7.5,Summer,0.0599,441,12
Red Grouse,57.22973,-3.30531,7.5,Summer,0.0475,128,12
Red Grouse,57.22973,-2.5708,7.5,Summer,0.007,23,1
Red Grouse,57.36486,-6.24337,7.5,Summer,0.0014,292,1
Red Grouse,57.36486,-5.75369,7.5,Summer,0.0014,65,1
Red Grouse,57.36486,-4.28466,7.5,Summer,0.0101,264,2
Red Grouse,57.36486,-4.03983,7.5,Summer,0.0286,86,10
Red Grouse,57.36486,-3.79499,7.5,Summer,0.0509,308,176
Red Grouse,57.36486,-3.55015,7.5,Summer,0.0495,381,6
Red Grouse,57.36486,-3.30531,7.5,Summer,0.035,71,1
Red Grouse,57.36486,-3.06047,7.5,Summer,0.0316,14,5
Red Grouse,57.36486,-2.81564,7.5,Summer,0.0108,7,1
Red Grouse,57.5,-5.99853,7.5,Summer,0.0012,4,1
Red Grouse,57.5,-4.03983,7.5,Summer,0.0019,626,1
Red Grouse,57.5,-3.79499,7.5,Summer,0.0037,60,3
Red Grouse,57.5,-3.55015,7.5,Summer,0.0037,9,2
Red Grouse,57.63514,-7.22272,7.5,Summer,0.0014,116,1
Red Grouse,57.63514,-5.50885,7.5,Summer,0.0012,49,1
Red Grouse,57.63514,-5.26402,7.5,Summer,0.0013,100,1
Red Grouse,57.63514,-4.5295,7.5,Summer,0.0014,173,1
Red Grouse,57.63514,-2.32596,7.5,Summer,0.0019,124,1
Red Grouse,57.77027,-3.79499,7.5,Summer,0.0027,180,1
Red Grouse,57.77027,-3.55015,7.5,Summer,0.0033,104,2
Red Grouse,57.90541,-5.50885,7.5,Summer,0.0013,122,1
Red Grouse,57.90541,-4.77434,7.5,Summer,0.002,11,1
Red Grouse,58.04054,-6.73304,7.5,Summer,0.0024,36,1
Red Grouse,58.04054,-6.48821,7.5,Summer,0.0018,51,1
Red Grouse,58.04054,-4.77434,7.5,Summer,0.0032,10,7
Red Grouse,58.04054,-4.28466,7.5,Summer,0.006,26,5
Red Grouse,58.04054,-4.03983,7.5,Summer,0.0028,57,1
Red Grouse,58.17568,-6.97788,7.5,Summer,0.0031,82,2
Red Grouse,58.17568,-6.73304,7.5,Summer,0.0024,84,2
Red Grouse,58.17568,-3.55015,7.5,Summer,0.0061,44,1
Red Grouse,58.31081,-5.01918,7.5,Summer,0.0022,40,1
Red Grouse,58.31081,-3.30531,7.5,Summer,0.0038,52,2
Red Grouse,58.44595,-5.26402,7.5,Summer,0.0023,94,17
Red Grouse,58.44595,-3.55015,7.5,Summer,0.0051,5,1
Red Grouse,58.58108,-5.01918,7.5,Summer,0.0032,8,1
Red Grouse,58.58108,-4.77434,7.5,Summer,0.0041,110,2
Red Grouse,58.58108,-3.06047,7.5,Summer,0.0113,174,2
Red Grouse,58.71622,-3.30531,7.5,Summer,0.0034,103,1
Red Grouse,58.85135,-3.06047,7.5,Summer,0.0256,70,1
Red Grouse,58.98649,-3.30531,7.5,Summer,0.0037,530,1
Red Grouse,58.98649,-3.06047,7.5,Summer,0.0287,416,9
Red Grouse,59.12162,-3.06047,7.5,Summer,0.0189,316,16
Red Grouse,60.2027,-1.59145,7.5,Summer,0.0167,33,2
Red Grouse,60.2027,-1.34661,7.5,Summer,0.0188,126,6
Red Grouse,60.2027,-1.10177,7.5,Summer,0.0093,394,3
Red Grouse,60.33784,-1.59145,7.5,Summer,0.0345,54,2
Red Grouse,60.33784,-1.34661,7.5,Summer,0.0395,85,4
Red Grouse,60.33784,-1.10177,7.5,Summer,0.0136,45,3
Red Grouse,60.47297,-1.59145,7.5,Summer,0.0291,123,1
Red Grouse,60.47297,-1.34661,7.5,Summer,0.0311,54,1
Red Grouse,60.47297,-1.10177,7.5,Summer,0.0092,77,1
Red Grouse,55.06757,-4.28466,7.5,Winter,0.002,8,1
Red Grouse,55.06757,-3.79499,7.5,Winter,0.0024,26,1
Red Grouse,55.2027,-4.5295,7.5,Winter,0.0024,3,1
Red Grouse,55.2027,-2.81564,7.5,Winter,0.0064,6,1
Red Grouse,55.33784,-3.79499,7.5,Winter,0.0118,21,4
Red Grouse,55.33784,-3.55015,7.5,Winter,0.0071,23,1
Red Grouse,55.47297,-4.03983,7.5,Winter,0.0043,12,1
Red Grouse,55.47297,-3.79499,7.5,Winter,0.0064,63,14
Red Grouse,55.60811,-5.75369,7.5,Winter,0.001,25,4
Red Grouse,55.60811,-2.81564,7.5,Winter,0.0049,95,1
Red Grouse,55.74324,-6.48821,7.5,Winter,0.0022,93,1
Red Grouse,55.74324,-4.28466,7.5,Winter,0.004,631,9
Red Grouse,55.74324,-3.55015,7.5,Winter,0.0161,34,2
Red Grouse,55.74324,-3.30531,7.5,Winter,0.1588,43,2
Red Grouse,55.74324,-3.06047,7.5,Winter,0.3515,248,47
Red Grouse,55.74324,-2.81564,7.5,Winter,0.3512,26,1
Red Grouse,55.74324,-2.5708,7.5,Winter,0.3558,3,3
Red Grouse,55.87838,-3.79499,7.5,Winter,0.0025,88,4
Red Grouse,55.87838,-3.30531,7.5,Winter,0.0571,1796,70
Red Grouse,55.87838,-3.06047,7.5,Winter,0.0285,1773,1
Red Grouse,55.87838,-2.81564,7.5,Winter,0.0363,163,13
Red Grouse,55.87838,-2.5708,7.5,Winter,0.1277,32,19
Red Grouse,56.01351,-4.5295,7.5,Winter,0.0014,162,1
Red Grouse,56.01351,-4.03983,7.5,Winter,0.002,24,1
Red Grouse,56.01351,-2.81564,7.5,Winter,0.0014,874,1
Red Grouse,56.01351,-2.5708,7.5,Winter,0.0015,643,2
Red Grouse,56.14865,-4.5295,7.5,Winter,0.0015,46,1
Red Grouse,56.14865,-3.79499,7.5,Winter,0.0023,490,3
Red Grouse,56.14865,-3.30531,7.5,Winter,0.0022,535,3
Red Grouse,56.28378,-3.30531,7.5,Winter,0.0043,81,11
Red Grouse,56.41892,-4.28466,7.5,Winter,0.0334,48,1
Red Grouse,56.41892,-4.03983,7.5,Winter,0.1335,50,22
Red Grouse,56.41892,-3.79499,7.5,Winter,0.119,27,4
Red Grouse,56.55405,-6.24337,7.5,Winter,0.0017,25,1
Red Grouse,56.55405,-3.79499,7.5,Winter,0.1116,15,2
Red Grouse,56.55405,-3.55015,7.5,Winter,0.0458,81,1
Red Grouse,56.68919,-4.5295,7.5,Winter,0.005,12,1
Red Grouse,56.68919,-4.03983,7.5,Winter,0.0922,5,1
Red Grouse,56.68919,-3.79499,7.5,Winter,0.0823,70,2
Red Grouse,56.82432,-5.01918,7.5,Winter,0.0031,42,1
Red Grouse,56.82432,-4.77434,7.5,Winter,0.006,7,4
Red Grouse,56.82432,-4.28466,7.5,Winter,0.0615,2,2
Red Grouse,56.82432,-3.55015,7.5,Winter,0.1918,4,4
Red Grouse,56.82432,-3.30531,7.5,Winter,0.0979,48,41
Red Grouse,56.82432,-3.06047,7.5,Winter,0.0848,6,3
Red Grouse,56.82432,-2.81564,7.5,Winter,0.022,7,2
Red Grouse,56.95946,-4.5295,7.5,Winter,0.0046,15,2
Red Grouse,56.95946,-4.28466,7.5,Winter,0.0532,10,1
Red Grouse,56.95946,-4.03983,7.5,Winter,0.0873,1,1
Red Grouse,56.95946,-3.55015,7.5,Winter,0.2273,11,4
Red Grouse,56.95946,-3.30531,7.5,Winter,0.1033,33,6
Red Grouse,56.95946,-3.06047,7.5,Winter,0.0834,4,3
Red Grouse,56.95946,-2.81564,7.5,Winter,0.0197,2,1
Red Grouse,56.95946,-2.5708,7.5,Winter,0.0127,2,1
Red Grouse,57.09459,-4.03983,7.5,Winter,0.05,301,1
Red Grouse,57.09459,-3.79499,7.5,Winter,0.069,97,11
Red Grouse,57.09459,-3.55015,7.5,Winter,0.1991,126,27
Red Grouse,57.09459,-3.30531,7.5,Winter,0.0939,25,2
Red Grouse,57.09459,-3.06047,7.5,Winter,0.0706,15,3
Red Grouse,57.22973,-5.99853,7.5,Winter,0.003,81,1
Red Grouse,57.22973,-5.75369,7.5,Winter,0.0036,16,1
Red Grouse,57.22973,-5.01918,7.5,Winter,0.0037,3,1
Red Grouse,57.22973,-4.03983,7.5,Winter,0.0449,69,6
Red Grouse,57.22973,-3.79499,7.5,Winter,0.049,583,5
Red Grouse,57.22973,-3.55015,7.5,Winter,0.1408,232,16
Red Grouse,57.22973,-3.30531,7.5,Winter,0.0846,38,6
Red Grouse,57.22973,-3.06047,7.5,Winter,0.0628,1,1
Red Grouse,57.22973,-2.5708,7.5,Winter,0.0103,31,3
Red Grouse,57.36486,-5.75369,7.5,Winter,0.0023,11,1
Red Grouse,57.36486,-4.28466,7.5,Winter,0.0264,66,2
Red Grouse,57.36486,-4.03983,7.5,Winter,0.0468,35,5
Red Grouse,57.36486,-3.79499,7.5,Winter,0.073,79,46
Red Grouse,57.36486,-3.55015,7.5,Winter,0.0893,228,12
Red Grouse,57.5,-6.73304,7.5,Winter,0.0014,244,1
Red Grouse,57.5,-4.28466,7.5,Winter,0.003,622,1
Red Grouse,57.5,-3.79499,7.5,Winter,0.0035,23,2
Red Grouse,57.63514,-4.5295,7.5,Winter,0.0014,66,1
Red Grouse,57.77027,-5.75369,7.5,Winter,0.0016,31,1
Red Grouse,57.90541,-4.28466,7.5,Winter,0.004,43,2
Red Grouse,58.04054,-4.28466,7.5,Winter,0.0152,14,3
Red Grouse,58.31081,-6.24337,7.5,Winter,0.0016,53,1
Red Grouse,58.85135,-3.06047,7.5,Winter,0.0387,16,1
Red Grouse,58.98649,-3.06047,7.5,Winter,0.05,31,3
Red Grouse,58.98649,-2.81564,7.5,Winter,0.0063,12,3
Red Grouse,59.12162,-3.06047,7.5,Winter,0.0414,28,1
Red Grouse,60.06757,-1.34661,7.5,Winter,0.0087,290,1
Red Grouse,60.2027,-1.59145,7.5,Winter,0.0438,8,1
Red Grouse,60.2027,-1.34661,7.5,Winter,0.0624,47,1
Red Grouse,60.2027,-1.10177,7.5,Winter,0.0206,254,3
Red Grouse,60.33784,-1.34661,7.5,Winter,0.0955,23,4
Red Grouse,60.33784,-1.10177,7.5,Winter,0.025,18,3
Red Grouse,60.47297,-1.10177,7.5,Winter,0.0118,13,1
Red Kite,54.7973,-5.01918,7.5,Autumn,0.0015,38,1
Red Kite,54.7973,-4.5295,7.5,Autumn,0.0338,46,4
Red Kite,54.7973,-4.03983,7.5,Autumn,0.1605,8,1
Red Kite,54.7973,-3.79499,7.5,Autumn,0.1114,7,4
Red Kite,54.93243,-4.5295,7.5,Autumn,0.0448,19,2
Red Kite,54.93243,-4.28466,7.5,Autumn,0.1289,30,6
Red Kite,54.93243,-4.03983,7.5,Autumn,0.2325,53,33
Red Kite,54.93243,-3.79499,7.5,Autumn,0.17,92,9
Red Kite,54.93243,-3.55015,7.5,Autumn,0.0071,239,1
Red Kite,55.06757,-4.28466,7.5,Autumn,0.1297,13,3
Red Kite,55.06757,-4.03983,7.5,Autumn,0.2415,42,32
Red Kite,55.06757,-3.79499,7.5,Autumn,0.1931,21,3
Red Kite,55.06757,-3.55015,7.5,Autumn,0.0118,165,2
Red Kite,55.06757,-3.30531,7.5,Autumn,0.0042,30,1
Red Kite,55.2027,-4.03983,7.5,Autumn,0.2336,11,2
Red Kite,55.2027,-3.79499,7.5,Autumn,0.215,13,6
Red Kite,55.2027,-3.30531,7.5,Autumn,0.0042,21,1
Red Kite,55.33784,-4.28466,7.5,Autumn,0.0899,22,1
Red Kite,55.33784,-3.79499,7.5,Autumn,0.206,15,8
Red Kite,55.33784,-2.5708,7.5,Autumn,0.0038,2,1
Red Kite,55.47297,-4.5295,7.5,Autumn,0.0038,1154,1
Red Kite,55.47297,-3.79499,7.5,Autumn,0.0279,51,13
Red Kite,55.47297,-3.55015,7.5,Autumn,0.0067,23,1
Red Kite,55.47297,-3.30531,7.5,Autumn,0.0021,22,2
Red Kite,55.60811,-3.79499,7.5,Autumn,0.0025,26,2
Red Kite,55.74324,-4.03983,7.5,Autumn,0.0029,208,1
Red Kite,55.74324,-3.06047,7.5,Autumn,0.0019,165,5
Red Kite,55.87838,-3.79499,7.5,Autumn,0.0021,50,3
Red Kite,55.87838,-3.55015,7.5,Autumn,0.0019,74,1
Red Kite,55.87838,-3.30531,7.5,Autumn,0.0011,892,1
Red Kite,55.87838,-2.5708,7.5,Autumn,0.0037,13,2
Red Kite,56.01351,-3.06047,7.5,Autumn,0.001,1856,1
Red Kite,56.01351,-2.5708,7.5,Autumn,0.0011,447,2
Red Kite,56.14865,-4.28466,7.5,Autumn,0.0133,31,4
Red Kite,56.14865,-4.03983,7.5,Autumn,0.0343,176,34
Red Kite,56.14865,-3.79499,7.5,Autumn,0.008,274,3
Red Kite,56.14865,-3.30531,7.5,Autumn,0.0014,374,1
Red Kite,56.28378,-4.77434,7.5,Autumn,0.0022,22,1
Red Kite,56.28378,-4.5295,7.5,Autumn,0.0292,7,1
Red Kite,56.28378,-4.28466,7.5,Autumn,0.0708,38,2
Red Kite,56.28378,-4.03983,7.5,Autumn,0.1787,18,6
Red Kite,56.28378,-3.79499,7.5,Autumn,0.0594,75,8
Red Kite,56.28378,-2.81564,7.5,Autumn,0.0014,885,1
Red Kite,56.41892,-4.28466,7.5,Autumn,0.0768,69,2
Red Kite,56.41892,-4.03983,7.5,Autumn,0.1742,23,14
Red Kite,56.41892,-3.79499,7.5,Autumn,0.0569,24,1
Red Kite,56.41892,-3.30531,7.5,Autumn,0.0021,131,1
Red Kite,56.55405,-3.79499,7.5,Autumn,0.0437,16,1
Red Kite,56.55405,-3.55015,7.5,Autumn,0.0217,128,1
Red Kite,56.68919,-4.03983,7.5,Autumn,0.1346,22,2
Red Kite,56.68919,-3.79499,7.5,Autumn,0.0365,146,1
Red Kite,56.68919,-3.30531,7.5,Autumn,0.0499,28,3
Red Kite,56.68919,-3.06047,7.5,Autumn,0.0922,95,23
Red Kite,56.68919,-2.81564,7.5,Autumn,0.0782,37,2
Red Kite,56.68919,-2.5708,7.5,Autumn,0.0581,265,2
Red Kite,56.82432,-5.01918,7.5,Autumn,0.0014,127,1
Red Kite,56.82432,-3.79499,7.5,Autumn,0.0375,22,1
Red Kite,56.82432,-3.30531,7.5,Autumn,0.0521,52,7
Red Kite,56.82432,-3.06047,7.5,Autumn,0.0987,6,4
Red Kite,56.82432,-2.81564,7.5,Autumn,0.0874,7,7
Red Kite,56.82432,-2.5708,7.5,Autumn,0.0729,79,5
Red Kite,56.95946,-5.01918,7.5,Autumn,0.0014,16,2
Red Kite,56.95946,-3.55015,7.5,Autumn,0.0465,22,2
Red Kite,56.95946,-3.30531,7.5,Autumn,0.0486,46,1
Red Kite,56.95946,-2.5708,7.5,Autumn,0.0679,12,2
Red Kite,56.95946,-2.32596,7.5,Autumn,0.027,29,2
Red Kite,57.09459,-5.75369,7.5,Autumn,0.001,33,1
Red Kite,57.09459,-4.03983,7.5,Autumn,0.1708,242,26
Red Kite,57.09459,-3.79499,7.5,Autumn,0.035,105,1
Red Kite,57.09459,-3.55015,7.5,Autumn,0.0426,58,1
Red Kite,57.09459,-3.30531,7.5,Autumn,0.0426,18,2
Red Kite,57.09459,-3.06047,7.5,Autumn,0.0751,41,5
Red Kite,57.09459,-2.81564,7.5,Autumn,0.0668,64,8
Red Kite,57.09459,-2.5708,7.5,Autumn,0.0592,23,1
Red Kite,57.09459,-2.32596,7.5,Autumn,0.0276,56,6
Red Kite,57.22973,-4.5295,7.5,Autumn,0.0788,23,2
Red Kite,57.22973,-4.28466,7.5,Autumn,0.1174,2,1
Red Kite,57.22973,-4.03983,7.5,Autumn,0.1741,90,59
Red Kite,57.22973,-3.79499,7.5,Autumn,0.03,655,9
Red Kite,57.22973,-3.55015,7.5,Autumn,0.0333,169,2
Red Kite,57.22973,-3.30531,7.5,Autumn,0.02,35,1
Red Kite,57.22973,-2.5708,7.5,Autumn,0.0323,12,1
Red Kite,57.22973,-2.32596,7.5,Autumn,0.019,8,1
Red Kite,57.36486,-6.48821,7.5,Autumn,0.0009,31,1
Red Kite,57.36486,-4.77434,7.5,Autumn,0.009,26,1
Red Kite,57.36486,-4.5295,7.5,Autumn,0.2381,158,19
Red Kite,57.36486,-4.28466,7.5,Autumn,0.2183,108,36
Red Kite,57.36486,-4.03983,7.5,Autumn,0.207,23,10
Red Kite,57.36486,-3.79499,7.5,Autumn,0.0827,98,12
Red Kite,57.36486,-3.55015,7.5,Autumn,0.0707,167,11
Red Kite,57.36486,-3.06047,7.5,Autumn,0.0066,5,1
Red Kite,57.5,-5.01918,7.5,Autumn,0.0037,3,1
Red Kite,57.5,-4.77434,7.5,Autumn,0.0117,4,1
Red Kite,57.5,-4.5295,7.5,Autumn,0.2511,80,22
Red Kite,57.5,-4.28466,7.5,Autumn,0.2105,562,65
Red Kite,57.5,-4.03983,7.5,Autumn,0.1867,423,38
Red Kite,57.5,-3.79499,7.5,Autumn,0.0558,17,1
Red Kite,57.5,-3.55015,7.5,Autumn,0.0498,12,4
Red Kite,57.63514,-4.5295,7.5,Autumn,0.2297,83,30
Red Kite,57.63514,-4.28466,7.5,Autumn,0.2015,93,12
Red Kite,57.63514,-4.03983,7.5,Autumn,0.1626,581,33
Red Kite,57.63514,-3.55015,7.5,Autumn,0.0068,283,2
Red Kite,57.63514,-3.30531,7.5,Autumn,0.0023,151,1
Red Kite,57.63514,-1.83628,7.5,Autumn,0.0016,165,1
Red Kite,57.77027,-4.03983,7.5,Autumn,0.1731,104,11
Red Kite,57.77027,-3.79499,7.5,Autumn,0.0148,172,6
Red Kite,57.90541,-4.28466,7.5,Autumn,0.1636,86,3
Red Kite,57.90541,-4.03983,7.5,Autumn,0.1602,167,13
Red Kite,57.90541,-3.79499,7.5,Autumn,0.0164,76,1
Red Kite,58.04054,-4.5295,7.5,Autumn,0.1532,24,2
Red Kite,58.04054,-4.28466,7.5,Autumn,0.1344,19,2
Red Kite,58.04054,-3.79499,7.5,Autumn,0.017,34,2
Red Kite,58.17568,-3.55015,7.5,Autumn,0.0046,13,1
Red Kite,58.31081,-3.79499,7.5,Autumn,0.0048,14,1
Red Kite,59.39189,-2.32596,7.5,Autumn,0.0012,327,1
Red Kite,59.93243,-1.34661,7.5,Autumn,0.0012,2628,11
Red Kite,60.47297,-1.34661,7.5,Autumn,0.0012,240,1
Red Kite,54.7973,-4.5295,7.5,Spring,0.071,51,11
Red Kite,54.7973,-4.28466,7.5,Spring,0.1487,23,2
Red Kite,54.7973,-4.03983,7.5,Spring,0.2765,114,32
Red Kite,54.7973,-3.79499,7.5,Spring,0.175,19,4
Red Kite,54.93243,-4.77434,7.5,Spring,0.0094,32,5
Red Kite,54.93243,-4.5295,7.5,Spring,0.084,64,8
Red Kite,54.93243,-4.28466,7.5,Spring,0.2072,37,8
Red Kite,54.93243,-4.03983,7.5,Spring,0.3286,118,80
Red Kite,54.93243,-3.79499,7.5,Spring,0.2205,108,12
Red Kite,54.93243,-3.55015,7.5,Spring,0.0323,256,13
Red Kite,55.06757,-4.5295,7.5,Spring,0.065,70,8
Red Kite,55.06757,-4.28466,7.5,Spring,0.1895,28,6
Red Kite,55.06757,-4.03983,7.5,Spring,0.3182,73,39
Red Kite,55.06757,-3.79499,7.5,Spring,0.2317,21,6
Red Kite,55.06757,-3.55015,7.5,Spring,0.0681,243,15
Red Kite,55.06757,-3.30531,7.5,Spring,0.006,79,2
Red Kite,55.2027,-4.28466,7.5,Spring,0.165,17,2
Red Kite,55.2027,-4.03983,7.5,Spring,0.2857,25,9
Red Kite,55.2027,-3.79499,7.5,Spring,0.2464,36,11
Red Kite,55.2027,-3.55015,7.5,Spring,0.0781,7,4
Red Kite,55.2027,-3.30531,7.5,Spring,0.0061,75,5
Red Kite,55.33784,-4.5295,7.5,Spring,0.0264,62,1
Red Kite,55.33784,-4.28466,7.5,Spring,0.1022,147,4
Red Kite,55.33784,-4.03983,7.5,Spring,0.2405,11,2
Red Kite,55.33784,-3.79499,7.5,Spring,0.2434,69,23
Red Kite,55.33784,-3.55015,7.5,Spring,0.065,100,9
Red Kite,55.47297,-4.28466,7.5,Spring,0.0069,36,1
Red Kite,55.47297,-3.79499,7.5,Spring,0.0276,119,49
Red Kite,55.47297,-3.55015,7.5,Spring,0.0137,116,8
Red Kite,55.47297,-3.30531,7.5,Spring,0.0025,66,3
Red Kite,55.60811,-4.5295,7.5,Spring,0.0018,21683,3
Red Kite,55.60811,-3.30531,7.5,Spring,0.0021,97,3
Red Kite,55.74324,-4.5295,7.5,Spring,0.0018,468,1
Red Kite,55.74324,-3.06047,7.5,Spring,0.002,398,9
Red Kite,55.74324,-2.5708,7.5,Spring,0.0031,11,1
Red Kite,55.87838,-3.55015,7.5,Spring,0.0022,219,1
Red Kite,55.87838,-3.30531,7.5,Spring,0.0013,2071,3
Red Kite,55.87838,-2.81564,7.5,Spring,0.002,239,3
Red Kite,55.87838,-2.5708,7.5,Spring,0.005,232,6
Red Kite,55.87838,-2.32596,7.5,Spring,0.0029,169,1
Red Kite,56.01351,-4.5295,7.5,Spring,0.0017,435,3
Red Kite,56.01351,-4.28466,7.5,Spring,0.0019,175,1
Red Kite,56.01351,-4.03983,7.5,Spring,0.0033,39,1
Red Kite,56.01351,-2.81564,7.5,Spring,0.0011,928,3
Red Kite,56.01351,-2.5708,7.5,Spring,0.0011,754,1
Red Kite,56.14865,-4.77434,7.5,Spring,0.0018,77,1
Red Kite,56.14865,-4.5295,7.5,Spring,0.0114,234,1
Red Kite,56.14865,-4.28466,7.5,Spring,0.0236,180,6
Red Kite,56.14865,-4.03983,7.5,Spring,0.0636,535,78
Red Kite,56.14865,-3.79499,7.5,Spring,0.0104,695,14
Red Kite,56.14865,-3.55015,7.5,Spring,0.0056,219,2
Red Kite,56.14865,-3.30531,7.5,Spring,0.0016,652,2
Red Kite,56.14865,-2.81564,7.5,Spring,0.0015,399,1
Red Kite,56.28378,-5.26402,7.5,Spring,0.0011,4,1
Red Kite,56.28378,-4.28466,7.5,Spring,0.1407,269,19
Red Kite,56.28378,-4.03983,7.5,Spring,0.2327,43,27
Red Kite,56.28378,-3.79499,7.5,Spring,0.0652,106,19
Red Kite,56.28378,-3.30531,7.5,Spring,0.0025,146,1
Red Kite,56.28378,-3.06047,7.5,Spring,0.0023,546,4
Red Kite,56.28378,-2.81564,7.5,Spring,0.0021,1514,2
Red Kite,56.41892,-4.28466,7.5,Spring,0.1651,86,6
Red Kite,56.41892,-4.03983,7.5,Spring,0.2442,122,53
Red Kite,56.41892,-3.79499,7.5,Spring,0.069,80,22
Red Kite,56.41892,-3.06047,7.5,Spring,0.0027,540,3
Red Kite,56.55405,-4.03983,7.5,Spring,0.1892,55,3
Red Kite,56.55405,-3.79499,7.5,Spring,0.0645,74,11
Red Kite,56.55405,-3.55015,7.5,Spring,0.0439,294,10
Red Kite,56.55405,-3.30531,7.5,Spring,0.0154,54,3
Red Kite,56.55405,-3.06047,7.5,Spring,0.0178,50,2
Red Kite,56.68919,-4.03983,7.5,Spring,0.1633,46,2
Red Kite,56.68919,-3.79499,7.5,Spring,0.0473,290,4
Red Kite,56.68919,-3.55015,7.5,Spring,0.0675,26,1
Red Kite,56.68919,-3.30531,7.5,Spring,0.0813,83,15
Red Kite,56.68919,-3.06047,7.5,Spring,0.148,181,38
Red Kite,56.68919,-2.81564,7.5,Spring,0.1512,111,16
Red Kite,56.68919,-2.5708,7.5,Spring,0.1181,253,9
Red Kite,56.82432,-5.26402,7.5,Spring,0.0011,28,1
Red Kite,56.82432,-5.01918,7.5,Spring,0.0014,256,1
Red Kite,56.82432,-4.03983,7.5,Spring,0.1808,45,1
Red Kite,56.82432,-3.55015,7.5,Spring,0.0691,19,1
Red Kite,56.82432,-3.30531,7.5,Spring,0.0855,111,21
Red Kite,56.82432,-3.06047,7.5,Spring,0.1553,25,10
Red Kite,56.82432,-2.81564,7.5,Spring,0.1615,10,3
Red Kite,56.82432,-2.5708,7.5,Spring,0.1428,127,16
Red Kite,56.82432,-2.32596,7.5,Spring,0.1157,78,1
Red Kite,56.95946,-4.5295,7.5,Spring,0.0595,55,1
Red Kite,56.95946,-4.28466,7.5,Spring,0.122,91,2
Red Kite,56.95946,-3.55015,7.5,Spring,0.0691,57,2
Red Kite,56.95946,-3.30531,7.5,Spring,0.0855,107,11
Red Kite,56.95946,-3.06047,7.5,Spring,0.1536,23,2
Red Kite,56.95946,-2.81564,7.5,Spring,0.1601,10,3
Red Kite,56.95946,-2.5708,7.5,Spring,0.1445,21,3
Red Kite,56.95946,-2.32596,7.5,Spring,0.1226,74,3
Red Kite,57.09459,-4.28466,7.5,Spring,0.1456,5,2
Red Kite,57.09459,-4.03983,7.5,Spring,0.2027,709,39
Red Kite,57.09459,-3.79499,7.5,Spring,0.0429,375,1
Red Kite,57.09459,-3.55015,7.5,Spring,0.0629,433,2
Red Kite,57.09459,-3.30531,7.5,Spring,0.0835,78,16
Red Kite,57.09459,-3.06047,7.5,Spring,0.1587,69,10
Red Kite,57.09459,-2.81564,7.5,Spring,0.1643,188,26
Red Kite,57.09459,-2.5708,7.5,Spring,0.1512,64,10
Red Kite,57.09459,-2.32596,7.5,Spring,0.1375,89,23
Red Kite,57.09459,-2.08112,7.5,Spring,0.0019,1560,3
Red Kite,57.22973,-4.77434,7.5,Spring,0.0057,34,1
Red Kite,57.22973,-4.5295,7.5,Spring,0.0901,45,3
Red Kite,57.22973,-4.28466,7.5,Spring,0.1468,11,5
Red Kite,57.22973,-4.03983,7.5,Spring,0.1928,252,91
Red Kite,57.22973,-3.79499,7.5,Spring,0.0339,2240,37
Red Kite,57.22973,-3.55015,7.5,Spring,0.0514,560,37
Red Kite,57.22973,-3.30531,7.5,Spring,0.0498,123,5
Red Kite,57.22973,-2.81564,7.5,Spring,0.1094,24,4
Red Kite,57.22973,-2.5708,7.5,Spring,0.1061,20,3
Red Kite,57.22973,-2.32596,7.5,Spring,0.0872,52,5
Red Kite,57.22973,-2.08112,7.5,Spring,0.0017,488,5
Red Kite,57.36486,-4.77434,7.5,Spring,0.0194,86,4
Red Kite,57.36486,-4.5295,7.5,Spring,0.2797,272,26
Red Kite,57.36486,-4.28466,7.5,Spring,0.2673,333,58
Red Kite,57.36486,-4.03983,7.5,Spring,0.2569,118,36
Red Kite,57.36486,-3.79499,7.5,Spring,0.1257,407,82
Red Kite,57.36486,-3.55015,7.5,Spring,0.1423,445,48
Red Kite,57.36486,-3.30531,7.5,Spring,0.0143,43,2
Red Kite,57.36486,-2.5708,7.5,Spring,0.0131,25,1
Red Kite,57.36486,-2.08112,7.5,Spring,0.0016,274,1
Red Kite,57.36486,-1.83628,7.5,Spring,0.0017,69,1
Red Kite,57.5,-4.77434,7.5,Spring,0.0244,7,2
Red Kite,57.5,-4.5295,7.5,Spring,0.2915,192,54
Red Kite,57.5,-4.28466,7.5,Spring,0.267,915,66
Red Kite,57.5,-4.03983,7.5,Spring,0.242,691,50
Red Kite,57.5,-3.79499,7.5,Spring,0.0959,39,9
Red Kite,57.5,-3.55015,7.5,Spring,0.1064,26,5
Red Kite,57.5,-3.30531,7.5,Spring,0.0076,49,2
Red Kite,57.63514,-5.01918,7.5,Spring,0.0059,22,1
Red Kite,57.63514,-4.77434,7.5,Spring,0.0172,38,2
Red Kite,57.63514,-4.5295,7.5,Spring,0.2486,168,67
Red Kite,57.63514,-4.28466,7.5,Spring,0.2368,160,18
Red Kite,57.63514,-4.03983,7.5,Spring,0.2056,569,35
Red Kite,57.63514,-3.55015,7.5,Spring,0.0109,328,2
Red Kite,57.63514,-3.06047,7.5,Spring,0.0041,167,2
Red Kite,57.63514,-2.81564,7.5,Spring,0.0041,87,1
Red Kite,57.63514,-2.32596,7.5,Spring,0.005,147,1
Red Kite,57.77027,-5.01918,7.5,Spring,0.0066,49,4
Red Kite,57.77027,-4.28466,7.5,Spring,0.2459,40,10
Red Kite,57.77027,-4.03983,7.5,Spring,0.2363,201,37
Red Kite,57.77027,-3.79499,7.5,Spring,0.0208,199,8
Red Kite,57.77027,-3.30531,7.5,Spring,0.003,165,1
Red Kite,57.90541,-5.50885,7.5,Spring,0.001,117,1
Red Kite,57.90541,-5.26402,7.5,Spring,0.0012,130,1
Red Kite,57.90541,-4.5295,7.5,Spring,0.2383,18,1
Red Kite,57.90541,-4.28466,7.5,Spring,0.2309,115,8
Red Kite,57.90541,-4.03983,7.5,Spring,0.2297,326,46
Red Kite,58.04054,-4.5295,7.5,Spring,0.1803,61,4
Red Kite,58.04054,-4.28466,7.5,Spring,0.1699,55,9
Red Kite,58.04054,-4.03983,7.5,Spring,0.1853,61,5
Red Kite,58.04054,-3.79499,7.5,Spring,0.021,75,2
Red Kite,58.17568,-4.03983,7.5,Spring,0.0493,8,1
Red Kite,58.17568,-3.79499,7.5,Spring,0.0094,13,1
Red Kite,58.31081,-4.03983,7.5,Spring,0.0058,3,1
Red Kite,59.52703,-1.59145,7.5,Spring,0.0013,456,1
Red Kite,54.7973,-4.5295,7.5,Summer,0.0382,34,1
Red Kite,54.7973,-4.28466,7.5,Summer,0.0669,27,3
Red Kite,54.7973,-4.03983,7.5,Summer,0.161,46,8
Red Kite,54.7973,-3.79499,7.5,Summer,0.0979,22,4
Red Kite,54.93243,-5.01918,7.5,Summer,0.0013,74,1
Red Kite,54.93243,-4.5295,7.5,Summer,0.074,52,4
Red Kite,54.93243,-4.28466,7.5,Summer,0.148,35,12
Red Kite,54.93243,-4.03983,7.5,Summer,0.2686,106,51
Red Kite,54.93243,-3.79499,7.5,Summer,0.1724,76,7
Red Kite,54.93243,-3.55015,7.5,Summer,0.0073,171,2
Red Kite,55.06757,-4.5295,7.5,Summer,0.0752,44,3
Red Kite,55.06757,-4.28466,7.5,Summer,0.1454,16,3
Red Kite,55.06757,-4.03983,7.5,Summer,0.2706,63,30
Red Kite,55.06757,-3.79499,7.5,Summer,0.18,17,6
Red Kite,55.06757,-3.55015,7.5,Summer,0.0132,192,4
Red Kite,55.06757,-3.30531,7.5,Summer,0.0047,52,2
Red Kite,55.2027,-4.28466,7.5,Summer,0.1381,23,9
Red Kite,55.2027,-4.03983,7.5,Summer,0.2578,23,12
Red Kite,55.2027,-3.79499,7.5,Summer,0.1861,14,1
Red Kite,55.2027,-3.30531,7.5,Summer,0.0053,58,4
Red Kite,55.2027,-3.06047,7.5,Summer,0.0029,22,1
Red Kite,55.33784,-4.77434,7.5,Summer,0.0015,137,1
Red Kite,55.33784,-4.28466,7.5,Summer,0.0985,47,6
Red Kite,55.33784,-4.03983,7.5,Summer,0.2197,3,1
Red Kite,55.33784,-3.79499,7.5,Summer,0.1707,22,8
Red Kite,55.33784,-3.30531,7.5,Summer,0.0037,14,1
Red Kite,55.47297,-4.28466,7.5,Summer,0.0057,34,2
Red Kite,55.47297,-3.79499,7.5,Summer,0.018,96,41
Red Kite,55.47297,-3.55015,7.5,Summer,0.0056,88,3
Red Kite,55.60811,-4.5295,7.5,Summer,0.0022,27860,1
Red Kite,55.60811,-3.30531,7.5,Summer,0.0022,49,2
Red Kite,55.60811,-3.06047,7.5,Summer,0.0025,83,1
Red Kite,55.74324,-4.5295,7.5,Summer,0.0022,277,1
Red Kite,55.74324,-4.28466,7.5,Summer,0.0022,507,1
Red Kite,55.74324,-4.03983,7.5,Summer,0.0037,219,1
Red Kite,55.74324,-3.79499,7.5,Summer,0.0024,20,1
Red Kite,55.74324,-3.06047,7.5,Summer,0.0032,133,4
Red Kite,55.74324,-2.81564,7.5,Summer,0.003,18,1
Red Kite,55.74324,-2.5708,7.5,Summer,0.0083,14,1
Red Kite,55.87838,-3.30531,7.5,Summer,0.0013,1184,1
Red Kite,55.87838,-2.5708,7.5,Summer,0.0147,109,6
Red Kite,55.87838,-2.08112,7.5,Summer,0.0024,295,2
Red Kite,56.01351,-4.03983,7.5,Summer,0.0034,53,2
Red Kite,56.01351,-3.30531,7.5,Summer,0.001,2181,1
Red Kite,56.01351,-2.81564,7.5,Summer,0.0011,786,1
Red Kite,56.14865,-4.5295,7.5,Summer,0.0091,225,1
Red Kite,56.14865,-4.28466,7.5,Summer,0.0159,111,4
Red Kite,56.14865,-4.03983,7.5,Summer,0.0434,349,68
Red Kite,56.14865,-3.79499,7.5,Summer,0.0069,328,2
Red Kite,56.28378,-5.26402,7.5,Summer,0.0011,19,1
Red Kite,56.28378,-4.77434,7.5,Summer,0.0017,90,1
Red Kite,56.28378,-4.28466,7.5,Summer,0.0856,205,7
Red Kite,56.28378,-4.03983,7.5,Summer,0.1901,8,4
Red Kite,56.28378,-3.79499,7.5,Summer,0.0578,77,14
Red Kite,56.28378,-3.55015,7.5,Summer,0.0154,35,2
Red Kite,56.41892,-5.99853,7.5,Summer,0.0011,294,1
Red Kite,56.41892,-5.75369,7.5,Summer,0.0011,361,1
Red Kite,56.41892,-4.28466,7.5,Summer,0.0902,97,1
Red Kite,56.41892,-4.03983,7.5,Summer,0.1847,50,28
Red Kite,56.41892,-3.79499,7.5,Summer,0.0542,78,10
Red Kite,56.41892,-3.55015,7.5,Summer,0.0182,110,3
Red Kite,56.41892,-3.30531,7.5,Summer,0.0024,198,1
Red Kite,56.41892,-3.06047,7.5,Summer,0.0022,357,2
Red Kite,56.55405,-4.03983,7.5,Summer,0.1358,49,4
Red Kite,56.55405,-3.79499,7.5,Summer,0.045,45,3
Red Kite,56.55405,-3.55015,7.5,Summer,0.0328,287,10
Red Kite,56.55405,-3.30531,7.5,Summer,0.0116,47,1
Red Kite,56.55405,-3.06047,7.5,Summer,0.0144,31,1
Red Kite,56.68919,-3.79499,7.5,Summer,0.0295,268,3
Red Kite,56.68919,-3.55015,7.5,Summer,0.0439,12,1
Red Kite,56.68919,-3.30531,7.5,Summer,0.0561,40,5
Red Kite,56.68919,-3.06047,7.5,Summer,0.1175,142,20
Red Kite,56.68919,-2.81564,7.5,Summer,0.1197,56,6
Red Kite,56.82432,-5.01918,7.5,Summer,0.0014,276,4
Red Kite,56.82432,-3.30531,7.5,Summer,0.0616,104,7
Red Kite,56.82432,-3.06047,7.5,Summer,0.1286,27,12
Red Kite,56.82432,-2.81564,7.5,Summer,0.1347,11,2
Red Kite,56.82432,-2.5708,7.5,Summer,0.0853,78,3
Red Kite,56.95946,-4.28466,7.5,Summer,0.0666,75,2
Red Kite,56.95946,-3.55015,7.5,Summer,0.0428,70,2
Red Kite,56.95946,-3.30531,7.5,Summer,0.0617,105,7
Red Kite,56.95946,-2.81564,7.5,Summer,0.1343,64,22
Red Kite,56.95946,-2.5708,7.5,Summer,0.0889,21,3
Red Kite,56.95946,-2.32596,7.5,Summer,0.0557,53,2
Red Kite,56.95946,-2.08112,7.5,Summer,0.0019,272,3
Red Kite,57.09459,-4.77434,7.5,Summer,0.0029,136,2
Red Kite,57.09459,-4.5295,7.5,Summer,0.0599,16,2
Red Kite,57.09459,-4.03983,7.5,Summer,0.1321,526,13
Red Kite,57.09459,-3.30531,7.5,Summer,0.0592,90,11
Red Kite,57.09459,-3.06047,7.5,Summer,0.1214,80,12
Red Kite,57.09459,-2.81564,7.5,Summer,0.1317,84,6
Red Kite,57.09459,-2.5708,7.5,Summer,0.092,32,4
Red Kite,57.09459,-2.32596,7.5,Summer,0.0598,68,7
Red Kite,57.22973,-4.77434,7.5,Summer,0.006,35,1
Red Kite,57.22973,-4.5295,7.5,Summer,0.0709,77,1
Red Kite,57.22973,-4.28466,7.5,Summer,0.1096,4,3
Red Kite,57.22973,-4.03983,7.5,Summer,0.1431,133,63
Red Kite,57.22973,-3.79499,7.5,Summer,0.0214,1932,24
Red Kite,57.22973,-3.55015,7.5,Summer,0.0302,441,14
Red Kite,57.22973,-3.30531,7.5,Summer,0.0391,128,8
Red Kite,57.22973,-3.06047,7.5,Summer,0.0829,7,1
Red Kite,57.22973,-2.81564,7.5,Summer,0.096,22,2
Red Kite,57.22973,-2.5708,7.5,Summer,0.0741,23,3
Red Kite,57.22973,-2.32596,7.5,Summer,0.041,9,1
Red Kite,57.22973,-2.08112,7.5,Summer,0.0016,267,1
Red Kite,57.36486,-6.24337,7.5,Summer,0.001,292,2
Red Kite,57.36486,-4.77434,7.5,Summer,0.0155,58,4
Red Kite,57.36486,-4.5295,7.5,Summer,0.2405,222,19
Red Kite,57.36486,-4.28466,7.5,Summer,0.2368,264,49
Red Kite,57.36486,-4.03983,7.5,Summer,0.2204,86,19
Red Kite,57.36486,-3.79499,7.5,Summer,0.1058,308,67
Red Kite,57.36486,-3.55015,7.5,Summer,0.0821,381,14
Red Kite,57.36486,-3.30531,7.5,Summer,0.0099,71,1
Red Kite,57.36486,-2.81564,7.5,Summer,0.0104,7,1
Red Kite,57.36486,-2.5708,7.5,Summer,0.0095,84,1
Red Kite,57.5,-5.75369,7.5,Summer,0.001,62,1
Red Kite,57.5,-5.01918,7.5,Summer,0.0044,8,1
Red Kite,57.5,-4.77434,7.5,Summer,0.0228,6,2
Red Kite,57.5,-4.5295,7.5,Summer,0.2696,186,42
Red Kite,57.5,-4.28466,7.5,Summer,0.2446,814,70
Red Kite,57.5,-4.03983,7.5,Summer,0.2135,626,56
Red Kite,57.5,-3.79499,7.5,Summer,0.0666,60,3
Red Kite,57.5,-2.08112,7.5,Summer,0.0021,41,1
Red Kite,57.63514,-5.26402,7.5,Summer,0.0011,100,1
Red Kite,57.63514,-4.77434,7.5,Summer,0.0131,32,10
Red Kite,57.63514,-4.5295,7.5,Summer,0.2316,173,63
Red Kite,57.63514,-4.28466,7.5,Summer,0.2149,189,14
Red Kite,57.63514,-4.03983,7.5,Summer,0.1786,742,33
Red Kite,57.63514,-1.83628,7.5,Summer,0.0026,145,6
Red Kite,57.77027,-4.28466,7.5,Summer,0.2219,33,3
Red Kite,57.77027,-4.03983,7.5,Summer,0.199,134,16
Red Kite,57.77027,-3.79499,7.5,Summer,0.0228,180,5
Red Kite,57.77027,-3.30531,7.5,Summer,0.0032,140,1
Red Kite,57.90541,-4.77434,7.5,Summer,0.0069,11,1
Red Kite,57.90541,-4.5295,7.5,Summer,0.2226,28,2
Red Kite,57.90541,-4.28466,7.5,Summer,0.208,66,5
Red Kite,57.90541,-4.03983,7.5,Summer,0.195,246,30
Red Kite,57.90541,-3.79499,7.5,Summer,0.0263,52,1
Red Kite,58.04054,-4.5295,7.5,Summer,0.153,45,10
Red Kite,58.04054,-4.28466,7.5,Summer,0.143,26,4
Red Kite,58.04054,-4.03983,7.5,Summer,0.1559,57,8
Red Kite,58.04054,-3.79499,7.5,Summer,0.024,81,3
Red Kite,58.17568,-3.79499,7.5,Summer,0.0092,23,1
Red Kite,58.17568,-3.55015,7.5,Summer,0.0041,44,1
Red Kite,58.31081,-4.03983,7.5,Summer,0.0052,14,1
Red Kite,58.44595,-5.26402,7.5,Summer,0.0009,94,2
Red Kite,58.44595,-3.06047,7.5,Summer,0.0012,74,2
Red Kite,58.58108,-3.79499,7.5,Summer,0.002,34,1
Red Kite,54.7973,-4.5295,7.5,Winter,0.0572,47,15
Red Kite,54.7973,-4.28466,7.5,Winter,0.1409,16,3
Red Kite,54.7973,-4.03983,7.5,Winter,0.2455,10,4
Red Kite,54.7973,-3.79499,7.5,Winter,0.1763,14,4
Red Kite,54.93243,-4.5295,7.5,Winter,0.0753,25,2
Red Kite,54.93243,-4.28466,7.5,Winter,0.1963,45,18
Red Kite,54.93243,-4.03983,7.5,Winter,0.312,59,36
Red Kite,54.93243,-3.79499,7.5,Winter,0.2398,69,19
Red Kite,54.93243,-3.55015,7.5,Winter,0.0135,289,7
Red Kite,55.06757,-4.5295,7.5,Winter,0.0644,5,1
Red Kite,55.06757,-4.28466,7.5,Winter,0.177,8,2
Red Kite,55.06757,-4.03983,7.5,Winter,0.3046,37,27
Red Kite,55.06757,-3.79499,7.5,Winter,0.2403,26,5
Red Kite,55.06757,-3.55015,7.5,Winter,0.022,173,7
Red Kite,55.2027,-4.28466,7.5,Winter,0.1727,6,1
Red Kite,55.2027,-4.03983,7.5,Winter,0.2897,7,2
Red Kite,55.2027,-3.79499,7.5,Winter,0.2542,8,2
Red Kite,55.2027,-3.30531,7.5,Winter,0.0031,19,3
Red Kite,55.33784,-4.28466,7.5,Winter,0.1421,67,10
Red Kite,55.33784,-4.03983,7.5,Winter,0.2615,3,1
Red Kite,55.33784,-3.79499,7.5,Winter,0.2466,21,9
Red Kite,55.33784,-3.55015,7.5,Winter,0.021,23,3
Red Kite,55.47297,-4.28466,7.5,Winter,0.008,31,1
Red Kite,55.47297,-3.79499,7.5,Winter,0.0241,63,10
Red Kite,55.47297,-3.55015,7.5,Winter,0.0072,34,2
Red Kite,55.60811,-4.28466,7.5,Winter,0.0023,15,1
Red Kite,55.74324,-3.06047,7.5,Winter,0.0013,248,1
Red Kite,55.87838,-4.03983,7.5,Winter,0.0031,209,1
Red Kite,55.87838,-3.55015,7.5,Winter,0.0017,227,1
Red Kite,55.87838,-3.06047,7.5,Winter,0.0011,1773,2
Red Kite,55.87838,-2.81564,7.5,Winter,0.0014,163,3
Red Kite,55.87838,-2.5708,7.5,Winter,0.0027,32,1
Red Kite,56.01351,-4.77434,7.5,Winter,0.0011,80,1
Red Kite,56.01351,-4.03983,7.5,Winter,0.0035,24,1
Red Kite,56.01351,-3.30531,7.5,Winter,0.0009,2000,1
Red Kite,56.14865,-4.03983,7.5,Winter,0.0307,363,54
Red Kite,56.14865,-3.79499,7.5,Winter,0.0069,490,4
Red Kite,56.14865,-3.30531,7.5,Winter,0.0012,535,1
Red Kite,56.28378,-4.28466,7.5,Winter,0.1112,56,5
Red Kite,56.28378,-4.03983,7.5,Winter,0.2268,8,5
Red Kite,56.28378,-3.79499,7.5,Winter,0.0769,54,12
Red Kite,56.41892,-4.28466,7.5,Winter,0.13,48,5
Red Kite,56.41892,-4.03983,7.5,Winter,0.2347,50,19
Red Kite,56.41892,-3.79499,7.5,Winter,0.0807,27,9
Red Kite,56.41892,-3.06047,7.5,Winter,0.0021,316,1
Red Kite,56.55405,-4.28466,7.5,Winter,0.1125,36,1
Red Kite,56.55405,-3.79499,7.5,Winter,0.0684,15,1
Red Kite,56.55405,-3.55015,7.5,Winter,0.0324,81,5
Red Kite,56.68919,-3.79499,7.5,Winter,0.0494,70,1
Red Kite,56.68919,-3.55015,7.5,Winter,0.062,11,3
Red Kite,56.68919,-3.30531,7.5,Winter,0.0652,15,2
Red Kite,56.68919,-3.06047,7.5,Winter,0.1376,60,13
Red Kite,56.68919,-2.81564,7.5,Winter,0.1424,35,2
Red Kite,56.68919,-2.5708,7.5,Winter,0.1189,202,5
Red Kite,56.82432,-5.01918,7.5,Winter,0.0026,42,1
Red Kite,56.82432,-4.03983,7.5,Winter,0.1858,11,1
Red Kite,56.82432,-3.30531,7.5,Winter,0.0721,48,2
Red Kite,56.82432,-3.06047,7.5,Winter,0.1511,6,2
Red Kite,56.82432,-2.81564,7.5,Winter,0.1603,7,3
Red Kite,56.82432,-2.5708,7.5,Winter,0.157,130,16
Red Kite,56.82432,-2.32596,7.5,Winter,0.1016,83,1
Red Kite,56.95946,-4.28466,7.5,Winter,0.1139,10,2
Red Kite,56.95946,-3.30531,7.5,Winter,0.0724,33,2
Red Kite,56.95946,-2.5708,7.5,Winter,0.1574,2,2
Red Kite,57.09459,-5.99853,7.5,Winter,0.0012,8,1
Red Kite,57.09459,-4.03983,7.5,Winter,0.2108,301,35
Red Kite,57.09459,-3.30531,7.5,Winter,0.0717,25,6
Red Kite,57.09459,-3.06047,7.5,Winter,0.1511,15,3
Red Kite,57.09459,-2.81564,7.5,Winter,0.1616,32,4
Red Kite,57.09459,-2.5708,7.5,Winter,0.1634,33,6
Red Kite,57.09459,-2.32596,7.5,Winter,0.1234,110,23
Red Kite,57.09459,-2.08112,7.5,Winter,0.002,1022,1
Red Kite,57.22973,-4.5295,7.5,Winter,0.0977,11,1
Red Kite,57.22973,-4.28466,7.5,Winter,0.1531,3,3
Red Kite,57.22973,-4.03983,7.5,Winter,0.2136,69,37
Red Kite,57.22973,-3.79499,7.5,Winter,0.0362,583,5
Red Kite,57.22973,-3.55015,7.5,Winter,0.048,232,3
Red Kite,57.22973,-2.81564,7.5,Winter,0.1217,9,3
Red Kite,57.22973,-2.5708,7.5,Winter,0.1307,31,3
Red Kite,57.22973,-2.32596,7.5,Winter,0.0801,26,1
Red Kite,57.36486,-4.77434,7.5,Winter,0.024,10,2
Red Kite,57.36486,-4.5295,7.5,Winter,0.2731,125,14
Red Kite,57.36486,-4.28466,7.5,Winter,0.2758,66,24
Red Kite,57.36486,-4.03983,7.5,Winter,0.2647,35,15
Red Kite,57.36486,-3.79499,7.5,Winter,0.116,79,15
Red Kite,57.36486,-3.55015,7.5,Winter,0.0983,228,23
Red Kite,57.36486,-3.30531,7.5,Winter,0.0088,32,4
Red Kite,57.36486,-2.5708,7.5,Winter,0.0112,67,1
Red Kite,57.5,-4.77434,7.5,Winter,0.0316,1,1
Red Kite,57.5,-4.5295,7.5,Winter,0.2966,25,14
Red Kite,57.5,-4.28466,7.5,Winter,0.276,622,70
Red Kite,57.5,-4.03983,7.5,Winter,0.2538,511,80
Red Kite,57.5,-3.79499,7.5,Winter,0.0753,23,3
Red Kite,57.63514,-4.77434,7.5,Winter,0.0257,7,2
Red Kite,57.63514,-4.5295,7.5,Winter,0.256,66,35
Red Kite,57.63514,-4.28466,7.5,Winter,0.245,56,12
Red Kite,57.63514,-4.03983,7.5,Winter,0.2135,354,39
Red Kite,57.63514,-3.55015,7.5,Winter,0.0075,318,1
Red Kite,57.77027,-4.03983,7.5,Winter,0.2278,88,10
Red Kite,57.77027,-3.79499,7.5,Winter,0.018,153,6
Red Kite,57.90541,-4.5295,7.5,Winter,0.2065,10,2
Red Kite,57.90541,-4.28466,7.5,Winter,0.1967,43,1
Red Kite,57.90541,-4.03983,7.5,Winter,0.2044,192,27
Red Kite,58.31081,-3.79499,7.5,Winter,0.0044,9,2
Red Kite,59.93243,-1.34661,7.5,Winter,0.0009,905,1
Rock Ptarmigan,56.68919,-5.01918,7.5,Autumn,0.0008,142,1
Rock Ptarmigan,56.68919,-4.03983,7.5,Autumn,0.0006,22,3
Rock Ptarmigan,56.82432,-3.79499,7.5,Autumn,0.0047,22,1
Rock Ptarmigan,56.82432,-3.30531,7.5,Autumn,0.0013,52,9
Rock Ptarmigan,57.09459,-5.26402,7.5,Autumn,0.0052,2,1
Rock Ptarmigan,57.09459,-3.79499,7.5,Autumn,0.0051,105,5
Rock Ptarmigan,57.09459,-3.55015,7.5,Autumn,0.1648,58,14
Rock Ptarmigan,57.22973,-4.03983,7.5,Autumn,0.0009,90,1
Rock Ptarmigan,57.22973,-3.55015,7.5,Autumn,0.0017,169,1
Rock Ptarmigan,57.36486,-5.75369,7.5,Autumn,0.0008,43,7
Rock Ptarmigan,57.36486,-3.30531,7.5,Autumn,0.0005,10,1
Rock Ptarmigan,57.63514,-4.5295,7.5,Autumn,0.0003,83,1
Rock Ptarmigan,58.17568,-5.01918,7.5,Autumn,0.0006,4,1
Rock Ptarmigan,56.28378,-4.28466,7.5,Spring,0.0003,269,1
Rock Ptarmigan,56.41892,-4.5295,7.5,Spring,0.0004,40,1
Rock Ptarmigan,56.41892,-3.79499,7.5,Spring,0.0004,80,1
Rock Ptarmigan,56.55405,-3.55015,7.5,Spring,0.0003,294,1
Rock Ptarmigan,56.68919,-5.01918,7.5,Spring,0.0018,215,2
Rock Ptarmigan,56.68919,-4.77434,7.5,Spring,0.0015,29,1
Rock Ptarmigan,56.68919,-4.03983,7.5,Spring,0.0009,46,2
Rock Ptarmigan,56.82432,-5.01918,7.5,Spring,0.0326,256,2
Rock Ptarmigan,56.82432,-4.28466,7.5,Spring,0.0251,17,3
Rock Ptarmigan,56.82432,-3.79499,7.5,Spring,0.0152,59,1
Rock Ptarmigan,56.82432,-3.30531,7.5,Spring,0.0019,111,36
Rock Ptarmigan,56.95946,-5.01918,7.5,Spring,0.0615,46,1
Rock Ptarmigan,56.95946,-4.5295,7.5,Spring,0.0785,55,1
Rock Ptarmigan,56.95946,-4.28466,7.5,Spring,0.0487,91,2
Rock Ptarmigan,56.95946,-3.55015,7.5,Spring,0.1708,57,1
Rock Ptarmigan,56.95946,-3.30531,7.5,Spring,0.0035,107,1
Rock Ptarmigan,56.95946,-3.06047,7.5,Spring,0.0016,23,2
Rock Ptarmigan,57.09459,-5.26402,7.5,Spring,0.0131,10,1
Rock Ptarmigan,57.09459,-4.03983,7.5,Spring,0.0099,709,1
Rock Ptarmigan,57.09459,-3.79499,7.5,Spring,0.0119,375,28
Rock Ptarmigan,57.09459,-3.55015,7.5,Spring,0.1727,433,89
Rock Ptarmigan,57.09459,-3.06047,7.5,Spring,0.0013,69,1
Rock Ptarmigan,57.09459,-2.81564,7.5,Spring,0.0003,188,1
Rock Ptarmigan,57.22973,-5.26402,7.5,Spring,0.0329,5,1
Rock Ptarmigan,57.22973,-5.01918,7.5,Spring,0.0364,41,2
Rock Ptarmigan,57.22973,-3.55015,7.5,Spring,0.0027,560,3
Rock Ptarmigan,57.36486,-5.99853,7.5,Spring,0.0007,41,1
Rock Ptarmigan,57.36486,-5.75369,7.5,Spring,0.0009,69,6
Rock Ptarmigan,57.36486,-3.30531,7.5,Spring,0.0005,43,2
Rock Ptarmigan,57.5,-5.01918,7.5,Spring,0.0054,14,2
Rock Ptarmigan,57.63514,-5.50885,7.5,Spring,0.0007,19,1
Rock Ptarmigan,57.63514,-4.5295,7.5,Spring,0.0004,168,1
Rock Ptarmigan,57.77027,-4.5295,7.5,Spring,0.0004,3,1
Rock Ptarmigan,56.55405,-4.77434,7.5,Summer,0.0003,50,1
Rock Ptarmigan,56.68919,-5.01918,7.5,Summer,0.0008,304,1
Rock Ptarmigan,56.68919,-4.28466,7.5,Summer,0.0008,18,1
Rock Ptarmigan,56.68919,-4.03983,7.5,Summer,0.0006,50,1
Rock Ptarmigan,56.82432,-5.01918,7.5,Summer,0.0056,276,3
Rock Ptarmigan,56.82432,-3.79499,7.5,Summer,0.0052,56,1
Rock Ptarmigan,56.82432,-3.55015,7.5,Summer,0.0298,25,3
Rock Ptarmigan,56.82432,-3.30531,7.5,Summer,0.0016,104,27
Rock Ptarmigan,56.95946,-4.5295,7.5,Summer,0.016,28,1
Rock Ptarmigan,56.95946,-3.30531,7.5,Summer,0.003,105,1
Rock Ptarmigan,57.09459,-5.26402,7.5,Summer,0.0027,14,1
Rock Ptarmigan,57.09459,-4.5295,7.5,Summer,0.0074,16,1
Rock Ptarmigan,57.09459,-3.79499,7.5,Summer,0.0056,311,13
Rock Ptarmigan,57.09459,-3.55015,7.5,Summer,0.2283,315,50
Rock Ptarmigan,57.09459,-3.06047,7.5,Summer,0.0013,80,1
Rock Ptarmigan,57.36486,-5.75369,7.5,Summer,0.0006,65,5
Rock Ptarmigan,57.36486,-5.01918,7.5,Summer,0.0093,3,1
Rock Ptarmigan,57.5,-5.50885,7.5,Summer,0.0007,59,1
Rock Ptarmigan,57.63514,-4.77434,7.5,Summer,0.0008,32,1
Rock Ptarmigan,58.17568,-5.01918,7.5,Summer,0.0007,52,1
Rock Ptarmigan,56.14865,-4.5295,7.5,Winter,0.0003,46,1
Rock Ptarmigan,56.68919,-4.03983,7.5,Winter,0.0007,5,2
Rock Ptarmigan,56.82432,-4.77434,7.5,Winter,0.0077,7,2
Rock Ptarmigan,56.82432,-4.28466,7.5,Winter,0.006,2,1
Rock Ptarmigan,56.82432,-3.30531,7.5,Winter,0.0028,48,19
Rock Ptarmigan,56.95946,-4.5295,7.5,Winter,0.0191,15,2
Rock Ptarmigan,56.95946,-3.30531,7.5,Winter,0.0083,33,2
Rock Ptarmigan,57.09459,-3.79499,7.5,Winter,0.006,97,10
Rock Ptarmigan,57.09459,-3.55015,7.5,Winter,0.1668,126,25
Rock Ptarmigan,57.22973,-5.75369,7.5,Winter,0.0006,16,3
Rock Ptarmigan,57.36486,-5.75369,7.5,Winter,0.0006,11,1
Rock Ptarmigan,57.36486,-3.30531,7.5,Winter,0.0005,32,1
Rock Ptarmigan,57.5,-5.26402,7.5,Winter,0.0011,5,1
White-tailed Eagle,55.60811,-6.24337,7.5,Autumn,0.0504,96,7
White-tailed Eagle,55.60811,-5.75369,7.5,Autumn,0.0218,11,1
White-tailed Eagle,55.74324,-6.48821,7.5,Autumn,0.0308,54,3
White-tailed Eagle,55.74324,-6.24337,7.5,Autumn,0.0517,173,15
White-tailed Eagle,55.74324,-5.50885,7.5,Autumn,0.0177,28,1
White-tailed Eagle,55.87838,-6.24337,7.5,Autumn,0.0717,142,12
White-tailed Eagle,55.87838,-5.99853,7.5,Autumn,0.0611,20,3
White-tailed Eagle,55.87838,-5.26402,7.5,Autumn,0.0035,14,1
White-tailed Eagle,56.01351,-6.24337,7.5,Autumn,0.0801,25,1
White-tailed Eagle,56.01351,-5.75369,7.5,Autumn,0.062,10,1
White-tailed Eagle,56.01351,-5.50885,7.5,Autumn,0.0295,48,1
White-tailed Eagle,56.01351,-5.01918,7.5,Autumn,0.0017,72,3
White-tailed Eagle,56.14865,-6.24337,7.5,Autumn,0.0828,9,3
White-tailed Eagle,56.14865,-5.75369,7.5,Autumn,0.0678,3,2
White-tailed Eagle,56.14865,-5.50885,7.5,Autumn,0.0271,29,3
White-tailed Eagle,56.14865,-3.79499,7.5,Autumn,0.0006,274,1
White-tailed Eagle,56.28378,-6.48821,7.5,Autumn,0.0261,55,1
White-tailed Eagle,56.28378,-6.24337,7.5,Autumn,0.0605,22,2
White-tailed Eagle,56.28378,-4.28466,7.5,Autumn,0.0006,38,1
White-tailed Eagle,56.41892,-5.99853,7.5,Autumn,0.0911,72,22
White-tailed Eagle,56.41892,-5.75369,7.5,Autumn,0.082,123,26
White-tailed Eagle,56.41892,-5.50885,7.5,Autumn,0.0453,147,7
White-tailed Eagle,56.41892,-4.5295,7.5,Autumn,0.002,10,1
White-tailed Eagle,56.41892,-3.30531,7.5,Autumn,0.0026,131,1
White-tailed Eagle,56.41892,-2.81564,7.5,Autumn,0.0014,548,13
White-tailed Eagle,56.55405,-6.24337,7.5,Autumn,0.0937,64,9
White-tailed Eagle,56.55405,-5.99853,7.5,Autumn,0.102,81,18
White-tailed Eagle,56.55405,-5.75369,7.5,Autumn,0.0937,70,13
White-tailed Eagle,56.55405,-5.50885,7.5,Autumn,0.0477,22,1
White-tailed Eagle,56.55405,-4.77434,7.5,Autumn,0.0029,28,2
White-tailed Eagle,56.68919,-6.24337,7.5,Autumn,0.1104,44,10
White-tailed Eagle,56.68919,-5.99853,7.5,Autumn,0.1126,45,1
White-tailed Eagle,56.68919,-5.75369,7.5,Autumn,0.1042,30,3
White-tailed Eagle,56.68919,-5.50885,7.5,Autumn,0.0525,20,2
White-tailed Eagle,56.68919,-5.26402,7.5,Autumn,0.0136,49,1
White-tailed Eagle,56.68919,-4.77434,7.5,Autumn,0.0029,22,1
White-tailed Eagle,56.68919,-3.79499,7.5,Autumn,0.0033,146,1
White-tailed Eagle,56.68919,-3.06047,7.5,Autumn,0.0029,95,1
White-tailed Eagle,56.82432,-6.24337,7.5,Autumn,0.118,6,1
White-tailed Eagle,56.82432,-5.99853,7.5,Autumn,0.1213,2,1
White-tailed Eagle,56.82432,-5.75369,7.5,Autumn,0.1115,36,8
White-tailed Eagle,56.82432,-5.50885,7.5,Autumn,0.0594,63,3
White-tailed Eagle,56.82432,-5.26402,7.5,Autumn,0.0185,9,2
White-tailed Eagle,56.82432,-5.01918,7.5,Autumn,0.0035,127,1
White-tailed Eagle,56.82432,-3.30531,7.5,Autumn,0.0029,52,3
White-tailed Eagle,56.95946,-7.46756,7.5,Autumn,0.0822,26,3
White-tailed Eagle,56.95946,-6.24337,7.5,Autumn,0.1166,68,3
White-tailed Eagle,56.95946,-5.75369,7.5,Autumn,0.11,105,11
White-tailed Eagle,56.95946,-5.50885,7.5,Autumn,0.0583,2,1
White-tailed Eagle,56.95946,-3.55015,7.5,Autumn,0.0044,22,4
White-tailed Eagle,56.95946,-3.30531,7.5,Autumn,0.0037,46,4
White-tailed Eagle,57.09459,-7.46756,7.5,Autumn,0.0841,14,3
White-tailed Eagle,57.09459,-7.22272,7.5,Autumn,0.1244,13,2
White-tailed Eagle,57.09459,-6.48821,7.5,Autumn,0.1223,1,1
White-tailed Eagle,57.09459,-6.24337,7.5,Autumn,0.1177,5,1
White-tailed Eagle,57.09459,-5.99853,7.5,Autumn,0.1194,37,7
White-tailed Eagle,57.09459,-5.75369,7.5,Autumn,0.1094,33,2
White-tailed Eagle,57.09459,-4.03983,7.5,Autumn,0.0071,242,9
White-tailed Eagle,57.22973,-7.46756,7.5,Autumn,0.0831,56,6
White-tailed Eagle,57.22973,-7.22272,7.5,Autumn,0.1229,11,1
White-tailed Eagle,57.22973,-6.48821,7.5,Autumn,0.1209,5,2
White-tailed Eagle,57.22973,-6.24337,7.5,Autumn,0.1163,53,2
White-tailed Eagle,57.22973,-5.99853,7.5,Autumn,0.1185,170,7
White-tailed Eagle,57.22973,-5.75369,7.5,Autumn,0.108,61,6
White-tailed Eagle,57.22973,-5.50885,7.5,Autumn,0.0578,94,1
White-tailed Eagle,57.22973,-5.01918,7.5,Autumn,0.0041,6,1
White-tailed Eagle,57.22973,-4.28466,7.5,Autumn,0.0062,2,1
White-tailed Eagle,57.22973,-4.03983,7.5,Autumn,0.0081,90,9
White-tailed Eagle,57.22973,-3.79499,7.5,Autumn,0.0049,655,4
White-tailed Eagle,57.22973,-3.30531,7.5,Autumn,0.0033,35,1
White-tailed Eagle,57.36486,-7.46756,7.5,Autumn,0.0836,73,16
White-tailed Eagle,57.36486,-7.22272,7.5,Autumn,0.1229,22,3
White-tailed Eagle,57.36486,-6.73304,7.5,Autumn,0.12,40,4
White-tailed Eagle,57.36486,-6.48821,7.5,Autumn,0.1212,31,2
White-tailed Eagle,57.36486,-6.24337,7.5,Autumn,0.1166,155,21
White-tailed Eagle,57.36486,-5.99853,7.5,Autumn,0.1183,26,1
White-tailed Eagle,57.36486,-5.75369,7.5,Autumn,0.1083,43,2
White-tailed Eagle,57.36486,-5.50885,7.5,Autumn,0.0574,30,1
White-tailed Eagle,57.36486,-4.03983,7.5,Autumn,0.0045,23,1
White-tailed Eagle,57.36486,-3.79499,7.5,Autumn,0.0044,98,4
White-tailed Eagle,57.36486,-3.55015,7.5,Autumn,0.0028,167,1
White-tailed Eagle,57.5,-7.46756,7.5,Autumn,0.0826,50,9
White-tailed Eagle,57.5,-6.73304,7.5,Autumn,0.1183,244,27
White-tailed Eagle,57.5,-6.48821,7.5,Autumn,0.1198,64,2
White-tailed Eagle,57.5,-6.24337,7.5,Autumn,0.1147,77,13
White-tailed Eagle,57.5,-5.99853,7.5,Autumn,0.1166,2,2
White-tailed Eagle,57.5,-5.75369,7.5,Autumn,0.1073,50,12
White-tailed Eagle,57.5,-5.50885,7.5,Autumn,0.0566,11,1
White-tailed Eagle,57.5,-5.26402,7.5,Autumn,0.0169,3,1
White-tailed Eagle,57.5,-4.28466,7.5,Autumn,0.0013,562,1
White-tailed Eagle,57.5,-3.79499,7.5,Autumn,0.0023,17,2
White-tailed Eagle,57.63514,-7.46756,7.5,Autumn,0.0839,72,9
White-tailed Eagle,57.63514,-7.22272,7.5,Autumn,0.124,32,5
White-tailed Eagle,57.63514,-6.48821,7.5,Autumn,0.122,42,3
White-tailed Eagle,57.63514,-6.24337,7.5,Autumn,0.1168,184,12
White-tailed Eagle,57.63514,-5.26402,7.5,Autumn,0.0174,23,1
White-tailed Eagle,57.63514,-4.03983,7.5,Autumn,0.0023,581,3
White-tailed Eagle,57.63514,-3.55015,7.5,Autumn,0.0017,283,1
White-tailed Eagle,57.77027,-7.22272,7.5,Autumn,0.1197,18,2
White-tailed Eagle,57.77027,-6.97788,7.5,Autumn,0.1114,28,5
White-tailed Eagle,57.77027,-6.73304,7.5,Autumn,0.1168,6,1
White-tailed Eagle,57.77027,-5.75369,7.5,Autumn,0.1039,55,4
White-tailed Eagle,57.77027,-5.50885,7.5,Autumn,0.0577,25,1
White-tailed Eagle,57.77027,-5.01918,7.5,Autumn,0.0036,22,1
White-tailed Eagle,57.77027,-4.03983,7.5,Autumn,0.0032,104,1
White-tailed Eagle,57.77027,-3.79499,7.5,Autumn,0.0033,172,1
White-tailed Eagle,57.90541,-6.97788,7.5,Autumn,0.1035,32,2
White-tailed Eagle,57.90541,-6.24337,7.5,Autumn,0.1053,5,1
White-tailed Eagle,57.90541,-5.75369,7.5,Autumn,0.0834,13,4
White-tailed Eagle,57.90541,-5.50885,7.5,Autumn,0.0398,58,8
White-tailed Eagle,57.90541,-5.26402,7.5,Autumn,0.0075,101,6
White-tailed Eagle,57.90541,-5.01918,7.5,Autumn,0.0034,5,2
White-tailed Eagle,57.90541,-4.03983,7.5,Autumn,0.0031,167,1
White-tailed Eagle,58.04054,-6.97788,7.5,Autumn,0.1071,8,2
White-tailed Eagle,58.04054,-6.73304,7.5,Autumn,0.1119,12,7
White-tailed Eagle,58.04054,-6.48821,7.5,Autumn,0.1133,5,3
White-tailed Eagle,58.04054,-5.01918,7.5,Autumn,0.0033,5,1
White-tailed Eagle,58.04054,-4.03983,7.5,Autumn,0.0032,14,1
White-tailed Eagle,58.17568,-7.22272,7.5,Autumn,0.116,4,1
White-tailed Eagle,58.17568,-6.97788,7.5,Autumn,0.1092,67,6
White-tailed Eagle,58.17568,-6.73304,7.5,Autumn,0.114,14,2
White-tailed Eagle,58.17568,-6.48821,7.5,Autumn,0.1154,64,3
White-tailed Eagle,58.17568,-5.26402,7.5,Autumn,0.0064,50,2
White-tailed Eagle,58.17568,-3.55015,7.5,Autumn,0.002,13,1
White-tailed Eagle,58.31081,-6.97788,7.5,Autumn,0.0897,8,1
White-tailed Eagle,58.31081,-6.73304,7.5,Autumn,0.0951,87,3
White-tailed Eagle,58.31081,-6.48821,7.5,Autumn,0.098,22,3
White-tailed Eagle,58.31081,-6.24337,7.5,Autumn,0.0943,117,8
White-tailed Eagle,58.31081,-4.03983,7.5,Autumn,0.0041,4,1
White-tailed Eagle,58.31081,-3.79499,7.5,Autumn,0.0043,14,1
White-tailed Eagle,58.44595,-6.48821,7.5,Autumn,0.095,12,1
White-tailed Eagle,58.44595,-6.24337,7.5,Autumn,0.0921,109,9
White-tailed Eagle,58.58108,-4.77434,7.5,Autumn,0.0013,66,1
White-tailed Eagle,58.58108,-4.03983,7.5,Autumn,0.0016,21,2
White-tailed Eagle,58.58108,-3.55015,7.5,Autumn,0.0011,31,1
White-tailed Eagle,58.85135,-3.06047,7.5,Autumn,0.0007,54,1
White-tailed Eagle,59.52703,-1.59145,7.5,Autumn,0.0005,323,1
White-tailed Eagle,59.93243,-1.34661,7.5,Autumn,0.0006,2628,3
White-tailed Eagle,60.06757,-1.34661,7.5,Autumn,0.0005,907,1
White-tailed Eagle,55.60811,-6.24337,7.5,Summer,0.0598,83,3
White-tailed Eagle,55.60811,-5.50885,7.5,Summer,0.0374,12,1
White-tailed Eagle,55.74324,-6.48821,7.5,Summer,0.0191,38,1
White-tailed Eagle,55.74324,-6.24337,7.5,Summer,0.0402,63,1
White-tailed Eagle,55.74324,-5.75369,7.5,Summer,0.0312,17,1
White-tailed Eagle,55.87838,-6.24337,7.5,Summer,0.0394,94,2
White-tailed Eagle,55.87838,-5.50885,7.5,Summer,0.023,48,3
White-tailed Eagle,56.01351,-5.50885,7.5,Summer,0.0237,37,1
White-tailed Eagle,56.14865,-5.75369,7.5,Summer,0.0372,5,1
White-tailed Eagle,56.14865,-5.50885,7.5,Summer,0.0196,74,3
White-tailed Eagle,56.28378,-6.24337,7.5,Summer,0.0337,89,5
White-tailed Eagle,56.28378,-5.75369,7.5,Summer,0.0295,34,1
White-tailed Eagle,56.28378,-5.50885,7.5,Summer,0.0148,51,1
White-tailed Eagle,56.41892,-6.24337,7.5,Summer,0.0607,224,4
White-tailed Eagle,56.41892,-5.99853,7.5,Summer,0.0726,294,30
White-tailed Eagle,56.41892,-5.75369,7.5,Summer,0.0638,361,12
White-tailed Eagle,56.41892,-5.50885,7.5,Summer,0.0145,433,5
White-tailed Eagle,56.41892,-4.5295,7.5,Summer,0.0014,45,1
White-tailed Eagle,56.55405,-6.24337,7.5,Summer,0.0892,192,17
White-tailed Eagle,56.55405,-5.99853,7.5,Summer,0.1006,274,18
White-tailed Eagle,56.55405,-5.75369,7.5,Summer,0.0825,81,6
White-tailed Eagle,56.55405,-5.50885,7.5,Summer,0.0183,37,1
White-tailed Eagle,56.55405,-4.28466,7.5,Summer,0.0033,36,1
White-tailed Eagle,56.55405,-4.03983,7.5,Summer,0.0029,49,1
White-tailed Eagle,56.68919,-6.48821,7.5,Summer,0.0653,30,1
White-tailed Eagle,56.68919,-6.24337,7.5,Summer,0.0872,70,2
White-tailed Eagle,56.68919,-5.99853,7.5,Summer,0.0936,168,14
White-tailed Eagle,56.68919,-5.75369,7.5,Summer,0.0784,30,1
White-tailed Eagle,56.82432,-5.75369,7.5,Summer,0.0545,93,4
White-tailed Eagle,56.82432,-5.26402,7.5,Summer,0.0022,33,4
White-tailed Eagle,56.82432,-3.30531,7.5,Summer,0.0008,104,4
White-tailed Eagle,56.95946,-5.75369,7.5,Summer,0.055,122,1
White-tailed Eagle,57.09459,-7.46756,7.5,Summer,0.0302,86,4
White-tailed Eagle,57.09459,-5.99853,7.5,Summer,0.0821,105,4
White-tailed Eagle,57.09459,-3.55015,7.5,Summer,0.0009,315,2
White-tailed Eagle,57.22973,-7.46756,7.5,Summer,0.0349,112,2
White-tailed Eagle,57.22973,-6.48821,7.5,Summer,0.0838,21,2
White-tailed Eagle,57.22973,-6.24337,7.5,Summer,0.0841,148,5
White-tailed Eagle,57.22973,-5.75369,7.5,Summer,0.0695,148,1
White-tailed Eagle,57.22973,-4.5295,7.5,Summer,0.0012,77,1
White-tailed Eagle,57.22973,-4.03983,7.5,Summer,0.0014,133,4
White-tailed Eagle,57.22973,-3.79499,7.5,Summer,0.0009,1932,3
White-tailed Eagle,57.36486,-7.46756,7.5,Summer,0.0383,123,5
White-tailed Eagle,57.36486,-7.22272,7.5,Summer,0.0906,80,5
White-tailed Eagle,57.36486,-6.73304,7.5,Summer,0.0942,94,1
White-tailed Eagle,57.36486,-6.48821,7.5,Summer,0.0939,93,9
White-tailed Eagle,57.36486,-6.24337,7.5,Summer,0.0923,292,14
White-tailed Eagle,57.36486,-5.99853,7.5,Summer,0.0927,33,3
White-tailed Eagle,57.36486,-5.50885,7.5,Summer,0.0195,51,1
White-tailed Eagle,57.36486,-3.79499,7.5,Summer,0.0011,308,2
White-tailed Eagle,57.5,-7.46756,7.5,Summer,0.039,165,2
White-tailed Eagle,57.5,-7.22272,7.5,Summer,0.0886,111,1
White-tailed Eagle,57.5,-6.73304,7.5,Summer,0.0928,402,14
White-tailed Eagle,57.5,-6.48821,7.5,Summer,0.0924,157,3
White-tailed Eagle,57.5,-6.24337,7.5,Summer,0.091,189,7
White-tailed Eagle,57.5,-5.75369,7.5,Summer,0.0813,62,6
White-tailed Eagle,57.63514,-7.46756,7.5,Summer,0.0407,350,5
White-tailed Eagle,57.63514,-7.22272,7.5,Summer,0.0875,116,1
White-tailed Eagle,57.63514,-6.73304,7.5,Summer,0.0916,13,1
White-tailed Eagle,57.63514,-6.48821,7.5,Summer,0.0911,167,1
White-tailed Eagle,57.63514,-6.24337,7.5,Summer,0.0893,443,8
White-tailed Eagle,57.63514,-5.75369,7.5,Summer,0.0808,46,2
White-tailed Eagle,57.63514,-5.26402,7.5,Summer,0.005,100,1
White-tailed Eagle,57.63514,-5.01918,7.5,Summer,0.001,27,1
White-tailed Eagle,57.77027,-7.22272,7.5,Summer,0.0872,64,1
White-tailed Eagle,57.77027,-6.97788,7.5,Summer,0.0919,108,5
White-tailed Eagle,57.77027,-6.73304,7.5,Summer,0.0919,13,1
White-tailed Eagle,57.77027,-5.75369,7.5,Summer,0.0804,159,5
White-tailed Eagle,57.77027,-5.50885,7.5,Summer,0.0236,82,5
White-tailed Eagle,57.77027,-5.01918,7.5,Summer,0.001,41,2
White-tailed Eagle,57.90541,-6.73304,7.5,Summer,0.0884,63,2
White-tailed Eagle,57.90541,-5.50885,7.5,Summer,0.0198,122,3
White-tailed Eagle,57.90541,-5.26402,7.5,Summer,0.0032,175,1
White-tailed Eagle,57.90541,-4.5295,7.5,Summer,0.0009,28,1
White-tailed Eagle,57.90541,-4.28466,7.5,Summer,0.0009,66,1
White-tailed Eagle,58.04054,-6.97788,7.5,Summer,0.0908,28,1
White-tailed Eagle,58.04054,-6.48821,7.5,Summer,0.0903,51,3
White-tailed Eagle,58.17568,-6.97788,7.5,Summer,0.0912,82,4
White-tailed Eagle,58.17568,-6.24337,7.5,Summer,0.0841,101,2
White-tailed Eagle,58.31081,-6.97788,7.5,Summer,0.0918,11,1
White-tailed Eagle,58.31081,-6.73304,7.5,Summer,0.0921,126,3
White-tailed Eagle,58.31081,-6.48821,7.5,Summer,0.0913,64,4
White-tailed Eagle,58.31081,-6.24337,7.5,Summer,0.0819,163,5
White-tailed Eagle,58.44595,-6.48821,7.5,Summer,0.002,19,1
White-tailed Eagle,58.44595,-5.26402,7.5,Summer,0.0012,94,1
White-tailed Eagle,58.58108,-5.01918,7.5,Summer,0.0009,8,1
White-tailed Eagle,58.98649,-3.06047,7.5,Summer,0.0005,416,1
White-tailed Eagle,59.12162,-3.30531,7.5,Summer,0.0006,447,1
White-tailed Eagle,55.47297,-5.75369,7.5,Winter,0.0043,36,1
White-tailed Eagle,55.60811,-6.24337,7.5,Winter,0.0603,95,6
White-tailed Eagle,55.60811,-5.75369,7.5,Winter,0.0335,25,2
White-tailed Eagle,55.74324,-6.48821,7.5,Winter,0.0185,93,3
White-tailed Eagle,55.74324,-6.24337,7.5,Winter,0.0286,265,3
White-tailed Eagle,55.74324,-5.50885,7.5,Winter,0.011,43,3
White-tailed Eagle,55.74324,-5.01918,7.5,Winter,0.0009,103,6
White-tailed Eagle,55.87838,-6.48821,7.5,Winter,0.028,23,3
White-tailed Eagle,55.87838,-6.24337,7.5,Winter,0.0451,204,19
White-tailed Eagle,56.01351,-5.50885,7.5,Winter,0.0258,25,1
White-tailed Eagle,56.01351,-5.26402,7.5,Winter,0.0089,33,1
White-tailed Eagle,56.01351,-5.01918,7.5,Winter,0.0017,105,3
White-tailed Eagle,56.14865,-3.30531,7.5,Winter,0.0006,535,2
White-tailed Eagle,56.41892,-5.75369,7.5,Winter,0.0716,18,4
White-tailed Eagle,56.41892,-5.50885,7.5,Winter,0.046,66,3
White-tailed Eagle,56.41892,-5.26402,7.5,Winter,0.0165,12,1
White-tailed Eagle,56.41892,-2.81564,7.5,Winter,0.0029,524,6
White-tailed Eagle,56.55405,-6.24337,7.5,Winter,0.0759,25,6
White-tailed Eagle,56.55405,-5.99853,7.5,Winter,0.0742,9,1
White-tailed Eagle,56.55405,-5.75369,7.5,Winter,0.074,4,1
White-tailed Eagle,56.55405,-4.28466,7.5,Winter,0.005,36,1
White-tailed Eagle,56.55405,-2.81564,7.5,Winter,0.003,28,2
White-tailed Eagle,56.68919,-6.24337,7.5,Winter,0.0812,13,1
White-tailed Eagle,56.68919,-5.75369,7.5,Winter,0.0804,16,4
White-tailed Eagle,56.82432,-5.75369,7.5,Winter,0.0712,29,9
White-tailed Eagle,56.95946,-6.24337,7.5,Winter,0.0759,45,3
White-tailed Eagle,56.95946,-3.55015,7.5,Winter,0.0052,11,1
White-tailed Eagle,57.09459,-5.75369,7.5,Winter,0.0803,11,3
White-tailed Eagle,57.09459,-4.03983,7.5,Winter,0.0145,301,10
White-tailed Eagle,57.09459,-3.30531,7.5,Winter,0.0068,25,2
White-tailed Eagle,57.22973,-7.46756,7.5,Winter,0.0513,35,6
White-tailed Eagle,57.22973,-5.99853,7.5,Winter,0.078,81,2
White-tailed Eagle,57.22973,-5.75369,7.5,Winter,0.0805,16,3
White-tailed Eagle,57.22973,-4.03983,7.5,Winter,0.0115,69,4
White-tailed Eagle,57.22973,-3.79499,7.5,Winter,0.0039,583,1
White-tailed Eagle,57.22973,-3.55015,7.5,Winter,0.0038,232,3
White-tailed Eagle,57.36486,-7.46756,7.5,Winter,0.0503,8,3
White-tailed Eagle,57.36486,-6.24337,7.5,Winter,0.0828,51,2
White-tailed Eagle,57.36486,-4.28466,7.5,Winter,0.0054,66,1
White-tailed Eagle,57.36486,-4.03983,7.5,Winter,0.0062,35,1
White-tailed Eagle,57.36486,-3.79499,7.5,Winter,0.003,79,1
White-tailed Eagle,57.36486,-3.30531,7.5,Winter,0.0025,32,1
White-tailed Eagle,57.5,-7.22272,7.5,Winter,0.0541,1,1
White-tailed Eagle,57.5,-6.73304,7.5,Winter,0.0539,244,15
White-tailed Eagle,57.5,-6.48821,7.5,Winter,0.0768,32,3
White-tailed Eagle,57.5,-6.24337,7.5,Winter,0.0826,24,3
White-tailed Eagle,57.5,-5.75369,7.5,Winter,0.0748,7,1
White-tailed Eagle,57.5,-4.5295,7.5,Winter,0.002,25,1
White-tailed Eagle,57.5,-4.03983,7.5,Winter,0.0022,511,1
White-tailed Eagle,57.63514,-7.46756,7.5,Winter,0.0449,7,1
White-tailed Eagle,57.63514,-6.24337,7.5,Winter,0.0836,95,11
White-tailed Eagle,57.63514,-4.28466,7.5,Winter,0.0028,56,1
White-tailed Eagle,57.63514,-4.03983,7.5,Winter,0.0029,354,2
White-tailed Eagle,57.77027,-7.22272,7.5,Winter,0.0523,6,1
White-tailed Eagle,57.77027,-5.75369,7.5,Winter,0.0727,31,1
White-tailed Eagle,57.77027,-5.50885,7.5,Winter,0.0506,19,3
White-tailed Eagle,57.90541,-6.73304,7.5,Winter,0.0428,1,1
White-tailed Eagle,57.90541,-5.50885,7.5,Winter,0.0296,41,4
White-tailed Eagle,57.90541,-5.26402,7.5,Winter,0.0102,35,4
White-tailed Eagle,58.04054,-6.48821,7.5,Winter,0.0689,8,1
White-tailed Eagle,58.17568,-6.48821,7.5,Winter,0.0706,51,1
White-tailed Eagle,58.17568,-6.24337,7.5,Winter,0.0658,54,3
White-tailed Eagle,58.31081,-6.97788,7.5,Winter,0.0407,1,1
White-tailed Eagle,58.31081,-6.73304,7.5,Winter,0.0401,11,2
White-tailed Eagle,58.31081,-6.24337,7.5,Winter,0.0544,53,2
White-tailed Eagle,58.58108,-4.77434,7.5,Winter,0.003,27,1
White-tailed Eagle,58.58108,-3.79499,7.5,Winter,0.0017,15,1
White-tailed Eagle,60.06757,-1.34661,7.5,Winter,0.0005,290,1
