species,lat_centre,lon_centre,cell_radius_km,season,likelihood_score,sample_checklists,detections
Arctic Tern,54.7973,-5.01918,7.5,Autumn,0.0044,38,1
Arctic Tern,55.06757,-5.26402,7.5,Autumn,0.0033,16,1
Arctic Tern,55.47297,-4.77434,7.5,Autumn,0.0037,581,1
Arctic Tern,55.60811,-6.24337,7.5,Autumn,0.0025,96,1
Arctic Tern,55.60811,-4.77434,7.5,Autumn,0.0026,3758,12
Arctic Tern,55.74324,-4.03983,7.5,Autumn,0.0021,208,1
Arctic Tern,55.87838,-3.06047,7.5,Autumn,0.0026,1429,2
Arctic Tern,55.87838,-2.32596,7.5,Autumn,0.0036,105,2
Arctic Tern,55.87838,-2.08112,7.5,Autumn,0.0052,169,6
Arctic Tern,56.01351,-5.50885,7.5,Autumn,0.0034,48,2
Arctic Tern,56.01351,-3.79499,7.5,Autumn,0.0028,285,2
Arctic Tern,56.01351,-3.55015,7.5,Autumn,0.0033,300,3
Arctic Tern,56.01351,-3.30531,7.5,Autumn,0.0051,1675,15
Arctic Tern,56.01351,-3.06047,7.5,Autumn,0.0049,1856,23
Arctic Tern,56.01351,-2.81564,7.5,Autumn,0.0045,652,2
Arctic Tern,56.01351,-2.5708,7.5,Autumn,0.0056,447,5
Arctic Tern,56.01351,-2.32596,7.5,Autumn,0.0058,379,7
Arctic Tern,56.14865,-3.30531,7.5,Autumn,0.0031,374,1
Arctic Tern,56.28378,-2.81564,7.5,Autumn,0.0057,885,5
Arctic Tern,56.28378,-2.5708,7.5,Autumn,0.0157,604,29
Arctic Tern,56.41892,-6.97788,7.5,Autumn,0.0038,2,1
Arctic Tern,56.41892,-5.99853,7.5,Autumn,0.0035,72,1
Arctic Tern,56.41892,-5.75369,7.5,Autumn,0.0048,123,2
Arctic Tern,56.41892,-5.50885,7.5,Autumn,0.0033,147,1
Arctic Tern,56.41892,-3.30531,7.5,Autumn,0.0032,131,2
Arctic Tern,56.41892,-2.81564,7.5,Autumn,0.0092,548,6
Arctic Tern,56.55405,-5.50885,7.5,Autumn,0.0032,22,1
Arctic Tern,56.55405,-2.81564,7.5,Autumn,0.0084,26,1
Arctic Tern,56.55405,-2.5708,7.5,Autumn,0.0176,60,3
Arctic Tern,56.68919,-2.5708,7.5,Autumn,0.014,265,8
Arctic Tern,56.68919,-2.32596,7.5,Autumn,0.0103,26,11
Arctic Tern,56.82432,-2.32596,7.5,Autumn,0.0059,51,2
Arctic Tern,56.95946,-7.46756,7.5,Autumn,0.0043,26,2
Arctic Tern,57.09459,-5.75369,7.5,Autumn,0.0046,33,2
Arctic Tern,57.09459,-2.08112,7.5,Autumn,0.0073,1071,28
Arctic Tern,57.22973,-7.46756,7.5,Autumn,0.0042,56,1
Arctic Tern,57.22973,-5.99853,7.5,Autumn,0.0035,170,4
Arctic Tern,57.22973,-2.08112,7.5,Autumn,0.0084,282,4
Arctic Tern,57.36486,-5.75369,7.5,Autumn,0.0047,43,3
Arctic Tern,57.36486,-2.08112,7.5,Autumn,0.0063,200,2
Arctic Tern,57.36486,-1.83628,7.5,Autumn,0.0098,66,1
Arctic Tern,57.5,-1.83628,7.5,Autumn,0.0119,45,5
Arctic Tern,57.63514,-7.46756,7.5,Autumn,0.0036,72,1
Arctic Tern,57.63514,-4.28466,7.5,Autumn,0.0031,93,1
Arctic Tern,57.63514,-4.03983,7.5,Autumn,0.007,581,14
Arctic Tern,57.63514,-3.79499,7.5,Autumn,0.0057,202,2
Arctic Tern,57.63514,-3.55015,7.5,Autumn,0.0055,283,3
Arctic Tern,57.63514,-3.06047,7.5,Autumn,0.0052,109,2
Arctic Tern,57.63514,-2.32596,7.5,Autumn,0.0049,32,1
Arctic Tern,57.63514,-2.08112,7.5,Autumn,0.0056,39,1
Arctic Tern,57.63514,-1.83628,7.5,Autumn,0.0086,165,2
Arctic Tern,57.77027,-4.03983,7.5,Autumn,0.0078,104,2
Arctic Tern,57.77027,-3.79499,7.5,Autumn,0.0076,172,1
Arctic Tern,57.77027,-3.55015,7.5,Autumn,0.008,162,1
Arctic Tern,57.77027,-3.30531,7.5,Autumn,0.008,202,2
Arctic Tern,57.90541,-4.03983,7.5,Autumn,0.0077,167,1
Arctic Tern,57.90541,-3.79499,7.5,Autumn,0.008,76,4
Arctic Tern,58.04054,-3.79499,7.5,Autumn,0.0103,34,3
Arctic Tern,58.17568,-6.97788,7.5,Autumn,0.0045,67,1
Arctic Tern,58.17568,-6.73304,7.5,Autumn,0.0047,14,1
Arctic Tern,58.17568,-6.24337,7.5,Autumn,0.0059,72,2
Arctic Tern,58.17568,-3.55015,7.5,Autumn,0.0117,13,3
Arctic Tern,58.31081,-6.73304,7.5,Autumn,0.0069,87,3
Arctic Tern,58.31081,-6.24337,7.5,Autumn,0.01,117,11
Arctic Tern,58.44595,-6.24337,7.5,Autumn,0.0084,109,2
Arctic Tern,58.44595,-3.06047,7.5,Autumn,0.0069,54,2
Arctic Tern,58.58108,-6.24337,7.5,Autumn,0.0106,58,4
Arctic Tern,58.58108,-4.77434,7.5,Autumn,0.0076,66,3
Arctic Tern,58.58108,-4.03983,7.5,Autumn,0.008,21,1
Arctic Tern,58.58108,-3.55015,7.5,Autumn,0.0086,31,1
Arctic Tern,58.71622,-3.06047,7.5,Autumn,0.0073,35,2
Arctic Tern,58.85135,-3.06047,7.5,Autumn,0.0089,54,1
Arctic Tern,58.85135,-2.81564,7.5,Autumn,0.0176,100,8
Arctic Tern,58.98649,-3.30531,7.5,Autumn,0.0071,157,2
Arctic Tern,58.98649,-3.06047,7.5,Autumn,0.0062,134,1
Arctic Tern,58.98649,-2.81564,7.5,Autumn,0.0094,98,4
Arctic Tern,59.12162,-3.30531,7.5,Autumn,0.008,100,1
Arctic Tern,59.12162,-3.06047,7.5,Autumn,0.0067,80,2
Arctic Tern,59.39189,-2.32596,7.5,Autumn,0.0126,327,29
Arctic Tern,59.52703,-1.59145,7.5,Autumn,0.0062,323,2
Arctic Tern,59.93243,-1.34661,7.5,Autumn,0.0081,2628,38
Arctic Tern,59.93243,-1.10177,7.5,Autumn,0.0069,77,4
Arctic Tern,60.06757,-1.34661,7.5,Autumn,0.0114,907,10
Arctic Tern,60.06757,-1.10177,7.5,Autumn,0.0051,253,4
Arctic Tern,60.2027,-1.34661,7.5,Autumn,0.0078,500,2
Arctic Tern,60.33784,-1.59145,7.5,Autumn,0.0053,107,9
Arctic Tern,60.33784,-1.34661,7.5,Autumn,0.0071,397,2
Arctic Tern,60.33784,-1.10177,7.5,Autumn,0.0049,219,1
Arctic Tern,60.47297,-1.34661,7.5,Autumn,0.007,240,3
Arctic Tern,60.47297,-1.10177,7.5,Autumn,0.0056,149,2
Arctic Tern,60.47297,-0.85693,7.5,Autumn,0.0055,36,5
Arctic Tern,60.60811,-0.85693,7.5,Autumn,0.0053,32,1
Arctic Tern,60.74324,-0.85693,7.5,Autumn,0.0051,798,6
Arctic Tern,60.87838,-0.85693,7.5,Autumn,0.0057,125,4
Arctic Tern,54.93243,-3.55015,7.5,Spring,0.002,256,1
Arctic Tern,54.93243,-3.06047,7.5,Spring,0.0028,53,1
Arctic Tern,55.47297,-5.75369,7.5,Spring,0.0103,50,2
Arctic Tern,55.47297,-4.77434,7.5,Spring,0.0038,561,9
Arctic Tern,55.60811,-6.24337,7.5,Spring,0.0079,237,7
Arctic Tern,55.60811,-5.99853,7.5,Spring,0.0069,16,1
Arctic Tern,55.60811,-4.77434,7.5,Spring,0.0031,3607,9
Arctic Tern,55.74324,-6.48821,7.5,Spring,0.1009,81,14
Arctic Tern,55.74324,-6.24337,7.5,Spring,0.0128,131,2
Arctic Tern,55.87838,-5.99853,7.5,Spring,0.0074,48,1
Arctic Tern,55.87838,-5.50885,7.5,Spring,0.0034,30,1
Arctic Tern,55.87838,-4.5295,7.5,Spring,0.0024,458,1
Arctic Tern,55.87838,-4.28466,7.5,Spring,0.0024,2168,4
Arctic Tern,55.87838,-3.06047,7.5,Spring,0.0023,2165,1
Arctic Tern,55.87838,-2.32596,7.5,Spring,0.0023,169,1
Arctic Tern,56.01351,-6.24337,7.5,Spring,0.0141,34,5
Arctic Tern,56.01351,-5.75369,7.5,Spring,0.0083,19,1
Arctic Tern,56.01351,-5.26402,7.5,Spring,0.0029,45,1
Arctic Tern,56.01351,-4.77434,7.5,Spring,0.0025,189,1
Arctic Tern,56.01351,-3.30531,7.5,Spring,0.0023,2906,2
Arctic Tern,56.01351,-3.06047,7.5,Spring,0.0024,2432,7
Arctic Tern,56.01351,-2.81564,7.5,Spring,0.0026,928,7
Arctic Tern,56.01351,-2.5708,7.5,Spring,0.0082,754,4
Arctic Tern,56.14865,-6.24337,7.5,Spring,0.0127,11,1
Arctic Tern,56.14865,-5.50885,7.5,Spring,0.0031,78,1
Arctic Tern,56.14865,-3.06047,7.5,Spring,0.0027,422,4
Arctic Tern,56.14865,-2.81564,7.5,Spring,0.0032,399,23
Arctic Tern,56.14865,-2.5708,7.5,Spring,0.0134,243,59
Arctic Tern,56.28378,-6.48821,7.5,Spring,0.042,342,31
Arctic Tern,56.28378,-2.81564,7.5,Spring,0.0036,1514,11
Arctic Tern,56.28378,-2.5708,7.5,Spring,0.0231,559,26
Arctic Tern,56.41892,-6.97788,7.5,Spring,0.2234,28,10
Arctic Tern,56.41892,-6.24337,7.5,Spring,0.0305,177,7
Arctic Tern,56.41892,-5.75369,7.5,Spring,0.0186,385,17
Arctic Tern,56.41892,-5.50885,7.5,Spring,0.0079,396,15
Arctic Tern,56.41892,-2.81564,7.5,Spring,0.0037,655,2
Arctic Tern,56.55405,-6.97788,7.5,Spring,0.2642,33,8
Arctic Tern,56.55405,-6.73304,7.5,Spring,0.0754,34,9
Arctic Tern,56.55405,-6.48821,7.5,Spring,0.1024,149,14
Arctic Tern,56.55405,-6.24337,7.5,Spring,0.0541,182,2
Arctic Tern,56.55405,-5.99853,7.5,Spring,0.0408,283,6
Arctic Tern,56.55405,-5.75369,7.5,Spring,0.0386,158,6
Arctic Tern,56.68919,-6.73304,7.5,Spring,0.0652,4,1
Arctic Tern,56.68919,-6.48821,7.5,Spring,0.0861,42,7
Arctic Tern,56.68919,-6.24337,7.5,Spring,0.0611,84,5
Arctic Tern,56.68919,-5.99853,7.5,Spring,0.0483,205,4
Arctic Tern,56.68919,-5.75369,7.5,Spring,0.0429,96,3
Arctic Tern,56.68919,-5.50885,7.5,Spring,0.0098,74,2
Arctic Tern,56.68919,-5.26402,7.5,Spring,0.0047,113,1
Arctic Tern,56.68919,-5.01918,7.5,Spring,0.0031,215,1
Arctic Tern,56.68919,-2.5708,7.5,Spring,0.0124,253,4
Arctic Tern,56.82432,-6.24337,7.5,Spring,0.0652,25,6
Arctic Tern,56.82432,-5.99853,7.5,Spring,0.0527,17,2
Arctic Tern,56.82432,-5.75369,7.5,Spring,0.0421,83,3
Arctic Tern,56.95946,-7.46756,7.5,Spring,0.2639,82,12
Arctic Tern,56.95946,-6.73304,7.5,Spring,0.0663,2,2
Arctic Tern,56.95946,-6.24337,7.5,Spring,0.0726,108,13
Arctic Tern,56.95946,-5.99853,7.5,Spring,0.061,11,1
Arctic Tern,56.95946,-5.75369,7.5,Spring,0.0432,175,4
Arctic Tern,57.09459,-7.46756,7.5,Spring,0.2771,60,11
Arctic Tern,57.09459,-7.22272,7.5,Spring,0.2842,65,12
Arctic Tern,57.09459,-5.99853,7.5,Spring,0.0529,100,8
Arctic Tern,57.09459,-3.30531,7.5,Spring,0.0029,78,1
Arctic Tern,57.09459,-2.08112,7.5,Spring,0.0057,1560,15
Arctic Tern,57.22973,-7.46756,7.5,Spring,0.3247,214,62
Arctic Tern,57.22973,-7.22272,7.5,Spring,0.302,50,18
Arctic Tern,57.22973,-6.97788,7.5,Spring,0.2975,1,1
Arctic Tern,57.22973,-6.24337,7.5,Spring,0.0288,115,6
Arctic Tern,57.22973,-5.99853,7.5,Spring,0.0261,315,1
Arctic Tern,57.22973,-5.75369,7.5,Spring,0.0228,159,1
Arctic Tern,57.22973,-3.79499,7.5,Spring,0.0028,2240,1
Arctic Tern,57.22973,-2.08112,7.5,Spring,0.0084,488,3
Arctic Tern,57.22973,-1.83628,7.5,Spring,0.0396,6,1
Arctic Tern,57.36486,-7.46756,7.5,Spring,0.3318,199,51
Arctic Tern,57.36486,-7.22272,7.5,Spring,0.2945,119,16
Arctic Tern,57.36486,-6.73304,7.5,Spring,0.0128,87,1
Arctic Tern,57.36486,-6.48821,7.5,Spring,0.0231,77,1
Arctic Tern,57.36486,-6.24337,7.5,Spring,0.0195,242,2
Arctic Tern,57.36486,-5.75369,7.5,Spring,0.0182,69,2
Arctic Tern,57.36486,-5.01918,7.5,Spring,0.0037,15,1
Arctic Tern,57.36486,-2.08112,7.5,Spring,0.0088,274,61
Arctic Tern,57.36486,-1.83628,7.5,Spring,0.0271,69,1
Arctic Tern,57.5,-7.46756,7.5,Spring,0.3137,266,117
Arctic Tern,57.5,-7.22272,7.5,Spring,0.2953,151,24
Arctic Tern,57.5,-6.73304,7.5,Spring,0.0098,445,6
Arctic Tern,57.5,-6.48821,7.5,Spring,0.0216,129,4
Arctic Tern,57.5,-5.99853,7.5,Spring,0.0159,6,1
Arctic Tern,57.5,-5.75369,7.5,Spring,0.0169,47,3
Arctic Tern,57.5,-4.03983,7.5,Spring,0.0032,691,4
Arctic Tern,57.63514,-7.46756,7.5,Spring,0.3236,489,140
Arctic Tern,57.63514,-7.22272,7.5,Spring,0.3533,123,28
Arctic Tern,57.63514,-6.97788,7.5,Spring,0.3299,10,1
Arctic Tern,57.63514,-6.73304,7.5,Spring,0.0705,5,2
Arctic Tern,57.63514,-6.48821,7.5,Spring,0.076,131,9
Arctic Tern,57.63514,-6.24337,7.5,Spring,0.0543,360,5
Arctic Tern,57.63514,-4.28466,7.5,Spring,0.0139,160,10
Arctic Tern,57.63514,-4.03983,7.5,Spring,0.0161,569,11
Arctic Tern,57.63514,-3.55015,7.5,Spring,0.018,328,8
Arctic Tern,57.63514,-3.30531,7.5,Spring,0.0182,232,2
Arctic Tern,57.63514,-3.06047,7.5,Spring,0.0211,167,29
Arctic Tern,57.63514,-2.32596,7.5,Spring,0.0133,147,2
Arctic Tern,57.63514,-2.08112,7.5,Spring,0.0205,51,3
Arctic Tern,57.63514,-1.83628,7.5,Spring,0.0663,232,12
Arctic Tern,57.77027,-8.69175,7.5,Spring,0.0316,65,1
Arctic Tern,57.77027,-7.95723,7.5,Spring,0.2336,1,1
Arctic Tern,57.77027,-7.22272,7.5,Spring,0.3255,66,35
Arctic Tern,57.77027,-6.97788,7.5,Spring,0.3051,68,14
Arctic Tern,57.77027,-5.75369,7.5,Spring,0.0349,131,9
Arctic Tern,57.77027,-3.55015,7.5,Spring,0.021,157,6
Arctic Tern,57.77027,-3.30531,7.5,Spring,0.0386,165,13
Arctic Tern,57.90541,-6.97788,7.5,Spring,0.2268,91,15
Arctic Tern,57.90541,-6.73304,7.5,Spring,0.0526,58,3
Arctic Tern,57.90541,-6.24337,7.5,Spring,0.065,31,1
Arctic Tern,57.90541,-5.75369,7.5,Spring,0.0465,31,3
Arctic Tern,57.90541,-5.50885,7.5,Spring,0.0413,117,13
Arctic Tern,57.90541,-4.03983,7.5,Spring,0.0145,326,2
Arctic Tern,57.90541,-3.79499,7.5,Spring,0.0164,70,1
Arctic Tern,58.04054,-6.97788,7.5,Spring,0.2003,23,8
Arctic Tern,58.04054,-6.73304,7.5,Spring,0.0617,42,6
Arctic Tern,58.04054,-6.48821,7.5,Spring,0.0773,31,1
Arctic Tern,58.04054,-5.75369,7.5,Spring,0.0472,13,1
Arctic Tern,58.04054,-3.79499,7.5,Spring,0.0198,75,7
Arctic Tern,58.17568,-6.97788,7.5,Spring,0.2075,41,7
Arctic Tern,58.17568,-6.73304,7.5,Spring,0.1179,86,10
Arctic Tern,58.17568,-6.48821,7.5,Spring,0.1276,169,14
Arctic Tern,58.17568,-6.24337,7.5,Spring,0.1224,77,13
Arctic Tern,58.17568,-5.50885,7.5,Spring,0.0756,17,1
Arctic Tern,58.17568,-5.26402,7.5,Spring,0.0556,130,14
Arctic Tern,58.31081,-6.97788,7.5,Spring,0.3114,33,5
Arctic Tern,58.31081,-6.73304,7.5,Spring,0.3008,84,20
Arctic Tern,58.31081,-6.48821,7.5,Spring,0.3058,58,9
Arctic Tern,58.31081,-6.24337,7.5,Spring,0.329,135,21
Arctic Tern,58.31081,-5.26402,7.5,Spring,0.173,43,6
Arctic Tern,58.31081,-5.01918,7.5,Spring,0.0684,43,3
Arctic Tern,58.44595,-6.24337,7.5,Spring,0.3505,106,24
Arctic Tern,58.44595,-5.26402,7.5,Spring,0.2369,89,45
Arctic Tern,58.44595,-5.01918,7.5,Spring,0.1098,31,1
Arctic Tern,58.44595,-3.06047,7.5,Spring,0.1626,87,7
Arctic Tern,58.58108,-6.24337,7.5,Spring,0.346,71,28
Arctic Tern,58.58108,-4.77434,7.5,Spring,0.1958,149,15
Arctic Tern,58.58108,-4.28466,7.5,Spring,0.1946,22,4
Arctic Tern,58.58108,-3.79499,7.5,Spring,0.1988,34,6
Arctic Tern,58.58108,-3.55015,7.5,Spring,0.2133,95,11
Arctic Tern,58.58108,-3.30531,7.5,Spring,0.2256,100,27
Arctic Tern,58.58108,-3.06047,7.5,Spring,0.2188,142,13
Arctic Tern,58.71622,-3.30531,7.5,Spring,0.2878,86,2
Arctic Tern,58.71622,-3.06047,7.5,Spring,0.2781,32,4
Arctic Tern,58.85135,-3.55015,7.5,Spring,0.1947,6,1
Arctic Tern,58.85135,-3.30531,7.5,Spring,0.2996,97,13
Arctic Tern,58.85135,-3.06047,7.5,Spring,0.3012,66,13
Arctic Tern,58.85135,-2.81564,7.5,Spring,0.2937,115,31
Arctic Tern,58.98649,-3.30531,7.5,Spring,0.2977,299,78
Arctic Tern,58.98649,-3.06047,7.5,Spring,0.2954,323,29
Arctic Tern,58.98649,-2.81564,7.5,Spring,0.3055,106,13
Arctic Tern,59.12162,-3.30531,7.5,Spring,0.3176,228,37
Arctic Tern,59.12162,-3.06047,7.5,Spring,0.3125,182,19
Arctic Tern,59.12162,-2.81564,7.5,Spring,0.3187,15,5
Arctic Tern,59.12162,-2.5708,7.5,Spring,0.2111,7,1
Arctic Tern,59.25676,-3.06047,7.5,Spring,0.3232,27,10
Arctic Tern,59.25676,-2.81564,7.5,Spring,0.3274,23,4
Arctic Tern,59.25676,-2.5708,7.5,Spring,0.3506,8,5
Arctic Tern,59.39189,-3.06047,7.5,Spring,0.3107,21,3
Arctic Tern,59.39189,-2.81564,7.5,Spring,0.3133,24,10
Arctic Tern,59.39189,-2.32596,7.5,Spring,0.2447,344,144
Arctic Tern,59.39189,-1.59145,7.5,Spring,0.234,3,1
Arctic Tern,59.52703,-1.59145,7.5,Spring,0.2761,456,88
Arctic Tern,59.7973,-1.34661,7.5,Spring,0.3468,175,28
Arctic Tern,59.93243,-1.34661,7.5,Spring,0.4039,1629,390
Arctic Tern,59.93243,-1.10177,7.5,Spring,0.3736,131,35
Arctic Tern,60.06757,-2.08112,7.5,Spring,0.2387,22,6
Arctic Tern,60.06757,-1.34661,7.5,Spring,0.3987,437,59
Arctic Tern,60.06757,-1.10177,7.5,Spring,0.3651,123,27
Arctic Tern,60.2027,-1.59145,7.5,Spring,0.3863,49,12
Arctic Tern,60.2027,-1.34661,7.5,Spring,0.4031,134,18
Arctic Tern,60.2027,-1.10177,7.5,Spring,0.3807,488,112
Arctic Tern,60.33784,-1.59145,7.5,Spring,0.3879,34,11
Arctic Tern,60.33784,-1.34661,7.5,Spring,0.4005,70,10
Arctic Tern,60.33784,-1.10177,7.5,Spring,0.3806,26,5
Arctic Tern,60.33784,-0.85693,7.5,Spring,0.3678,5,2
Arctic Tern,60.47297,-1.59145,7.5,Spring,0.389,71,21
Arctic Tern,60.47297,-1.34661,7.5,Spring,0.4022,52,9
Arctic Tern,60.47297,-1.10177,7.5,Spring,0.3809,58,19
Arctic Tern,60.47297,-0.85693,7.5,Spring,0.3682,26,6
Arctic Tern,60.60811,-1.34661,7.5,Spring,0.3794,24,4
Arctic Tern,60.60811,-1.10177,7.5,Spring,0.3665,33,1
Arctic Tern,60.60811,-0.85693,7.5,Spring,0.3547,78,26
Arctic Tern,60.74324,-1.10177,7.5,Spring,0.3533,20,4
Arctic Tern,60.74324,-0.85693,7.5,Spring,0.3482,385,73
Arctic Tern,60.87838,-0.85693,7.5,Spring,0.0998,114,12
Arctic Tern,54.93243,-3.06047,7.5,Summer,0.0044,41,1
Arctic Tern,55.06757,-5.26402,7.5,Summer,0.0079,23,2
Arctic Tern,55.33784,-4.77434,7.5,Summer,0.0063,137,1
Arctic Tern,55.47297,-5.75369,7.5,Summer,0.0288,39,4
Arctic Tern,55.47297,-4.77434,7.5,Summer,0.0122,450,39
Arctic Tern,55.47297,-4.5295,7.5,Summer,0.0024,794,13
Arctic Tern,55.60811,-6.24337,7.5,Summer,0.0262,83,1
Arctic Tern,55.60811,-4.77434,7.5,Summer,0.0117,3125,94
Arctic Tern,55.74324,-6.48821,7.5,Summer,0.1567,38,9
Arctic Tern,55.74324,-6.24337,7.5,Summer,0.0645,63,5
Arctic Tern,55.74324,-5.75369,7.5,Summer,0.0451,17,1
Arctic Tern,55.74324,-5.26402,7.5,Summer,0.0144,32,1
Arctic Tern,55.74324,-4.03983,7.5,Summer,0.0024,219,1
Arctic Tern,55.87838,-6.24337,7.5,Summer,0.0524,94,10
Arctic Tern,55.87838,-5.99853,7.5,Summer,0.0475,21,2
Arctic Tern,55.87838,-5.50885,7.5,Summer,0.0228,48,2
Arctic Tern,55.87838,-4.77434,7.5,Summer,0.0125,45,1
Arctic Tern,55.87838,-4.5295,7.5,Summer,0.0023,292,1
Arctic Tern,55.87838,-3.06047,7.5,Summer,0.0039,1626,13
Arctic Tern,55.87838,-2.08112,7.5,Summer,0.01,295,14
Arctic Tern,56.01351,-6.24337,7.5,Summer,0.0273,22,1
Arctic Tern,56.01351,-5.99853,7.5,Summer,0.0219,3,1
Arctic Tern,56.01351,-4.77434,7.5,Summer,0.0056,128,1
Arctic Tern,56.01351,-3.30531,7.5,Summer,0.0638,2181,58
Arctic Tern,56.01351,-3.06047,7.5,Summer,0.0679,2396,95
Arctic Tern,56.01351,-2.81564,7.5,Summer,0.0503,786,30
Arctic Tern,56.01351,-2.5708,7.5,Summer,0.1215,613,36
Arctic Tern,56.01351,-2.32596,7.5,Summer,0.0356,130,4
Arctic Tern,56.14865,-3.30531,7.5,Summer,0.0098,405,1
Arctic Tern,56.14865,-3.06047,7.5,Summer,0.0272,158,7
Arctic Tern,56.14865,-2.81564,7.5,Summer,0.0302,174,13
Arctic Tern,56.14865,-2.5708,7.5,Summer,0.1268,245,115
Arctic Tern,56.28378,-6.48821,7.5,Summer,0.0641,238,14
Arctic Tern,56.28378,-6.24337,7.5,Summer,0.0397,89,1
Arctic Tern,56.28378,-5.75369,7.5,Summer,0.0351,34,2
Arctic Tern,56.28378,-2.81564,7.5,Summer,0.0339,1122,21
Arctic Tern,56.28378,-2.5708,7.5,Summer,0.237,524,131
Arctic Tern,56.28378,-1.34661,7.5,Summer,0.1406,3,1
Arctic Tern,56.41892,-6.97788,7.5,Summer,0.1735,37,18
Arctic Tern,56.41892,-6.48821,7.5,Summer,0.1011,1,1
Arctic Tern,56.41892,-6.24337,7.5,Summer,0.0638,224,24
Arctic Tern,56.41892,-5.99853,7.5,Summer,0.0562,294,6
Arctic Tern,56.41892,-5.75369,7.5,Summer,0.0538,361,65
Arctic Tern,56.41892,-5.50885,7.5,Summer,0.0321,433,31
Arctic Tern,56.41892,-5.26402,7.5,Summer,0.0145,25,6
Arctic Tern,56.41892,-2.81564,7.5,Summer,0.0405,590,38
Arctic Tern,56.55405,-6.97788,7.5,Summer,0.2411,19,6
Arctic Tern,56.55405,-6.73304,7.5,Summer,0.084,37,11
Arctic Tern,56.55405,-6.48821,7.5,Summer,0.1504,134,25
Arctic Tern,56.55405,-6.24337,7.5,Summer,0.1077,192,5
Arctic Tern,56.55405,-5.99853,7.5,Summer,0.105,274,8
Arctic Tern,56.55405,-5.75369,7.5,Summer,0.1078,81,6
Arctic Tern,56.55405,-2.81564,7.5,Summer,0.0108,30,2
Arctic Tern,56.55405,-2.5708,7.5,Summer,0.1779,98,4
Arctic Tern,56.68919,-6.48821,7.5,Summer,0.1571,30,12
Arctic Tern,56.68919,-6.24337,7.5,Summer,0.1138,70,1
Arctic Tern,56.68919,-5.99853,7.5,Summer,0.1092,168,7
Arctic Tern,56.68919,-5.75369,7.5,Summer,0.1116,30,1
Arctic Tern,56.68919,-5.50885,7.5,Summer,0.0264,44,1
Arctic Tern,56.68919,-5.26402,7.5,Summer,0.0148,139,4
Arctic Tern,56.68919,-2.5708,7.5,Summer,0.1522,238,34
Arctic Tern,56.68919,-2.32596,7.5,Summer,0.063,30,15
Arctic Tern,56.82432,-7.7124,7.5,Summer,0.1475,5,2
Arctic Tern,56.82432,-6.24337,7.5,Summer,0.1237,21,4
Arctic Tern,56.82432,-5.99853,7.5,Summer,0.1193,11,1
Arctic Tern,56.82432,-5.75369,7.5,Summer,0.1174,93,10
Arctic Tern,56.82432,-2.32596,7.5,Summer,0.0325,71,5
Arctic Tern,56.95946,-7.46756,7.5,Summer,0.2175,118,11
Arctic Tern,56.95946,-6.24337,7.5,Summer,0.1271,43,9
Arctic Tern,56.95946,-5.99853,7.5,Summer,0.1262,9,3
Arctic Tern,56.95946,-5.75369,7.5,Summer,0.115,122,7
Arctic Tern,56.95946,-2.08112,7.5,Summer,0.0401,272,6
Arctic Tern,57.09459,-7.46756,7.5,Summer,0.2077,86,15
Arctic Tern,57.09459,-7.22272,7.5,Summer,0.2056,41,4
Arctic Tern,57.09459,-6.48821,7.5,Summer,0.0863,39,5
Arctic Tern,57.09459,-6.24337,7.5,Summer,0.086,7,1
Arctic Tern,57.09459,-5.99853,7.5,Summer,0.0883,105,4
Arctic Tern,57.09459,-5.75369,7.5,Summer,0.0779,94,3
Arctic Tern,57.09459,-2.08112,7.5,Summer,0.0371,1194,155
Arctic Tern,57.22973,-7.46756,7.5,Summer,0.2341,112,30
Arctic Tern,57.22973,-7.22272,7.5,Summer,0.224,26,9
Arctic Tern,57.22973,-6.24337,7.5,Summer,0.0663,148,1
Arctic Tern,57.22973,-5.99853,7.5,Summer,0.0734,364,23
Arctic Tern,57.22973,-5.75369,7.5,Summer,0.0678,148,4
Arctic Tern,57.22973,-2.08112,7.5,Summer,0.0461,267,12
Arctic Tern,57.22973,-1.83628,7.5,Summer,0.1459,5,3
Arctic Tern,57.36486,-7.46756,7.5,Summer,0.2172,123,19
Arctic Tern,57.36486,-7.22272,7.5,Summer,0.2013,80,18
Arctic Tern,57.36486,-6.24337,7.5,Summer,0.0366,292,4
Arctic Tern,57.36486,-5.99853,7.5,Summer,0.0373,33,4
Arctic Tern,57.36486,-5.75369,7.5,Summer,0.0345,65,1
Arctic Tern,57.36486,-3.79499,7.5,Summer,0.0032,308,1
Arctic Tern,57.36486,-2.08112,7.5,Summer,0.0168,330,150
Arctic Tern,57.36486,-1.83628,7.5,Summer,0.0294,74,4
Arctic Tern,57.5,-7.46756,7.5,Summer,0.1321,165,39
Arctic Tern,57.5,-7.22272,7.5,Summer,0.1153,111,12
Arctic Tern,57.5,-6.73304,7.5,Summer,0.015,402,6
Arctic Tern,57.5,-6.48821,7.5,Summer,0.0331,157,9
Arctic Tern,57.5,-6.24337,7.5,Summer,0.0272,189,1
Arctic Tern,57.5,-5.75369,7.5,Summer,0.0288,62,1
Arctic Tern,57.5,-4.28466,7.5,Summer,0.0068,814,10
Arctic Tern,57.5,-4.03983,7.5,Summer,0.0051,626,4
Arctic Tern,57.5,-1.83628,7.5,Summer,0.0158,107,1
Arctic Tern,57.63514,-7.46756,7.5,Summer,0.3219,350,85
Arctic Tern,57.63514,-7.22272,7.5,Summer,0.3624,116,35
Arctic Tern,57.63514,-6.97788,7.5,Summer,0.3535,9,6
Arctic Tern,57.63514,-6.73304,7.5,Summer,0.174,13,6
Arctic Tern,57.63514,-6.48821,7.5,Summer,0.1722,167,5
Arctic Tern,57.63514,-6.24337,7.5,Summer,0.1154,443,17
Arctic Tern,57.63514,-5.75369,7.5,Summer,0.1177,46,3
Arctic Tern,57.63514,-4.28466,7.5,Summer,0.0656,189,24
Arctic Tern,57.63514,-4.03983,7.5,Summer,0.0826,742,99
Arctic Tern,57.63514,-3.79499,7.5,Summer,0.044,187,1
Arctic Tern,57.63514,-3.55015,7.5,Summer,0.0408,190,2
Arctic Tern,57.63514,-3.06047,7.5,Summer,0.0335,170,29
Arctic Tern,57.63514,-2.08112,7.5,Summer,0.0209,34,1
Arctic Tern,57.63514,-1.83628,7.5,Summer,0.0424,145,7
Arctic Tern,57.77027,-8.69175,7.5,Summer,0.0616,36,2
Arctic Tern,57.77027,-8.44691,7.5,Summer,0.1035,18,1
Arctic Tern,57.77027,-7.22272,7.5,Summer,0.3398,64,28
Arctic Tern,57.77027,-6.97788,7.5,Summer,0.3341,108,29
Arctic Tern,57.77027,-6.73304,7.5,Summer,0.164,13,1
Arctic Tern,57.77027,-6.48821,7.5,Summer,0.1779,5,2
Arctic Tern,57.77027,-5.75369,7.5,Summer,0.1413,159,24
Arctic Tern,57.77027,-5.50885,7.5,Summer,0.1029,82,7
Arctic Tern,57.77027,-4.03983,7.5,Summer,0.075,134,1
Arctic Tern,57.77027,-3.79499,7.5,Summer,0.0477,180,3
Arctic Tern,57.77027,-3.55015,7.5,Summer,0.046,104,3
Arctic Tern,57.77027,-3.30531,7.5,Summer,0.075,140,20
Arctic Tern,57.90541,-6.97788,7.5,Summer,0.2141,77,19
Arctic Tern,57.90541,-6.73304,7.5,Summer,0.1316,63,6
Arctic Tern,57.90541,-6.48821,7.5,Summer,0.1554,1,1
Arctic Tern,57.90541,-6.24337,7.5,Summer,0.141,17,3
Arctic Tern,57.90541,-5.75369,7.5,Summer,0.1483,41,8
Arctic Tern,57.90541,-5.50885,7.5,Summer,0.118,122,16
Arctic Tern,57.90541,-4.03983,7.5,Summer,0.0757,246,8
Arctic Tern,57.90541,-3.79499,7.5,Summer,0.0569,52,6
Arctic Tern,58.04054,-6.97788,7.5,Summer,0.191,28,2
Arctic Tern,58.04054,-6.73304,7.5,Summer,0.1553,36,4
Arctic Tern,58.04054,-6.48821,7.5,Summer,0.16,51,2
Arctic Tern,58.04054,-5.50885,7.5,Summer,0.1169,7,1
Arctic Tern,58.04054,-5.26402,7.5,Summer,0.083,31,2
Arctic Tern,58.04054,-3.79499,7.5,Summer,0.0563,81,14
Arctic Tern,58.17568,-6.97788,7.5,Summer,0.2248,82,22
Arctic Tern,58.17568,-6.73304,7.5,Summer,0.2225,84,19
Arctic Tern,58.17568,-6.48821,7.5,Summer,0.2237,142,20
Arctic Tern,58.17568,-6.24337,7.5,Summer,0.2191,101,28
Arctic Tern,58.17568,-5.26402,7.5,Summer,0.1457,123,11
Arctic Tern,58.17568,-3.55015,7.5,Summer,0.0587,44,1
Arctic Tern,58.31081,-6.97788,7.5,Summer,0.3222,11,2
Arctic Tern,58.31081,-6.73304,7.5,Summer,0.334,126,26
Arctic Tern,58.31081,-6.48821,7.5,Summer,0.3298,64,7
Arctic Tern,58.31081,-6.24337,7.5,Summer,0.3464,163,37
Arctic Tern,58.31081,-5.26402,7.5,Summer,0.2672,70,8
Arctic Tern,58.31081,-5.01918,7.5,Summer,0.1318,40,3
Arctic Tern,58.44595,-6.48821,7.5,Summer,0.3404,19,2
Arctic Tern,58.44595,-6.24337,7.5,Summer,0.3702,130,44
Arctic Tern,58.44595,-5.26402,7.5,Summer,0.3053,94,44
Arctic Tern,58.44595,-5.01918,7.5,Summer,0.1584,54,1
Arctic Tern,58.44595,-4.5295,7.5,Summer,0.1799,33,1
Arctic Tern,58.44595,-3.06047,7.5,Summer,0.1786,74,16
Arctic Tern,58.58108,-6.24337,7.5,Summer,0.3605,87,24
Arctic Tern,58.58108,-4.77434,7.5,Summer,0.2808,110,16
Arctic Tern,58.58108,-4.5295,7.5,Summer,0.2834,26,7
Arctic Tern,58.58108,-4.28466,7.5,Summer,0.2964,31,5
Arctic Tern,58.58108,-4.03983,7.5,Summer,0.3131,37,7
Arctic Tern,58.58108,-3.79499,7.5,Summer,0.2893,34,15
Arctic Tern,58.58108,-3.55015,7.5,Summer,0.2848,117,34
Arctic Tern,58.58108,-3.30531,7.5,Summer,0.3003,172,66
Arctic Tern,58.58108,-3.06047,7.5,Summer,0.2563,174,20
Arctic Tern,58.71622,-3.30531,7.5,Summer,0.3456,103,6
Arctic Tern,58.71622,-3.06047,7.5,Summer,0.3168,37,9
Arctic Tern,58.85135,-3.55015,7.5,Summer,0.2193,10,1
Arctic Tern,58.85135,-3.30531,7.5,Summer,0.3859,113,9
Arctic Tern,58.85135,-3.06047,7.5,Summer,0.4004,70,33
Arctic Tern,58.85135,-2.81564,7.5,Summer,0.394,183,64
Arctic Tern,58.85135,-2.5708,7.5,Summer,0.1652,5,1
Arctic Tern,58.98649,-3.55015,7.5,Summer,0.2175,1,1
Arctic Tern,58.98649,-3.30531,7.5,Summer,0.392,530,178
Arctic Tern,58.98649,-3.06047,7.5,Summer,0.3937,416,73
Arctic Tern,58.98649,-2.81564,7.5,Summer,0.3913,119,29
Arctic Tern,59.12162,-4.5295,7.5,Summer,0.2249,1,1
Arctic Tern,59.12162,-3.30531,7.5,Summer,0.3872,447,97
Arctic Tern,59.12162,-3.06047,7.5,Summer,0.3911,316,36
Arctic Tern,59.12162,-2.81564,7.5,Summer,0.3952,13,3
Arctic Tern,59.12162,-2.5708,7.5,Summer,0.2283,12,1
Arctic Tern,59.25676,-3.06047,7.5,Summer,0.3804,56,15
Arctic Tern,59.25676,-2.81564,7.5,Summer,0.4044,63,12
Arctic Tern,59.25676,-2.5708,7.5,Summer,0.411,15,12
Arctic Tern,59.25676,-2.32596,7.5,Summer,0.2565,5,4
Arctic Tern,59.39189,-3.06047,7.5,Summer,0.3899,41,8
Arctic Tern,59.39189,-2.81564,7.5,Summer,0.4161,16,11
Arctic Tern,59.39189,-2.32596,7.5,Summer,0.301,184,135
Arctic Tern,59.52703,-1.59145,7.5,Summer,0.4888,354,254
Arctic Tern,59.7973,-1.34661,7.5,Summer,0.5018,226,99
Arctic Tern,59.93243,-1.34661,7.5,Summer,0.5055,1489,906
Arctic Tern,59.93243,-1.10177,7.5,Summer,0.4907,126,87
Arctic Tern,60.06757,-2.08112,7.5,Summer,0.3671,17,8
Arctic Tern,60.06757,-1.34661,7.5,Summer,0.5011,208,112
Arctic Tern,60.06757,-1.10177,7.5,Summer,0.4895,75,37
Arctic Tern,60.06757,-0.85693,7.5,Summer,0.4841,2,1
Arctic Tern,60.2027,-3.79499,7.5,Summer,0.2428,6,1
Arctic Tern,60.2027,-2.08112,7.5,Summer,0.3652,4,2
Arctic Tern,60.2027,-1.59145,7.5,Summer,0.4947,33,14
Arctic Tern,60.2027,-1.34661,7.5,Summer,0.4986,126,44
Arctic Tern,60.2027,-1.10177,7.5,Summer,0.4925,394,233
Arctic Tern,60.33784,-1.59145,7.5,Summer,0.4949,54,31
Arctic Tern,60.33784,-1.34661,7.5,Summer,0.4977,85,46
Arctic Tern,60.33784,-1.10177,7.5,Summer,0.4927,45,24
Arctic Tern,60.33784,-0.85693,7.5,Summer,0.4889,1,1
Arctic Tern,60.47297,-1.59145,7.5,Summer,0.4943,123,63
Arctic Tern,60.47297,-1.34661,7.5,Summer,0.4973,54,19
Arctic Tern,60.47297,-1.10177,7.5,Summer,0.4925,77,47
Arctic Tern,60.47297,-0.85693,7.5,Summer,0.489,10,8
Arctic Tern,60.60811,-1.34661,7.5,Summer,0.4829,30,11
Arctic Tern,60.60811,-1.10177,7.5,Summer,0.4916,58,23
Arctic Tern,60.60811,-0.85693,7.5,Summer,0.4925,218,120
Arctic Tern,60.74324,-1.10177,7.5,Summer,0.4835,31,9
Arctic Tern,60.74324,-0.85693,7.5,Summer,0.4896,401,203
Arctic Tern,60.87838,-1.83628,7.5,Summer,0.1982,1,1
Arctic Tern,60.87838,-0.85693,7.5,Summer,0.2225,127,34
Atlantic Puffin,54.7973,-5.01918,7.5,Autumn,0.0026,38,1
Atlantic Puffin,55.60811,-4.77434,7.5,Autumn,0.001,3758,16
Atlantic Puffin,55.87838,-3.06047,7.5,Autumn,0.0011,1429,1
Atlantic Puffin,55.87838,-2.32596,7.5,Autumn,0.003,105,2
Atlantic Puffin,55.87838,-2.08112,7.5,Autumn,0.0077,169,10
Atlantic Puffin,56.01351,-3.30531,7.5,Autumn,0.0014,1675,1
Atlantic Puffin,56.01351,-3.06047,7.5,Autumn,0.0017,1856,3
Atlantic Puffin,56.01351,-2.81564,7.5,Autumn,0.0019,652,4
Atlantic Puffin,56.01351,-2.5708,7.5,Autumn,0.0021,447,5
Atlantic Puffin,56.01351,-2.32596,7.5,Autumn,0.0095,379,8
Atlantic Puffin,56.14865,-2.81564,7.5,Autumn,0.0057,81,2
Atlantic Puffin,56.14865,-2.5708,7.5,Autumn,0.0049,22,3
Atlantic Puffin,56.28378,-2.81564,7.5,Autumn,0.0013,885,2
Atlantic Puffin,56.28378,-2.5708,7.5,Autumn,0.0036,604,84
Atlantic Puffin,56.41892,-2.81564,7.5,Autumn,0.0013,548,3
Atlantic Puffin,56.41892,-2.32596,7.5,Autumn,0.013,2,2
Atlantic Puffin,56.41892,-1.83628,7.5,Autumn,0.0151,1,1
Atlantic Puffin,56.68919,-6.48821,7.5,Autumn,0.0034,4,1
Atlantic Puffin,56.68919,-2.5708,7.5,Autumn,0.0025,265,3
Atlantic Puffin,56.68919,-2.32596,7.5,Autumn,0.0071,26,2
Atlantic Puffin,56.95946,-2.08112,7.5,Autumn,0.0038,92,3
Atlantic Puffin,57.09459,-2.08112,7.5,Autumn,0.0023,1071,15
Atlantic Puffin,57.22973,-7.46756,7.5,Autumn,0.0017,56,1
Atlantic Puffin,57.22973,-2.08112,7.5,Autumn,0.0024,282,2
Atlantic Puffin,57.36486,-6.73304,7.5,Autumn,0.002,40,1
Atlantic Puffin,57.5,-6.73304,7.5,Autumn,0.0016,244,1
Atlantic Puffin,57.5,-4.03983,7.5,Autumn,0.001,423,2
Atlantic Puffin,57.5,-1.34661,7.5,Autumn,0.0058,2,2
Atlantic Puffin,57.63514,-4.03983,7.5,Autumn,0.001,581,1
Atlantic Puffin,57.63514,-3.79499,7.5,Autumn,0.001,202,2
Atlantic Puffin,57.63514,-2.5708,7.5,Autumn,0.002,29,1
Atlantic Puffin,57.63514,-2.08112,7.5,Autumn,0.0028,39,1
Atlantic Puffin,57.63514,-1.83628,7.5,Autumn,0.0042,165,1
Atlantic Puffin,57.77027,-8.69175,7.5,Autumn,0.0047,2,1
Atlantic Puffin,57.77027,-6.97788,7.5,Autumn,0.0016,28,1
Atlantic Puffin,57.77027,-3.55015,7.5,Autumn,0.0012,162,3
Atlantic Puffin,57.90541,-4.03983,7.5,Autumn,0.0011,167,2
Atlantic Puffin,58.04054,-3.79499,7.5,Autumn,0.0016,34,1
Atlantic Puffin,58.04054,-2.08112,7.5,Autumn,0.0036,1,1
Atlantic Puffin,58.17568,-6.97788,7.5,Autumn,0.0014,67,1
Atlantic Puffin,58.17568,-3.55015,7.5,Autumn,0.0016,13,1
Atlantic Puffin,58.31081,-6.73304,7.5,Autumn,0.0017,87,1
Atlantic Puffin,58.31081,-6.24337,7.5,Autumn,0.0012,117,1
Atlantic Puffin,58.44595,-3.06047,7.5,Autumn,0.0018,54,2
Atlantic Puffin,58.58108,-6.24337,7.5,Autumn,0.0012,58,3
Atlantic Puffin,58.58108,-4.03983,7.5,Autumn,0.0013,21,2
Atlantic Puffin,58.58108,-3.06047,7.5,Autumn,0.0017,95,3
Atlantic Puffin,58.71622,-3.30531,7.5,Autumn,0.002,18,1
Atlantic Puffin,58.85135,-3.79499,7.5,Autumn,0.003,1,1
Atlantic Puffin,58.85135,-3.06047,7.5,Autumn,0.0015,54,2
Atlantic Puffin,59.39189,-2.32596,7.5,Autumn,0.0056,327,18
Atlantic Puffin,59.52703,-1.59145,7.5,Autumn,0.0039,323,8
Atlantic Puffin,59.7973,-2.81564,7.5,Autumn,0.0033,1,1
Atlantic Puffin,59.7973,-1.34661,7.5,Autumn,0.0031,168,3
Atlantic Puffin,59.93243,-1.34661,7.5,Autumn,0.0009,2628,2
Atlantic Puffin,60.33784,-0.85693,7.5,Autumn,0.0009,31,1
Atlantic Puffin,60.47297,-1.59145,7.5,Autumn,0.0015,176,1
Atlantic Puffin,60.47297,-0.85693,7.5,Autumn,0.0009,36,1
Atlantic Puffin,60.87838,-0.85693,7.5,Autumn,0.0017,125,5
Atlantic Puffin,54.66216,-4.77434,7.5,Spring,0.0517,75,9
Atlantic Puffin,54.93243,-5.26402,7.5,Spring,0.0198,4,2
Atlantic Puffin,55.06757,-5.26402,7.5,Spring,0.0336,20,2
Atlantic Puffin,55.2027,-5.01918,7.5,Spring,0.0313,21,4
Atlantic Puffin,55.33784,-4.77434,7.5,Spring,0.0488,92,1
Atlantic Puffin,55.47297,-5.01918,7.5,Spring,0.0165,71,3
Atlantic Puffin,55.47297,-4.77434,7.5,Spring,0.0416,561,1
Atlantic Puffin,55.60811,-4.77434,7.5,Spring,0.0027,3607,34
Atlantic Puffin,55.74324,-5.26402,7.5,Spring,0.0018,38,1
Atlantic Puffin,55.74324,-4.77434,7.5,Spring,0.0022,124,1
Atlantic Puffin,55.87838,-3.06047,7.5,Spring,0.0012,2165,3
Atlantic Puffin,55.87838,-2.32596,7.5,Spring,0.0062,169,6
Atlantic Puffin,55.87838,-2.08112,7.5,Spring,0.0304,288,15
Atlantic Puffin,56.01351,-3.30531,7.5,Spring,0.0114,2906,16
Atlantic Puffin,56.01351,-3.06047,7.5,Spring,0.008,2432,28
Atlantic Puffin,56.01351,-2.81564,7.5,Spring,0.0053,928,67
Atlantic Puffin,56.01351,-2.5708,7.5,Spring,0.0023,754,42
Atlantic Puffin,56.01351,-2.32596,7.5,Spring,0.0146,300,13
Atlantic Puffin,56.14865,-6.24337,7.5,Spring,0.0055,11,1
Atlantic Puffin,56.14865,-5.50885,7.5,Spring,0.0022,78,1
Atlantic Puffin,56.14865,-3.06047,7.5,Spring,0.008,422,4
Atlantic Puffin,56.14865,-2.81564,7.5,Spring,0.0097,399,9
Atlantic Puffin,56.14865,-2.5708,7.5,Spring,0.5325,243,230
Atlantic Puffin,56.28378,-6.48821,7.5,Spring,0.0503,342,8
Atlantic Puffin,56.28378,-6.24337,7.5,Spring,0.006,133,1
Atlantic Puffin,56.28378,-2.81564,7.5,Spring,0.0019,1514,1
Atlantic Puffin,56.28378,-2.5708,7.5,Spring,0.2062,559,122
Atlantic Puffin,56.41892,-7.7124,7.5,Spring,0.0776,1,1
Atlantic Puffin,56.41892,-6.48821,7.5,Spring,0.2915,4,2
Atlantic Puffin,56.41892,-6.24337,7.5,Spring,0.0093,177,87
Atlantic Puffin,56.41892,-5.99853,7.5,Spring,0.0028,401,1
Atlantic Puffin,56.41892,-5.75369,7.5,Spring,0.0028,385,1
Atlantic Puffin,56.41892,-5.50885,7.5,Spring,0.0022,396,2
Atlantic Puffin,56.55405,-6.97788,7.5,Spring,0.0469,33,1
Atlantic Puffin,56.55405,-6.73304,7.5,Spring,0.043,34,2
Atlantic Puffin,56.55405,-6.48821,7.5,Spring,0.2733,149,130
Atlantic Puffin,56.55405,-6.24337,7.5,Spring,0.0164,182,4
Atlantic Puffin,56.55405,-5.99853,7.5,Spring,0.003,283,2
Atlantic Puffin,56.55405,-5.26402,7.5,Spring,0.0022,50,1
Atlantic Puffin,56.55405,-2.5708,7.5,Spring,0.0843,109,6
Atlantic Puffin,56.68919,-6.48821,7.5,Spring,0.2867,42,3
Atlantic Puffin,56.68919,-6.24337,7.5,Spring,0.0233,84,8
Atlantic Puffin,56.68919,-5.99853,7.5,Spring,0.0031,205,1
Atlantic Puffin,56.68919,-5.26402,7.5,Spring,0.0022,113,1
Atlantic Puffin,56.82432,-7.7124,7.5,Spring,0.0846,11,10
Atlantic Puffin,56.82432,-7.46756,7.5,Spring,0.0283,5,3
Atlantic Puffin,56.82432,-6.24337,7.5,Spring,0.0227,25,4
Atlantic Puffin,56.82432,-5.99853,7.5,Spring,0.0031,17,2
Atlantic Puffin,56.82432,-2.32596,7.5,Spring,0.0752,78,1
Atlantic Puffin,56.95946,-7.46756,7.5,Spring,0.0177,82,2
Atlantic Puffin,56.95946,-6.73304,7.5,Spring,0.0498,2,1
Atlantic Puffin,56.95946,-6.24337,7.5,Spring,0.0207,108,4
Atlantic Puffin,56.95946,-5.99853,7.5,Spring,0.0032,11,1
Atlantic Puffin,56.95946,-2.32596,7.5,Spring,0.112,74,1
Atlantic Puffin,56.95946,-2.08112,7.5,Spring,0.1299,269,58
Atlantic Puffin,57.09459,-7.22272,7.5,Spring,0.0062,65,1
Atlantic Puffin,57.09459,-6.48821,7.5,Spring,0.1023,30,11
Atlantic Puffin,57.09459,-5.75369,7.5,Spring,0.0021,50,1
Atlantic Puffin,57.09459,-2.08112,7.5,Spring,0.0439,1560,45
Atlantic Puffin,57.22973,-6.97788,7.5,Spring,0.0108,1,1
Atlantic Puffin,57.22973,-6.48821,7.5,Spring,0.0196,23,1
Atlantic Puffin,57.22973,-5.75369,7.5,Spring,0.0019,159,1
Atlantic Puffin,57.22973,-2.08112,7.5,Spring,0.0206,488,1
Atlantic Puffin,57.22973,-1.83628,7.5,Spring,0.0675,6,2
Atlantic Puffin,57.36486,-6.97788,7.5,Spring,0.0103,1,1
Atlantic Puffin,57.36486,-6.73304,7.5,Spring,0.0074,87,7
Atlantic Puffin,57.36486,-6.24337,7.5,Spring,0.0035,242,2
Atlantic Puffin,57.36486,-1.83628,7.5,Spring,0.0732,69,3
Atlantic Puffin,57.5,-7.22272,7.5,Spring,0.0027,151,1
Atlantic Puffin,57.5,-6.73304,7.5,Spring,0.0061,445,7
Atlantic Puffin,57.5,-4.28466,7.5,Spring,0.0011,915,1
Atlantic Puffin,57.5,-4.03983,7.5,Spring,0.0011,691,1
Atlantic Puffin,57.5,-1.83628,7.5,Spring,0.1081,128,61
Atlantic Puffin,57.5,-1.59145,7.5,Spring,0.3544,4,1
Atlantic Puffin,57.63514,-7.22272,7.5,Spring,0.0036,123,4
Atlantic Puffin,57.63514,-6.97788,7.5,Spring,0.0148,10,2
Atlantic Puffin,57.63514,-6.73304,7.5,Spring,0.0145,5,5
Atlantic Puffin,57.63514,-6.48821,7.5,Spring,0.0387,131,5
Atlantic Puffin,57.63514,-6.24337,7.5,Spring,0.0048,360,4
Atlantic Puffin,57.63514,-3.79499,7.5,Spring,0.0012,223,2
Atlantic Puffin,57.63514,-2.5708,7.5,Spring,0.0546,131,4
Atlantic Puffin,57.63514,-2.32596,7.5,Spring,0.0618,147,31
Atlantic Puffin,57.63514,-2.08112,7.5,Spring,0.0419,51,1
Atlantic Puffin,57.63514,-1.83628,7.5,Spring,0.1068,232,4
Atlantic Puffin,57.63514,-1.10177,7.5,Spring,0.276,1,1
Atlantic Puffin,57.77027,-8.69175,7.5,Spring,0.1477,65,36
Atlantic Puffin,57.77027,-8.44691,7.5,Spring,0.1392,23,15
Atlantic Puffin,57.77027,-7.95723,7.5,Spring,0.0754,1,1
Atlantic Puffin,57.77027,-7.22272,7.5,Spring,0.0151,66,1
Atlantic Puffin,57.77027,-6.97788,7.5,Spring,0.018,68,1
Atlantic Puffin,57.77027,-6.73304,7.5,Spring,0.0233,10,5
Atlantic Puffin,57.77027,-3.55015,7.5,Spring,0.0024,157,1
Atlantic Puffin,57.90541,-8.44691,7.5,Spring,0.178,3,2
Atlantic Puffin,57.90541,-6.73304,7.5,Spring,0.0192,58,2
Atlantic Puffin,57.90541,-6.48821,7.5,Spring,0.0567,1,1
Atlantic Puffin,57.90541,-6.24337,7.5,Spring,0.035,31,23
Atlantic Puffin,57.90541,-5.99853,7.5,Spring,0.035,1,1
Atlantic Puffin,57.90541,-5.75369,7.5,Spring,0.0221,31,3
Atlantic Puffin,57.90541,-5.50885,7.5,Spring,0.0131,117,2
Atlantic Puffin,57.90541,-5.26402,7.5,Spring,0.007,130,2
Atlantic Puffin,57.90541,-4.03983,7.5,Spring,0.0028,326,1
Atlantic Puffin,57.90541,-3.79499,7.5,Spring,0.0037,70,4
Atlantic Puffin,58.04054,-6.48821,7.5,Spring,0.0415,31,1
Atlantic Puffin,58.04054,-6.24337,7.5,Spring,0.038,3,1
Atlantic Puffin,58.04054,-5.75369,7.5,Spring,0.0311,13,9
Atlantic Puffin,58.17568,-6.97788,7.5,Spring,0.0134,41,2
Atlantic Puffin,58.17568,-6.48821,7.5,Spring,0.0346,169,4
Atlantic Puffin,58.17568,-6.24337,7.5,Spring,0.0307,77,9
Atlantic Puffin,58.17568,-5.50885,7.5,Spring,0.0208,17,1
Atlantic Puffin,58.17568,-3.55015,7.5,Spring,0.009,19,2
Atlantic Puffin,58.17568,-1.83628,7.5,Spring,0.1554,1,1
Atlantic Puffin,58.31081,-6.73304,7.5,Spring,0.008,84,3
Atlantic Puffin,58.31081,-6.24337,7.5,Spring,0.0138,135,4
Atlantic Puffin,58.31081,-5.26402,7.5,Spring,0.0109,43,3
Atlantic Puffin,58.31081,-3.06047,7.5,Spring,0.0224,18,2
Atlantic Puffin,58.31081,-2.08112,7.5,Spring,0.0974,5,3
Atlantic Puffin,58.31081,-1.83628,7.5,Spring,0.1536,1,1
Atlantic Puffin,58.44595,-5.26402,7.5,Spring,0.0388,89,62
Atlantic Puffin,58.44595,-3.06047,7.5,Spring,0.0868,87,7
Atlantic Puffin,58.44595,-2.32596,7.5,Spring,0.1721,4,2
Atlantic Puffin,58.58108,-6.24337,7.5,Spring,0.0144,71,1
Atlantic Puffin,58.58108,-4.77434,7.5,Spring,0.046,149,5
Atlantic Puffin,58.58108,-4.03983,7.5,Spring,0.0717,19,9
Atlantic Puffin,58.58108,-3.79499,7.5,Spring,0.0974,34,8
Atlantic Puffin,58.58108,-3.55015,7.5,Spring,0.0939,95,2
Atlantic Puffin,58.58108,-3.30531,7.5,Spring,0.0754,100,1
Atlantic Puffin,58.58108,-3.06047,7.5,Spring,0.143,142,22
Atlantic Puffin,58.58108,-2.32596,7.5,Spring,0.1822,3,1
Atlantic Puffin,58.71622,-3.55015,7.5,Spring,0.1718,6,5
Atlantic Puffin,58.71622,-3.30531,7.5,Spring,0.1703,86,42
Atlantic Puffin,58.71622,-3.06047,7.5,Spring,0.2947,32,5
Atlantic Puffin,58.85135,-3.55015,7.5,Spring,0.1194,6,5
Atlantic Puffin,58.85135,-3.30531,7.5,Spring,0.0605,97,1
Atlantic Puffin,58.85135,-3.06047,7.5,Spring,0.1014,66,7
Atlantic Puffin,58.98649,-3.30531,7.5,Spring,0.0462,299,6
Atlantic Puffin,58.98649,-3.06047,7.5,Spring,0.0805,323,5
Atlantic Puffin,58.98649,-2.81564,7.5,Spring,0.0516,106,6
Atlantic Puffin,59.12162,-5.75369,7.5,Spring,0.0744,1,1
Atlantic Puffin,59.12162,-3.30531,7.5,Spring,0.1239,228,38
Atlantic Puffin,59.12162,-3.06047,7.5,Spring,0.1709,182,2
Atlantic Puffin,59.12162,-2.81564,7.5,Spring,0.1494,15,1
Atlantic Puffin,59.12162,-2.5708,7.5,Spring,0.1795,7,1
Atlantic Puffin,59.25676,-3.06047,7.5,Spring,0.2632,27,2
Atlantic Puffin,59.25676,-2.81564,7.5,Spring,0.259,23,12
Atlantic Puffin,59.25676,-1.34661,7.5,Spring,0.3614,1,1
Atlantic Puffin,59.39189,-3.06047,7.5,Spring,0.2752,21,6
Atlantic Puffin,59.39189,-2.81564,7.5,Spring,0.2741,24,10
Atlantic Puffin,59.39189,-2.32596,7.5,Spring,0.2175,344,10
Atlantic Puffin,59.39189,-2.08112,7.5,Spring,0.1611,2,2
Atlantic Puffin,59.39189,-1.83628,7.5,Spring,0.2204,4,2
Atlantic Puffin,59.39189,-1.59145,7.5,Spring,0.4615,3,3
Atlantic Puffin,59.52703,-2.08112,7.5,Spring,0.1836,1,1
Atlantic Puffin,59.52703,-1.83628,7.5,Spring,0.2469,2,2
Atlantic Puffin,59.52703,-1.59145,7.5,Spring,0.4918,456,267
Atlantic Puffin,59.66216,-1.59145,7.5,Spring,0.485,2,2
Atlantic Puffin,59.66216,-1.34661,7.5,Spring,0.3808,2,2
Atlantic Puffin,59.7973,-1.34661,7.5,Spring,0.3644,175,116
Atlantic Puffin,59.93243,-2.32596,7.5,Spring,0.09,1,1
Atlantic Puffin,59.93243,-1.34661,7.5,Spring,0.0313,1629,180
Atlantic Puffin,59.93243,-1.10177,7.5,Spring,0.1347,131,9
Atlantic Puffin,60.06757,-2.08112,7.5,Spring,0.1116,22,11
Atlantic Puffin,60.06757,-1.34661,7.5,Spring,0.0424,437,6
Atlantic Puffin,60.06757,-1.10177,7.5,Spring,0.1294,123,9
Atlantic Puffin,60.2027,-1.59145,7.5,Spring,0.1102,49,3
Atlantic Puffin,60.2027,-1.10177,7.5,Spring,0.1247,488,40
Atlantic Puffin,60.33784,-1.59145,7.5,Spring,0.1644,34,1
Atlantic Puffin,60.33784,-1.34661,7.5,Spring,0.0768,70,3
Atlantic Puffin,60.33784,-1.10177,7.5,Spring,0.1292,26,3
Atlantic Puffin,60.47297,-1.59145,7.5,Spring,0.19,71,15
Atlantic Puffin,60.47297,-1.34661,7.5,Spring,0.0903,52,2
Atlantic Puffin,60.47297,-1.10177,7.5,Spring,0.1246,58,3
Atlantic Puffin,60.47297,-0.85693,7.5,Spring,0.0604,26,10
Atlantic Puffin,60.60811,-1.34661,7.5,Spring,0.082,24,1
Atlantic Puffin,60.60811,-1.10177,7.5,Spring,0.108,33,2
Atlantic Puffin,60.60811,-0.85693,7.5,Spring,0.0516,78,8
Atlantic Puffin,60.74324,-0.85693,7.5,Spring,0.0405,385,3
Atlantic Puffin,60.87838,-0.85693,7.5,Spring,0.0868,114,47
Atlantic Puffin,54.66216,-5.26402,7.5,Summer,0.0167,2,2
Atlantic Puffin,54.66216,-4.77434,7.5,Summer,0.0213,43,8
Atlantic Puffin,54.7973,-3.79499,7.5,Summer,0.0123,22,1
Atlantic Puffin,54.93243,-5.01918,7.5,Summer,0.0092,74,1
Atlantic Puffin,55.06757,-5.26402,7.5,Summer,0.0116,23,1
Atlantic Puffin,55.2027,-5.75369,7.5,Summer,0.0084,2,2
Atlantic Puffin,55.2027,-5.01918,7.5,Summer,0.0156,17,4
Atlantic Puffin,55.47297,-6.48821,7.5,Summer,0.0059,1,1
Atlantic Puffin,55.47297,-4.77434,7.5,Summer,0.0092,450,1
Atlantic Puffin,55.60811,-5.01918,7.5,Summer,0.0017,24,1
Atlantic Puffin,55.60811,-4.77434,7.5,Summer,0.0016,3125,12
Atlantic Puffin,55.74324,-5.99853,7.5,Summer,0.0016,12,1
Atlantic Puffin,55.87838,-6.73304,7.5,Summer,0.0028,1,1
Atlantic Puffin,55.87838,-4.77434,7.5,Summer,0.0014,45,1
Atlantic Puffin,55.87838,-3.06047,7.5,Summer,0.0015,1626,5
Atlantic Puffin,55.87838,-2.08112,7.5,Summer,0.0494,295,36
Atlantic Puffin,56.01351,-5.99853,7.5,Summer,0.0025,3,1
Atlantic Puffin,56.01351,-3.30531,7.5,Summer,0.0578,2181,40
Atlantic Puffin,56.01351,-3.06047,7.5,Summer,0.0489,2396,62
Atlantic Puffin,56.01351,-2.81564,7.5,Summer,0.0243,786,122
Atlantic Puffin,56.01351,-2.5708,7.5,Summer,0.0056,613,80
Atlantic Puffin,56.01351,-2.32596,7.5,Summer,0.0233,130,6
Atlantic Puffin,56.14865,-5.50885,7.5,Summer,0.0025,74,1
Atlantic Puffin,56.14865,-3.06047,7.5,Summer,0.0398,158,4
Atlantic Puffin,56.14865,-2.81564,7.5,Summer,0.0413,174,16
Atlantic Puffin,56.14865,-2.5708,7.5,Summer,0.5918,245,218
Atlantic Puffin,56.28378,-8.69175,7.5,Summer,0.0259,1,1
Atlantic Puffin,56.28378,-6.48821,7.5,Summer,0.0268,238,3
Atlantic Puffin,56.28378,-2.81564,7.5,Summer,0.0025,1122,6
Atlantic Puffin,56.28378,-2.5708,7.5,Summer,0.3545,524,235
Atlantic Puffin,56.41892,-6.97788,7.5,Summer,0.0268,37,1
Atlantic Puffin,56.41892,-6.48821,7.5,Summer,0.2418,1,1
Atlantic Puffin,56.41892,-6.24337,7.5,Summer,0.0101,224,119
Atlantic Puffin,56.41892,-5.50885,7.5,Summer,0.0022,433,1
Atlantic Puffin,56.55405,-6.73304,7.5,Summer,0.0301,37,1
Atlantic Puffin,56.55405,-6.48821,7.5,Summer,0.2483,134,124
Atlantic Puffin,56.55405,-6.24337,7.5,Summer,0.0197,192,2
Atlantic Puffin,56.55405,-2.5708,7.5,Summer,0.2156,98,16
Atlantic Puffin,56.68919,-6.48821,7.5,Summer,0.2975,30,5
Atlantic Puffin,56.68919,-6.24337,7.5,Summer,0.0328,70,7
Atlantic Puffin,56.68919,-5.01918,7.5,Summer,0.0018,304,1
Atlantic Puffin,56.68919,-2.32596,7.5,Summer,0.2378,30,3
Atlantic Puffin,56.82432,-7.7124,7.5,Summer,0.0696,5,4
Atlantic Puffin,56.82432,-7.22272,7.5,Summer,0.0305,2,2
Atlantic Puffin,56.82432,-6.73304,7.5,Summer,0.0409,5,2
Atlantic Puffin,56.82432,-6.24337,7.5,Summer,0.0399,21,3
Atlantic Puffin,56.82432,-5.99853,7.5,Summer,0.0042,11,2
Atlantic Puffin,56.82432,-2.32596,7.5,Summer,0.2275,71,4
Atlantic Puffin,56.95946,-7.46756,7.5,Summer,0.0154,118,2
Atlantic Puffin,56.95946,-7.22272,7.5,Summer,0.024,1,1
Atlantic Puffin,56.95946,-5.99853,7.5,Summer,0.0046,9,2
Atlantic Puffin,56.95946,-5.75369,7.5,Summer,0.0031,122,1
Atlantic Puffin,56.95946,-2.32596,7.5,Summer,0.2344,53,6
Atlantic Puffin,56.95946,-2.08112,7.5,Summer,0.2997,272,99
Atlantic Puffin,57.09459,-7.22272,7.5,Summer,0.0063,41,1
Atlantic Puffin,57.09459,-6.97788,7.5,Summer,0.0143,1,1
Atlantic Puffin,57.09459,-6.48821,7.5,Summer,0.0978,39,16
Atlantic Puffin,57.09459,-6.24337,7.5,Summer,0.024,7,1
Atlantic Puffin,57.09459,-5.99853,7.5,Summer,0.0032,105,2
Atlantic Puffin,57.09459,-5.75369,7.5,Summer,0.0028,94,2
Atlantic Puffin,57.09459,-2.08112,7.5,Summer,0.1425,1194,125
Atlantic Puffin,57.09459,-1.83628,7.5,Summer,0.2171,2,1
Atlantic Puffin,57.22973,-6.97788,7.5,Summer,0.0068,1,1
Atlantic Puffin,57.22973,-2.08112,7.5,Summer,0.0343,267,1
Atlantic Puffin,57.22973,-1.83628,7.5,Summer,0.1,5,1
Atlantic Puffin,57.36486,-7.46756,7.5,Summer,0.003,123,1
Atlantic Puffin,57.36486,-6.73304,7.5,Summer,0.005,94,6
Atlantic Puffin,57.36486,-5.99853,7.5,Summer,0.0027,33,1
Atlantic Puffin,57.36486,-2.08112,7.5,Summer,0.043,330,1
Atlantic Puffin,57.36486,-1.83628,7.5,Summer,0.1364,74,9
Atlantic Puffin,57.5,-6.73304,7.5,Summer,0.005,402,11
Atlantic Puffin,57.5,-4.03983,7.5,Summer,0.0013,626,1
Atlantic Puffin,57.5,-1.83628,7.5,Summer,0.1246,107,49
Atlantic Puffin,57.63514,-7.46756,7.5,Summer,0.0034,350,1
Atlantic Puffin,57.63514,-7.22272,7.5,Summer,0.0036,116,1
Atlantic Puffin,57.63514,-6.97788,7.5,Summer,0.0104,9,5
Atlantic Puffin,57.63514,-6.73304,7.5,Summer,0.0113,13,10
Atlantic Puffin,57.63514,-6.48821,7.5,Summer,0.053,167,6
Atlantic Puffin,57.63514,-6.24337,7.5,Summer,0.0064,443,3
Atlantic Puffin,57.63514,-4.03983,7.5,Summer,0.0014,742,4
Atlantic Puffin,57.63514,-2.32596,7.5,Summer,0.0915,124,31
Atlantic Puffin,57.77027,-8.69175,7.5,Summer,0.1326,36,16
Atlantic Puffin,57.77027,-8.44691,7.5,Summer,0.1257,18,11
Atlantic Puffin,57.77027,-6.97788,7.5,Summer,0.0217,108,1
Atlantic Puffin,57.77027,-6.73304,7.5,Summer,0.0282,13,6
Atlantic Puffin,57.77027,-6.48821,7.5,Summer,0.1051,5,4
Atlantic Puffin,57.77027,-6.24337,7.5,Summer,0.0251,14,4
Atlantic Puffin,57.77027,-5.75369,7.5,Summer,0.0103,159,1
Atlantic Puffin,57.77027,-5.50885,7.5,Summer,0.0053,82,1
Atlantic Puffin,57.77027,-4.03983,7.5,Summer,0.0027,134,1
Atlantic Puffin,57.77027,-3.79499,7.5,Summer,0.003,180,1
Atlantic Puffin,57.77027,-3.55015,7.5,Summer,0.0044,104,1
Atlantic Puffin,57.77027,-1.83628,7.5,Summer,0.1828,2,1
Atlantic Puffin,57.90541,-6.97788,7.5,Summer,0.0165,77,1
Atlantic Puffin,57.90541,-6.73304,7.5,Summer,0.016,63,1
Atlantic Puffin,57.90541,-6.24337,7.5,Summer,0.055,17,16
Atlantic Puffin,57.90541,-5.75369,7.5,Summer,0.0545,41,7
Atlantic Puffin,57.90541,-5.50885,7.5,Summer,0.0241,122,1
Atlantic Puffin,57.90541,-5.26402,7.5,Summer,0.013,175,2
Atlantic Puffin,57.90541,-3.79499,7.5,Summer,0.0058,52,9
Atlantic Puffin,58.04054,-7.46756,7.5,Summer,0.0205,1,1
Atlantic Puffin,58.04054,-6.24337,7.5,Summer,0.0626,1,1
Atlantic Puffin,58.04054,-5.75369,7.5,Summer,0.0911,27,16
Atlantic Puffin,58.04054,-3.79499,7.5,Summer,0.0063,81,1
Atlantic Puffin,58.17568,-7.22272,7.5,Summer,0.015,2,1
Atlantic Puffin,58.17568,-6.97788,7.5,Summer,0.0136,82,3
Atlantic Puffin,58.17568,-6.48821,7.5,Summer,0.0318,142,4
Atlantic Puffin,58.17568,-6.24337,7.5,Summer,0.0505,101,8
Atlantic Puffin,58.17568,-5.75369,7.5,Summer,0.0859,5,3
Atlantic Puffin,58.17568,-5.50885,7.5,Summer,0.0451,27,8
Atlantic Puffin,58.17568,-5.26402,7.5,Summer,0.0244,123,2
Atlantic Puffin,58.17568,-3.55015,7.5,Summer,0.0184,44,1
Atlantic Puffin,58.17568,-3.30531,7.5,Summer,0.0629,48,18
Atlantic Puffin,58.31081,-7.46756,7.5,Summer,0.0119,1,1
Atlantic Puffin,58.31081,-6.73304,7.5,Summer,0.0079,126,5
Atlantic Puffin,58.31081,-6.24337,7.5,Summer,0.0234,163,13
Atlantic Puffin,58.31081,-5.26402,7.5,Summer,0.0298,70,8
Atlantic Puffin,58.31081,-3.30531,7.5,Summer,0.0649,52,4
Atlantic Puffin,58.44595,-6.24337,7.5,Summer,0.0225,130,1
Atlantic Puffin,58.44595,-5.26402,7.5,Summer,0.0738,94,57
Atlantic Puffin,58.44595,-5.01918,7.5,Summer,0.0364,54,2
Atlantic Puffin,58.44595,-3.06047,7.5,Summer,0.2626,74,11
Atlantic Puffin,58.58108,-6.24337,7.5,Summer,0.0315,87,9
Atlantic Puffin,58.58108,-5.01918,7.5,Summer,0.0556,8,2
Atlantic Puffin,58.58108,-4.77434,7.5,Summer,0.0537,110,7
Atlantic Puffin,58.58108,-4.5295,7.5,Summer,0.0552,26,2
Atlantic Puffin,58.58108,-4.03983,7.5,Summer,0.0706,37,14
Atlantic Puffin,58.58108,-3.79499,7.5,Summer,0.0913,34,6
Atlantic Puffin,58.58108,-3.55015,7.5,Summer,0.0903,117,6
Atlantic Puffin,58.58108,-3.30531,7.5,Summer,0.1808,172,6
Atlantic Puffin,58.58108,-3.06047,7.5,Summer,0.2938,174,58
Atlantic Puffin,58.71622,-3.55015,7.5,Summer,0.2244,6,5
Atlantic Puffin,58.71622,-3.30531,7.5,Summer,0.3404,103,64
Atlantic Puffin,58.71622,-3.06047,7.5,Summer,0.4773,37,9
Atlantic Puffin,58.85135,-3.55015,7.5,Summer,0.2038,10,5
Atlantic Puffin,58.85135,-3.30531,7.5,Summer,0.1907,113,7
Atlantic Puffin,58.85135,-3.06047,7.5,Summer,0.2575,70,11
Atlantic Puffin,58.85135,-2.5708,7.5,Summer,0.2919,5,3
Atlantic Puffin,58.98649,-3.55015,7.5,Summer,0.1761,1,1
Atlantic Puffin,58.98649,-3.30531,7.5,Summer,0.1107,530,22
Atlantic Puffin,58.98649,-3.06047,7.5,Summer,0.1508,416,12
Atlantic Puffin,58.98649,-2.81564,7.5,Summer,0.0499,119,15
Atlantic Puffin,58.98649,-2.5708,7.5,Summer,0.2657,2,1
Atlantic Puffin,59.12162,-6.24337,7.5,Summer,0.0824,2,1
Atlantic Puffin,59.12162,-5.75369,7.5,Summer,0.1762,4,4
Atlantic Puffin,59.12162,-4.5295,7.5,Summer,0.1528,1,1
Atlantic Puffin,59.12162,-3.30531,7.5,Summer,0.2347,447,128
Atlantic Puffin,59.12162,-3.06047,7.5,Summer,0.2651,316,10
Atlantic Puffin,59.12162,-2.81564,7.5,Summer,0.1787,13,1
Atlantic Puffin,59.12162,-2.5708,7.5,Summer,0.2859,12,1
Atlantic Puffin,59.25676,-3.06047,7.5,Summer,0.4474,56,13
Atlantic Puffin,59.25676,-2.81564,7.5,Summer,0.3593,63,24
Atlantic Puffin,59.25676,-1.59145,7.5,Summer,0.5144,1,1
Atlantic Puffin,59.39189,-3.06047,7.5,Summer,0.4384,41,20
Atlantic Puffin,59.39189,-2.81564,7.5,Summer,0.346,16,7
Atlantic Puffin,59.39189,-2.32596,7.5,Summer,0.3902,184,19
Atlantic Puffin,59.39189,-1.59145,7.5,Summer,0.5552,5,2
Atlantic Puffin,59.52703,-1.59145,7.5,Summer,0.5887,354,291
Atlantic Puffin,59.7973,-1.34661,7.5,Summer,0.5349,226,190
Atlantic Puffin,59.93243,-1.34661,7.5,Summer,0.2758,1489,393
Atlantic Puffin,59.93243,-1.10177,7.5,Summer,0.1959,126,25
Atlantic Puffin,60.06757,-2.08112,7.5,Summer,0.2418,17,9
Atlantic Puffin,60.06757,-1.34661,7.5,Summer,0.2362,208,15
Atlantic Puffin,60.06757,-1.10177,7.5,Summer,0.1774,75,11
Atlantic Puffin,60.06757,-0.85693,7.5,Summer,0.091,2,1
Atlantic Puffin,60.2027,-2.08112,7.5,Summer,0.2656,4,2
Atlantic Puffin,60.2027,-1.59145,7.5,Summer,0.3321,33,3
Atlantic Puffin,60.2027,-1.34661,7.5,Summer,0.2512,126,1
Atlantic Puffin,60.2027,-1.10177,7.5,Summer,0.1736,394,55
Atlantic Puffin,60.33784,-1.59145,7.5,Summer,0.395,54,7
Atlantic Puffin,60.33784,-1.34661,7.5,Summer,0.2829,85,2
Atlantic Puffin,60.33784,-1.10177,7.5,Summer,0.1991,45,7
Atlantic Puffin,60.47297,-1.59145,7.5,Summer,0.4293,123,40
Atlantic Puffin,60.47297,-1.34661,7.5,Summer,0.3099,54,3
Atlantic Puffin,60.47297,-1.10177,7.5,Summer,0.2167,77,13
Atlantic Puffin,60.47297,-0.85693,7.5,Summer,0.106,10,3
Atlantic Puffin,60.60811,-1.34661,7.5,Summer,0.2965,30,2
Atlantic Puffin,60.60811,-1.10177,7.5,Summer,0.204,58,1
Atlantic Puffin,60.60811,-0.85693,7.5,Summer,0.0887,218,24
Atlantic Puffin,60.74324,-1.59145,7.5,Summer,0.4076,1,1
Atlantic Puffin,60.74324,-1.10177,7.5,Summer,0.2046,31,1
Atlantic Puffin,60.74324,-0.85693,7.5,Summer,0.0792,401,28
Atlantic Puffin,60.87838,-1.83628,7.5,Summer,0.3195,1,1
Atlantic Puffin,60.87838,-0.85693,7.5,Summer,0.2492,127,75
Atlantic Puffin,55.60811,-4.77434,7.5,Winter,0.001,4222,5
Atlantic Puffin,55.87838,-4.77434,7.5,Winter,0.001,20,1
Atlantic Puffin,55.87838,-3.06047,7.5,Winter,0.0015,1773,4
Atlantic Puffin,55.87838,-2.32596,7.5,Winter,0.0091,71,1
Atlantic Puffin,55.87838,-2.08112,7.5,Winter,0.0368,65,2
Atlantic Puffin,56.01351,-3.30531,7.5,Winter,0.0017,2000,3
Atlantic Puffin,56.01351,-3.06047,7.5,Winter,0.0033,1585,4
Atlantic Puffin,56.01351,-2.81564,7.5,Winter,0.0019,874,7
Atlantic Puffin,56.01351,-2.5708,7.5,Winter,0.0019,643,5
Atlantic Puffin,56.01351,-2.32596,7.5,Winter,0.007,144,8
Atlantic Puffin,56.14865,-3.06047,7.5,Winter,0.0075,302,7
Atlantic Puffin,56.14865,-2.81564,7.5,Winter,0.0046,219,2
Atlantic Puffin,56.28378,-2.81564,7.5,Winter,0.0013,1177,4
Atlantic Puffin,56.28378,-2.5708,7.5,Winter,0.004,333,34
Atlantic Puffin,56.68919,-2.5708,7.5,Winter,0.0015,202,1
Atlantic Puffin,56.95946,-2.08112,7.5,Winter,0.0018,42,1
Atlantic Puffin,57.09459,-2.08112,7.5,Winter,0.0017,1022,5
Atlantic Puffin,57.22973,-2.08112,7.5,Winter,0.0021,305,1
Atlantic Puffin,57.63514,-2.08112,7.5,Winter,0.002,57,2
Atlantic Puffin,57.63514,-1.83628,7.5,Winter,0.0021,140,3
Atlantic Puffin,57.77027,-3.30531,7.5,Winter,0.0024,185,1
Atlantic Puffin,57.90541,-3.79499,7.5,Winter,0.0022,17,1
Atlantic Puffin,58.04054,-3.79499,7.5,Winter,0.0027,38,1
Atlantic Puffin,58.17568,-3.55015,7.5,Winter,0.0038,14,1
Atlantic Puffin,58.31081,-3.06047,7.5,Winter,0.0057,4,1
Atlantic Puffin,58.58108,-3.79499,7.5,Winter,0.0029,15,2
Atlantic Puffin,58.98649,-2.81564,7.5,Winter,0.0015,12,1
Atlantic Puffin,59.7973,-1.34661,7.5,Winter,0.0011,30,1
Atlantic Puffin,60.33784,-1.59145,7.5,Winter,0.0036,9,1
Atlantic Puffin,60.74324,-0.85693,7.5,Winter,0.0022,280,1
Atlantic Puffin,60.87838,-0.85693,7.5,Winter,0.01,32,1
Barn Swallow,54.66216,-5.01918,7.5,Autumn,0.2991,21,11
Barn Swallow,54.66216,-4.77434,7.5,Autumn,0.2784,22,13
Barn Swallow,54.66216,-4.5295,7.5,Autumn,0.2421,5,3
Barn Swallow,54.66216,-4.28466,7.5,Autumn,0.2225,8,3
Barn Swallow,54.7973,-5.01918,7.5,Autumn,0.2384,38,19
Barn Swallow,54.7973,-4.5295,7.5,Autumn,0.19,46,10
Barn Swallow,54.7973,-4.03983,7.5,Autumn,0.183,8,1
Barn Swallow,54.93243,-5.01918,7.5,Autumn,0.1218,93,10
Barn Swallow,54.93243,-4.5295,7.5,Autumn,0.1237,19,3
Barn Swallow,54.93243,-4.28466,7.5,Autumn,0.1186,30,4
Barn Swallow,54.93243,-4.03983,7.5,Autumn,0.131,53,13
Barn Swallow,54.93243,-3.79499,7.5,Autumn,0.1291,92,35
Barn Swallow,54.93243,-3.55015,7.5,Autumn,0.1241,239,34
Barn Swallow,54.93243,-3.30531,7.5,Autumn,0.1242,26,2
Barn Swallow,54.93243,-3.06047,7.5,Autumn,0.1815,46,21
Barn Swallow,55.06757,-5.26402,7.5,Autumn,0.1321,16,2
Barn Swallow,55.06757,-5.01918,7.5,Autumn,0.1308,27,13
Barn Swallow,55.06757,-4.77434,7.5,Autumn,0.128,7,5
Barn Swallow,55.06757,-4.5295,7.5,Autumn,0.1248,13,2
Barn Swallow,55.06757,-4.03983,7.5,Autumn,0.1318,42,12
Barn Swallow,55.06757,-3.79499,7.5,Autumn,0.1291,21,2
Barn Swallow,55.06757,-3.55015,7.5,Autumn,0.1269,165,25
Barn Swallow,55.06757,-3.30531,7.5,Autumn,0.1264,30,2
Barn Swallow,55.06757,-3.06047,7.5,Autumn,0.1832,13,6
Barn Swallow,55.2027,-4.77434,7.5,Autumn,0.1122,17,1
Barn Swallow,55.2027,-4.28466,7.5,Autumn,0.1118,1,1
Barn Swallow,55.2027,-3.30531,7.5,Autumn,0.117,21,7
Barn Swallow,55.33784,-5.75369,7.5,Autumn,0.1189,8,3
Barn Swallow,55.33784,-5.50885,7.5,Autumn,0.1171,7,2
Barn Swallow,55.33784,-4.77434,7.5,Autumn,0.1061,125,9
Barn Swallow,55.33784,-4.5295,7.5,Autumn,0.1098,6,3
Barn Swallow,55.33784,-4.28466,7.5,Autumn,0.1054,22,4
Barn Swallow,55.33784,-3.55015,7.5,Autumn,0.1097,19,1
Barn Swallow,55.33784,-3.30531,7.5,Autumn,0.1089,6,1
Barn Swallow,55.33784,-2.5708,7.5,Autumn,0.1458,2,1
Barn Swallow,55.47297,-5.75369,7.5,Autumn,0.116,16,6
Barn Swallow,55.47297,-5.50885,7.5,Autumn,0.1145,19,3
Barn Swallow,55.47297,-5.26402,7.5,Autumn,0.1142,50,8
Barn Swallow,55.47297,-5.01918,7.5,Autumn,0.1111,41,9
Barn Swallow,55.47297,-4.77434,7.5,Autumn,0.1046,581,56
Barn Swallow,55.47297,-4.5295,7.5,Autumn,0.1065,1154,114
Barn Swallow,55.47297,-4.28466,7.5,Autumn,0.1015,12,2
Barn Swallow,55.47297,-3.55015,7.5,Autumn,0.1084,23,9
Barn Swallow,55.47297,-3.30531,7.5,Autumn,0.1064,22,12
Barn Swallow,55.47297,-2.81564,7.5,Autumn,0.1444,43,3
Barn Swallow,55.47297,-2.5708,7.5,Autumn,0.1436,31,12
Barn Swallow,55.60811,-6.24337,7.5,Autumn,0.0996,96,15
Barn Swallow,55.60811,-5.99853,7.5,Autumn,0.1062,6,1
Barn Swallow,55.60811,-5.75369,7.5,Autumn,0.1042,11,1
Barn Swallow,55.60811,-5.50885,7.5,Autumn,0.1027,5,2
Barn Swallow,55.60811,-5.26402,7.5,Autumn,0.1025,81,9
Barn Swallow,55.60811,-5.01918,7.5,Autumn,0.1014,20,4
Barn Swallow,55.60811,-4.77434,7.5,Autumn,0.1003,3758,196
Barn Swallow,55.60811,-4.5295,7.5,Autumn,0.0978,21393,1676
Barn Swallow,55.60811,-4.28466,7.5,Autumn,0.0914,7,1
Barn Swallow,55.60811,-4.03983,7.5,Autumn,0.1046,4,1
Barn Swallow,55.60811,-3.79499,7.5,Autumn,0.1034,26,5
Barn Swallow,55.60811,-3.55015,7.5,Autumn,0.1008,48,8
Barn Swallow,55.60811,-3.30531,7.5,Autumn,0.0985,58,7
Barn Swallow,55.60811,-2.81564,7.5,Autumn,0.1405,83,10
Barn Swallow,55.60811,-2.5708,7.5,Autumn,0.1398,19,2
Barn Swallow,55.60811,-2.32596,7.5,Autumn,0.1447,28,4
Barn Swallow,55.74324,-6.48821,7.5,Autumn,0.0934,54,5
Barn Swallow,55.74324,-6.24337,7.5,Autumn,0.0963,173,10
Barn Swallow,55.74324,-5.75369,7.5,Autumn,0.1002,3,1
Barn Swallow,55.74324,-5.26402,7.5,Autumn,0.0975,34,2
Barn Swallow,55.74324,-5.01918,7.5,Autumn,0.0968,76,5
Barn Swallow,55.74324,-4.77434,7.5,Autumn,0.0964,71,2
Barn Swallow,55.74324,-4.5295,7.5,Autumn,0.0914,278,13
Barn Swallow,55.74324,-4.28466,7.5,Autumn,0.0865,566,22
Barn Swallow,55.74324,-4.03983,7.5,Autumn,0.1019,208,19
Barn Swallow,55.74324,-3.79499,7.5,Autumn,0.1016,18,4
Barn Swallow,55.74324,-3.55015,7.5,Autumn,0.1004,38,8
Barn Swallow,55.74324,-3.30531,7.5,Autumn,0.0992,26,7
Barn Swallow,55.74324,-3.06047,7.5,Autumn,0.1418,165,34
Barn Swallow,55.74324,-2.81564,7.5,Autumn,0.1443,10,1
Barn Swallow,55.74324,-2.5708,7.5,Autumn,0.1415,3,1
Barn Swallow,55.74324,-2.32596,7.5,Autumn,0.1467,14,7
Barn Swallow,55.87838,-6.48821,7.5,Autumn,0.0934,4,2
Barn Swallow,55.87838,-6.24337,7.5,Autumn,0.0957,142,21
Barn Swallow,55.87838,-5.99853,7.5,Autumn,0.101,20,8
Barn Swallow,55.87838,-5.50885,7.5,Autumn,0.096,16,1
Barn Swallow,55.87838,-5.26402,7.5,Autumn,0.0958,14,4
Barn Swallow,55.87838,-5.01918,7.5,Autumn,0.095,16,1
Barn Swallow,55.87838,-4.77434,7.5,Autumn,0.0944,36,7
Barn Swallow,55.87838,-4.5295,7.5,Autumn,0.0869,297,12
Barn Swallow,55.87838,-4.28466,7.5,Autumn,0.0807,1614,32
Barn Swallow,55.87838,-4.03983,7.5,Autumn,0.0957,110,2
Barn Swallow,55.87838,-3.79499,7.5,Autumn,0.0954,50,8
Barn Swallow,55.87838,-3.55015,7.5,Autumn,0.0933,74,17
Barn Swallow,55.87838,-3.30531,7.5,Autumn,0.0921,892,64
Barn Swallow,55.87838,-3.06047,7.5,Autumn,0.1301,1429,200
Barn Swallow,55.87838,-2.81564,7.5,Autumn,0.1408,104,15
Barn Swallow,55.87838,-2.5708,7.5,Autumn,0.139,13,1
Barn Swallow,55.87838,-2.32596,7.5,Autumn,0.1442,105,37
Barn Swallow,55.87838,-2.08112,7.5,Autumn,0.1298,169,32
Barn Swallow,56.01351,-6.24337,7.5,Autumn,0.1043,25,4
Barn Swallow,56.01351,-5.75369,7.5,Autumn,0.1076,10,4
Barn Swallow,56.01351,-5.50885,7.5,Autumn,0.1073,48,5
Barn Swallow,56.01351,-5.26402,7.5,Autumn,0.1074,7,1
Barn Swallow,56.01351,-5.01918,7.5,Autumn,0.1069,72,14
Barn Swallow,56.01351,-4.77434,7.5,Autumn,0.1058,77,9
Barn Swallow,56.01351,-4.5295,7.5,Autumn,0.1009,132,20
Barn Swallow,56.01351,-4.28466,7.5,Autumn,0.0936,26,2
Barn Swallow,56.01351,-4.03983,7.5,Autumn,0.1086,27,10
Barn Swallow,56.01351,-3.79499,7.5,Autumn,0.1045,285,40
Barn Swallow,56.01351,-3.55015,7.5,Autumn,0.0996,300,35
Barn Swallow,56.01351,-3.30531,7.5,Autumn,0.0987,1675,92
Barn Swallow,56.01351,-3.06047,7.5,Autumn,0.1271,1856,319
Barn Swallow,56.01351,-2.81564,7.5,Autumn,0.1395,652,80
Barn Swallow,56.01351,-2.5708,7.5,Autumn,0.1364,447,50
Barn Swallow,56.01351,-2.32596,7.5,Autumn,0.1423,379,77
Barn Swallow,56.14865,-6.24337,7.5,Autumn,0.1065,9,3
Barn Swallow,56.14865,-5.50885,7.5,Autumn,0.1104,29,6
Barn Swallow,56.14865,-5.01918,7.5,Autumn,0.1099,7,1
Barn Swallow,56.14865,-4.77434,7.5,Autumn,0.1093,53,12
Barn Swallow,56.14865,-4.5295,7.5,Autumn,0.1054,103,23
Barn Swallow,56.14865,-4.28466,7.5,Autumn,0.0979,31,3
Barn Swallow,56.14865,-4.03983,7.5,Autumn,0.1134,176,30
Barn Swallow,56.14865,-3.79499,7.5,Autumn,0.1094,274,49
Barn Swallow,56.14865,-3.55015,7.5,Autumn,0.1037,52,6
Barn Swallow,56.14865,-3.30531,7.5,Autumn,0.1039,374,55
Barn Swallow,56.14865,-3.06047,7.5,Autumn,0.1304,103,12
Barn Swallow,56.14865,-2.81564,7.5,Autumn,0.1441,81,21
Barn Swallow,56.14865,-2.5708,7.5,Autumn,0.1417,22,11
Barn Swallow,56.28378,-6.48821,7.5,Autumn,0.1059,55,10
Barn Swallow,56.28378,-6.24337,7.5,Autumn,0.1071,22,4
Barn Swallow,56.28378,-5.99853,7.5,Autumn,0.1147,9,2
Barn Swallow,56.28378,-5.50885,7.5,Autumn,0.1114,4,1
Barn Swallow,56.28378,-5.26402,7.5,Autumn,0.1117,2,1
Barn Swallow,56.28378,-5.01918,7.5,Autumn,0.1108,23,7
Barn Swallow,56.28378,-4.77434,7.5,Autumn,0.1105,22,7
Barn Swallow,56.28378,-4.5295,7.5,Autumn,0.1058,7,1
Barn Swallow,56.28378,-4.28466,7.5,Autumn,0.0987,38,4
Barn Swallow,56.28378,-4.03983,7.5,Autumn,0.1142,18,4
Barn Swallow,56.28378,-3.79499,7.5,Autumn,0.1101,75,11
Barn Swallow,56.28378,-3.55015,7.5,Autumn,0.1046,13,2
Barn Swallow,56.28378,-3.30531,7.5,Autumn,0.1049,77,15
Barn Swallow,56.28378,-3.06047,7.5,Autumn,0.1312,309,56
Barn Swallow,56.28378,-2.81564,7.5,Autumn,0.145,885,124
Barn Swallow,56.28378,-2.5708,7.5,Autumn,0.1409,604,117
Barn Swallow,56.41892,-6.24337,7.5,Autumn,0.0995,6,1
Barn Swallow,56.41892,-5.99853,7.5,Autumn,0.1074,72,13
Barn Swallow,56.41892,-5.75369,7.5,Autumn,0.1048,123,16
Barn Swallow,56.41892,-5.50885,7.5,Autumn,0.1047,147,7
Barn Swallow,56.41892,-5.26402,7.5,Autumn,0.1068,5,3
Barn Swallow,56.41892,-4.77434,7.5,Autumn,0.1062,25,2
Barn Swallow,56.41892,-4.5295,7.5,Autumn,0.1031,10,2
Barn Swallow,56.41892,-4.28466,7.5,Autumn,0.0957,69,9
Barn Swallow,56.41892,-4.03983,7.5,Autumn,0.1109,23,2
Barn Swallow,56.41892,-3.79499,7.5,Autumn,0.1063,24,2
Barn Swallow,56.41892,-3.55015,7.5,Autumn,0.1009,96,6
Barn Swallow,56.41892,-3.30531,7.5,Autumn,0.1016,131,22
Barn Swallow,56.41892,-3.06047,7.5,Autumn,0.1251,363,4
Barn Swallow,56.41892,-2.81564,7.5,Autumn,0.1399,548,105
Barn Swallow,56.55405,-6.97788,7.5,Autumn,0.0947,27,1
Barn Swallow,56.55405,-6.73304,7.5,Autumn,0.0973,6,1
Barn Swallow,56.55405,-6.24337,7.5,Autumn,0.0991,64,3
Barn Swallow,56.55405,-5.99853,7.5,Autumn,0.1073,81,15
Barn Swallow,56.55405,-5.75369,7.5,Autumn,0.1047,70,9
Barn Swallow,56.55405,-5.50885,7.5,Autumn,0.1047,22,6
Barn Swallow,56.55405,-4.03983,7.5,Autumn,0.1098,32,1
Barn Swallow,56.55405,-3.55015,7.5,Autumn,0.0997,128,10
Barn Swallow,56.55405,-3.30531,7.5,Autumn,0.1003,23,6
Barn Swallow,56.55405,-2.81564,7.5,Autumn,0.1349,26,3
Barn Swallow,56.55405,-2.5708,7.5,Autumn,0.1334,60,7
Barn Swallow,56.68919,-6.48821,7.5,Autumn,0.0977,4,1
Barn Swallow,56.68919,-6.24337,7.5,Autumn,0.0982,44,3
Barn Swallow,56.68919,-5.99853,7.5,Autumn,0.1062,45,2
Barn Swallow,56.68919,-5.75369,7.5,Autumn,0.1039,30,1
Barn Swallow,56.68919,-5.50885,7.5,Autumn,0.1044,20,9
Barn Swallow,56.68919,-5.26402,7.5,Autumn,0.1068,49,3
Barn Swallow,56.68919,-5.01918,7.5,Autumn,0.1054,142,7
Barn Swallow,56.68919,-4.77434,7.5,Autumn,0.1057,22,5
Barn Swallow,56.68919,-4.03983,7.5,Autumn,0.1101,22,4
Barn Swallow,56.68919,-3.79499,7.5,Autumn,0.1046,146,11
Barn Swallow,56.68919,-3.55015,7.5,Autumn,0.0989,9,1
Barn Swallow,56.68919,-3.30531,7.5,Autumn,0.0997,28,2
Barn Swallow,56.68919,-3.06047,7.5,Autumn,0.1217,95,27
Barn Swallow,56.68919,-2.81564,7.5,Autumn,0.137,37,6
Barn Swallow,56.68919,-2.5708,7.5,Autumn,0.1347,265,44
Barn Swallow,56.68919,-2.32596,7.5,Autumn,0.1382,26,15
Barn Swallow,56.82432,-5.99853,7.5,Autumn,0.1062,2,2
Barn Swallow,56.82432,-5.75369,7.5,Autumn,0.1039,36,1
Barn Swallow,56.82432,-5.50885,7.5,Autumn,0.1044,63,7
Barn Swallow,56.82432,-5.26402,7.5,Autumn,0.107,9,1
Barn Swallow,56.82432,-5.01918,7.5,Autumn,0.1057,127,12
Barn Swallow,56.82432,-4.77434,7.5,Autumn,0.1063,6,1
Barn Swallow,56.82432,-3.79499,7.5,Autumn,0.1046,22,1
Barn Swallow,56.82432,-3.30531,7.5,Autumn,0.0996,52,4
Barn Swallow,56.82432,-3.06047,7.5,Autumn,0.1217,6,2
Barn Swallow,56.82432,-2.5708,7.5,Autumn,0.1341,79,9
Barn Swallow,56.82432,-2.32596,7.5,Autumn,0.1378,51,8
Barn Swallow,56.95946,-5.75369,7.5,Autumn,0.1031,105,9
Barn Swallow,56.95946,-5.01918,7.5,Autumn,0.1051,16,2
Barn Swallow,56.95946,-4.77434,7.5,Autumn,0.1055,9,1
Barn Swallow,56.95946,-4.5295,7.5,Autumn,0.102,23,3
Barn Swallow,56.95946,-3.55015,7.5,Autumn,0.0987,22,2
Barn Swallow,56.95946,-3.30531,7.5,Autumn,0.0997,46,2
Barn Swallow,56.95946,-3.06047,7.5,Autumn,0.1216,12,2
Barn Swallow,56.95946,-2.5708,7.5,Autumn,0.1342,12,1
Barn Swallow,56.95946,-2.32596,7.5,Autumn,0.1377,29,8
Barn Swallow,56.95946,-2.08112,7.5,Autumn,0.1335,92,22
Barn Swallow,57.09459,-5.99853,7.5,Autumn,0.1042,37,1
Barn Swallow,57.09459,-5.75369,7.5,Autumn,0.102,33,3
Barn Swallow,57.09459,-5.50885,7.5,Autumn,0.1027,1,1
Barn Swallow,57.09459,-4.77434,7.5,Autumn,0.1049,37,6
Barn Swallow,57.09459,-4.28466,7.5,Autumn,0.0945,3,1
Barn Swallow,57.09459,-4.03983,7.5,Autumn,0.1094,242,47
Barn Swallow,57.09459,-3.79499,7.5,Autumn,0.1041,105,7
Barn Swallow,57.09459,-3.06047,7.5,Autumn,0.1209,41,2
Barn Swallow,57.09459,-2.81564,7.5,Autumn,0.1356,64,17
Barn Swallow,57.09459,-2.32596,7.5,Autumn,0.1353,56,4
Barn Swallow,57.09459,-2.08112,7.5,Autumn,0.1318,1071,159
Barn Swallow,57.22973,-7.46756,7.5,Autumn,0.0956,56,7
Barn Swallow,57.22973,-6.24337,7.5,Autumn,0.0968,53,2
Barn Swallow,57.22973,-5.99853,7.5,Autumn,0.1033,170,22
Barn Swallow,57.22973,-5.75369,7.5,Autumn,0.1012,61,5
Barn Swallow,57.22973,-5.50885,7.5,Autumn,0.1016,94,6
Barn Swallow,57.22973,-4.5295,7.5,Autumn,0.0993,23,1
Barn Swallow,57.22973,-4.03983,7.5,Autumn,0.1069,90,9
Barn Swallow,57.22973,-3.79499,7.5,Autumn,0.1019,655,49
Barn Swallow,57.22973,-3.55015,7.5,Autumn,0.0957,169,17
Barn Swallow,57.22973,-3.30531,7.5,Autumn,0.0966,35,2
Barn Swallow,57.22973,-2.81564,7.5,Autumn,0.1257,21,8
Barn Swallow,57.22973,-2.5708,7.5,Autumn,0.1221,12,4
Barn Swallow,57.22973,-2.32596,7.5,Autumn,0.1215,8,1
Barn Swallow,57.22973,-2.08112,7.5,Autumn,0.1162,282,19
Barn Swallow,57.36486,-7.46756,7.5,Autumn,0.0966,73,8
Barn Swallow,57.36486,-6.73304,7.5,Autumn,0.096,40,4
Barn Swallow,57.36486,-6.48821,7.5,Autumn,0.0971,31,4
Barn Swallow,57.36486,-6.24337,7.5,Autumn,0.0972,155,6
Barn Swallow,57.36486,-5.99853,7.5,Autumn,0.1031,26,2
Barn Swallow,57.36486,-5.75369,7.5,Autumn,0.1009,43,1
Barn Swallow,57.36486,-5.50885,7.5,Autumn,0.1011,30,4
Barn Swallow,57.36486,-4.77434,7.5,Autumn,0.1027,26,3
Barn Swallow,57.36486,-4.5295,7.5,Autumn,0.1,158,27
Barn Swallow,57.36486,-4.28466,7.5,Autumn,0.0923,108,13
Barn Swallow,57.36486,-4.03983,7.5,Autumn,0.1067,23,2
Barn Swallow,57.36486,-3.79499,7.5,Autumn,0.102,98,9
Barn Swallow,57.36486,-3.55015,7.5,Autumn,0.096,167,15
Barn Swallow,57.36486,-2.81564,7.5,Autumn,0.1265,4,2
Barn Swallow,57.36486,-2.5708,7.5,Autumn,0.1229,46,9
Barn Swallow,57.36486,-2.32596,7.5,Autumn,0.1223,10,1
Barn Swallow,57.36486,-2.08112,7.5,Autumn,0.1172,200,27
Barn Swallow,57.36486,-1.83628,7.5,Autumn,0.116,66,8
Barn Swallow,57.5,-7.46756,7.5,Autumn,0.1017,50,1
Barn Swallow,57.5,-7.22272,7.5,Autumn,0.0996,14,3
Barn Swallow,57.5,-6.73304,7.5,Autumn,0.1018,244,37
Barn Swallow,57.5,-6.48821,7.5,Autumn,0.103,64,2
Barn Swallow,57.5,-6.24337,7.5,Autumn,0.1032,77,2
Barn Swallow,57.5,-5.75369,7.5,Autumn,0.108,50,11
Barn Swallow,57.5,-4.77434,7.5,Autumn,0.1107,4,1
Barn Swallow,57.5,-4.5295,7.5,Autumn,0.1077,80,15
Barn Swallow,57.5,-4.28466,7.5,Autumn,0.0997,562,67
Barn Swallow,57.5,-4.03983,7.5,Autumn,0.1179,423,71
Barn Swallow,57.5,-3.55015,7.5,Autumn,0.1047,12,1
Barn Swallow,57.5,-3.30531,7.5,Autumn,0.1054,33,1
Barn Swallow,57.5,-3.06047,7.5,Autumn,0.1212,14,2
Barn Swallow,57.5,-2.08112,7.5,Autumn,0.1213,32,5
Barn Swallow,57.5,-1.83628,7.5,Autumn,0.1201,45,10
Barn Swallow,57.63514,-7.46756,7.5,Autumn,0.1038,72,11
Barn Swallow,57.63514,-7.22272,7.5,Autumn,0.102,32,2
Barn Swallow,57.63514,-6.48821,7.5,Autumn,0.1092,42,3
Barn Swallow,57.63514,-6.24337,7.5,Autumn,0.1133,184,32
Barn Swallow,57.63514,-5.50885,7.5,Autumn,0.1184,11,2
Barn Swallow,57.63514,-5.01918,7.5,Autumn,0.1217,9,1
Barn Swallow,57.63514,-4.77434,7.5,Autumn,0.1247,9,1
Barn Swallow,57.63514,-4.5295,7.5,Autumn,0.126,83,14
Barn Swallow,57.63514,-4.28466,7.5,Autumn,0.1194,93,12
Barn Swallow,57.63514,-4.03983,7.5,Autumn,0.147,581,115
Barn Swallow,57.63514,-3.79499,7.5,Autumn,0.1372,202,46
Barn Swallow,57.63514,-3.55015,7.5,Autumn,0.1271,283,24
Barn Swallow,57.63514,-3.30531,7.5,Autumn,0.1291,151,17
Barn Swallow,57.63514,-3.06047,7.5,Autumn,0.1372,109,17
Barn Swallow,57.63514,-2.81564,7.5,Autumn,0.1452,40,2
Barn Swallow,57.63514,-2.32596,7.5,Autumn,0.1405,32,4
Barn Swallow,57.63514,-2.08112,7.5,Autumn,0.1339,39,3
Barn Swallow,57.63514,-1.83628,7.5,Autumn,0.1316,165,36
Barn Swallow,57.77027,-7.22272,7.5,Autumn,0.0976,18,1
Barn Swallow,57.77027,-5.75369,7.5,Autumn,0.1186,55,8
Barn Swallow,57.77027,-5.50885,7.5,Autumn,0.119,25,1
Barn Swallow,57.77027,-5.01918,7.5,Autumn,0.1226,22,2
Barn Swallow,57.77027,-4.28466,7.5,Autumn,0.1223,4,1
Barn Swallow,57.77027,-4.03983,7.5,Autumn,0.1522,104,23
Barn Swallow,57.77027,-3.79499,7.5,Autumn,0.1446,172,49
Barn Swallow,57.77027,-3.55015,7.5,Autumn,0.1388,162,19
Barn Swallow,57.77027,-3.30531,7.5,Autumn,0.1404,202,29
Barn Swallow,57.90541,-5.26402,7.5,Autumn,0.122,101,8
Barn Swallow,57.90541,-4.77434,7.5,Autumn,0.1269,2,1
Barn Swallow,57.90541,-4.5295,7.5,Autumn,0.1293,32,8
Barn Swallow,57.90541,-4.28466,7.5,Autumn,0.122,86,14
Barn Swallow,57.90541,-4.03983,7.5,Autumn,0.1525,167,26
Barn Swallow,57.90541,-3.79499,7.5,Autumn,0.1455,76,20
Barn Swallow,58.04054,-5.50885,7.5,Autumn,0.1184,2,1
Barn Swallow,58.04054,-4.5295,7.5,Autumn,0.1291,24,3
Barn Swallow,58.04054,-4.28466,7.5,Autumn,0.1221,19,1
Barn Swallow,58.04054,-4.03983,7.5,Autumn,0.1525,14,2
Barn Swallow,58.04054,-3.79499,7.5,Autumn,0.1456,34,8
Barn Swallow,58.17568,-6.73304,7.5,Autumn,0.1,14,3
Barn Swallow,58.17568,-6.48821,7.5,Autumn,0.1042,64,7
Barn Swallow,58.17568,-6.24337,7.5,Autumn,0.1099,72,1
Barn Swallow,58.17568,-5.26402,7.5,Autumn,0.1223,50,4
Barn Swallow,58.17568,-3.55015,7.5,Autumn,0.1413,13,4
Barn Swallow,58.31081,-6.97788,7.5,Autumn,0.0961,8,1
Barn Swallow,58.31081,-6.73304,7.5,Autumn,0.1009,87,5
Barn Swallow,58.31081,-6.48821,7.5,Autumn,0.1053,22,2
Barn Swallow,58.31081,-6.24337,7.5,Autumn,0.1108,117,9
Barn Swallow,58.31081,-5.26402,7.5,Autumn,0.1227,10,2
Barn Swallow,58.31081,-5.01918,7.5,Autumn,0.1241,7,1
Barn Swallow,58.31081,-4.03983,7.5,Autumn,0.1535,4,1
Barn Swallow,58.31081,-3.79499,7.5,Autumn,0.1467,14,3
Barn Swallow,58.31081,-3.30531,7.5,Autumn,0.1424,14,3
Barn Swallow,58.44595,-6.24337,7.5,Autumn,0.1099,109,8
Barn Swallow,58.44595,-4.77434,7.5,Autumn,0.1271,2,2
Barn Swallow,58.44595,-3.79499,7.5,Autumn,0.1466,8,1
Barn Swallow,58.44595,-3.55015,7.5,Autumn,0.1424,4,2
Barn Swallow,58.44595,-3.30531,7.5,Autumn,0.1432,3,1
Barn Swallow,58.44595,-3.06047,7.5,Autumn,0.1423,54,14
Barn Swallow,58.58108,-6.24337,7.5,Autumn,0.1186,58,1
Barn Swallow,58.58108,-4.77434,7.5,Autumn,0.1378,66,15
Barn Swallow,58.58108,-4.03983,7.5,Autumn,0.1583,21,1
Barn Swallow,58.58108,-3.79499,7.5,Autumn,0.1516,9,1
Barn Swallow,58.58108,-3.55015,7.5,Autumn,0.1474,31,8
Barn Swallow,58.58108,-3.30531,7.5,Autumn,0.1485,53,8
Barn Swallow,58.58108,-3.06047,7.5,Autumn,0.1455,95,7
Barn Swallow,58.71622,-3.55015,7.5,Autumn,0.1563,4,4
Barn Swallow,58.71622,-3.30531,7.5,Autumn,0.1599,18,1
Barn Swallow,58.71622,-3.06047,7.5,Autumn,0.1548,35,6
Barn Swallow,58.71622,-2.81564,7.5,Autumn,0.167,5,3
Barn Swallow,58.85135,-3.30531,7.5,Autumn,0.1697,14,6
Barn Swallow,58.85135,-3.06047,7.5,Autumn,0.1698,54,8
Barn Swallow,58.85135,-2.81564,7.5,Autumn,0.1905,100,20
Barn Swallow,58.98649,-3.30531,7.5,Autumn,0.1782,157,40
Barn Swallow,58.98649,-3.06047,7.5,Autumn,0.1755,134,23
Barn Swallow,58.98649,-2.81564,7.5,Autumn,0.1933,98,53
Barn Swallow,59.12162,-3.30531,7.5,Autumn,0.1783,100,30
Barn Swallow,59.12162,-3.06047,7.5,Autumn,0.1735,80,13
Barn Swallow,59.12162,-2.81564,7.5,Autumn,0.188,4,1
Barn Swallow,59.12162,-2.5708,7.5,Autumn,0.1799,41,3
Barn Swallow,59.25676,-2.81564,7.5,Autumn,0.1872,2,1
Barn Swallow,59.25676,-2.5708,7.5,Autumn,0.1789,8,5
Barn Swallow,59.25676,-2.32596,7.5,Autumn,0.1665,3,1
Barn Swallow,59.39189,-2.32596,7.5,Autumn,0.1516,327,89
Barn Swallow,59.52703,-1.59145,7.5,Autumn,0.1343,323,103
Barn Swallow,59.7973,-1.34661,7.5,Autumn,0.1496,168,9
Barn Swallow,59.93243,-1.34661,7.5,Autumn,0.1215,2628,383
Barn Swallow,59.93243,-1.10177,7.5,Autumn,0.0747,77,6
Barn Swallow,60.06757,-4.03983,7.5,Autumn,0.0622,7,1
Barn Swallow,60.06757,-2.08112,7.5,Autumn,0.0544,16,4
Barn Swallow,60.06757,-1.34661,7.5,Autumn,0.0403,907,62
Barn Swallow,60.06757,-1.10177,7.5,Autumn,0.0367,253,13
Barn Swallow,60.2027,-1.59145,7.5,Autumn,0.0434,63,2
Barn Swallow,60.2027,-1.34661,7.5,Autumn,0.0437,500,10
Barn Swallow,60.2027,-1.10177,7.5,Autumn,0.0338,824,25
Barn Swallow,60.33784,-1.59145,7.5,Autumn,0.0425,107,1
Barn Swallow,60.33784,-1.34661,7.5,Autumn,0.0479,397,30
Barn Swallow,60.33784,-1.10177,7.5,Autumn,0.0333,219,5
Barn Swallow,60.33784,-0.85693,7.5,Autumn,0.0425,31,2
Barn Swallow,60.47297,-1.59145,7.5,Autumn,0.0411,176,9
Barn Swallow,60.47297,-1.34661,7.5,Autumn,0.043,240,2
Barn Swallow,60.47297,-1.10177,7.5,Autumn,0.0313,149,2
Barn Swallow,60.47297,-0.85693,7.5,Autumn,0.0404,36,1
Barn Swallow,60.60811,-0.85693,7.5,Autumn,0.0388,32,1
Barn Swallow,60.74324,-0.85693,7.5,Autumn,0.0432,798,44
Barn Swallow,60.87838,-0.85693,7.5,Autumn,0.0672,125,5
Barn Swallow,54.66216,-5.01918,7.5,Spring,0.4004,17,12
Barn Swallow,54.66216,-4.77434,7.5,Spring,0.3914,75,55
Barn Swallow,54.66216,-4.28466,7.5,Spring,0.3654,9,5
Barn Swallow,54.7973,-5.26402,7.5,Spring,0.3721,4,1
Barn Swallow,54.7973,-5.01918,7.5,Spring,0.3763,84,36
Barn Swallow,54.7973,-4.77434,7.5,Spring,0.373,11,2
Barn Swallow,54.7973,-4.5295,7.5,Spring,0.3605,51,21
Barn Swallow,54.7973,-4.28466,7.5,Spring,0.3496,23,11
Barn Swallow,54.7973,-4.03983,7.5,Spring,0.3534,114,21
Barn Swallow,54.7973,-3.79499,7.5,Spring,0.3572,19,10
Barn Swallow,54.93243,-5.26402,7.5,Spring,0.3478,4,1
Barn Swallow,54.93243,-5.01918,7.5,Spring,0.3532,134,38
Barn Swallow,54.93243,-4.77434,7.5,Spring,0.3639,32,20
Barn Swallow,54.93243,-4.5295,7.5,Spring,0.3534,64,26
Barn Swallow,54.93243,-4.28466,7.5,Spring,0.3455,37,11
Barn Swallow,54.93243,-4.03983,7.5,Spring,0.3489,118,48
Barn Swallow,54.93243,-3.79499,7.5,Spring,0.3523,108,41
Barn Swallow,54.93243,-3.55015,7.5,Spring,0.3183,256,72
Barn Swallow,54.93243,-3.30531,7.5,Spring,0.3122,36,9
Barn Swallow,54.93243,-3.06047,7.5,Spring,0.3076,53,26
Barn Swallow,55.06757,-5.26402,7.5,Spring,0.3365,20,6
Barn Swallow,55.06757,-5.01918,7.5,Spring,0.3395,15,2
Barn Swallow,55.06757,-4.77434,7.5,Spring,0.3397,8,7
Barn Swallow,55.06757,-4.5295,7.5,Spring,0.3255,70,23
Barn Swallow,55.06757,-4.28466,7.5,Spring,0.3165,28,4
Barn Swallow,55.06757,-4.03983,7.5,Spring,0.3179,73,24
Barn Swallow,55.06757,-3.79499,7.5,Spring,0.3185,21,1
Barn Swallow,55.06757,-3.55015,7.5,Spring,0.29,243,51
Barn Swallow,55.06757,-3.30531,7.5,Spring,0.2837,79,17
Barn Swallow,55.06757,-3.06047,7.5,Spring,0.2851,32,7
Barn Swallow,55.2027,-5.01918,7.5,Spring,0.3441,21,2
Barn Swallow,55.2027,-4.77434,7.5,Spring,0.3433,32,14
Barn Swallow,55.2027,-4.5295,7.5,Spring,0.3306,42,1
Barn Swallow,55.2027,-4.28466,7.5,Spring,0.3219,17,6
Barn Swallow,55.2027,-4.03983,7.5,Spring,0.3242,25,10
Barn Swallow,55.2027,-3.79499,7.5,Spring,0.3261,36,8
Barn Swallow,55.2027,-3.55015,7.5,Spring,0.3002,7,1
Barn Swallow,55.2027,-3.30531,7.5,Spring,0.2954,75,40
Barn Swallow,55.2027,-3.06047,7.5,Spring,0.2933,49,16
Barn Swallow,55.2027,-2.81564,7.5,Spring,0.3104,29,8
Barn Swallow,55.33784,-5.75369,7.5,Spring,0.3123,19,5
Barn Swallow,55.33784,-5.50885,7.5,Spring,0.3195,4,2
Barn Swallow,55.33784,-4.77434,7.5,Spring,0.3198,92,36
Barn Swallow,55.33784,-4.5295,7.5,Spring,0.3104,62,8
Barn Swallow,55.33784,-4.28466,7.5,Spring,0.3012,147,57
Barn Swallow,55.33784,-4.03983,7.5,Spring,0.3044,11,2
Barn Swallow,55.33784,-3.79499,7.5,Spring,0.3047,69,23
Barn Swallow,55.33784,-3.55015,7.5,Spring,0.2821,100,24
Barn Swallow,55.33784,-3.30531,7.5,Spring,0.2792,18,1
Barn Swallow,55.33784,-3.06047,7.5,Spring,0.2806,2,1
Barn Swallow,55.33784,-2.81564,7.5,Spring,0.307,9,1
Barn Swallow,55.33784,-2.5708,7.5,Spring,0.3041,10,3
Barn Swallow,55.47297,-5.75369,7.5,Spring,0.314,50,13
Barn Swallow,55.47297,-5.50885,7.5,Spring,0.3209,29,7
Barn Swallow,55.47297,-5.26402,7.5,Spring,0.323,53,14
Barn Swallow,55.47297,-5.01918,7.5,Spring,0.3167,71,32
Barn Swallow,55.47297,-4.77434,7.5,Spring,0.2962,561,51
Barn Swallow,55.47297,-4.5295,7.5,Spring,0.291,1120,188
Barn Swallow,55.47297,-4.28466,7.5,Spring,0.2804,36,12
Barn Swallow,55.47297,-3.79499,7.5,Spring,0.2872,119,27
Barn Swallow,55.47297,-3.55015,7.5,Spring,0.274,116,33
Barn Swallow,55.47297,-3.30531,7.5,Spring,0.266,66,32
Barn Swallow,55.47297,-3.06047,7.5,Spring,0.2707,13,1
Barn Swallow,55.47297,-2.81564,7.5,Spring,0.3063,51,7
Barn Swallow,55.47297,-2.5708,7.5,Spring,0.3039,52,9
Barn Swallow,55.47297,-2.32596,7.5,Spring,0.3023,5,1
Barn Swallow,55.60811,-6.24337,7.5,Spring,0.2964,237,75
Barn Swallow,55.60811,-5.99853,7.5,Spring,0.2938,16,4
Barn Swallow,55.60811,-5.75369,7.5,Spring,0.2953,34,7
Barn Swallow,55.60811,-5.50885,7.5,Spring,0.2996,16,4
Barn Swallow,55.60811,-5.26402,7.5,Spring,0.3013,166,63
Barn Swallow,55.60811,-5.01918,7.5,Spring,0.2945,34,12
Barn Swallow,55.60811,-4.77434,7.5,Spring,0.2688,3607,297
Barn Swallow,55.60811,-4.5295,7.5,Spring,0.2639,21683,3404
Barn Swallow,55.60811,-4.28466,7.5,Spring,0.2487,65,4
Barn Swallow,55.60811,-4.03983,7.5,Spring,0.2558,18,6
Barn Swallow,55.60811,-3.79499,7.5,Spring,0.2571,38,8
Barn Swallow,55.60811,-3.55015,7.5,Spring,0.2509,77,27
Barn Swallow,55.60811,-3.30531,7.5,Spring,0.2495,97,30
Barn Swallow,55.60811,-3.06047,7.5,Spring,0.2673,58,26
Barn Swallow,55.60811,-2.81564,7.5,Spring,0.3175,127,32
Barn Swallow,55.60811,-2.5708,7.5,Spring,0.3181,64,10
Barn Swallow,55.60811,-2.32596,7.5,Spring,0.3161,44,11
Barn Swallow,55.74324,-6.48821,7.5,Spring,0.2653,81,16
Barn Swallow,55.74324,-6.24337,7.5,Spring,0.2824,131,22
Barn Swallow,55.74324,-5.99853,7.5,Spring,0.2799,27,5
Barn Swallow,55.74324,-5.75369,7.5,Spring,0.2821,3418,40
Barn Swallow,55.74324,-5.50885,7.5,Spring,0.2846,40,11
Barn Swallow,55.74324,-5.26402,7.5,Spring,0.2867,38,15
Barn Swallow,55.74324,-5.01918,7.5,Spring,0.2817,108,35
Barn Swallow,55.74324,-4.77434,7.5,Spring,0.2604,124,18
Barn Swallow,55.74324,-4.5295,7.5,Spring,0.2553,468,148
Barn Swallow,55.74324,-4.28466,7.5,Spring,0.2393,998,126
Barn Swallow,55.74324,-4.03983,7.5,Spring,0.2457,315,42
Barn Swallow,55.74324,-3.79499,7.5,Spring,0.2472,52,16
Barn Swallow,55.74324,-3.55015,7.5,Spring,0.2423,38,15
Barn Swallow,55.74324,-3.30531,7.5,Spring,0.2405,64,19
Barn Swallow,55.74324,-3.06047,7.5,Spring,0.2597,398,95
Barn Swallow,55.74324,-2.81564,7.5,Spring,0.3175,30,3
Barn Swallow,55.74324,-2.5708,7.5,Spring,0.3223,11,4
Barn Swallow,55.74324,-2.32596,7.5,Spring,0.3195,14,3
Barn Swallow,55.74324,-2.08112,7.5,Spring,0.3052,42,8
Barn Swallow,55.87838,-6.48821,7.5,Spring,0.224,24,10
Barn Swallow,55.87838,-6.24337,7.5,Spring,0.2368,110,34
Barn Swallow,55.87838,-5.99853,7.5,Spring,0.2359,48,20
Barn Swallow,55.87838,-5.75369,7.5,Spring,0.2378,3,2
Barn Swallow,55.87838,-5.50885,7.5,Spring,0.2395,30,8
Barn Swallow,55.87838,-5.26402,7.5,Spring,0.2384,41,12
Barn Swallow,55.87838,-5.01918,7.5,Spring,0.2355,56,22
Barn Swallow,55.87838,-4.77434,7.5,Spring,0.2144,59,10
Barn Swallow,55.87838,-4.5295,7.5,Spring,0.2067,458,39
Barn Swallow,55.87838,-4.28466,7.5,Spring,0.1852,2168,124
Barn Swallow,55.87838,-4.03983,7.5,Spring,0.1945,258,28
Barn Swallow,55.87838,-3.79499,7.5,Spring,0.1945,47,11
Barn Swallow,55.87838,-3.55015,7.5,Spring,0.191,219,31
Barn Swallow,55.87838,-3.30531,7.5,Spring,0.1912,2071,220
Barn Swallow,55.87838,-3.06047,7.5,Spring,0.2384,2165,379
Barn Swallow,55.87838,-2.81564,7.5,Spring,0.3178,239,40
Barn Swallow,55.87838,-2.5708,7.5,Spring,0.3302,232,52
Barn Swallow,55.87838,-2.32596,7.5,Spring,0.3271,169,58
Barn Swallow,55.87838,-2.08112,7.5,Spring,0.3155,288,126
Barn Swallow,56.01351,-6.24337,7.5,Spring,0.2859,34,19
Barn Swallow,56.01351,-5.99853,7.5,Spring,0.2859,11,9
Barn Swallow,56.01351,-5.75369,7.5,Spring,0.2849,19,10
Barn Swallow,56.01351,-5.50885,7.5,Spring,0.2843,97,34
Barn Swallow,56.01351,-5.26402,7.5,Spring,0.284,45,11
Barn Swallow,56.01351,-5.01918,7.5,Spring,0.2842,167,52
Barn Swallow,56.01351,-4.77434,7.5,Spring,0.2705,189,28
Barn Swallow,56.01351,-4.5295,7.5,Spring,0.2649,435,124
Barn Swallow,56.01351,-4.28466,7.5,Spring,0.2542,175,38
Barn Swallow,56.01351,-4.03983,7.5,Spring,0.2542,39,6
Barn Swallow,56.01351,-3.79499,7.5,Spring,0.2496,421,122
Barn Swallow,56.01351,-3.55015,7.5,Spring,0.225,493,80
Barn Swallow,56.01351,-3.30531,7.5,Spring,0.2275,2906,217
Barn Swallow,56.01351,-3.06047,7.5,Spring,0.2549,2432,510
Barn Swallow,56.01351,-2.81564,7.5,Spring,0.3395,928,243
Barn Swallow,56.01351,-2.5708,7.5,Spring,0.3623,754,228
Barn Swallow,56.01351,-2.32596,7.5,Spring,0.3624,300,128
Barn Swallow,56.14865,-6.24337,7.5,Spring,0.29,11,4
Barn Swallow,56.14865,-5.50885,7.5,Spring,0.2884,78,33
Barn Swallow,56.14865,-5.26402,7.5,Spring,0.288,28,11
Barn Swallow,56.14865,-5.01918,7.5,Spring,0.2881,25,7
Barn Swallow,56.14865,-4.77434,7.5,Spring,0.2777,77,22
Barn Swallow,56.14865,-4.5295,7.5,Spring,0.2742,234,73
Barn Swallow,56.14865,-4.28466,7.5,Spring,0.2664,180,42
Barn Swallow,56.14865,-4.03983,7.5,Spring,0.2662,535,106
Barn Swallow,56.14865,-3.79499,7.5,Spring,0.2608,695,175
Barn Swallow,56.14865,-3.55015,7.5,Spring,0.2437,219,43
Barn Swallow,56.14865,-3.30531,7.5,Spring,0.2495,652,199
Barn Swallow,56.14865,-3.06047,7.5,Spring,0.2653,422,107
Barn Swallow,56.14865,-2.81564,7.5,Spring,0.3378,399,140
Barn Swallow,56.14865,-2.5708,7.5,Spring,0.3592,243,84
Barn Swallow,56.28378,-6.48821,7.5,Spring,0.2734,342,172
Barn Swallow,56.28378,-6.24337,7.5,Spring,0.292,133,49
Barn Swallow,56.28378,-5.99853,7.5,Spring,0.292,21,8
Barn Swallow,56.28378,-5.75369,7.5,Spring,0.291,17,5
Barn Swallow,56.28378,-5.50885,7.5,Spring,0.2903,44,18
Barn Swallow,56.28378,-5.26402,7.5,Spring,0.2899,4,2
Barn Swallow,56.28378,-5.01918,7.5,Spring,0.2898,58,26
Barn Swallow,56.28378,-4.77434,7.5,Spring,0.28,86,29
Barn Swallow,56.28378,-4.5295,7.5,Spring,0.2756,56,18
Barn Swallow,56.28378,-4.28466,7.5,Spring,0.2675,269,67
Barn Swallow,56.28378,-4.03983,7.5,Spring,0.2672,43,8
Barn Swallow,56.28378,-3.79499,7.5,Spring,0.2612,106,21
Barn Swallow,56.28378,-3.55015,7.5,Spring,0.2486,32,6
Barn Swallow,56.28378,-3.30531,7.5,Spring,0.2545,146,37
Barn Swallow,56.28378,-3.06047,7.5,Spring,0.2713,546,151
Barn Swallow,56.28378,-2.81564,7.5,Spring,0.3403,1514,374
Barn Swallow,56.28378,-2.5708,7.5,Spring,0.3624,559,209
Barn Swallow,56.41892,-6.97788,7.5,Spring,0.2168,28,9
Barn Swallow,56.41892,-6.24337,7.5,Spring,0.2654,177,36
Barn Swallow,56.41892,-5.99853,7.5,Spring,0.2666,401,83
Barn Swallow,56.41892,-5.75369,7.5,Spring,0.2658,385,130
Barn Swallow,56.41892,-5.50885,7.5,Spring,0.265,396,52
Barn Swallow,56.41892,-5.26402,7.5,Spring,0.2646,39,4
Barn Swallow,56.41892,-5.01918,7.5,Spring,0.2646,73,32
Barn Swallow,56.41892,-4.77434,7.5,Spring,0.263,54,18
Barn Swallow,56.41892,-4.5295,7.5,Spring,0.2606,40,11
Barn Swallow,56.41892,-4.28466,7.5,Spring,0.2563,86,31
Barn Swallow,56.41892,-4.03983,7.5,Spring,0.2558,122,27
Barn Swallow,56.41892,-3.79499,7.5,Spring,0.25,80,12
Barn Swallow,56.41892,-3.55015,7.5,Spring,0.2379,238,38
Barn Swallow,56.41892,-3.30531,7.5,Spring,0.2444,261,64
Barn Swallow,56.41892,-3.06047,7.5,Spring,0.2558,540,51
Barn Swallow,56.41892,-2.81564,7.5,Spring,0.3169,655,161
Barn Swallow,56.55405,-6.97788,7.5,Spring,0.2129,33,5
Barn Swallow,56.55405,-6.73304,7.5,Spring,0.2126,34,8
Barn Swallow,56.55405,-6.48821,7.5,Spring,0.2453,149,6
Barn Swallow,56.55405,-6.24337,7.5,Spring,0.2645,182,49
Barn Swallow,56.55405,-5.99853,7.5,Spring,0.2659,283,75
Barn Swallow,56.55405,-5.75369,7.5,Spring,0.2657,158,36
Barn Swallow,56.55405,-5.50885,7.5,Spring,0.2664,85,44
Barn Swallow,56.55405,-5.26402,7.5,Spring,0.2659,50,14
Barn Swallow,56.55405,-4.77434,7.5,Spring,0.2642,40,8
Barn Swallow,56.55405,-4.5295,7.5,Spring,0.2616,2,1
Barn Swallow,56.55405,-4.28466,7.5,Spring,0.2563,17,5
Barn Swallow,56.55405,-4.03983,7.5,Spring,0.2561,55,11
Barn Swallow,56.55405,-3.79499,7.5,Spring,0.2489,74,19
Barn Swallow,56.55405,-3.55015,7.5,Spring,0.2369,294,82
Barn Swallow,56.55405,-3.30531,7.5,Spring,0.2437,54,10
Barn Swallow,56.55405,-3.06047,7.5,Spring,0.2549,50,13
Barn Swallow,56.55405,-2.81564,7.5,Spring,0.3157,55,12
Barn Swallow,56.55405,-2.5708,7.5,Spring,0.334,109,20
Barn Swallow,56.68919,-6.73304,7.5,Spring,0.2064,4,1
Barn Swallow,56.68919,-6.48821,7.5,Spring,0.2378,42,16
Barn Swallow,56.68919,-6.24337,7.5,Spring,0.2533,84,18
Barn Swallow,56.68919,-5.99853,7.5,Spring,0.2544,205,30
Barn Swallow,56.68919,-5.75369,7.5,Spring,0.2549,96,14
Barn Swallow,56.68919,-5.50885,7.5,Spring,0.2553,74,13
Barn Swallow,56.68919,-5.26402,7.5,Spring,0.2548,113,32
Barn Swallow,56.68919,-5.01918,7.5,Spring,0.2541,215,22
Barn Swallow,56.68919,-4.77434,7.5,Spring,0.2545,29,6
Barn Swallow,56.68919,-4.5295,7.5,Spring,0.2542,10,2
Barn Swallow,56.68919,-4.03983,7.5,Spring,0.2505,46,9
Barn Swallow,56.68919,-3.79499,7.5,Spring,0.2433,290,65
Barn Swallow,56.68919,-3.55015,7.5,Spring,0.2318,26,11
Barn Swallow,56.68919,-3.30531,7.5,Spring,0.2389,83,20
Barn Swallow,56.68919,-3.06047,7.5,Spring,0.2531,181,48
Barn Swallow,56.68919,-2.81564,7.5,Spring,0.3166,111,23
Barn Swallow,56.68919,-2.5708,7.5,Spring,0.3337,253,54
Barn Swallow,56.68919,-2.32596,7.5,Spring,0.3332,22,5
Barn Swallow,56.82432,-7.46756,7.5,Spring,0.2388,5,4
Barn Swallow,56.82432,-6.24337,7.5,Spring,0.2539,25,9
Barn Swallow,56.82432,-5.99853,7.5,Spring,0.2548,17,3
Barn Swallow,56.82432,-5.75369,7.5,Spring,0.2556,83,18
Barn Swallow,56.82432,-5.50885,7.5,Spring,0.256,86,20
Barn Swallow,56.82432,-5.26402,7.5,Spring,0.2555,28,1
Barn Swallow,56.82432,-5.01918,7.5,Spring,0.255,256,35
Barn Swallow,56.82432,-4.77434,7.5,Spring,0.2555,30,9
Barn Swallow,56.82432,-4.28466,7.5,Spring,0.2506,17,4
Barn Swallow,56.82432,-4.03983,7.5,Spring,0.2506,45,9
Barn Swallow,56.82432,-3.79499,7.5,Spring,0.2419,59,16
Barn Swallow,56.82432,-3.55015,7.5,Spring,0.2299,19,1
Barn Swallow,56.82432,-3.30531,7.5,Spring,0.2372,111,17
Barn Swallow,56.82432,-3.06047,7.5,Spring,0.2546,25,10
Barn Swallow,56.82432,-2.81564,7.5,Spring,0.3225,10,1
Barn Swallow,56.82432,-2.5708,7.5,Spring,0.3399,127,41
Barn Swallow,56.82432,-2.32596,7.5,Spring,0.3398,78,22
Barn Swallow,56.95946,-7.46756,7.5,Spring,0.2379,82,18
Barn Swallow,56.95946,-6.73304,7.5,Spring,0.205,2,1
Barn Swallow,56.95946,-6.24337,7.5,Spring,0.253,108,33
Barn Swallow,56.95946,-5.99853,7.5,Spring,0.2539,11,1
Barn Swallow,56.95946,-5.75369,7.5,Spring,0.2548,175,43
Barn Swallow,56.95946,-5.01918,7.5,Spring,0.2542,46,13
Barn Swallow,56.95946,-4.77434,7.5,Spring,0.2551,11,2
Barn Swallow,56.95946,-4.5295,7.5,Spring,0.2537,55,23
Barn Swallow,56.95946,-4.28466,7.5,Spring,0.2496,91,25
Barn Swallow,56.95946,-3.79499,7.5,Spring,0.2405,7,2
Barn Swallow,56.95946,-3.55015,7.5,Spring,0.2278,57,17
Barn Swallow,56.95946,-3.30531,7.5,Spring,0.2352,107,13
Barn Swallow,56.95946,-3.06047,7.5,Spring,0.255,23,2
Barn Swallow,56.95946,-2.81564,7.5,Spring,0.3235,10,4
Barn Swallow,56.95946,-2.5708,7.5,Spring,0.3403,21,6
Barn Swallow,56.95946,-2.32596,7.5,Spring,0.3405,74,23
Barn Swallow,56.95946,-2.08112,7.5,Spring,0.3315,269,91
Barn Swallow,57.09459,-7.46756,7.5,Spring,0.2386,60,18
Barn Swallow,57.09459,-7.22272,7.5,Spring,0.2013,65,6
Barn Swallow,57.09459,-6.48821,7.5,Spring,0.2346,30,14
Barn Swallow,57.09459,-5.99853,7.5,Spring,0.2511,100,12
Barn Swallow,57.09459,-5.75369,7.5,Spring,0.2519,50,15
Barn Swallow,57.09459,-4.77434,7.5,Spring,0.2524,114,40
Barn Swallow,57.09459,-4.5295,7.5,Spring,0.2509,8,1
Barn Swallow,57.09459,-4.28466,7.5,Spring,0.2464,5,1
Barn Swallow,57.09459,-4.03983,7.5,Spring,0.2469,709,149
Barn Swallow,57.09459,-3.79499,7.5,Spring,0.2368,375,33
Barn Swallow,57.09459,-3.55015,7.5,Spring,0.2232,433,21
Barn Swallow,57.09459,-3.30531,7.5,Spring,0.2318,78,4
Barn Swallow,57.09459,-3.06047,7.5,Spring,0.2552,69,9
Barn Swallow,57.09459,-2.81564,7.5,Spring,0.3233,188,51
Barn Swallow,57.09459,-2.5708,7.5,Spring,0.34,64,16
Barn Swallow,57.09459,-2.32596,7.5,Spring,0.3404,89,14
Barn Swallow,57.09459,-2.08112,7.5,Spring,0.3319,1560,399
Barn Swallow,57.22973,-7.46756,7.5,Spring,0.2373,214,58
Barn Swallow,57.22973,-7.22272,7.5,Spring,0.1981,50,3
Barn Swallow,57.22973,-6.48821,7.5,Spring,0.2305,23,6
Barn Swallow,57.22973,-6.24337,7.5,Spring,0.2465,115,7
Barn Swallow,57.22973,-5.99853,7.5,Spring,0.2479,315,67
Barn Swallow,57.22973,-5.75369,7.5,Spring,0.2493,159,24
Barn Swallow,57.22973,-5.50885,7.5,Spring,0.2497,128,22
Barn Swallow,57.22973,-5.26402,7.5,Spring,0.2492,5,1
Barn Swallow,57.22973,-5.01918,7.5,Spring,0.2488,41,8
Barn Swallow,57.22973,-4.77434,7.5,Spring,0.2495,34,10
Barn Swallow,57.22973,-4.5295,7.5,Spring,0.2484,45,9
Barn Swallow,57.22973,-4.28466,7.5,Spring,0.2441,11,2
Barn Swallow,57.22973,-4.03983,7.5,Spring,0.2445,252,55
Barn Swallow,57.22973,-3.79499,7.5,Spring,0.2347,2240,272
Barn Swallow,57.22973,-3.55015,7.5,Spring,0.2201,560,69
Barn Swallow,57.22973,-3.30531,7.5,Spring,0.2301,123,30
Barn Swallow,57.22973,-3.06047,7.5,Spring,0.2511,10,9
Barn Swallow,57.22973,-2.81564,7.5,Spring,0.3158,24,6
Barn Swallow,57.22973,-2.5708,7.5,Spring,0.3273,20,6
Barn Swallow,57.22973,-2.32596,7.5,Spring,0.3272,52,10
Barn Swallow,57.22973,-2.08112,7.5,Spring,0.3167,488,77
Barn Swallow,57.36486,-7.46756,7.5,Spring,0.2369,199,29
Barn Swallow,57.36486,-7.22272,7.5,Spring,0.1975,119,5
Barn Swallow,57.36486,-6.73304,7.5,Spring,0.1975,87,2
Barn Swallow,57.36486,-6.48821,7.5,Spring,0.2308,77,10
Barn Swallow,57.36486,-6.24337,7.5,Spring,0.2474,242,25
Barn Swallow,57.36486,-5.99853,7.5,Spring,0.2493,41,3
Barn Swallow,57.36486,-5.75369,7.5,Spring,0.251,69,16
Barn Swallow,57.36486,-5.50885,7.5,Spring,0.2514,59,7
Barn Swallow,57.36486,-5.01918,7.5,Spring,0.2506,15,4
Barn Swallow,57.36486,-4.77434,7.5,Spring,0.2514,86,26
Barn Swallow,57.36486,-4.5295,7.5,Spring,0.2504,272,72
Barn Swallow,57.36486,-4.28466,7.5,Spring,0.2465,333,68
Barn Swallow,57.36486,-4.03983,7.5,Spring,0.2476,118,15
Barn Swallow,57.36486,-3.79499,7.5,Spring,0.2383,407,35
Barn Swallow,57.36486,-3.55015,7.5,Spring,0.2261,445,48
Barn Swallow,57.36486,-3.30531,7.5,Spring,0.2357,43,15
Barn Swallow,57.36486,-2.81564,7.5,Spring,0.319,14,2
Barn Swallow,57.36486,-2.5708,7.5,Spring,0.3303,25,12
Barn Swallow,57.36486,-2.32596,7.5,Spring,0.3304,30,16
Barn Swallow,57.36486,-2.08112,7.5,Spring,0.3199,274,81
Barn Swallow,57.36486,-1.83628,7.5,Spring,0.3266,69,16
Barn Swallow,57.5,-7.46756,7.5,Spring,0.2416,266,76
Barn Swallow,57.5,-7.22272,7.5,Spring,0.2022,151,22
Barn Swallow,57.5,-6.73304,7.5,Spring,0.2016,445,58
Barn Swallow,57.5,-6.48821,7.5,Spring,0.2329,129,13
Barn Swallow,57.5,-6.24337,7.5,Spring,0.2491,165,16
Barn Swallow,57.5,-5.75369,7.5,Spring,0.254,47,16
Barn Swallow,57.5,-5.50885,7.5,Spring,0.2544,38,8
Barn Swallow,57.5,-5.01918,7.5,Spring,0.2536,14,1
Barn Swallow,57.5,-4.77434,7.5,Spring,0.2544,7,2
Barn Swallow,57.5,-4.5295,7.5,Spring,0.254,192,38
Barn Swallow,57.5,-4.28466,7.5,Spring,0.2507,915,212
Barn Swallow,57.5,-4.03983,7.5,Spring,0.2523,691,193
Barn Swallow,57.5,-3.79499,7.5,Spring,0.2438,39,8
Barn Swallow,57.5,-3.55015,7.5,Spring,0.2311,26,5
Barn Swallow,57.5,-3.30531,7.5,Spring,0.2406,49,16
Barn Swallow,57.5,-3.06047,7.5,Spring,0.257,32,6
Barn Swallow,57.5,-2.81564,7.5,Spring,0.3204,26,7
Barn Swallow,57.5,-2.32596,7.5,Spring,0.3317,43,11
Barn Swallow,57.5,-2.08112,7.5,Spring,0.3211,46,9
Barn Swallow,57.5,-1.83628,7.5,Spring,0.3262,128,32
Barn Swallow,57.63514,-7.46756,7.5,Spring,0.2332,489,158
Barn Swallow,57.63514,-7.22272,7.5,Spring,0.1984,123,10
Barn Swallow,57.63514,-6.48821,7.5,Spring,0.23,131,23
Barn Swallow,57.63514,-6.24337,7.5,Spring,0.2484,360,59
Barn Swallow,57.63514,-5.75369,7.5,Spring,0.2531,56,38
Barn Swallow,57.63514,-5.50885,7.5,Spring,0.2535,19,6
Barn Swallow,57.63514,-5.26402,7.5,Spring,0.2529,54,6
Barn Swallow,57.63514,-5.01918,7.5,Spring,0.2526,22,7
Barn Swallow,57.63514,-4.77434,7.5,Spring,0.2544,38,7
Barn Swallow,57.63514,-4.5295,7.5,Spring,0.2533,168,46
Barn Swallow,57.63514,-4.28466,7.5,Spring,0.2504,160,24
Barn Swallow,57.63514,-4.03983,7.5,Spring,0.2519,569,136
Barn Swallow,57.63514,-3.79499,7.5,Spring,0.2434,223,35
Barn Swallow,57.63514,-3.55015,7.5,Spring,0.2308,328,37
Barn Swallow,57.63514,-3.30531,7.5,Spring,0.2404,232,65
Barn Swallow,57.63514,-3.06047,7.5,Spring,0.2586,167,61
Barn Swallow,57.63514,-2.81564,7.5,Spring,0.3216,87,13
Barn Swallow,57.63514,-2.5708,7.5,Spring,0.3323,131,24
Barn Swallow,57.63514,-2.32596,7.5,Spring,0.3326,147,62
Barn Swallow,57.63514,-2.08112,7.5,Spring,0.3223,51,10
Barn Swallow,57.63514,-1.83628,7.5,Spring,0.3302,232,127
Barn Swallow,57.77027,-8.69175,7.5,Spring,0.2221,65,20
Barn Swallow,57.77027,-8.44691,7.5,Spring,0.2221,23,5
Barn Swallow,57.77027,-7.22272,7.5,Spring,0.1935,66,10
Barn Swallow,57.77027,-6.97788,7.5,Spring,0.1926,68,3
Barn Swallow,57.77027,-5.75369,7.5,Spring,0.2537,131,31
Barn Swallow,57.77027,-5.50885,7.5,Spring,0.2541,84,21
Barn Swallow,57.77027,-5.01918,7.5,Spring,0.2532,49,10
Barn Swallow,57.77027,-4.28466,7.5,Spring,0.2507,40,10
Barn Swallow,57.77027,-4.03983,7.5,Spring,0.2523,201,55
Barn Swallow,57.77027,-3.79499,7.5,Spring,0.2443,199,70
Barn Swallow,57.77027,-3.55015,7.5,Spring,0.2321,157,30
Barn Swallow,57.77027,-3.30531,7.5,Spring,0.2414,165,21
Barn Swallow,57.77027,-2.81564,7.5,Spring,0.3196,41,9
Barn Swallow,57.90541,-6.97788,7.5,Spring,0.1855,91,4
Barn Swallow,57.90541,-6.73304,7.5,Spring,0.1859,58,4
Barn Swallow,57.90541,-5.75369,7.5,Spring,0.2491,31,3
Barn Swallow,57.90541,-5.50885,7.5,Spring,0.2498,117,23
Barn Swallow,57.90541,-5.26402,7.5,Spring,0.2498,130,20
Barn Swallow,57.90541,-4.5295,7.5,Spring,0.2511,18,6
Barn Swallow,57.90541,-4.28466,7.5,Spring,0.2471,115,13
Barn Swallow,57.90541,-4.03983,7.5,Spring,0.2492,326,64
Barn Swallow,57.90541,-3.79499,7.5,Spring,0.2423,70,26
Barn Swallow,58.04054,-7.22272,7.5,Spring,0.1856,4,1
Barn Swallow,58.04054,-6.48821,7.5,Spring,0.2207,31,3
Barn Swallow,58.04054,-5.50885,7.5,Spring,0.2492,6,1
Barn Swallow,58.04054,-4.5295,7.5,Spring,0.2511,61,18
Barn Swallow,58.04054,-4.28466,7.5,Spring,0.2472,55,7
Barn Swallow,58.04054,-4.03983,7.5,Spring,0.2494,61,12
Barn Swallow,58.04054,-3.79499,7.5,Spring,0.243,75,24
Barn Swallow,58.17568,-6.97788,7.5,Spring,0.1852,41,2
Barn Swallow,58.17568,-6.73304,7.5,Spring,0.1858,86,14
Barn Swallow,58.17568,-6.48821,7.5,Spring,0.2211,169,10
Barn Swallow,58.17568,-6.24337,7.5,Spring,0.2442,77,12
Barn Swallow,58.17568,-5.26402,7.5,Spring,0.2488,130,17
Barn Swallow,58.17568,-5.01918,7.5,Spring,0.2493,28,1
Barn Swallow,58.17568,-4.5295,7.5,Spring,0.251,9,1
Barn Swallow,58.17568,-4.03983,7.5,Spring,0.2493,8,6
Barn Swallow,58.17568,-3.79499,7.5,Spring,0.2429,13,5
Barn Swallow,58.17568,-3.55015,7.5,Spring,0.2324,19,7
Barn Swallow,58.17568,-1.83628,7.5,Spring,0.3178,1,1
Barn Swallow,58.31081,-6.73304,7.5,Spring,0.1888,84,14
Barn Swallow,58.31081,-6.48821,7.5,Spring,0.2253,58,10
Barn Swallow,58.31081,-6.24337,7.5,Spring,0.2462,135,26
Barn Swallow,58.31081,-5.26402,7.5,Spring,0.2506,43,6
Barn Swallow,58.31081,-5.01918,7.5,Spring,0.2506,43,2
Barn Swallow,58.31081,-4.77434,7.5,Spring,0.2525,1,1
Barn Swallow,58.31081,-4.5295,7.5,Spring,0.2516,14,9
Barn Swallow,58.31081,-4.03983,7.5,Spring,0.2498,3,1
Barn Swallow,58.31081,-3.79499,7.5,Spring,0.2434,31,18
Barn Swallow,58.31081,-3.55015,7.5,Spring,0.2327,14,1
Barn Swallow,58.31081,-3.30531,7.5,Spring,0.242,19,5
Barn Swallow,58.31081,-3.06047,7.5,Spring,0.2591,18,1
Barn Swallow,58.44595,-6.48821,7.5,Spring,0.2283,12,3
Barn Swallow,58.44595,-6.24337,7.5,Spring,0.249,106,34
Barn Swallow,58.44595,-5.26402,7.5,Spring,0.253,89,16
Barn Swallow,58.44595,-5.01918,7.5,Spring,0.2529,31,4
Barn Swallow,58.44595,-4.5295,7.5,Spring,0.2551,28,9
Barn Swallow,58.44595,-4.03983,7.5,Spring,0.2532,1,1
Barn Swallow,58.44595,-3.55015,7.5,Spring,0.2344,11,1
Barn Swallow,58.44595,-3.30531,7.5,Spring,0.2437,21,4
Barn Swallow,58.44595,-3.06047,7.5,Spring,0.259,87,30
Barn Swallow,58.44595,0.36726,7.5,Spring,0.1733,2,2
Barn Swallow,58.58108,-6.24337,7.5,Spring,0.2539,71,13
Barn Swallow,58.58108,-4.77434,7.5,Spring,0.2599,149,51
Barn Swallow,58.58108,-4.5295,7.5,Spring,0.2593,1,1
Barn Swallow,58.58108,-4.28466,7.5,Spring,0.255,22,7
Barn Swallow,58.58108,-4.03983,7.5,Spring,0.2572,19,10
Barn Swallow,58.58108,-3.79499,7.5,Spring,0.2504,34,9
Barn Swallow,58.58108,-3.55015,7.5,Spring,0.2376,95,27
Barn Swallow,58.58108,-3.30531,7.5,Spring,0.2466,100,20
Barn Swallow,58.58108,-3.06047,7.5,Spring,0.2593,142,41
Barn Swallow,58.71622,-3.30531,7.5,Spring,0.2456,86,27
Barn Swallow,58.71622,-3.06047,7.5,Spring,0.2588,32,14
Barn Swallow,58.85135,-3.30531,7.5,Spring,0.2452,97,14
Barn Swallow,58.85135,-3.06047,7.5,Spring,0.2587,66,24
Barn Swallow,58.85135,-2.81564,7.5,Spring,0.3253,115,32
Barn Swallow,58.98649,-3.30531,7.5,Spring,0.2397,299,59
Barn Swallow,58.98649,-3.06047,7.5,Spring,0.2364,323,72
Barn Swallow,58.98649,-2.81564,7.5,Spring,0.292,106,52
Barn Swallow,59.12162,-3.30531,7.5,Spring,0.2412,228,64
Barn Swallow,59.12162,-3.06047,7.5,Spring,0.236,182,31
Barn Swallow,59.12162,-2.81564,7.5,Spring,0.2825,15,2
Barn Swallow,59.12162,-2.5708,7.5,Spring,0.2935,7,2
Barn Swallow,59.25676,-3.06047,7.5,Spring,0.2353,27,15
Barn Swallow,59.25676,-2.81564,7.5,Spring,0.2787,23,1
Barn Swallow,59.25676,-2.5708,7.5,Spring,0.2896,8,2
Barn Swallow,59.39189,-3.06047,7.5,Spring,0.2288,21,4
Barn Swallow,59.39189,-2.81564,7.5,Spring,0.2658,24,8
Barn Swallow,59.39189,-2.32596,7.5,Spring,0.2748,344,186
Barn Swallow,59.52703,-1.59145,7.5,Spring,0.1924,456,199
Barn Swallow,59.7973,-1.34661,7.5,Spring,0.2104,175,29
Barn Swallow,59.93243,-1.34661,7.5,Spring,0.1534,1629,262
Barn Swallow,59.93243,-1.10177,7.5,Spring,0.0617,131,2
Barn Swallow,60.06757,-2.08112,7.5,Spring,0.1013,22,6
Barn Swallow,60.06757,-1.34661,7.5,Spring,0.0695,437,48
Barn Swallow,60.06757,-1.10177,7.5,Spring,0.0534,123,7
Barn Swallow,60.2027,-1.59145,7.5,Spring,0.069,49,4
Barn Swallow,60.2027,-1.34661,7.5,Spring,0.0626,134,9
Barn Swallow,60.2027,-1.10177,7.5,Spring,0.0525,488,29
Barn Swallow,60.33784,-1.59145,7.5,Spring,0.0612,34,2
Barn Swallow,60.33784,-1.10177,7.5,Spring,0.0476,26,1
Barn Swallow,60.47297,-1.59145,7.5,Spring,0.0614,71,5
Barn Swallow,60.47297,-1.10177,7.5,Spring,0.0472,58,2
Barn Swallow,60.47297,-0.85693,7.5,Spring,0.0934,26,7
Barn Swallow,60.60811,-1.34661,7.5,Spring,0.0579,24,4
Barn Swallow,60.60811,-0.85693,7.5,Spring,0.0951,78,7
Barn Swallow,60.74324,-1.10177,7.5,Spring,0.0518,20,1
Barn Swallow,60.74324,-0.85693,7.5,Spring,0.1051,385,36
Barn Swallow,60.87838,-0.85693,7.5,Spring,0.128,114,13
Barn Swallow,54.66216,-5.01918,7.5,Summer,0.4882,12,5
Barn Swallow,54.66216,-4.77434,7.5,Summer,0.4854,43,26
Barn Swallow,54.66216,-4.28466,7.5,Summer,0.517,11,6
Barn Swallow,54.7973,-5.01918,7.5,Summer,0.4919,55,27
Barn Swallow,54.7973,-4.77434,7.5,Summer,0.4893,8,3
Barn Swallow,54.7973,-4.5295,7.5,Summer,0.5075,34,23
Barn Swallow,54.7973,-4.28466,7.5,Summer,0.5243,27,14
Barn Swallow,54.7973,-4.03983,7.5,Summer,0.5357,46,22
Barn Swallow,54.7973,-3.79499,7.5,Summer,0.5468,22,14
Barn Swallow,54.93243,-5.26402,7.5,Summer,0.484,2,1
Barn Swallow,54.93243,-5.01918,7.5,Summer,0.4971,74,25
Barn Swallow,54.93243,-4.77434,7.5,Summer,0.4945,13,9
Barn Swallow,54.93243,-4.5295,7.5,Summer,0.5161,52,24
Barn Swallow,54.93243,-4.28466,7.5,Summer,0.5331,35,20
Barn Swallow,54.93243,-4.03983,7.5,Summer,0.5457,106,62
Barn Swallow,54.93243,-3.79499,7.5,Summer,0.5565,76,66
Barn Swallow,54.93243,-3.55015,7.5,Summer,0.5593,171,102
Barn Swallow,54.93243,-3.30531,7.5,Summer,0.5551,22,17
Barn Swallow,54.93243,-3.06047,7.5,Summer,0.5539,41,33
Barn Swallow,55.06757,-5.26402,7.5,Summer,0.4858,23,9
Barn Swallow,55.06757,-5.01918,7.5,Summer,0.4932,12,5
Barn Swallow,55.06757,-4.77434,7.5,Summer,0.4879,10,9
Barn Swallow,55.06757,-4.5295,7.5,Summer,0.5108,44,19
Barn Swallow,55.06757,-4.28466,7.5,Summer,0.5177,16,7
Barn Swallow,55.06757,-4.03983,7.5,Summer,0.5293,63,45
Barn Swallow,55.06757,-3.79499,7.5,Summer,0.5387,17,9
Barn Swallow,55.06757,-3.55015,7.5,Summer,0.5424,192,82
Barn Swallow,55.06757,-3.30531,7.5,Summer,0.5379,52,16
Barn Swallow,55.06757,-3.06047,7.5,Summer,0.5464,13,8
Barn Swallow,55.2027,-5.01918,7.5,Summer,0.4928,17,4
Barn Swallow,55.2027,-4.77434,7.5,Summer,0.4873,30,14
Barn Swallow,55.2027,-4.28466,7.5,Summer,0.5231,23,18
Barn Swallow,55.2027,-4.03983,7.5,Summer,0.5345,23,20
Barn Swallow,55.2027,-3.79499,7.5,Summer,0.543,14,5
Barn Swallow,55.2027,-3.55015,7.5,Summer,0.5456,9,8
Barn Swallow,55.2027,-3.30531,7.5,Summer,0.5415,58,38
Barn Swallow,55.2027,-3.06047,7.5,Summer,0.5474,22,11
Barn Swallow,55.2027,-2.81564,7.5,Summer,0.5584,13,6
Barn Swallow,55.2027,-2.5708,7.5,Summer,0.5532,1,1
Barn Swallow,55.33784,-5.75369,7.5,Summer,0.4732,17,8
Barn Swallow,55.33784,-5.50885,7.5,Summer,0.4779,14,8
Barn Swallow,55.33784,-4.77434,7.5,Summer,0.4754,137,58
Barn Swallow,55.33784,-4.5295,7.5,Summer,0.5151,7,5
Barn Swallow,55.33784,-4.28466,7.5,Summer,0.5191,47,31
Barn Swallow,55.33784,-4.03983,7.5,Summer,0.5297,3,1
Barn Swallow,55.33784,-3.79499,7.5,Summer,0.5373,22,14
Barn Swallow,55.33784,-3.55015,7.5,Summer,0.5402,45,21
Barn Swallow,55.33784,-3.30531,7.5,Summer,0.5326,14,4
Barn Swallow,55.33784,-3.06047,7.5,Summer,0.5435,1,1
Barn Swallow,55.33784,-2.81564,7.5,Summer,0.5564,2,1
Barn Swallow,55.33784,-2.5708,7.5,Summer,0.5513,8,2
Barn Swallow,55.47297,-5.75369,7.5,Summer,0.473,39,16
Barn Swallow,55.47297,-5.50885,7.5,Summer,0.4766,25,8
Barn Swallow,55.47297,-5.26402,7.5,Summer,0.4786,20,13
Barn Swallow,55.47297,-5.01918,7.5,Summer,0.4813,38,18
Barn Swallow,55.47297,-4.77434,7.5,Summer,0.4729,450,125
Barn Swallow,55.47297,-4.5295,7.5,Summer,0.5186,794,346
Barn Swallow,55.47297,-4.28466,7.5,Summer,0.5191,34,21
Barn Swallow,55.47297,-4.03983,7.5,Summer,0.5286,5,2
Barn Swallow,55.47297,-3.79499,7.5,Summer,0.5356,96,39
Barn Swallow,55.47297,-3.55015,7.5,Summer,0.5393,88,34
Barn Swallow,55.47297,-3.30531,7.5,Summer,0.5318,63,41
Barn Swallow,55.47297,-3.06047,7.5,Summer,0.5428,3,2
Barn Swallow,55.47297,-2.81564,7.5,Summer,0.5558,11,6
Barn Swallow,55.47297,-2.5708,7.5,Summer,0.5506,29,16
Barn Swallow,55.47297,-2.32596,7.5,Summer,0.5498,3,2
Barn Swallow,55.60811,-6.24337,7.5,Summer,0.4748,83,35
Barn Swallow,55.60811,-5.99853,7.5,Summer,0.4799,10,4
Barn Swallow,55.60811,-5.75369,7.5,Summer,0.4813,15,4
Barn Swallow,55.60811,-5.50885,7.5,Summer,0.481,12,4
Barn Swallow,55.60811,-5.26402,7.5,Summer,0.481,104,52
Barn Swallow,55.60811,-5.01918,7.5,Summer,0.4775,24,3
Barn Swallow,55.60811,-4.77434,7.5,Summer,0.4688,3125,774
Barn Swallow,55.60811,-4.5295,7.5,Summer,0.5114,27860,10296
Barn Swallow,55.60811,-4.28466,7.5,Summer,0.5009,20,5
Barn Swallow,55.60811,-4.03983,7.5,Summer,0.5104,5,3
Barn Swallow,55.60811,-3.79499,7.5,Summer,0.5183,38,14
Barn Swallow,55.60811,-3.55015,7.5,Summer,0.5236,78,53
Barn Swallow,55.60811,-3.30531,7.5,Summer,0.5176,49,27
Barn Swallow,55.60811,-3.06047,7.5,Summer,0.5457,83,35
Barn Swallow,55.60811,-2.81564,7.5,Summer,0.5609,109,54
Barn Swallow,55.60811,-2.5708,7.5,Summer,0.5537,41,22
Barn Swallow,55.60811,-2.32596,7.5,Summer,0.5534,20,7
Barn Swallow,55.74324,-6.48821,7.5,Summer,0.4683,38,21
Barn Swallow,55.74324,-6.24337,7.5,Summer,0.4741,63,19
Barn Swallow,55.74324,-5.99853,7.5,Summer,0.4806,12,4
Barn Swallow,55.74324,-5.75369,7.5,Summer,0.4853,17,7
Barn Swallow,55.74324,-5.50885,7.5,Summer,0.487,42,23
Barn Swallow,55.74324,-5.26402,7.5,Summer,0.4827,32,17
Barn Swallow,55.74324,-5.01918,7.5,Summer,0.4794,93,41
Barn Swallow,55.74324,-4.77434,7.5,Summer,0.4702,62,15
Barn Swallow,55.74324,-4.5295,7.5,Summer,0.4931,277,118
Barn Swallow,55.74324,-4.28466,7.5,Summer,0.4834,507,133
Barn Swallow,55.74324,-4.03983,7.5,Summer,0.4939,219,54
Barn Swallow,55.74324,-3.79499,7.5,Summer,0.5064,20,8
Barn Swallow,55.74324,-3.55015,7.5,Summer,0.5126,24,17
Barn Swallow,55.74324,-3.30531,7.5,Summer,0.5105,29,21
Barn Swallow,55.74324,-3.06047,7.5,Summer,0.541,133,90
Barn Swallow,55.74324,-2.81564,7.5,Summer,0.5604,18,10
Barn Swallow,55.74324,-2.5708,7.5,Summer,0.5557,14,5
Barn Swallow,55.74324,-2.32596,7.5,Summer,0.5545,10,6
Barn Swallow,55.74324,-2.08112,7.5,Summer,0.5472,40,22
Barn Swallow,55.87838,-6.48821,7.5,Summer,0.4367,11,11
Barn Swallow,55.87838,-6.24337,7.5,Summer,0.4413,94,66
Barn Swallow,55.87838,-5.99853,7.5,Summer,0.446,21,10
Barn Swallow,55.87838,-5.75369,7.5,Summer,0.4505,7,5
Barn Swallow,55.87838,-5.50885,7.5,Summer,0.4496,48,31
Barn Swallow,55.87838,-5.26402,7.5,Summer,0.4438,24,15
Barn Swallow,55.87838,-5.01918,7.5,Summer,0.4358,15,4
Barn Swallow,55.87838,-4.77434,7.5,Summer,0.4268,45,12
Barn Swallow,55.87838,-4.5295,7.5,Summer,0.4136,292,57
Barn Swallow,55.87838,-4.28466,7.5,Summer,0.3955,1378,144
Barn Swallow,55.87838,-4.03983,7.5,Summer,0.4099,131,16
Barn Swallow,55.87838,-3.79499,7.5,Summer,0.424,42,22
Barn Swallow,55.87838,-3.55015,7.5,Summer,0.4267,134,54
Barn Swallow,55.87838,-3.30531,7.5,Summer,0.4224,1184,284
Barn Swallow,55.87838,-3.06047,7.5,Summer,0.5247,1626,598
Barn Swallow,55.87838,-2.81564,7.5,Summer,0.5516,98,53
Barn Swallow,55.87838,-2.5708,7.5,Summer,0.5502,109,55
Barn Swallow,55.87838,-2.32596,7.5,Summer,0.553,75,52
Barn Swallow,55.87838,-2.08112,7.5,Summer,0.5447,295,191
Barn Swallow,56.01351,-6.24337,7.5,Summer,0.4513,22,9
Barn Swallow,56.01351,-5.99853,7.5,Summer,0.4615,3,2
Barn Swallow,56.01351,-5.75369,7.5,Summer,0.4714,13,8
Barn Swallow,56.01351,-5.50885,7.5,Summer,0.4742,37,14
Barn Swallow,56.01351,-5.26402,7.5,Summer,0.4721,22,9
Barn Swallow,56.01351,-5.01918,7.5,Summer,0.4649,85,42
Barn Swallow,56.01351,-4.77434,7.5,Summer,0.4627,128,40
Barn Swallow,56.01351,-4.5295,7.5,Summer,0.4652,279,106
Barn Swallow,56.01351,-4.28466,7.5,Summer,0.4566,90,30
Barn Swallow,56.01351,-4.03983,7.5,Summer,0.4621,53,21
Barn Swallow,56.01351,-3.79499,7.5,Summer,0.4686,365,195
Barn Swallow,56.01351,-3.55015,7.5,Summer,0.4682,266,108
Barn Swallow,56.01351,-3.30531,7.5,Summer,0.4644,2181,329
Barn Swallow,56.01351,-3.06047,7.5,Summer,0.5106,2396,1106
Barn Swallow,56.01351,-2.81564,7.5,Summer,0.5405,786,365
Barn Swallow,56.01351,-2.5708,7.5,Summer,0.5433,613,317
Barn Swallow,56.01351,-2.32596,7.5,Summer,0.5448,130,110
Barn Swallow,56.14865,-6.24337,7.5,Summer,0.4553,6,2
Barn Swallow,56.14865,-5.75369,7.5,Summer,0.4752,5,1
Barn Swallow,56.14865,-5.50885,7.5,Summer,0.4777,74,42
Barn Swallow,56.14865,-5.26402,7.5,Summer,0.4767,28,16
Barn Swallow,56.14865,-5.01918,7.5,Summer,0.4687,10,5
Barn Swallow,56.14865,-4.77434,7.5,Summer,0.4669,98,33
Barn Swallow,56.14865,-4.5295,7.5,Summer,0.4679,225,105
Barn Swallow,56.14865,-4.28466,7.5,Summer,0.4602,111,44
Barn Swallow,56.14865,-4.03983,7.5,Summer,0.4657,349,130
Barn Swallow,56.14865,-3.79499,7.5,Summer,0.4726,328,179
Barn Swallow,56.14865,-3.55015,7.5,Summer,0.4732,114,55
Barn Swallow,56.14865,-3.30531,7.5,Summer,0.4737,405,286
Barn Swallow,56.14865,-3.06047,7.5,Summer,0.5035,158,75
Barn Swallow,56.14865,-2.81564,7.5,Summer,0.529,174,86
Barn Swallow,56.14865,-2.5708,7.5,Summer,0.531,245,151
Barn Swallow,56.28378,-8.69175,7.5,Summer,0.3757,1,1
Barn Swallow,56.28378,-6.48821,7.5,Summer,0.4436,238,143
Barn Swallow,56.28378,-6.24337,7.5,Summer,0.4516,89,41
Barn Swallow,56.28378,-5.99853,7.5,Summer,0.4613,3,1
Barn Swallow,56.28378,-5.75369,7.5,Summer,0.471,34,8
Barn Swallow,56.28378,-5.50885,7.5,Summer,0.4725,51,18
Barn Swallow,56.28378,-5.26402,7.5,Summer,0.4716,19,9
Barn Swallow,56.28378,-5.01918,7.5,Summer,0.4642,74,35
Barn Swallow,56.28378,-4.77434,7.5,Summer,0.4635,90,35
Barn Swallow,56.28378,-4.5295,7.5,Summer,0.4645,49,17
Barn Swallow,56.28378,-4.28466,7.5,Summer,0.4569,205,70
Barn Swallow,56.28378,-4.03983,7.5,Summer,0.4631,8,6
Barn Swallow,56.28378,-3.79499,7.5,Summer,0.4691,77,41
Barn Swallow,56.28378,-3.55015,7.5,Summer,0.4699,35,15
Barn Swallow,56.28378,-3.30531,7.5,Summer,0.4704,90,59
Barn Swallow,56.28378,-3.06047,7.5,Summer,0.5118,322,182
Barn Swallow,56.28378,-2.81564,7.5,Summer,0.5472,1122,661
Barn Swallow,56.28378,-2.5708,7.5,Summer,0.5484,524,200
Barn Swallow,56.28378,-1.34661,7.5,Summer,0.3468,3,1
Barn Swallow,56.41892,-6.97788,7.5,Summer,0.2464,37,23
Barn Swallow,56.41892,-6.24337,7.5,Summer,0.2638,224,32
Barn Swallow,56.41892,-5.99853,7.5,Summer,0.3091,294,82
Barn Swallow,56.41892,-5.75369,7.5,Summer,0.3339,361,162
Barn Swallow,56.41892,-5.50885,7.5,Summer,0.3363,433,71
Barn Swallow,56.41892,-5.26402,7.5,Summer,0.3333,25,4
Barn Swallow,56.41892,-5.01918,7.5,Summer,0.3129,33,17
Barn Swallow,56.41892,-4.77434,7.5,Summer,0.3738,64,19
Barn Swallow,56.41892,-4.5295,7.5,Summer,0.4298,45,18
Barn Swallow,56.41892,-4.28466,7.5,Summer,0.4291,97,53
Barn Swallow,56.41892,-4.03983,7.5,Summer,0.4312,50,25
Barn Swallow,56.41892,-3.79499,7.5,Summer,0.417,78,31
Barn Swallow,56.41892,-3.55015,7.5,Summer,0.4241,110,41
Barn Swallow,56.41892,-3.30531,7.5,Summer,0.43,198,91
Barn Swallow,56.41892,-3.06047,7.5,Summer,0.4808,357,40
Barn Swallow,56.41892,-2.81564,7.5,Summer,0.5247,590,282
Barn Swallow,56.55405,-6.97788,7.5,Summer,0.3427,19,10
Barn Swallow,56.55405,-6.73304,7.5,Summer,0.3591,37,21
Barn Swallow,56.55405,-6.48821,7.5,Summer,0.364,134,10
Barn Swallow,56.55405,-6.24337,7.5,Summer,0.3737,192,76
Barn Swallow,56.55405,-5.99853,7.5,Summer,0.3961,274,103
Barn Swallow,56.55405,-5.75369,7.5,Summer,0.4124,81,23
Barn Swallow,56.55405,-5.50885,7.5,Summer,0.4152,37,19
Barn Swallow,56.55405,-5.26402,7.5,Summer,0.4155,36,12
Barn Swallow,56.55405,-4.77434,7.5,Summer,0.4258,50,11
Barn Swallow,56.55405,-4.5295,7.5,Summer,0.4517,1,1
Barn Swallow,56.55405,-4.28466,7.5,Summer,0.451,36,13
Barn Swallow,56.55405,-4.03983,7.5,Summer,0.4528,49,28
Barn Swallow,56.55405,-3.79499,7.5,Summer,0.4307,45,15
Barn Swallow,56.55405,-3.55015,7.5,Summer,0.4367,287,129
Barn Swallow,56.55405,-3.30531,7.5,Summer,0.441,47,20
Barn Swallow,56.55405,-3.06047,7.5,Summer,0.4827,31,15
Barn Swallow,56.55405,-2.81564,7.5,Summer,0.5289,30,13
Barn Swallow,56.55405,-2.5708,7.5,Summer,0.5317,98,47
Barn Swallow,56.68919,-6.48821,7.5,Summer,0.3607,30,13
Barn Swallow,56.68919,-6.24337,7.5,Summer,0.372,70,21
Barn Swallow,56.68919,-5.99853,7.5,Summer,0.3934,168,61
Barn Swallow,56.68919,-5.75369,7.5,Summer,0.4099,30,8
Barn Swallow,56.68919,-5.50885,7.5,Summer,0.4135,44,24
Barn Swallow,56.68919,-5.26402,7.5,Summer,0.4141,139,41
Barn Swallow,56.68919,-5.01918,7.5,Summer,0.3657,304,67
Barn Swallow,56.68919,-4.77434,7.5,Summer,0.4245,34,5
Barn Swallow,56.68919,-4.5295,7.5,Summer,0.4524,12,4
Barn Swallow,56.68919,-4.28466,7.5,Summer,0.4511,18,7
Barn Swallow,56.68919,-4.03983,7.5,Summer,0.4534,50,23
Barn Swallow,56.68919,-3.79499,7.5,Summer,0.4301,268,85
Barn Swallow,56.68919,-3.55015,7.5,Summer,0.4361,12,6
Barn Swallow,56.68919,-3.30531,7.5,Summer,0.4407,40,26
Barn Swallow,56.68919,-3.06047,7.5,Summer,0.4826,142,83
Barn Swallow,56.68919,-2.81564,7.5,Summer,0.5293,56,27
Barn Swallow,56.68919,-2.5708,7.5,Summer,0.5321,238,141
Barn Swallow,56.68919,-2.32596,7.5,Summer,0.53,30,21
Barn Swallow,56.82432,-6.24337,7.5,Summer,0.3677,21,10
Barn Swallow,56.82432,-5.99853,7.5,Summer,0.389,11,2
Barn Swallow,56.82432,-5.75369,7.5,Summer,0.4056,93,33
Barn Swallow,56.82432,-5.50885,7.5,Summer,0.4104,78,31
Barn Swallow,56.82432,-5.26402,7.5,Summer,0.4113,33,8
Barn Swallow,56.82432,-5.01918,7.5,Summer,0.3593,276,86
Barn Swallow,56.82432,-4.77434,7.5,Summer,0.4231,22,6
Barn Swallow,56.82432,-4.28466,7.5,Summer,0.4508,15,9
Barn Swallow,56.82432,-4.03983,7.5,Summer,0.4529,25,9
Barn Swallow,56.82432,-3.79499,7.5,Summer,0.4243,56,19
Barn Swallow,56.82432,-3.55015,7.5,Summer,0.4318,25,7
Barn Swallow,56.82432,-3.30531,7.5,Summer,0.4376,104,33
Barn Swallow,56.82432,-3.06047,7.5,Summer,0.4811,27,18
Barn Swallow,56.82432,-2.81564,7.5,Summer,0.528,11,9
Barn Swallow,56.82432,-2.5708,7.5,Summer,0.5308,78,52
Barn Swallow,56.82432,-2.32596,7.5,Summer,0.5294,71,37
Barn Swallow,56.95946,-7.46756,7.5,Summer,0.2989,118,12
Barn Swallow,56.95946,-6.24337,7.5,Summer,0.3671,43,19
Barn Swallow,56.95946,-5.99853,7.5,Summer,0.3896,9,4
Barn Swallow,56.95946,-5.75369,7.5,Summer,0.4062,122,35
Barn Swallow,56.95946,-5.26402,7.5,Summer,0.4104,6,4
Barn Swallow,56.95946,-5.01918,7.5,Summer,0.361,48,9
Barn Swallow,56.95946,-4.77434,7.5,Summer,0.4247,11,4
Barn Swallow,56.95946,-4.5295,7.5,Summer,0.4514,28,19
Barn Swallow,56.95946,-4.28466,7.5,Summer,0.45,75,24
Barn Swallow,56.95946,-3.79499,7.5,Summer,0.423,2,2
Barn Swallow,56.95946,-3.55015,7.5,Summer,0.4295,70,18
Barn Swallow,56.95946,-3.30531,7.5,Summer,0.4356,105,20
Barn Swallow,56.95946,-2.81564,7.5,Summer,0.5281,64,45
Barn Swallow,56.95946,-2.5708,7.5,Summer,0.5308,21,6
Barn Swallow,56.95946,-2.32596,7.5,Summer,0.5287,53,27
Barn Swallow,56.95946,-2.08112,7.5,Summer,0.5264,272,126
Barn Swallow,57.09459,-7.46756,7.5,Summer,0.3035,86,23
Barn Swallow,57.09459,-7.22272,7.5,Summer,0.316,41,11
Barn Swallow,57.09459,-6.48821,7.5,Summer,0.3563,39,21
Barn Swallow,57.09459,-5.99853,7.5,Summer,0.3873,105,38
Barn Swallow,57.09459,-5.75369,7.5,Summer,0.4033,94,32
Barn Swallow,57.09459,-5.50885,7.5,Summer,0.4066,6,1
Barn Swallow,57.09459,-5.01918,7.5,Summer,0.3583,33,1
Barn Swallow,57.09459,-4.77434,7.5,Summer,0.4216,136,64
Barn Swallow,57.09459,-4.5295,7.5,Summer,0.4454,16,2
Barn Swallow,57.09459,-4.28466,7.5,Summer,0.444,7,2
Barn Swallow,57.09459,-4.03983,7.5,Summer,0.4463,526,196
Barn Swallow,57.09459,-3.79499,7.5,Summer,0.4115,311,40
Barn Swallow,57.09459,-3.55015,7.5,Summer,0.419,315,29
Barn Swallow,57.09459,-3.30531,7.5,Summer,0.4266,90,39
Barn Swallow,57.09459,-3.06047,7.5,Summer,0.4738,80,8
Barn Swallow,57.09459,-2.81564,7.5,Summer,0.5265,84,37
Barn Swallow,57.09459,-2.5708,7.5,Summer,0.5293,32,13
Barn Swallow,57.09459,-2.32596,7.5,Summer,0.5269,68,30
Barn Swallow,57.09459,-2.08112,7.5,Summer,0.524,1194,555
Barn Swallow,57.22973,-7.46756,7.5,Summer,0.2963,112,36
Barn Swallow,57.22973,-6.48821,7.5,Summer,0.3442,21,10
Barn Swallow,57.22973,-6.24337,7.5,Summer,0.351,148,13
Barn Swallow,57.22973,-5.99853,7.5,Summer,0.3735,364,109
Barn Swallow,57.22973,-5.75369,7.5,Summer,0.3915,148,31
Barn Swallow,57.22973,-5.50885,7.5,Summer,0.3953,171,47
Barn Swallow,57.22973,-5.01918,7.5,Summer,0.3479,28,5
Barn Swallow,57.22973,-4.77434,7.5,Summer,0.4123,35,20
Barn Swallow,57.22973,-4.5295,7.5,Summer,0.4376,77,19
Barn Swallow,57.22973,-4.03983,7.5,Summer,0.4395,133,56
Barn Swallow,57.22973,-3.79499,7.5,Summer,0.4014,1932,398
Barn Swallow,57.22973,-3.55015,7.5,Summer,0.4098,441,158
Barn Swallow,57.22973,-3.30531,7.5,Summer,0.4193,128,50
Barn Swallow,57.22973,-3.06047,7.5,Summer,0.4602,7,3
Barn Swallow,57.22973,-2.81564,7.5,Summer,0.5118,22,11
Barn Swallow,57.22973,-2.5708,7.5,Summer,0.5137,23,14
Barn Swallow,57.22973,-2.32596,7.5,Summer,0.5099,9,6
Barn Swallow,57.22973,-2.08112,7.5,Summer,0.5096,267,95
Barn Swallow,57.36486,-7.46756,7.5,Summer,0.2961,123,37
Barn Swallow,57.36486,-7.22272,7.5,Summer,0.3021,80,8
Barn Swallow,57.36486,-6.73304,7.5,Summer,0.3358,94,19
Barn Swallow,57.36486,-6.48821,7.5,Summer,0.347,93,30
Barn Swallow,57.36486,-6.24337,7.5,Summer,0.3542,292,28
Barn Swallow,57.36486,-5.99853,7.5,Summer,0.3783,33,8
Barn Swallow,57.36486,-5.75369,7.5,Summer,0.3997,65,18
Barn Swallow,57.36486,-5.50885,7.5,Summer,0.4039,51,21
Barn Swallow,57.36486,-5.01918,7.5,Summer,0.3611,3,1
Barn Swallow,57.36486,-4.77434,7.5,Summer,0.4314,58,23
Barn Swallow,57.36486,-4.5295,7.5,Summer,0.4634,222,108
Barn Swallow,57.36486,-4.28466,7.5,Summer,0.4631,264,103
Barn Swallow,57.36486,-4.03983,7.5,Summer,0.4663,86,34
Barn Swallow,57.36486,-3.79499,7.5,Summer,0.4407,308,103
Barn Swallow,57.36486,-3.55015,7.5,Summer,0.441,381,92
Barn Swallow,57.36486,-3.30531,7.5,Summer,0.4468,71,34
Barn Swallow,57.36486,-3.06047,7.5,Summer,0.4646,14,6
Barn Swallow,57.36486,-2.81564,7.5,Summer,0.5069,7,3
Barn Swallow,57.36486,-2.5708,7.5,Summer,0.5083,84,76
Barn Swallow,57.36486,-2.32596,7.5,Summer,0.5039,37,21
Barn Swallow,57.36486,-2.08112,7.5,Summer,0.5018,330,167
Barn Swallow,57.36486,-1.83628,7.5,Summer,0.4903,74,19
Barn Swallow,57.5,-7.46756,7.5,Summer,0.3078,165,29
Barn Swallow,57.5,-7.22272,7.5,Summer,0.3133,111,23
Barn Swallow,57.5,-6.73304,7.5,Summer,0.3455,402,136
Barn Swallow,57.5,-6.48821,7.5,Summer,0.3543,157,46
Barn Swallow,57.5,-6.24337,7.5,Summer,0.3608,189,44
Barn Swallow,57.5,-5.99853,7.5,Summer,0.3851,4,2
Barn Swallow,57.5,-5.75369,7.5,Summer,0.4067,62,25
Barn Swallow,57.5,-5.50885,7.5,Summer,0.411,59,19
Barn Swallow,57.5,-5.26402,7.5,Summer,0.4121,15,3
Barn Swallow,57.5,-5.01918,7.5,Summer,0.3744,8,2
Barn Swallow,57.5,-4.77434,7.5,Summer,0.448,6,3
Barn Swallow,57.5,-4.5295,7.5,Summer,0.4915,186,61
Barn Swallow,57.5,-4.28466,7.5,Summer,0.4926,814,321
Barn Swallow,57.5,-4.03983,7.5,Summer,0.4958,626,332
Barn Swallow,57.5,-3.79499,7.5,Summer,0.4715,60,24
Barn Swallow,57.5,-3.55015,7.5,Summer,0.4727,9,2
Barn Swallow,57.5,-3.30531,7.5,Summer,0.4722,48,18
Barn Swallow,57.5,-3.06047,7.5,Summer,0.4713,11,3
Barn Swallow,57.5,-2.81564,7.5,Summer,0.5124,19,4
Barn Swallow,57.5,-2.5708,7.5,Summer,0.5135,11,1
Barn Swallow,57.5,-2.32596,7.5,Summer,0.5085,17,12
Barn Swallow,57.5,-2.08112,7.5,Summer,0.5042,41,14
Barn Swallow,57.5,-1.83628,7.5,Summer,0.4966,107,55
Barn Swallow,57.63514,-7.46756,7.5,Summer,0.2989,350,138
Barn Swallow,57.63514,-7.22272,7.5,Summer,0.3046,116,15
Barn Swallow,57.63514,-6.73304,7.5,Summer,0.3357,13,1
Barn Swallow,57.63514,-6.48821,7.5,Summer,0.3467,167,43
Barn Swallow,57.63514,-6.24337,7.5,Summer,0.3596,443,121
Barn Swallow,57.63514,-5.75369,7.5,Summer,0.4056,46,20
Barn Swallow,57.63514,-5.50885,7.5,Summer,0.4079,49,3
Barn Swallow,57.63514,-5.26402,7.5,Summer,0.4093,100,21
Barn Swallow,57.63514,-5.01918,7.5,Summer,0.3713,27,10
Barn Swallow,57.63514,-4.77434,7.5,Summer,0.4453,32,4
Barn Swallow,57.63514,-4.5295,7.5,Summer,0.4919,173,65
Barn Swallow,57.63514,-4.28466,7.5,Summer,0.4933,189,82
Barn Swallow,57.63514,-4.03983,7.5,Summer,0.4968,742,392
Barn Swallow,57.63514,-3.79499,7.5,Summer,0.4728,187,88
Barn Swallow,57.63514,-3.55015,7.5,Summer,0.4737,190,80
Barn Swallow,57.63514,-3.30531,7.5,Summer,0.4728,127,45
Barn Swallow,57.63514,-3.06047,7.5,Summer,0.4677,170,72
Barn Swallow,57.63514,-2.81564,7.5,Summer,0.5071,26,11
Barn Swallow,57.63514,-2.5708,7.5,Summer,0.5093,33,10
Barn Swallow,57.63514,-2.32596,7.5,Summer,0.5037,124,59
Barn Swallow,57.63514,-2.08112,7.5,Summer,0.5008,34,7
Barn Swallow,57.63514,-1.83628,7.5,Summer,0.4924,145,103
Barn Swallow,57.77027,-8.69175,7.5,Summer,0.2,36,1
Barn Swallow,57.77027,-7.22272,7.5,Summer,0.243,64,5
Barn Swallow,57.77027,-6.97788,7.5,Summer,0.2519,108,15
Barn Swallow,57.77027,-6.24337,7.5,Summer,0.3369,14,4
Barn Swallow,57.77027,-5.75369,7.5,Summer,0.4007,159,39
Barn Swallow,57.77027,-5.50885,7.5,Summer,0.4053,82,19
Barn Swallow,57.77027,-5.26402,7.5,Summer,0.4091,1,1
Barn Swallow,57.77027,-5.01918,7.5,Summer,0.3715,41,13
Barn Swallow,57.77027,-4.28466,7.5,Summer,0.4926,33,19
Barn Swallow,57.77027,-4.03983,7.5,Summer,0.4963,134,77
Barn Swallow,57.77027,-3.79499,7.5,Summer,0.4727,180,150
Barn Swallow,57.77027,-3.55015,7.5,Summer,0.4736,104,40
Barn Swallow,57.77027,-3.30531,7.5,Summer,0.4719,140,54
Barn Swallow,57.77027,-2.81564,7.5,Summer,0.4891,24,7
Barn Swallow,57.77027,-1.83628,7.5,Summer,0.467,2,1
Barn Swallow,57.90541,-6.97788,7.5,Summer,0.2115,77,4
Barn Swallow,57.90541,-6.73304,7.5,Summer,0.2651,63,3
Barn Swallow,57.90541,-5.75369,7.5,Summer,0.3839,41,6
Barn Swallow,57.90541,-5.50885,7.5,Summer,0.3937,122,32
Barn Swallow,57.90541,-5.26402,7.5,Summer,0.3992,175,55
Barn Swallow,57.90541,-5.01918,7.5,Summer,0.3701,18,4
Barn Swallow,57.90541,-4.77434,7.5,Summer,0.4415,11,1
Barn Swallow,57.90541,-4.5295,7.5,Summer,0.4863,28,6
Barn Swallow,57.90541,-4.28466,7.5,Summer,0.487,66,40
Barn Swallow,57.90541,-4.03983,7.5,Summer,0.4906,246,86
Barn Swallow,57.90541,-3.79499,7.5,Summer,0.4672,52,19
Barn Swallow,58.04054,-6.73304,7.5,Summer,0.263,36,1
Barn Swallow,58.04054,-6.48821,7.5,Summer,0.2757,51,2
Barn Swallow,58.04054,-5.50885,7.5,Summer,0.3911,7,2
Barn Swallow,58.04054,-5.26402,7.5,Summer,0.3962,31,7
Barn Swallow,58.04054,-5.01918,7.5,Summer,0.3685,24,4
Barn Swallow,58.04054,-4.77434,7.5,Summer,0.4386,10,1
Barn Swallow,58.04054,-4.5295,7.5,Summer,0.4847,45,20
Barn Swallow,58.04054,-4.28466,7.5,Summer,0.4845,26,8
Barn Swallow,58.04054,-4.03983,7.5,Summer,0.4887,57,19
Barn Swallow,58.04054,-3.79499,7.5,Summer,0.4652,81,26
Barn Swallow,58.17568,-6.97788,7.5,Summer,0.2102,82,3
Barn Swallow,58.17568,-6.73304,7.5,Summer,0.2688,84,26
Barn Swallow,58.17568,-6.48821,7.5,Summer,0.2793,142,11
Barn Swallow,58.17568,-6.24337,7.5,Summer,0.3184,101,30
Barn Swallow,58.17568,-5.50885,7.5,Summer,0.3914,27,3
Barn Swallow,58.17568,-5.26402,7.5,Summer,0.3984,123,44
Barn Swallow,58.17568,-5.01918,7.5,Summer,0.3706,52,15
Barn Swallow,58.17568,-4.77434,7.5,Summer,0.4392,4,1
Barn Swallow,58.17568,-4.5295,7.5,Summer,0.4848,7,1
Barn Swallow,58.17568,-3.79499,7.5,Summer,0.4653,23,6
Barn Swallow,58.17568,-3.55015,7.5,Summer,0.4666,44,22
Barn Swallow,58.17568,-3.30531,7.5,Summer,0.4651,48,4
Barn Swallow,58.31081,-6.73304,7.5,Summer,0.2957,126,31
Barn Swallow,58.31081,-6.48821,7.5,Summer,0.3041,64,4
Barn Swallow,58.31081,-6.24337,7.5,Summer,0.3335,163,37
Barn Swallow,58.31081,-5.50885,7.5,Summer,0.3961,6,1
Barn Swallow,58.31081,-5.26402,7.5,Summer,0.4032,70,28
Barn Swallow,58.31081,-5.01918,7.5,Summer,0.3749,40,7
Barn Swallow,58.31081,-4.28466,7.5,Summer,0.4859,20,10
Barn Swallow,58.31081,-4.03983,7.5,Summer,0.4902,14,1
Barn Swallow,58.31081,-3.79499,7.5,Summer,0.4672,47,23
Barn Swallow,58.31081,-3.55015,7.5,Summer,0.4685,4,1
Barn Swallow,58.31081,-3.30531,7.5,Summer,0.468,52,20
Barn Swallow,58.31081,-3.06047,7.5,Summer,0.455,6,3
Barn Swallow,58.44595,-6.48821,7.5,Summer,0.2941,19,3
Barn Swallow,58.44595,-6.24337,7.5,Summer,0.3289,130,46
Barn Swallow,58.44595,-5.26402,7.5,Summer,0.4019,94,28
Barn Swallow,58.44595,-5.01918,7.5,Summer,0.3746,54,20
Barn Swallow,58.44595,-4.77434,7.5,Summer,0.4446,11,1
Barn Swallow,58.44595,-4.5295,7.5,Summer,0.4871,33,10
Barn Swallow,58.44595,-4.28466,7.5,Summer,0.4864,27,9
Barn Swallow,58.44595,-3.79499,7.5,Summer,0.4676,16,6
Barn Swallow,58.44595,-3.55015,7.5,Summer,0.4685,5,2
Barn Swallow,58.44595,-3.30531,7.5,Summer,0.468,6,3
Barn Swallow,58.44595,-3.06047,7.5,Summer,0.4547,74,38
Barn Swallow,58.58108,-6.24337,7.5,Summer,0.3127,87,12
Barn Swallow,58.58108,-5.01918,7.5,Summer,0.3752,8,1
Barn Swallow,58.58108,-4.77434,7.5,Summer,0.4481,110,43
Barn Swallow,58.58108,-4.5295,7.5,Summer,0.4864,26,15
Barn Swallow,58.58108,-4.28466,7.5,Summer,0.4854,31,15
Barn Swallow,58.58108,-4.03983,7.5,Summer,0.4896,37,18
Barn Swallow,58.58108,-3.79499,7.5,Summer,0.4676,34,9
Barn Swallow,58.58108,-3.55015,7.5,Summer,0.469,117,62
Barn Swallow,58.58108,-3.30531,7.5,Summer,0.4685,172,98
Barn Swallow,58.58108,-3.06047,7.5,Summer,0.4524,174,58
Barn Swallow,58.71622,-3.30531,7.5,Summer,0.4639,103,37
Barn Swallow,58.71622,-3.06047,7.5,Summer,0.4439,37,13
Barn Swallow,58.71622,-2.81564,7.5,Summer,0.4846,3,2
Barn Swallow,58.85135,-3.30531,7.5,Summer,0.4622,113,18
Barn Swallow,58.85135,-3.06047,7.5,Summer,0.4356,70,40
Barn Swallow,58.85135,-2.81564,7.5,Summer,0.4822,183,68
Barn Swallow,58.98649,-3.30531,7.5,Summer,0.4557,530,184
Barn Swallow,58.98649,-3.06047,7.5,Summer,0.43,416,120
Barn Swallow,58.98649,-2.81564,7.5,Summer,0.4778,119,62
Barn Swallow,59.12162,-3.30531,7.5,Summer,0.4439,447,180
Barn Swallow,59.12162,-3.06047,7.5,Summer,0.4268,316,100
Barn Swallow,59.12162,-2.81564,7.5,Summer,0.4709,13,6
Barn Swallow,59.12162,-2.5708,7.5,Summer,0.4714,12,6
Barn Swallow,59.25676,-3.06047,7.5,Summer,0.4261,56,29
Barn Swallow,59.25676,-2.81564,7.5,Summer,0.4692,63,26
Barn Swallow,59.25676,-2.5708,7.5,Summer,0.4698,15,5
Barn Swallow,59.25676,-2.32596,7.5,Summer,0.4632,5,2
Barn Swallow,59.39189,-3.06047,7.5,Summer,0.4128,41,10
Barn Swallow,59.39189,-2.81564,7.5,Summer,0.4491,16,11
Barn Swallow,59.39189,-2.32596,7.5,Summer,0.443,184,135
Barn Swallow,59.52703,-1.59145,7.5,Summer,0.2915,354,222
Barn Swallow,59.7973,-1.34661,7.5,Summer,0.2616,226,38
Barn Swallow,59.93243,-1.34661,7.5,Summer,0.2292,1489,426
Barn Swallow,59.93243,-1.10177,7.5,Summer,0.1727,126,6
Barn Swallow,60.06757,-2.08112,7.5,Summer,0.1724,17,1
Barn Swallow,60.06757,-1.34661,7.5,Summer,0.0868,208,67
Barn Swallow,60.06757,-1.10177,7.5,Summer,0.087,75,6
Barn Swallow,60.2027,-2.08112,7.5,Summer,0.1597,4,4
Barn Swallow,60.2027,-1.59145,7.5,Summer,0.0883,33,1
Barn Swallow,60.2027,-1.34661,7.5,Summer,0.0909,126,8
Barn Swallow,60.2027,-1.10177,7.5,Summer,0.0706,394,28
Barn Swallow,60.33784,-1.59145,7.5,Summer,0.0782,54,4
Barn Swallow,60.33784,-1.34661,7.5,Summer,0.0897,85,3
Barn Swallow,60.47297,-1.59145,7.5,Summer,0.0737,123,4
Barn Swallow,60.47297,-1.34661,7.5,Summer,0.086,54,2
Barn Swallow,60.47297,-1.10177,7.5,Summer,0.0643,77,2
Barn Swallow,60.47297,-0.85693,7.5,Summer,0.0618,10,2
Barn Swallow,60.60811,-1.10177,7.5,Summer,0.0658,58,4
Barn Swallow,60.60811,-0.85693,7.5,Summer,0.0637,218,10
Barn Swallow,60.74324,-0.85693,7.5,Summer,0.0702,401,57
Barn Swallow,60.87838,-0.85693,7.5,Summer,0.0687,127,9
Barn Swallow,55.47297,-4.77434,7.5,Winter,0.0224,596,7
Barn Swallow,60.33784,-1.59145,7.5,Winter,0.025,9,1
Black Guillemot,54.66216,-5.01918,7.5,Autumn,0.0236,21,1
Black Guillemot,54.7973,-5.01918,7.5,Autumn,0.0252,38,1
Black Guillemot,54.7973,-4.5295,7.5,Autumn,0.0027,46,1
Black Guillemot,54.93243,-5.01918,7.5,Autumn,0.0316,93,12
Black Guillemot,54.93243,-4.28466,7.5,Autumn,0.0019,30,1
Black Guillemot,55.2027,-4.77434,7.5,Autumn,0.0088,17,1
Black Guillemot,55.33784,-5.50885,7.5,Autumn,0.048,7,6
Black Guillemot,55.33784,-4.77434,7.5,Autumn,0.0088,125,3
Black Guillemot,55.47297,-5.75369,7.5,Autumn,0.0427,16,2
Black Guillemot,55.47297,-5.50885,7.5,Autumn,0.0553,19,7
Black Guillemot,55.47297,-5.01918,7.5,Autumn,0.0355,41,3
Black Guillemot,55.47297,-4.77434,7.5,Autumn,0.0124,581,5
Black Guillemot,55.47297,-4.5295,7.5,Autumn,0.002,1154,3
Black Guillemot,55.60811,-5.75369,7.5,Autumn,0.0503,11,2
Black Guillemot,55.60811,-5.26402,7.5,Autumn,0.0748,81,7
Black Guillemot,55.60811,-5.01918,7.5,Autumn,0.0834,20,5
Black Guillemot,55.60811,-4.77434,7.5,Autumn,0.0462,3758,254
Black Guillemot,55.74324,-6.24337,7.5,Autumn,0.0132,173,8
Black Guillemot,55.74324,-5.50885,7.5,Autumn,0.1565,28,9
Black Guillemot,55.74324,-5.26402,7.5,Autumn,0.1413,34,1
Black Guillemot,55.74324,-5.01918,7.5,Autumn,0.1556,76,6
Black Guillemot,55.74324,-4.77434,7.5,Autumn,0.0886,71,4
Black Guillemot,55.87838,-5.50885,7.5,Autumn,0.1684,16,5
Black Guillemot,55.87838,-5.01918,7.5,Autumn,0.186,16,3
Black Guillemot,55.87838,-4.77434,7.5,Autumn,0.1089,36,4
Black Guillemot,55.87838,-3.06047,7.5,Autumn,0.002,1429,4
Black Guillemot,55.87838,-2.08112,7.5,Autumn,0.0026,169,1
Black Guillemot,56.01351,-6.24337,7.5,Autumn,0.0126,25,1
Black Guillemot,56.01351,-5.50885,7.5,Autumn,0.1299,48,1
Black Guillemot,56.01351,-5.26402,7.5,Autumn,0.1238,7,1
Black Guillemot,56.01351,-5.01918,7.5,Autumn,0.1294,72,23
Black Guillemot,56.01351,-4.77434,7.5,Autumn,0.0791,77,12
Black Guillemot,56.01351,-3.06047,7.5,Autumn,0.002,1856,23
Black Guillemot,56.01351,-2.81564,7.5,Autumn,0.0021,652,3
Black Guillemot,56.14865,-5.75369,7.5,Autumn,0.0517,3,1
Black Guillemot,56.14865,-4.77434,7.5,Autumn,0.031,53,2
Black Guillemot,56.14865,-2.81564,7.5,Autumn,0.0021,81,1
Black Guillemot,56.28378,-6.24337,7.5,Autumn,0.0088,22,1
Black Guillemot,56.28378,-2.5708,7.5,Autumn,0.0023,604,19
Black Guillemot,56.41892,-6.97788,7.5,Autumn,0.0322,2,1
Black Guillemot,56.41892,-5.99853,7.5,Autumn,0.133,72,9
Black Guillemot,56.41892,-5.75369,7.5,Autumn,0.1232,123,4
Black Guillemot,56.41892,-5.50885,7.5,Autumn,0.1697,147,27
Black Guillemot,56.55405,-6.24337,7.5,Autumn,0.0161,64,2
Black Guillemot,56.55405,-5.99853,7.5,Autumn,0.09,81,3
Black Guillemot,56.55405,-5.75369,7.5,Autumn,0.0624,70,5
Black Guillemot,56.55405,-5.50885,7.5,Autumn,0.0599,22,3
Black Guillemot,56.55405,-2.5708,7.5,Autumn,0.0024,60,1
Black Guillemot,56.68919,-5.99853,7.5,Autumn,0.0882,45,1
Black Guillemot,56.68919,-5.26402,7.5,Autumn,0.0343,49,1
Black Guillemot,56.68919,-2.5708,7.5,Autumn,0.0024,265,1
Black Guillemot,56.82432,-7.22272,7.5,Autumn,0.0258,2,2
Black Guillemot,56.82432,-6.24337,7.5,Autumn,0.0217,6,1
Black Guillemot,56.82432,-5.99853,7.5,Autumn,0.1253,2,2
Black Guillemot,56.82432,-5.75369,7.5,Autumn,0.0815,36,4
Black Guillemot,56.82432,-5.26402,7.5,Autumn,0.039,9,1
Black Guillemot,56.82432,-2.32596,7.5,Autumn,0.0027,51,2
Black Guillemot,56.95946,-7.46756,7.5,Autumn,0.0333,26,2
Black Guillemot,56.95946,-6.24337,7.5,Autumn,0.0258,68,2
Black Guillemot,56.95946,-5.75369,7.5,Autumn,0.1053,105,22
Black Guillemot,56.95946,-2.32596,7.5,Autumn,0.0035,29,1
Black Guillemot,56.95946,-2.08112,7.5,Autumn,0.0079,92,3
Black Guillemot,57.09459,-7.46756,7.5,Autumn,0.018,14,2
Black Guillemot,57.09459,-6.48821,7.5,Autumn,0.0242,1,1
Black Guillemot,57.09459,-6.24337,7.5,Autumn,0.0243,5,1
Black Guillemot,57.09459,-5.99853,7.5,Autumn,0.1494,37,5
Black Guillemot,57.09459,-5.75369,7.5,Autumn,0.1015,33,1
Black Guillemot,57.09459,-2.08112,7.5,Autumn,0.0046,1071,13
Black Guillemot,57.22973,-7.46756,7.5,Autumn,0.0178,56,1
Black Guillemot,57.22973,-6.24337,7.5,Autumn,0.0242,53,1
Black Guillemot,57.22973,-5.99853,7.5,Autumn,0.1496,170,16
Black Guillemot,57.22973,-5.75369,7.5,Autumn,0.1026,61,7
Black Guillemot,57.22973,-5.50885,7.5,Autumn,0.0548,94,2
Black Guillemot,57.36486,-7.22272,7.5,Autumn,0.0242,22,1
Black Guillemot,57.36486,-6.24337,7.5,Autumn,0.0228,155,7
Black Guillemot,57.36486,-5.99853,7.5,Autumn,0.1181,26,5
Black Guillemot,57.36486,-5.75369,7.5,Autumn,0.0893,43,5
Black Guillemot,57.36486,-2.08112,7.5,Autumn,0.0031,200,2
Black Guillemot,57.5,-7.46756,7.5,Autumn,0.0157,50,1
Black Guillemot,57.5,-6.73304,7.5,Autumn,0.026,244,11
Black Guillemot,57.5,-6.24337,7.5,Autumn,0.0225,77,1
Black Guillemot,57.5,-5.99853,7.5,Autumn,0.0972,2,2
Black Guillemot,57.5,-5.75369,7.5,Autumn,0.0764,50,9
Black Guillemot,57.5,-4.28466,7.5,Autumn,0.0038,562,5
Black Guillemot,57.5,-4.03983,7.5,Autumn,0.0038,423,3
Black Guillemot,57.5,-1.83628,7.5,Autumn,0.0051,45,1
Black Guillemot,57.63514,-7.46756,7.5,Autumn,0.0182,72,2
Black Guillemot,57.63514,-6.73304,7.5,Autumn,0.0338,2,1
Black Guillemot,57.63514,-6.48821,7.5,Autumn,0.0321,42,3
Black Guillemot,57.63514,-6.24337,7.5,Autumn,0.0294,184,8
Black Guillemot,57.63514,-5.75369,7.5,Autumn,0.0753,3,1
Black Guillemot,57.63514,-4.28466,7.5,Autumn,0.004,93,1
Black Guillemot,57.63514,-4.03983,7.5,Autumn,0.0127,581,41
Black Guillemot,57.63514,-3.79499,7.5,Autumn,0.0072,202,7
Black Guillemot,57.63514,-3.55015,7.5,Autumn,0.0065,283,12
Black Guillemot,57.63514,-3.06047,7.5,Autumn,0.0057,109,1
Black Guillemot,57.63514,-2.81564,7.5,Autumn,0.0054,40,1
Black Guillemot,57.63514,-2.32596,7.5,Autumn,0.0056,32,1
Black Guillemot,57.63514,-2.08112,7.5,Autumn,0.0047,39,2
Black Guillemot,57.63514,-1.83628,7.5,Autumn,0.005,165,1
Black Guillemot,57.77027,-7.22272,7.5,Autumn,0.0405,18,2
Black Guillemot,57.77027,-6.97788,7.5,Autumn,0.051,28,3
Black Guillemot,57.77027,-5.75369,7.5,Autumn,0.0526,55,4
Black Guillemot,57.77027,-3.79499,7.5,Autumn,0.016,172,29
Black Guillemot,57.77027,-3.55015,7.5,Autumn,0.0189,162,11
Black Guillemot,57.77027,-3.30531,7.5,Autumn,0.0115,202,1
Black Guillemot,57.90541,-6.97788,7.5,Autumn,0.0385,32,2
Black Guillemot,57.90541,-6.24337,7.5,Autumn,0.0582,5,2
Black Guillemot,57.90541,-5.50885,7.5,Autumn,0.0737,58,11
Black Guillemot,57.90541,-5.26402,7.5,Autumn,0.024,101,1
Black Guillemot,57.90541,-4.03983,7.5,Autumn,0.0053,167,2
Black Guillemot,57.90541,-3.79499,7.5,Autumn,0.0177,76,12
Black Guillemot,58.04054,-6.48821,7.5,Autumn,0.0343,5,1
Black Guillemot,58.04054,-5.75369,7.5,Autumn,0.0701,3,1
Black Guillemot,58.04054,-5.50885,7.5,Autumn,0.0795,2,1
Black Guillemot,58.04054,-5.26402,7.5,Autumn,0.0205,6,1
Black Guillemot,58.04054,-3.79499,7.5,Autumn,0.0172,34,2
Black Guillemot,58.17568,-6.97788,7.5,Autumn,0.038,67,4
Black Guillemot,58.17568,-6.73304,7.5,Autumn,0.0328,14,2
Black Guillemot,58.17568,-6.48821,7.5,Autumn,0.0337,64,2
Black Guillemot,58.17568,-6.24337,7.5,Autumn,0.0583,72,8
Black Guillemot,58.17568,-5.50885,7.5,Autumn,0.0767,8,1
Black Guillemot,58.17568,-3.55015,7.5,Autumn,0.0245,13,2
Black Guillemot,58.31081,-6.97788,7.5,Autumn,0.0556,8,1
Black Guillemot,58.31081,-6.73304,7.5,Autumn,0.0517,87,4
Black Guillemot,58.31081,-6.24337,7.5,Autumn,0.0632,117,7
Black Guillemot,58.31081,-5.26402,7.5,Autumn,0.0726,10,1
Black Guillemot,58.31081,-3.30531,7.5,Autumn,0.0604,14,1
Black Guillemot,58.44595,-3.06047,7.5,Autumn,0.1675,54,12
Black Guillemot,58.44595,-2.81564,7.5,Autumn,0.1365,1,1
Black Guillemot,58.58108,-6.24337,7.5,Autumn,0.0388,58,3
Black Guillemot,58.58108,-4.77434,7.5,Autumn,0.0345,66,3
Black Guillemot,58.58108,-4.03983,7.5,Autumn,0.0735,21,3
Black Guillemot,58.58108,-3.79499,7.5,Autumn,0.1058,9,1
Black Guillemot,58.58108,-3.55015,7.5,Autumn,0.1148,31,4
Black Guillemot,58.58108,-3.30531,7.5,Autumn,0.1123,53,4
Black Guillemot,58.58108,-3.06047,7.5,Autumn,0.1698,95,11
Black Guillemot,58.71622,-3.55015,7.5,Autumn,0.1528,4,4
Black Guillemot,58.71622,-3.06047,7.5,Autumn,0.2091,35,1
Black Guillemot,58.71622,-2.81564,7.5,Autumn,0.1631,5,3
Black Guillemot,58.85135,-3.30531,7.5,Autumn,0.1738,14,7
Black Guillemot,58.85135,-3.06047,7.5,Autumn,0.2443,54,18
Black Guillemot,58.85135,-2.81564,7.5,Autumn,0.1864,100,13
Black Guillemot,58.98649,-3.30531,7.5,Autumn,0.0701,157,10
Black Guillemot,58.98649,-3.06047,7.5,Autumn,0.2159,134,10
Black Guillemot,58.98649,-2.81564,7.5,Autumn,0.2174,98,9
Black Guillemot,59.12162,-3.30531,7.5,Autumn,0.0694,100,1
Black Guillemot,59.12162,-3.06047,7.5,Autumn,0.2352,80,19
Black Guillemot,59.12162,-2.81564,7.5,Autumn,0.2409,4,3
Black Guillemot,59.12162,-2.5708,7.5,Autumn,0.2371,41,10
Black Guillemot,59.25676,-2.81564,7.5,Autumn,0.1941,2,1
Black Guillemot,59.39189,-2.81564,7.5,Autumn,0.2103,11,6
Black Guillemot,59.39189,-2.32596,7.5,Autumn,0.288,327,43
Black Guillemot,59.52703,-1.59145,7.5,Autumn,0.2834,323,179
Black Guillemot,59.7973,-1.34661,7.5,Autumn,0.2363,168,21
Black Guillemot,59.93243,-1.34661,7.5,Autumn,0.0795,2628,431
Black Guillemot,59.93243,-1.10177,7.5,Autumn,0.197,77,18
Black Guillemot,59.93243,-0.85693,7.5,Autumn,0.1366,4,2
Black Guillemot,60.06757,-2.08112,7.5,Autumn,0.3099,16,7
Black Guillemot,60.06757,-1.34661,7.5,Autumn,0.3125,907,151
Black Guillemot,60.06757,-1.10177,7.5,Autumn,0.3457,253,53
Black Guillemot,60.2027,-2.08112,7.5,Autumn,0.3013,3,2
Black Guillemot,60.2027,-1.59145,7.5,Autumn,0.2708,63,5
Black Guillemot,60.2027,-1.34661,7.5,Autumn,0.2674,500,57
Black Guillemot,60.2027,-1.10177,7.5,Autumn,0.3755,824,232
Black Guillemot,60.33784,-1.59145,7.5,Autumn,0.2602,107,21
Black Guillemot,60.33784,-1.34661,7.5,Autumn,0.2362,397,27
Black Guillemot,60.33784,-1.10177,7.5,Autumn,0.3685,219,38
Black Guillemot,60.33784,-0.85693,7.5,Autumn,0.2304,31,4
Black Guillemot,60.47297,-1.59145,7.5,Autumn,0.2578,176,28
Black Guillemot,60.47297,-1.34661,7.5,Autumn,0.241,240,25
Black Guillemot,60.47297,-1.10177,7.5,Autumn,0.3772,149,36
Black Guillemot,60.47297,-0.85693,7.5,Autumn,0.2362,36,10
Black Guillemot,60.60811,-1.34661,7.5,Autumn,0.1682,63,5
Black Guillemot,60.60811,-1.10177,7.5,Autumn,0.3813,106,10
Black Guillemot,60.60811,-0.85693,7.5,Autumn,0.2323,32,4
Black Guillemot,60.74324,-1.10177,7.5,Autumn,0.1913,54,9
Black Guillemot,60.74324,-0.85693,7.5,Autumn,0.1699,798,75
Black Guillemot,60.87838,-0.85693,7.5,Autumn,0.0831,125,10
Black Guillemot,54.66216,-4.77434,7.5,Spring,0.0769,75,39
Black Guillemot,54.7973,-5.26402,7.5,Spring,0.3356,4,2
Black Guillemot,54.7973,-5.01918,7.5,Spring,0.3393,84,27
Black Guillemot,54.7973,-3.79499,7.5,Spring,0.0097,19,6
Black Guillemot,54.93243,-5.26402,7.5,Spring,0.3478,4,1
Black Guillemot,54.93243,-5.01918,7.5,Spring,0.3691,134,30
Black Guillemot,54.93243,-4.28466,7.5,Spring,0.0019,37,1
Black Guillemot,55.06757,-5.26402,7.5,Spring,0.2949,20,7
Black Guillemot,55.2027,-5.01918,7.5,Spring,0.3052,21,4
Black Guillemot,55.2027,-4.77434,7.5,Spring,0.0649,32,9
Black Guillemot,55.33784,-4.77434,7.5,Spring,0.061,92,1
Black Guillemot,55.47297,-5.75369,7.5,Spring,0.0856,50,3
Black Guillemot,55.47297,-5.50885,7.5,Spring,0.2205,29,5
Black Guillemot,55.47297,-5.26402,7.5,Spring,0.2367,53,8
Black Guillemot,55.47297,-5.01918,7.5,Spring,0.2487,71,14
Black Guillemot,55.47297,-4.77434,7.5,Spring,0.0767,561,12
Black Guillemot,55.47297,-4.5295,7.5,Spring,0.002,1120,15
Black Guillemot,55.60811,-6.24337,7.5,Spring,0.2122,237,41
Black Guillemot,55.60811,-5.75369,7.5,Spring,0.2452,34,3
Black Guillemot,55.60811,-5.50885,7.5,Spring,0.2863,16,3
Black Guillemot,55.60811,-5.26402,7.5,Spring,0.2798,166,16
Black Guillemot,55.60811,-5.01918,7.5,Spring,0.3021,34,9
Black Guillemot,55.60811,-4.77434,7.5,Spring,0.2341,3607,535
Black Guillemot,55.74324,-6.48821,7.5,Spring,0.1378,81,8
Black Guillemot,55.74324,-6.24337,7.5,Spring,0.2022,131,7
Black Guillemot,55.74324,-5.99853,7.5,Spring,0.2682,27,9
Black Guillemot,55.74324,-5.75369,7.5,Spring,0.2541,3418,3
Black Guillemot,55.74324,-5.50885,7.5,Spring,0.2938,40,24
Black Guillemot,55.74324,-5.26402,7.5,Spring,0.2875,38,6
Black Guillemot,55.74324,-5.01918,7.5,Spring,0.3045,108,23
Black Guillemot,55.74324,-4.77434,7.5,Spring,0.2531,124,19
Black Guillemot,55.87838,-6.24337,7.5,Spring,0.1711,110,7
Black Guillemot,55.87838,-5.99853,7.5,Spring,0.2589,48,13
Black Guillemot,55.87838,-5.50885,7.5,Spring,0.2887,30,13
Black Guillemot,55.87838,-5.26402,7.5,Spring,0.2895,41,8
Black Guillemot,55.87838,-5.01918,7.5,Spring,0.3034,56,10
Black Guillemot,55.87838,-4.77434,7.5,Spring,0.2655,59,9
Black Guillemot,55.87838,-4.5295,7.5,Spring,0.0019,458,4
Black Guillemot,56.01351,-6.24337,7.5,Spring,0.1307,34,2
Black Guillemot,56.01351,-5.50885,7.5,Spring,0.2014,97,1
Black Guillemot,56.01351,-5.26402,7.5,Spring,0.1993,45,1
Black Guillemot,56.01351,-5.01918,7.5,Spring,0.2041,167,35
Black Guillemot,56.01351,-4.77434,7.5,Spring,0.141,189,33
Black Guillemot,56.01351,-3.30531,7.5,Spring,0.0019,2906,1
Black Guillemot,56.01351,-3.06047,7.5,Spring,0.0021,2432,5
Black Guillemot,56.14865,-6.24337,7.5,Spring,0.1122,11,1
Black Guillemot,56.14865,-5.50885,7.5,Spring,0.1625,78,13
Black Guillemot,56.14865,-5.01918,7.5,Spring,0.1553,25,5
Black Guillemot,56.14865,-4.77434,7.5,Spring,0.0984,77,4
Black Guillemot,56.14865,-3.06047,7.5,Spring,0.002,422,1
Black Guillemot,56.14865,-2.81564,7.5,Spring,0.002,399,7
Black Guillemot,56.28378,-6.48821,7.5,Spring,0.0869,342,20
Black Guillemot,56.28378,-6.24337,7.5,Spring,0.108,133,1
Black Guillemot,56.28378,-5.99853,7.5,Spring,0.1414,21,2
Black Guillemot,56.28378,-5.75369,7.5,Spring,0.1415,17,2
Black Guillemot,56.28378,-5.50885,7.5,Spring,0.1561,44,4
Black Guillemot,56.28378,-5.01918,7.5,Spring,0.1385,58,5
Black Guillemot,56.28378,-2.5708,7.5,Spring,0.0023,559,6
Black Guillemot,56.41892,-6.97788,7.5,Spring,0.2799,28,2
Black Guillemot,56.41892,-6.48821,7.5,Spring,0.3232,4,2
Black Guillemot,56.41892,-6.24337,7.5,Spring,0.3482,177,77
Black Guillemot,56.41892,-5.99853,7.5,Spring,0.3277,401,43
Black Guillemot,56.41892,-5.75369,7.5,Spring,0.3254,385,42
Black Guillemot,56.41892,-5.50885,7.5,Spring,0.4034,396,197
Black Guillemot,56.41892,-5.01918,7.5,Spring,0.0768,73,1
Black Guillemot,56.55405,-6.73304,7.5,Spring,0.2028,34,2
Black Guillemot,56.55405,-6.48821,7.5,Spring,0.2141,149,52
Black Guillemot,56.55405,-6.24337,7.5,Spring,0.2063,182,13
Black Guillemot,56.55405,-5.99853,7.5,Spring,0.1967,283,11
Black Guillemot,56.55405,-5.75369,7.5,Spring,0.1884,158,9
Black Guillemot,56.55405,-5.50885,7.5,Spring,0.221,85,27
Black Guillemot,56.55405,-5.26402,7.5,Spring,0.1874,50,8
Black Guillemot,56.68919,-6.48821,7.5,Spring,0.211,42,7
Black Guillemot,56.68919,-6.24337,7.5,Spring,0.1933,84,20
Black Guillemot,56.68919,-5.99853,7.5,Spring,0.1748,205,9
Black Guillemot,56.68919,-5.26402,7.5,Spring,0.1731,113,37
Black Guillemot,56.68919,-5.01918,7.5,Spring,0.0167,215,2
Black Guillemot,56.82432,-7.7124,7.5,Spring,0.2117,11,6
Black Guillemot,56.82432,-7.46756,7.5,Spring,0.1424,5,3
Black Guillemot,56.82432,-6.24337,7.5,Spring,0.2467,25,9
Black Guillemot,56.82432,-5.99853,7.5,Spring,0.2256,17,3
Black Guillemot,56.82432,-5.75369,7.5,Spring,0.2128,83,9
Black Guillemot,56.82432,-5.26402,7.5,Spring,0.2152,28,1
Black Guillemot,56.82432,-5.01918,7.5,Spring,0.0185,256,21
Black Guillemot,56.95946,-7.46756,7.5,Spring,0.1341,82,18
Black Guillemot,56.95946,-6.73304,7.5,Spring,0.2777,2,1
Black Guillemot,56.95946,-6.24337,7.5,Spring,0.2509,108,35
Black Guillemot,56.95946,-5.75369,7.5,Spring,0.2122,175,23
Black Guillemot,56.95946,-2.08112,7.5,Spring,0.018,269,22
Black Guillemot,57.09459,-7.46756,7.5,Spring,0.0345,60,8
Black Guillemot,57.09459,-7.22272,7.5,Spring,0.2273,65,4
Black Guillemot,57.09459,-6.48821,7.5,Spring,0.257,30,13
Black Guillemot,57.09459,-5.99853,7.5,Spring,0.211,100,20
Black Guillemot,57.09459,-5.75369,7.5,Spring,0.1969,50,6
Black Guillemot,57.09459,-2.08112,7.5,Spring,0.0081,1560,62
Black Guillemot,57.22973,-7.22272,7.5,Spring,0.2313,50,23
Black Guillemot,57.22973,-6.97788,7.5,Spring,0.2591,1,1
Black Guillemot,57.22973,-6.48821,7.5,Spring,0.259,23,2
Black Guillemot,57.22973,-6.24337,7.5,Spring,0.2317,115,9
Black Guillemot,57.22973,-5.99853,7.5,Spring,0.2132,315,6
Black Guillemot,57.22973,-5.75369,7.5,Spring,0.2,159,16
Black Guillemot,57.22973,-5.50885,7.5,Spring,0.1677,128,1
Black Guillemot,57.36486,-7.22272,7.5,Spring,0.2129,119,7
Black Guillemot,57.36486,-6.73304,7.5,Spring,0.2516,87,45
Black Guillemot,57.36486,-6.48821,7.5,Spring,0.2511,77,6
Black Guillemot,57.36486,-6.24337,7.5,Spring,0.2241,242,32
Black Guillemot,57.36486,-5.99853,7.5,Spring,0.208,41,10
Black Guillemot,57.36486,-5.75369,7.5,Spring,0.1961,69,4
Black Guillemot,57.36486,-5.50885,7.5,Spring,0.1585,59,8
Black Guillemot,57.36486,-1.83628,7.5,Spring,0.0042,69,1
Black Guillemot,57.5,-7.7124,7.5,Spring,0.0915,1,1
Black Guillemot,57.5,-7.46756,7.5,Spring,0.0264,266,1
Black Guillemot,57.5,-7.22272,7.5,Spring,0.2049,151,5
Black Guillemot,57.5,-6.73304,7.5,Spring,0.256,445,78
Black Guillemot,57.5,-6.48821,7.5,Spring,0.2575,129,9
Black Guillemot,57.5,-6.24337,7.5,Spring,0.2288,165,4
Black Guillemot,57.5,-5.99853,7.5,Spring,0.216,6,2
Black Guillemot,57.5,-5.75369,7.5,Spring,0.2018,47,11
Black Guillemot,57.5,-4.03983,7.5,Spring,0.0023,691,1
Black Guillemot,57.5,-1.83628,7.5,Spring,0.0043,128,3
Black Guillemot,57.63514,-7.46756,7.5,Spring,0.0213,489,23
Black Guillemot,57.63514,-7.22272,7.5,Spring,0.1802,123,23
Black Guillemot,57.63514,-6.97788,7.5,Spring,0.2426,10,6
Black Guillemot,57.63514,-6.73304,7.5,Spring,0.2425,5,1
Black Guillemot,57.63514,-6.48821,7.5,Spring,0.244,131,51
Black Guillemot,57.63514,-6.24337,7.5,Spring,0.214,360,66
Black Guillemot,57.63514,-5.75369,7.5,Spring,0.1763,56,7
Black Guillemot,57.63514,-4.28466,7.5,Spring,0.0028,160,1
Black Guillemot,57.63514,-4.03983,7.5,Spring,0.0059,569,40
Black Guillemot,57.63514,-3.79499,7.5,Spring,0.0036,223,4
Black Guillemot,57.63514,-3.55015,7.5,Spring,0.0033,328,1
Black Guillemot,57.63514,-3.06047,7.5,Spring,0.0032,167,2
Black Guillemot,57.63514,-2.81564,7.5,Spring,0.0032,87,22
Black Guillemot,57.63514,-2.5708,7.5,Spring,0.0036,131,28
Black Guillemot,57.63514,-2.32596,7.5,Spring,0.0042,147,12
Black Guillemot,57.63514,-2.08112,7.5,Spring,0.0036,51,6
Black Guillemot,57.77027,-8.69175,7.5,Spring,0.0954,65,8
Black Guillemot,57.77027,-8.44691,7.5,Spring,0.0953,23,4
Black Guillemot,57.77027,-7.22272,7.5,Spring,0.136,66,18
Black Guillemot,57.77027,-6.97788,7.5,Spring,0.2142,68,8
Black Guillemot,57.77027,-6.73304,7.5,Spring,0.1891,10,2
Black Guillemot,57.77027,-6.24337,7.5,Spring,0.2052,7,3
Black Guillemot,57.77027,-5.75369,7.5,Spring,0.1125,131,11
Black Guillemot,57.77027,-5.50885,7.5,Spring,0.1033,84,2
Black Guillemot,57.77027,-3.79499,7.5,Spring,0.0187,199,3
Black Guillemot,57.77027,-3.55015,7.5,Spring,0.024,157,6
Black Guillemot,57.77027,-3.30531,7.5,Spring,0.0188,165,3
Black Guillemot,57.77027,-2.81564,7.5,Spring,0.1159,41,29
Black Guillemot,57.90541,-6.97788,7.5,Spring,0.1652,91,6
Black Guillemot,57.90541,-6.73304,7.5,Spring,0.1422,58,5
Black Guillemot,57.90541,-6.24337,7.5,Spring,0.2321,31,14
Black Guillemot,57.90541,-5.75369,7.5,Spring,0.1825,31,13
Black Guillemot,57.90541,-5.50885,7.5,Spring,0.2134,117,32
Black Guillemot,57.90541,-5.26402,7.5,Spring,0.0916,130,17
Black Guillemot,57.90541,-5.01918,7.5,Spring,0.0139,7,1
Black Guillemot,57.90541,-4.03983,7.5,Spring,0.0063,326,4
Black Guillemot,57.90541,-3.79499,7.5,Spring,0.0299,70,31
Black Guillemot,58.04054,-6.97788,7.5,Spring,0.1214,23,4
Black Guillemot,58.04054,-6.48821,7.5,Spring,0.1119,31,1
Black Guillemot,58.04054,-5.50885,7.5,Spring,0.1796,6,3
Black Guillemot,58.04054,-5.26402,7.5,Spring,0.0538,24,2
Black Guillemot,58.04054,-3.79499,7.5,Spring,0.0241,75,3
Black Guillemot,58.17568,-6.97788,7.5,Spring,0.1475,41,19
Black Guillemot,58.17568,-6.73304,7.5,Spring,0.1298,86,22
Black Guillemot,58.17568,-6.48821,7.5,Spring,0.1336,169,38
Black Guillemot,58.17568,-6.24337,7.5,Spring,0.2082,77,9
Black Guillemot,58.17568,-5.50885,7.5,Spring,0.19,17,5
Black Guillemot,58.17568,-5.26402,7.5,Spring,0.069,130,5
Black Guillemot,58.17568,-3.55015,7.5,Spring,0.0514,19,6
Black Guillemot,58.31081,-6.97788,7.5,Spring,0.3412,33,14
Black Guillemot,58.31081,-6.73304,7.5,Spring,0.3357,84,12
Black Guillemot,58.31081,-6.48821,7.5,Spring,0.3181,58,12
Black Guillemot,58.31081,-6.24337,7.5,Spring,0.3067,135,22
Black Guillemot,58.31081,-5.26402,7.5,Spring,0.2854,43,8
Black Guillemot,58.31081,-5.01918,7.5,Spring,0.1739,43,5
Black Guillemot,58.31081,-3.55015,7.5,Spring,0.1769,14,4
Black Guillemot,58.31081,-3.30531,7.5,Spring,0.1697,19,5
Black Guillemot,58.31081,-3.06047,7.5,Spring,0.2766,18,4
Black Guillemot,58.31081,-1.83628,7.5,Spring,0.2376,1,1
Black Guillemot,58.44595,-6.48821,7.5,Spring,0.3284,12,1
Black Guillemot,58.44595,-6.24337,7.5,Spring,0.3231,106,12
Black Guillemot,58.44595,-5.26402,7.5,Spring,0.2996,89,48
Black Guillemot,58.44595,-5.01918,7.5,Spring,0.1891,31,4
Black Guillemot,58.44595,-4.77434,7.5,Spring,0.1643,4,1
Black Guillemot,58.44595,-3.06047,7.5,Spring,0.3072,87,26
Black Guillemot,58.58108,-6.24337,7.5,Spring,0.3549,71,26
Black Guillemot,58.58108,-4.77434,7.5,Spring,0.2675,149,33
Black Guillemot,58.58108,-4.28466,7.5,Spring,0.1802,22,1
Black Guillemot,58.58108,-4.03983,7.5,Spring,0.2027,19,7
Black Guillemot,58.58108,-3.79499,7.5,Spring,0.2763,34,7
Black Guillemot,58.58108,-3.55015,7.5,Spring,0.3161,95,30
Black Guillemot,58.58108,-3.30531,7.5,Spring,0.2812,100,8
Black Guillemot,58.58108,-3.06047,7.5,Spring,0.3497,142,48
Black Guillemot,58.71622,-3.55015,7.5,Spring,0.3404,6,2
Black Guillemot,58.71622,-3.30531,7.5,Spring,0.3208,86,16
Black Guillemot,58.71622,-3.06047,7.5,Spring,0.3835,32,9
Black Guillemot,58.85135,-3.55015,7.5,Spring,0.34,6,2
Black Guillemot,58.85135,-3.30531,7.5,Spring,0.3242,97,25
Black Guillemot,58.85135,-3.06047,7.5,Spring,0.4016,66,25
Black Guillemot,58.85135,-2.81564,7.5,Spring,0.3777,115,24
Black Guillemot,58.98649,-3.30531,7.5,Spring,0.1412,299,28
Black Guillemot,58.98649,-3.06047,7.5,Spring,0.2494,323,43
Black Guillemot,58.98649,-2.81564,7.5,Spring,0.3099,106,30
Black Guillemot,59.12162,-5.75369,7.5,Spring,0.279,1,1
Black Guillemot,59.12162,-3.30531,7.5,Spring,0.2083,228,26
Black Guillemot,59.12162,-3.06047,7.5,Spring,0.3243,182,24
Black Guillemot,59.12162,-2.81564,7.5,Spring,0.3648,15,8
Black Guillemot,59.12162,-2.5708,7.5,Spring,0.3745,7,1
Black Guillemot,59.25676,-3.06047,7.5,Spring,0.325,27,7
Black Guillemot,59.25676,-2.81564,7.5,Spring,0.38,23,8
Black Guillemot,59.25676,-1.34661,7.5,Spring,0.369,1,1
Black Guillemot,59.39189,-3.06047,7.5,Spring,0.3409,21,2
Black Guillemot,59.39189,-2.81564,7.5,Spring,0.4043,24,13
Black Guillemot,59.39189,-2.32596,7.5,Spring,0.4101,344,176
Black Guillemot,59.52703,-1.59145,7.5,Spring,0.4604,456,298
Black Guillemot,59.7973,-1.34661,7.5,Spring,0.4194,175,62
Black Guillemot,59.93243,-1.34661,7.5,Spring,0.1198,1629,555
Black Guillemot,59.93243,-1.10177,7.5,Spring,0.2849,131,52
Black Guillemot,60.06757,-2.08112,7.5,Spring,0.3867,22,12
Black Guillemot,60.06757,-1.34661,7.5,Spring,0.3858,437,126
Black Guillemot,60.06757,-1.10177,7.5,Spring,0.5057,123,61
Black Guillemot,60.2027,-1.59145,7.5,Spring,0.3706,49,21
Black Guillemot,60.2027,-1.34661,7.5,Spring,0.3539,134,6
Black Guillemot,60.2027,-1.10177,7.5,Spring,0.4869,488,206
Black Guillemot,60.33784,-1.59145,7.5,Spring,0.3787,34,12
Black Guillemot,60.33784,-1.34661,7.5,Spring,0.3523,70,13
Black Guillemot,60.33784,-1.10177,7.5,Spring,0.494,26,11
Black Guillemot,60.33784,-0.85693,7.5,Spring,0.3869,5,2
Black Guillemot,60.47297,-1.59145,7.5,Spring,0.3617,71,21
Black Guillemot,60.47297,-1.34661,7.5,Spring,0.3344,52,10
Black Guillemot,60.47297,-1.10177,7.5,Spring,0.4972,58,27
Black Guillemot,60.47297,-0.85693,7.5,Spring,0.3894,26,20
Black Guillemot,60.60811,-1.34661,7.5,Spring,0.253,24,6
Black Guillemot,60.60811,-1.10177,7.5,Spring,0.4999,33,4
Black Guillemot,60.60811,-0.85693,7.5,Spring,0.3971,78,27
Black Guillemot,60.74324,-1.10177,7.5,Spring,0.3891,20,10
Black Guillemot,60.74324,-0.85693,7.5,Spring,0.3664,385,101
Black Guillemot,60.87838,-0.85693,7.5,Spring,0.1671,114,22
Black Guillemot,54.66216,-4.77434,7.5,Summer,0.0783,43,17
Black Guillemot,54.7973,-5.01918,7.5,Summer,0.3056,55,23
Black Guillemot,54.7973,-4.28466,7.5,Summer,0.0037,27,1
Black Guillemot,54.7973,-3.79499,7.5,Summer,0.0076,22,2
Black Guillemot,54.93243,-5.26402,7.5,Summer,0.3024,2,1
Black Guillemot,54.93243,-5.01918,7.5,Summer,0.3204,74,13
Black Guillemot,55.06757,-5.26402,7.5,Summer,0.267,23,5
Black Guillemot,55.06757,-5.01918,7.5,Summer,0.2739,12,3
Black Guillemot,55.2027,-5.01918,7.5,Summer,0.2692,17,5
Black Guillemot,55.2027,-4.77434,7.5,Summer,0.063,30,4
Black Guillemot,55.33784,-5.50885,7.5,Summer,0.2158,14,3
Black Guillemot,55.33784,-4.77434,7.5,Summer,0.0604,137,3
Black Guillemot,55.47297,-5.50885,7.5,Summer,0.2104,25,6
Black Guillemot,55.47297,-5.26402,7.5,Summer,0.2013,20,5
Black Guillemot,55.47297,-5.01918,7.5,Summer,0.2047,38,2
Black Guillemot,55.47297,-4.77434,7.5,Summer,0.0736,450,11
Black Guillemot,55.47297,-4.5295,7.5,Summer,0.0021,794,9
Black Guillemot,55.60811,-6.24337,7.5,Summer,0.1859,83,11
Black Guillemot,55.60811,-5.99853,7.5,Summer,0.2321,10,1
Black Guillemot,55.60811,-5.75369,7.5,Summer,0.2261,15,3
Black Guillemot,55.60811,-5.50885,7.5,Summer,0.2529,12,2
Black Guillemot,55.60811,-5.26402,7.5,Summer,0.237,104,5
Black Guillemot,55.60811,-5.01918,7.5,Summer,0.2478,24,5
Black Guillemot,55.60811,-4.77434,7.5,Summer,0.199,3125,524
Black Guillemot,55.74324,-6.48821,7.5,Summer,0.1282,38,3
Black Guillemot,55.74324,-6.24337,7.5,Summer,0.1856,63,4
Black Guillemot,55.74324,-5.99853,7.5,Summer,0.2471,12,2
Black Guillemot,55.74324,-5.75369,7.5,Summer,0.2431,17,5
Black Guillemot,55.74324,-5.50885,7.5,Summer,0.2756,42,11
Black Guillemot,55.74324,-5.26402,7.5,Summer,0.2565,32,3
Black Guillemot,55.74324,-5.01918,7.5,Summer,0.2642,93,17
Black Guillemot,55.74324,-4.77434,7.5,Summer,0.2283,62,4
Black Guillemot,55.87838,-6.24337,7.5,Summer,0.1523,94,5
Black Guillemot,55.87838,-5.99853,7.5,Summer,0.2324,21,2
Black Guillemot,55.87838,-5.75369,7.5,Summer,0.2356,7,1
Black Guillemot,55.87838,-5.50885,7.5,Summer,0.2751,48,21
Black Guillemot,55.87838,-5.26402,7.5,Summer,0.2656,24,3
Black Guillemot,55.87838,-5.01918,7.5,Summer,0.2733,15,3
Black Guillemot,55.87838,-4.77434,7.5,Summer,0.2428,45,6
Black Guillemot,55.87838,-3.06047,7.5,Summer,0.0021,1626,1
Black Guillemot,55.87838,-2.08112,7.5,Summer,0.0033,295,1
Black Guillemot,56.01351,-6.24337,7.5,Summer,0.1113,22,1
Black Guillemot,56.01351,-5.99853,7.5,Summer,0.1568,3,2
Black Guillemot,56.01351,-5.75369,7.5,Summer,0.1613,13,1
Black Guillemot,56.01351,-5.26402,7.5,Summer,0.1659,22,1
Black Guillemot,56.01351,-5.01918,7.5,Summer,0.167,85,25
Black Guillemot,56.01351,-4.77434,7.5,Summer,0.1263,128,22
Black Guillemot,56.01351,-3.06047,7.5,Summer,0.0021,2396,18
Black Guillemot,56.01351,-2.81564,7.5,Summer,0.0021,786,5
Black Guillemot,56.01351,-2.5708,7.5,Summer,0.0021,613,1
Black Guillemot,56.14865,-6.24337,7.5,Summer,0.0928,6,1
Black Guillemot,56.14865,-5.50885,7.5,Summer,0.1273,74,5
Black Guillemot,56.14865,-5.26402,7.5,Summer,0.1066,28,1
Black Guillemot,56.14865,-4.77434,7.5,Summer,0.0759,98,4
Black Guillemot,56.28378,-6.48821,7.5,Summer,0.0689,238,7
Black Guillemot,56.28378,-6.24337,7.5,Summer,0.0935,89,1
Black Guillemot,56.28378,-5.99853,7.5,Summer,0.1137,3,1
Black Guillemot,56.28378,-5.75369,7.5,Summer,0.1196,34,11
Black Guillemot,56.28378,-5.01918,7.5,Summer,0.0985,74,4
Black Guillemot,56.28378,-2.81564,7.5,Summer,0.0021,1122,1
Black Guillemot,56.28378,-2.5708,7.5,Summer,0.0023,524,4
Black Guillemot,56.41892,-6.48821,7.5,Summer,0.3125,1,1
Black Guillemot,56.41892,-6.24337,7.5,Summer,0.3553,224,100
Black Guillemot,56.41892,-5.99853,7.5,Summer,0.3373,294,16
Black Guillemot,56.41892,-5.75369,7.5,Summer,0.3413,361,33
Black Guillemot,56.41892,-5.50885,7.5,Summer,0.4065,433,177
Black Guillemot,56.55405,-6.97788,7.5,Summer,0.1638,19,2
Black Guillemot,56.55405,-6.48821,7.5,Summer,0.1805,134,65
Black Guillemot,56.55405,-6.24337,7.5,Summer,0.1598,192,15
Black Guillemot,56.55405,-5.99853,7.5,Summer,0.1526,274,23
Black Guillemot,56.55405,-5.75369,7.5,Summer,0.1477,81,9
Black Guillemot,56.55405,-5.50885,7.5,Summer,0.1484,37,8
Black Guillemot,56.55405,-5.26402,7.5,Summer,0.1094,36,1
Black Guillemot,56.55405,-2.5708,7.5,Summer,0.0024,98,1
Black Guillemot,56.68919,-6.48821,7.5,Summer,0.18,30,4
Black Guillemot,56.68919,-6.24337,7.5,Summer,0.1486,70,6
Black Guillemot,56.68919,-5.99853,7.5,Summer,0.1332,168,11
Black Guillemot,56.68919,-5.50885,7.5,Summer,0.1136,44,2
Black Guillemot,56.68919,-5.26402,7.5,Summer,0.0955,139,27
Black Guillemot,56.68919,-5.01918,7.5,Summer,0.0103,304,1
Black Guillemot,56.68919,-2.5708,7.5,Summer,0.0024,238,1
Black Guillemot,56.82432,-7.7124,7.5,Summer,0.1648,5,3
Black Guillemot,56.82432,-6.73304,7.5,Summer,0.2499,5,3
Black Guillemot,56.82432,-6.24337,7.5,Summer,0.2058,21,9
Black Guillemot,56.82432,-5.99853,7.5,Summer,0.1887,11,5
Black Guillemot,56.82432,-5.75369,7.5,Summer,0.1714,93,9
Black Guillemot,56.82432,-5.50885,7.5,Summer,0.146,78,1
Black Guillemot,56.82432,-5.01918,7.5,Summer,0.0121,276,10
Black Guillemot,56.95946,-7.46756,7.5,Summer,0.1222,118,21
Black Guillemot,56.95946,-7.22272,7.5,Summer,0.2363,1,1
Black Guillemot,56.95946,-6.24337,7.5,Summer,0.2142,43,15
Black Guillemot,56.95946,-5.99853,7.5,Summer,0.1972,9,2
Black Guillemot,56.95946,-5.75369,7.5,Summer,0.1725,122,18
Black Guillemot,56.95946,-2.32596,7.5,Summer,0.0037,53,2
Black Guillemot,56.95946,-2.08112,7.5,Summer,0.0231,272,25
Black Guillemot,57.09459,-7.46756,7.5,Summer,0.0411,86,14
Black Guillemot,57.09459,-7.22272,7.5,Summer,0.2061,41,14
Black Guillemot,57.09459,-6.48821,7.5,Summer,0.2318,39,23
Black Guillemot,57.09459,-6.24337,7.5,Summer,0.189,7,4
Black Guillemot,57.09459,-5.99853,7.5,Summer,0.1707,105,12
Black Guillemot,57.09459,-5.75369,7.5,Summer,0.1532,94,11
Black Guillemot,57.09459,-5.50885,7.5,Summer,0.0991,6,1
Black Guillemot,57.09459,-2.08112,7.5,Summer,0.0103,1194,58
Black Guillemot,57.22973,-7.46756,7.5,Summer,0.0388,112,1
Black Guillemot,57.22973,-7.22272,7.5,Summer,0.2009,26,9
Black Guillemot,57.22973,-6.48821,7.5,Summer,0.2253,21,2
Black Guillemot,57.22973,-6.24337,7.5,Summer,0.1822,148,10
Black Guillemot,57.22973,-5.99853,7.5,Summer,0.168,364,9
Black Guillemot,57.22973,-5.75369,7.5,Summer,0.1506,148,7
Black Guillemot,57.22973,-4.5295,7.5,Summer,0.002,77,1
Black Guillemot,57.36486,-7.46756,7.5,Summer,0.0368,123,2
Black Guillemot,57.36486,-7.22272,7.5,Summer,0.1952,80,6
Black Guillemot,57.36486,-6.73304,7.5,Summer,0.2236,94,43
Black Guillemot,57.36486,-6.48821,7.5,Summer,0.2221,93,11
Black Guillemot,57.36486,-6.24337,7.5,Summer,0.1795,292,13
Black Guillemot,57.36486,-5.99853,7.5,Summer,0.1676,33,6
Black Guillemot,57.36486,-5.75369,7.5,Summer,0.15,65,1
Black Guillemot,57.36486,-1.83628,7.5,Summer,0.0041,74,1
Black Guillemot,57.5,-7.46756,7.5,Summer,0.0341,165,1
Black Guillemot,57.5,-7.22272,7.5,Summer,0.1973,111,8
Black Guillemot,57.5,-6.73304,7.5,Summer,0.2367,402,80
Black Guillemot,57.5,-6.48821,7.5,Summer,0.2376,157,9
Black Guillemot,57.5,-6.24337,7.5,Summer,0.1902,189,5
Black Guillemot,57.5,-5.99853,7.5,Summer,0.18,4,2
Black Guillemot,57.5,-5.75369,7.5,Summer,0.1603,62,9
Black Guillemot,57.5,-4.28466,7.5,Summer,0.0023,814,2
Black Guillemot,57.5,-4.03983,7.5,Summer,0.0023,626,2
Black Guillemot,57.5,-1.83628,7.5,Summer,0.0039,107,1
Black Guillemot,57.63514,-7.46756,7.5,Summer,0.0303,350,13
Black Guillemot,57.63514,-7.22272,7.5,Summer,0.1862,116,11
Black Guillemot,57.63514,-6.97788,7.5,Summer,0.2349,9,2
Black Guillemot,57.63514,-6.73304,7.5,Summer,0.2416,13,6
Black Guillemot,57.63514,-6.48821,7.5,Summer,0.241,167,32
Black Guillemot,57.63514,-6.24337,7.5,Summer,0.197,443,59
Black Guillemot,57.63514,-5.75369,7.5,Summer,0.1607,46,5
Black Guillemot,57.63514,-4.28466,7.5,Summer,0.0029,189,4
Black Guillemot,57.63514,-4.03983,7.5,Summer,0.0062,742,34
Black Guillemot,57.63514,-3.79499,7.5,Summer,0.0041,187,1
Black Guillemot,57.63514,-3.55015,7.5,Summer,0.0036,190,1
Black Guillemot,57.63514,-3.06047,7.5,Summer,0.0035,170,1
Black Guillemot,57.63514,-2.81564,7.5,Summer,0.0035,26,8
Black Guillemot,57.63514,-2.5708,7.5,Summer,0.0039,33,2
Black Guillemot,57.63514,-2.32596,7.5,Summer,0.0046,124,11
Black Guillemot,57.77027,-8.69175,7.5,Summer,0.0711,36,8
Black Guillemot,57.77027,-8.44691,7.5,Summer,0.0701,18,5
Black Guillemot,57.77027,-7.22272,7.5,Summer,0.0984,64,16
Black Guillemot,57.77027,-6.97788,7.5,Summer,0.1548,108,25
Black Guillemot,57.77027,-6.73304,7.5,Summer,0.134,13,2
Black Guillemot,57.77027,-6.48821,7.5,Summer,0.1497,5,2
Black Guillemot,57.77027,-6.24337,7.5,Summer,0.1508,14,8
Black Guillemot,57.77027,-5.75369,7.5,Summer,0.0986,159,14
Black Guillemot,57.77027,-5.50885,7.5,Summer,0.0753,82,2
Black Guillemot,57.77027,-4.03983,7.5,Summer,0.0086,134,3
Black Guillemot,57.77027,-3.79499,7.5,Summer,0.024,180,22
Black Guillemot,57.77027,-3.55015,7.5,Summer,0.0299,104,6
Black Guillemot,57.77027,-3.30531,7.5,Summer,0.0212,140,2
Black Guillemot,57.77027,-2.81564,7.5,Summer,0.1089,24,17
Black Guillemot,57.90541,-6.97788,7.5,Summer,0.111,77,5
Black Guillemot,57.90541,-6.73304,7.5,Summer,0.0919,63,1
Black Guillemot,57.90541,-6.24337,7.5,Summer,0.1587,17,10
Black Guillemot,57.90541,-5.75369,7.5,Summer,0.1295,41,12
Black Guillemot,57.90541,-5.50885,7.5,Summer,0.1386,122,28
Black Guillemot,57.90541,-5.26402,7.5,Summer,0.0412,175,5
Black Guillemot,57.90541,-3.79499,7.5,Summer,0.0268,52,18
Black Guillemot,58.04054,-7.22272,7.5,Summer,0.0815,1,1
Black Guillemot,58.04054,-6.73304,7.5,Summer,0.0899,36,1
Black Guillemot,58.04054,-6.48821,7.5,Summer,0.1036,51,2
Black Guillemot,58.04054,-6.24337,7.5,Summer,0.1596,1,1
Black Guillemot,58.04054,-5.75369,7.5,Summer,0.1373,27,11
Black Guillemot,58.04054,-5.50885,7.5,Summer,0.1435,7,2
Black Guillemot,58.04054,-5.26402,7.5,Summer,0.0338,31,7
Black Guillemot,58.04054,-3.79499,7.5,Summer,0.0271,81,5
Black Guillemot,58.17568,-6.97788,7.5,Summer,0.1225,82,34
Black Guillemot,58.17568,-6.73304,7.5,Summer,0.1081,84,15
Black Guillemot,58.17568,-6.48821,7.5,Summer,0.1147,142,20
Black Guillemot,58.17568,-6.24337,7.5,Summer,0.1658,101,18
Black Guillemot,58.17568,-5.75369,7.5,Summer,0.1461,5,1
Black Guillemot,58.17568,-5.50885,7.5,Summer,0.1507,27,18
Black Guillemot,58.17568,-5.26402,7.5,Summer,0.0446,123,14
Black Guillemot,58.17568,-3.55015,7.5,Summer,0.0488,44,7
Black Guillemot,58.17568,-3.30531,7.5,Summer,0.0463,48,4
Black Guillemot,58.31081,-6.97788,7.5,Summer,0.3163,11,5
Black Guillemot,58.31081,-6.73304,7.5,Summer,0.3077,126,35
Black Guillemot,58.31081,-6.48821,7.5,Summer,0.2724,64,11
Black Guillemot,58.31081,-6.24337,7.5,Summer,0.2611,163,29
Black Guillemot,58.31081,-5.50885,7.5,Summer,0.277,6,1
Black Guillemot,58.31081,-5.26402,7.5,Summer,0.2432,70,10
Black Guillemot,58.31081,-5.01918,7.5,Summer,0.1209,40,2
Black Guillemot,58.31081,-3.30531,7.5,Summer,0.1732,52,17
Black Guillemot,58.31081,-3.06047,7.5,Summer,0.3005,6,1
Black Guillemot,58.44595,-6.24337,7.5,Summer,0.2698,130,22
Black Guillemot,58.44595,-5.26402,7.5,Summer,0.2504,94,52
Black Guillemot,58.44595,-5.01918,7.5,Summer,0.1328,54,4
Black Guillemot,58.44595,-4.77434,7.5,Summer,0.1156,11,1
Black Guillemot,58.44595,-3.06047,7.5,Summer,0.3315,74,30
Black Guillemot,58.58108,-6.24337,7.5,Summer,0.2874,87,39
Black Guillemot,58.58108,-4.77434,7.5,Summer,0.1693,110,9
Black Guillemot,58.58108,-4.5295,7.5,Summer,0.2055,26,9
Black Guillemot,58.58108,-4.28466,7.5,Summer,0.2119,31,11
Black Guillemot,58.58108,-4.03983,7.5,Summer,0.2028,37,16
Black Guillemot,58.58108,-3.79499,7.5,Summer,0.225,34,2
Black Guillemot,58.58108,-3.55015,7.5,Summer,0.2739,117,47
Black Guillemot,58.58108,-3.30531,7.5,Summer,0.2579,172,23
Black Guillemot,58.58108,-3.06047,7.5,Summer,0.365,174,51
Black Guillemot,58.71622,-3.55015,7.5,Summer,0.3079,6,3
Black Guillemot,58.71622,-3.30531,7.5,Summer,0.3014,103,10
Black Guillemot,58.71622,-3.06047,7.5,Summer,0.4062,37,14
Black Guillemot,58.71622,-2.81564,7.5,Summer,0.3896,3,1
Black Guillemot,58.85135,-3.55015,7.5,Summer,0.3086,10,7
Black Guillemot,58.85135,-3.30531,7.5,Summer,0.3034,113,22
Black Guillemot,58.85135,-3.06047,7.5,Summer,0.4133,70,25
Black Guillemot,58.85135,-2.81564,7.5,Summer,0.4079,183,36
Black Guillemot,58.85135,-2.5708,7.5,Summer,0.4028,5,2
Black Guillemot,58.98649,-3.55015,7.5,Summer,0.186,1,1
Black Guillemot,58.98649,-3.30531,7.5,Summer,0.1259,530,73
Black Guillemot,58.98649,-3.06047,7.5,Summer,0.2789,416,79
Black Guillemot,58.98649,-2.81564,7.5,Summer,0.3391,119,52
Black Guillemot,59.12162,-5.75369,7.5,Summer,0.2543,4,2
Black Guillemot,59.12162,-4.5295,7.5,Summer,0.1824,1,1
Black Guillemot,59.12162,-3.30531,7.5,Summer,0.1967,447,72
Black Guillemot,59.12162,-3.06047,7.5,Summer,0.3588,316,58
Black Guillemot,59.12162,-2.81564,7.5,Summer,0.4009,13,6
Black Guillemot,59.12162,-2.5708,7.5,Summer,0.4041,12,3
Black Guillemot,59.25676,-3.06047,7.5,Summer,0.3616,56,12
Black Guillemot,59.25676,-2.81564,7.5,Summer,0.4218,63,22
Black Guillemot,59.25676,-2.5708,7.5,Summer,0.4257,15,4
Black Guillemot,59.25676,-2.32596,7.5,Summer,0.3717,5,2
Black Guillemot,59.39189,-3.06047,7.5,Summer,0.3569,41,12
Black Guillemot,59.39189,-2.81564,7.5,Summer,0.4157,16,7
Black Guillemot,59.39189,-2.32596,7.5,Summer,0.4008,184,75
Black Guillemot,59.52703,-1.59145,7.5,Summer,0.4416,354,276
Black Guillemot,59.7973,-1.34661,7.5,Summer,0.453,226,82
Black Guillemot,59.93243,-1.34661,7.5,Summer,0.237,1489,524
Black Guillemot,59.93243,-1.10177,7.5,Summer,0.3289,126,65
Black Guillemot,60.06757,-2.08112,7.5,Summer,0.4013,17,5
Black Guillemot,60.06757,-1.34661,7.5,Summer,0.4604,208,48
Black Guillemot,60.06757,-1.10177,7.5,Summer,0.4884,75,29
Black Guillemot,60.2027,-2.08112,7.5,Summer,0.3906,4,3
Black Guillemot,60.2027,-1.59145,7.5,Summer,0.4286,33,9
Black Guillemot,60.2027,-1.34661,7.5,Summer,0.4249,126,13
Black Guillemot,60.2027,-1.10177,7.5,Summer,0.4627,394,178
Black Guillemot,60.33784,-1.59145,7.5,Summer,0.4318,54,20
Black Guillemot,60.33784,-1.34661,7.5,Summer,0.425,85,11
Black Guillemot,60.33784,-1.10177,7.5,Summer,0.4613,45,11
Black Guillemot,60.47297,-1.59145,7.5,Summer,0.4145,123,34
Black Guillemot,60.47297,-1.34661,7.5,Summer,0.4084,54,9
Black Guillemot,60.47297,-1.10177,7.5,Summer,0.4688,77,34
Black Guillemot,60.47297,-0.85693,7.5,Summer,0.3156,10,7
Black Guillemot,60.60811,-1.34661,7.5,Summer,0.3004,30,4
Black Guillemot,60.60811,-1.10177,7.5,Summer,0.4555,58,9
Black Guillemot,60.60811,-0.85693,7.5,Summer,0.312,218,59
Black Guillemot,60.74324,-1.10177,7.5,Summer,0.338,31,4
Black Guillemot,60.74324,-0.85693,7.5,Summer,0.3042,401,61
Black Guillemot,60.87838,-0.85693,7.5,Summer,0.2502,127,29
Black Guillemot,54.66216,-4.77434,7.5,Winter,0.0459,12,3
Black Guillemot,54.7973,-5.01918,7.5,Winter,0.2668,27,4
Black Guillemot,54.93243,-5.01918,7.5,Winter,0.2895,90,24
Black Guillemot,55.06757,-5.01918,7.5,Winter,0.1901,14,1
Black Guillemot,55.33784,-4.77434,7.5,Winter,0.034,114,4
Black Guillemot,55.47297,-5.75369,7.5,Winter,0.1037,36,3
Black Guillemot,55.47297,-5.50885,7.5,Winter,0.1825,15,9
Black Guillemot,55.47297,-5.26402,7.5,Winter,0.1601,10,2
Black Guillemot,55.47297,-4.77434,7.5,Winter,0.0412,596,7
Black Guillemot,55.47297,-4.5295,7.5,Winter,0.002,1316,7
Black Guillemot,55.60811,-6.24337,7.5,Winter,0.0852,95,8
Black Guillemot,55.60811,-5.75369,7.5,Winter,0.1608,25,9
Black Guillemot,55.60811,-5.26402,7.5,Winter,0.1777,26,3
Black Guillemot,55.60811,-4.77434,7.5,Winter,0.0962,4222,318
Black Guillemot,55.74324,-6.48821,7.5,Winter,0.0986,93,3
Black Guillemot,55.74324,-6.24337,7.5,Winter,0.1234,265,14
Black Guillemot,55.74324,-5.99853,7.5,Winter,0.2771,16,4
Black Guillemot,55.74324,-5.75369,7.5,Winter,0.2683,761,2
Black Guillemot,55.74324,-5.50885,7.5,Winter,0.3048,43,20
Black Guillemot,55.74324,-5.01918,7.5,Winter,0.2945,103,5
Black Guillemot,55.74324,-4.77434,7.5,Winter,0.1573,99,4
Black Guillemot,55.87838,-6.24337,7.5,Winter,0.0977,204,5
Black Guillemot,55.87838,-5.99853,7.5,Winter,0.2711,16,9
Black Guillemot,55.87838,-5.50885,7.5,Winter,0.3061,28,23
Black Guillemot,55.87838,-5.26402,7.5,Winter,0.2917,17,1
Black Guillemot,55.87838,-5.01918,7.5,Winter,0.3059,15,4
Black Guillemot,55.87838,-4.77434,7.5,Winter,0.1777,20,5
Black Guillemot,55.87838,-4.5295,7.5,Winter,0.0018,384,1
Black Guillemot,56.01351,-5.50885,7.5,Winter,0.2157,25,1
Black Guillemot,56.01351,-5.26402,7.5,Winter,0.2047,33,2
Black Guillemot,56.01351,-5.01918,7.5,Winter,0.2155,105,29
Black Guillemot,56.01351,-4.77434,7.5,Winter,0.1139,80,15
Black Guillemot,56.01351,-3.30531,7.5,Winter,0.002,2000,8
Black Guillemot,56.01351,-3.06047,7.5,Winter,0.002,1585,1
Black Guillemot,56.01351,-2.81564,7.5,Winter,0.002,874,1
Black Guillemot,56.14865,-5.01918,7.5,Winter,0.128,7,1
Black Guillemot,56.14865,-3.06047,7.5,Winter,0.002,302,2
Black Guillemot,56.14865,-2.81564,7.5,Winter,0.002,219,2
Black Guillemot,56.28378,-6.24337,7.5,Winter,0.0677,4,2
Black Guillemot,56.28378,-5.01918,7.5,Winter,0.1235,7,1
Black Guillemot,56.28378,-2.81564,7.5,Winter,0.002,1177,2
Black Guillemot,56.28378,-2.5708,7.5,Winter,0.0023,333,22
Black Guillemot,56.41892,-5.99853,7.5,Winter,0.217,10,1
Black Guillemot,56.41892,-5.75369,7.5,Winter,0.2133,18,2
Black Guillemot,56.41892,-5.50885,7.5,Winter,0.2675,66,11
Black Guillemot,56.68919,-6.24337,7.5,Winter,0.0811,13,1
Black Guillemot,56.68919,-5.26402,7.5,Winter,0.0865,14,3
Black Guillemot,56.68919,-5.01918,7.5,Winter,0.0252,14,1
Black Guillemot,56.82432,-5.75369,7.5,Winter,0.1334,29,4
Black Guillemot,56.82432,-5.01918,7.5,Winter,0.0262,42,2
Black Guillemot,56.95946,-6.24337,7.5,Winter,0.1182,45,8
Black Guillemot,56.95946,-5.75369,7.5,Winter,0.1374,18,4
Black Guillemot,57.09459,-5.99853,7.5,Winter,0.1446,8,1
Black Guillemot,57.09459,-5.75369,7.5,Winter,0.1305,11,1
Black Guillemot,57.22973,-5.99853,7.5,Winter,0.1437,81,4
Black Guillemot,57.22973,-5.75369,7.5,Winter,0.1299,16,1
Black Guillemot,57.36486,-6.24337,7.5,Winter,0.1187,51,3
Black Guillemot,57.36486,-5.99853,7.5,Winter,0.1564,9,6
Black Guillemot,57.5,-6.73304,7.5,Winter,0.1434,244,30
Black Guillemot,57.5,-5.75369,7.5,Winter,0.153,7,3
Black Guillemot,57.5,-4.03983,7.5,Winter,0.0022,511,1
Black Guillemot,57.5,-1.83628,7.5,Winter,0.0027,27,2
Black Guillemot,57.63514,-7.22272,7.5,Winter,0.0753,6,2
Black Guillemot,57.63514,-6.48821,7.5,Winter,0.1334,11,4
Black Guillemot,57.63514,-6.24337,7.5,Winter,0.1054,95,8
Black Guillemot,57.63514,-4.03983,7.5,Winter,0.0149,354,41
Black Guillemot,57.63514,-3.79499,7.5,Winter,0.0062,297,16
Black Guillemot,57.63514,-3.55015,7.5,Winter,0.0045,318,5
Black Guillemot,57.63514,-2.5708,7.5,Winter,0.0038,9,1
Black Guillemot,57.63514,-2.08112,7.5,Winter,0.0033,57,4
Black Guillemot,57.63514,-1.83628,7.5,Winter,0.003,140,2
Black Guillemot,57.77027,-6.73304,7.5,Winter,0.1289,5,4
Black Guillemot,57.77027,-5.75369,7.5,Winter,0.1313,31,8
Black Guillemot,57.77027,-5.50885,7.5,Winter,0.1078,19,9
Black Guillemot,57.77027,-3.79499,7.5,Winter,0.0146,153,2
Black Guillemot,57.77027,-3.55015,7.5,Winter,0.0178,140,11
Black Guillemot,57.90541,-6.73304,7.5,Winter,0.0911,1,1
Black Guillemot,57.90541,-6.24337,7.5,Winter,0.1558,89,10
Black Guillemot,57.90541,-5.50885,7.5,Winter,0.1683,41,9
Black Guillemot,57.90541,-5.26402,7.5,Winter,0.052,35,3
Black Guillemot,57.90541,-3.79499,7.5,Winter,0.0208,17,6
Black Guillemot,58.04054,-3.79499,7.5,Winter,0.0201,38,3
Black Guillemot,58.17568,-6.48821,7.5,Winter,0.1158,51,9
Black Guillemot,58.17568,-6.24337,7.5,Winter,0.1609,54,6
Black Guillemot,58.31081,-6.73304,7.5,Winter,0.1434,11,1
Black Guillemot,58.31081,-6.24337,7.5,Winter,0.1225,53,1
Black Guillemot,58.31081,-3.30531,7.5,Winter,0.1289,8,3
Black Guillemot,58.31081,-3.06047,7.5,Winter,0.1982,4,1
Black Guillemot,58.44595,-3.06047,7.5,Winter,0.2355,32,12
Black Guillemot,58.58108,-4.77434,7.5,Winter,0.0957,27,1
Black Guillemot,58.58108,-4.03983,7.5,Winter,0.1245,3,1
Black Guillemot,58.58108,-3.79499,7.5,Winter,0.1876,15,7
Black Guillemot,58.58108,-3.55015,7.5,Winter,0.2361,57,27
Black Guillemot,58.58108,-3.30531,7.5,Winter,0.2038,39,2
Black Guillemot,58.58108,-3.06047,7.5,Winter,0.2694,30,2
Black Guillemot,58.71622,-3.30531,7.5,Winter,0.2505,10,2
Black Guillemot,58.71622,-3.06047,7.5,Winter,0.3084,2,1
Black Guillemot,58.85135,-3.30531,7.5,Winter,0.2606,3,1
Black Guillemot,58.85135,-3.06047,7.5,Winter,0.3393,16,6
Black Guillemot,58.85135,-2.81564,7.5,Winter,0.3037,28,7
Black Guillemot,58.98649,-3.06047,7.5,Winter,0.2044,31,2
Black Guillemot,58.98649,-2.81564,7.5,Winter,0.2325,12,1
Black Guillemot,59.12162,-3.30531,7.5,Winter,0.1261,15,1
Black Guillemot,59.12162,-3.06047,7.5,Winter,0.231,28,4
Black Guillemot,59.25676,-2.81564,7.5,Winter,0.259,3,1
Black Guillemot,59.25676,-2.5708,7.5,Winter,0.2723,15,2
Black Guillemot,59.39189,-2.32596,7.5,Winter,0.3011,15,5
Black Guillemot,59.52703,-1.59145,7.5,Winter,0.3641,87,16
Black Guillemot,59.7973,-1.34661,7.5,Winter,0.3522,30,8
Black Guillemot,59.93243,-1.34661,7.5,Winter,0.0716,905,257
Black Guillemot,59.93243,-1.10177,7.5,Winter,0.2439,48,4
Black Guillemot,60.06757,-2.08112,7.5,Winter,0.2707,7,2
Black Guillemot,60.06757,-1.34661,7.5,Winter,0.2546,290,75
Black Guillemot,60.06757,-1.10177,7.5,Winter,0.4671,96,43
Black Guillemot,60.2027,-2.08112,7.5,Winter,0.2678,3,2
Black Guillemot,60.2027,-1.59145,7.5,Winter,0.2612,8,2
Black Guillemot,60.2027,-1.34661,7.5,Winter,0.2415,47,2
Black Guillemot,60.2027,-1.10177,7.5,Winter,0.4347,254,101
Black Guillemot,60.33784,-1.59145,7.5,Winter,0.2588,9,3
Black Guillemot,60.33784,-1.34661,7.5,Winter,0.2353,23,3
Black Guillemot,60.33784,-1.10177,7.5,Winter,0.4458,18,13
Black Guillemot,60.47297,-1.34661,7.5,Winter,0.2216,17,3
Black Guillemot,60.47297,-1.10177,7.5,Winter,0.4497,13,8
Black Guillemot,60.47297,-0.85693,7.5,Winter,0.3927,1,1
Black Guillemot,60.60811,-1.10177,7.5,Winter,0.4466,50,5
Black Guillemot,60.60811,-0.85693,7.5,Winter,0.4001,4,2
Black Guillemot,60.74324,-1.10177,7.5,Winter,0.3195,15,1
Black Guillemot,60.74324,-0.85693,7.5,Winter,0.3368,280,70
Black Guillemot,60.87838,-0.85693,7.5,Winter,0.2104,32,11
Common Cuckoo,55.87838,-2.32596,7.5,Autumn,0.0017,105,2
Common Cuckoo,56.01351,-3.06047,7.5,Autumn,0.0017,1856,1
Common Cuckoo,56.95946,-3.30531,7.5,Autumn,0.0017,46,1
Common Cuckoo,57.22973,-3.30531,7.5,Autumn,0.0021,35,1
Common Cuckoo,57.36486,-2.08112,7.5,Autumn,0.0017,200,1
Common Cuckoo,57.63514,-4.5295,7.5,Autumn,0.0018,83,1
Common Cuckoo,57.77027,-3.79499,7.5,Autumn,0.0017,172,1
Common Cuckoo,59.39189,-2.32596,7.5,Autumn,0.0017,327,1
Common Cuckoo,54.7973,-4.5295,7.5,Spring,0.0342,51,1
Common Cuckoo,54.7973,-4.28466,7.5,Spring,0.0309,23,2
Common Cuckoo,54.7973,-3.79499,7.5,Spring,0.041,19,5
Common Cuckoo,54.93243,-5.01918,7.5,Spring,0.0594,134,4
Common Cuckoo,54.93243,-4.77434,7.5,Spring,0.0896,32,11
Common Cuckoo,54.93243,-4.5295,7.5,Spring,0.1825,64,14
Common Cuckoo,54.93243,-4.28466,7.5,Spring,0.1661,37,13
Common Cuckoo,54.93243,-4.03983,7.5,Spring,0.1116,118,3
Common Cuckoo,54.93243,-3.79499,7.5,Spring,0.1229,108,11
Common Cuckoo,54.93243,-3.55015,7.5,Spring,0.0576,256,5
Common Cuckoo,55.06757,-4.77434,7.5,Spring,0.0834,8,6
Common Cuckoo,55.06757,-4.5295,7.5,Spring,0.1983,70,27
Common Cuckoo,55.06757,-4.28466,7.5,Spring,0.1747,28,8
Common Cuckoo,55.06757,-4.03983,7.5,Spring,0.1341,73,10
Common Cuckoo,55.06757,-3.79499,7.5,Spring,0.1354,21,5
Common Cuckoo,55.06757,-3.55015,7.5,Spring,0.0562,243,7
Common Cuckoo,55.06757,-3.06047,7.5,Spring,0.0327,32,1
Common Cuckoo,55.2027,-4.77434,7.5,Spring,0.063,32,1
Common Cuckoo,55.2027,-4.5295,7.5,Spring,0.1891,42,2
Common Cuckoo,55.2027,-4.28466,7.5,Spring,0.1734,17,5
Common Cuckoo,55.2027,-4.03983,7.5,Spring,0.134,25,2
Common Cuckoo,55.2027,-3.79499,7.5,Spring,0.1344,36,4
Common Cuckoo,55.2027,-3.55015,7.5,Spring,0.0541,7,1
Common Cuckoo,55.2027,-3.06047,7.5,Spring,0.0534,49,11
Common Cuckoo,55.2027,-2.81564,7.5,Spring,0.062,29,6
Common Cuckoo,55.33784,-5.75369,7.5,Spring,0.0819,19,3
Common Cuckoo,55.33784,-4.5295,7.5,Spring,0.1358,62,2
Common Cuckoo,55.33784,-4.28466,7.5,Spring,0.1405,147,22
Common Cuckoo,55.33784,-4.03983,7.5,Spring,0.1281,11,2
Common Cuckoo,55.33784,-3.79499,7.5,Spring,0.1323,69,9
Common Cuckoo,55.33784,-3.30531,7.5,Spring,0.0499,18,1
Common Cuckoo,55.47297,-5.75369,7.5,Spring,0.1266,50,2
Common Cuckoo,55.47297,-5.50885,7.5,Spring,0.138,29,1
Common Cuckoo,55.47297,-5.26402,7.5,Spring,0.1731,53,17
Common Cuckoo,55.47297,-5.01918,7.5,Spring,0.0961,71,7
Common Cuckoo,55.47297,-4.5295,7.5,Spring,0.0399,1120,1
Common Cuckoo,55.47297,-3.79499,7.5,Spring,0.0565,119,2
Common Cuckoo,55.47297,-3.55015,7.5,Spring,0.0535,116,3
Common Cuckoo,55.47297,-3.30531,7.5,Spring,0.055,66,1
Common Cuckoo,55.60811,-6.24337,7.5,Spring,0.2027,237,30
Common Cuckoo,55.60811,-5.99853,7.5,Spring,0.2107,16,4
Common Cuckoo,55.60811,-5.50885,7.5,Spring,0.1854,16,2
Common Cuckoo,55.60811,-5.26402,7.5,Spring,0.2361,166,36
Common Cuckoo,55.60811,-5.01918,7.5,Spring,0.0829,34,2
Common Cuckoo,55.60811,-4.77434,7.5,Spring,0.0288,3607,1
Common Cuckoo,55.60811,-4.5295,7.5,Spring,0.0567,21683,4
Common Cuckoo,55.60811,-4.28466,7.5,Spring,0.0769,65,3
Common Cuckoo,55.60811,-3.55015,7.5,Spring,0.0915,77,2
Common Cuckoo,55.60811,-3.30531,7.5,Spring,0.123,97,5
Common Cuckoo,55.60811,-3.06047,7.5,Spring,0.0912,58,6
Common Cuckoo,55.60811,-2.81564,7.5,Spring,0.0613,127,3
Common Cuckoo,55.74324,-6.48821,7.5,Spring,0.0598,81,8
Common Cuckoo,55.74324,-6.24337,7.5,Spring,0.1493,131,14
Common Cuckoo,55.74324,-5.99853,7.5,Spring,0.1529,27,4
Common Cuckoo,55.74324,-5.75369,7.5,Spring,0.1262,3418,1
Common Cuckoo,55.74324,-5.50885,7.5,Spring,0.1433,40,2
Common Cuckoo,55.74324,-5.26402,7.5,Spring,0.1667,38,11
Common Cuckoo,55.74324,-5.01918,7.5,Spring,0.0739,108,1
Common Cuckoo,55.74324,-4.77434,7.5,Spring,0.0483,124,5
Common Cuckoo,55.74324,-4.5295,7.5,Spring,0.0541,468,4
Common Cuckoo,55.74324,-4.28466,7.5,Spring,0.0538,998,28
Common Cuckoo,55.74324,-4.03983,7.5,Spring,0.0584,315,3
Common Cuckoo,55.74324,-3.79499,7.5,Spring,0.0701,52,1
Common Cuckoo,55.74324,-3.55015,7.5,Spring,0.0889,38,7
Common Cuckoo,55.74324,-3.30531,7.5,Spring,0.1302,64,1
Common Cuckoo,55.74324,-3.06047,7.5,Spring,0.1121,398,33
Common Cuckoo,55.87838,-6.48821,7.5,Spring,0.0745,24,3
Common Cuckoo,55.87838,-6.24337,7.5,Spring,0.1496,110,20
Common Cuckoo,55.87838,-5.99853,7.5,Spring,0.1677,48,17
Common Cuckoo,55.87838,-5.75369,7.5,Spring,0.1492,3,1
Common Cuckoo,55.87838,-5.50885,7.5,Spring,0.1649,30,3
Common Cuckoo,55.87838,-5.26402,7.5,Spring,0.1713,41,8
Common Cuckoo,55.87838,-5.01918,7.5,Spring,0.1496,56,6
Common Cuckoo,55.87838,-4.77434,7.5,Spring,0.1099,59,13
Common Cuckoo,55.87838,-4.5295,7.5,Spring,0.0186,458,6
Common Cuckoo,55.87838,-4.28466,7.5,Spring,0.0084,2168,2
Common Cuckoo,55.87838,-4.03983,7.5,Spring,0.01,258,3
Common Cuckoo,55.87838,-3.79499,7.5,Spring,0.0121,47,2
Common Cuckoo,55.87838,-3.55015,7.5,Spring,0.0103,219,5
Common Cuckoo,55.87838,-3.30531,7.5,Spring,0.0092,2071,53
Common Cuckoo,55.87838,-3.06047,7.5,Spring,0.0059,2165,4
Common Cuckoo,55.87838,-2.81564,7.5,Spring,0.0086,239,1
Common Cuckoo,55.87838,-2.5708,7.5,Spring,0.0169,232,29
Common Cuckoo,55.87838,-2.32596,7.5,Spring,0.0081,169,3
Common Cuckoo,55.87838,-2.08112,7.5,Spring,0.0079,288,1
Common Cuckoo,56.01351,-6.24337,7.5,Spring,0.2007,34,16
Common Cuckoo,56.01351,-5.99853,7.5,Spring,0.2148,11,8
Common Cuckoo,56.01351,-5.75369,7.5,Spring,0.198,19,5
Common Cuckoo,56.01351,-5.50885,7.5,Spring,0.219,97,6
Common Cuckoo,56.01351,-5.26402,7.5,Spring,0.2246,45,14
Common Cuckoo,56.01351,-5.01918,7.5,Spring,0.223,167,45
Common Cuckoo,56.01351,-4.77434,7.5,Spring,0.161,189,17
Common Cuckoo,56.01351,-4.5295,7.5,Spring,0.0432,435,42
Common Cuckoo,56.01351,-4.28466,7.5,Spring,0.0284,175,17
Common Cuckoo,56.01351,-4.03983,7.5,Spring,0.0184,39,2
Common Cuckoo,56.01351,-3.79499,7.5,Spring,0.0118,421,3
Common Cuckoo,56.01351,-3.55015,7.5,Spring,0.009,493,2
Common Cuckoo,56.01351,-3.30531,7.5,Spring,0.0059,2906,4
Common Cuckoo,56.01351,-3.06047,7.5,Spring,0.0039,2432,11
Common Cuckoo,56.01351,-2.81564,7.5,Spring,0.0041,928,3
Common Cuckoo,56.01351,-2.5708,7.5,Spring,0.0058,754,7
Common Cuckoo,56.14865,-6.24337,7.5,Spring,0.2655,11,6
Common Cuckoo,56.14865,-5.50885,7.5,Spring,0.272,78,26
Common Cuckoo,56.14865,-5.26402,7.5,Spring,0.2656,28,9
Common Cuckoo,56.14865,-5.01918,7.5,Spring,0.2689,25,6
Common Cuckoo,56.14865,-4.77434,7.5,Spring,0.2508,77,5
Common Cuckoo,56.14865,-4.5295,7.5,Spring,0.2101,234,56
Common Cuckoo,56.14865,-4.28466,7.5,Spring,0.1852,180,24
Common Cuckoo,56.14865,-4.03983,7.5,Spring,0.0754,535,18
Common Cuckoo,56.14865,-3.79499,7.5,Spring,0.0504,695,21
Common Cuckoo,56.14865,-3.55015,7.5,Spring,0.0248,219,9
Common Cuckoo,56.14865,-3.30531,7.5,Spring,0.0078,652,7
Common Cuckoo,56.14865,-2.81564,7.5,Spring,0.0037,399,1
Common Cuckoo,56.28378,-6.48821,7.5,Spring,0.2197,342,57
Common Cuckoo,56.28378,-6.24337,7.5,Spring,0.268,133,40
Common Cuckoo,56.28378,-5.99853,7.5,Spring,0.2735,21,5
Common Cuckoo,56.28378,-5.75369,7.5,Spring,0.2617,17,1
Common Cuckoo,56.28378,-5.50885,7.5,Spring,0.275,44,12
Common Cuckoo,56.28378,-5.26402,7.5,Spring,0.2706,4,2
Common Cuckoo,56.28378,-5.01918,7.5,Spring,0.2697,58,6
Common Cuckoo,56.28378,-4.77434,7.5,Spring,0.2557,86,31
Common Cuckoo,56.28378,-4.5295,7.5,Spring,0.2478,56,17
Common Cuckoo,56.28378,-4.28466,7.5,Spring,0.2418,269,37
Common Cuckoo,56.28378,-4.03983,7.5,Spring,0.1675,43,21
Common Cuckoo,56.28378,-3.79499,7.5,Spring,0.1243,106,3
Common Cuckoo,56.28378,-3.30531,7.5,Spring,0.0153,146,9
Common Cuckoo,56.28378,-3.06047,7.5,Spring,0.0075,546,2
Common Cuckoo,56.28378,-2.81564,7.5,Spring,0.0054,1514,2
Common Cuckoo,56.28378,-2.5708,7.5,Spring,0.0058,559,3
Common Cuckoo,56.41892,-6.97788,7.5,Spring,0.2086,28,2
Common Cuckoo,56.41892,-6.24337,7.5,Spring,0.2639,177,10
Common Cuckoo,56.41892,-5.99853,7.5,Spring,0.2726,401,70
Common Cuckoo,56.41892,-5.75369,7.5,Spring,0.2635,385,109
Common Cuckoo,56.41892,-5.50885,7.5,Spring,0.2758,396,24
Common Cuckoo,56.41892,-5.26402,7.5,Spring,0.2715,39,5
Common Cuckoo,56.41892,-5.01918,7.5,Spring,0.274,73,17
Common Cuckoo,56.41892,-4.77434,7.5,Spring,0.2572,54,10
Common Cuckoo,56.41892,-4.5295,7.5,Spring,0.2463,40,6
Common Cuckoo,56.41892,-4.28466,7.5,Spring,0.2467,86,23
Common Cuckoo,56.41892,-4.03983,7.5,Spring,0.1813,122,25
Common Cuckoo,56.41892,-3.79499,7.5,Spring,0.1629,80,9
Common Cuckoo,56.41892,-3.55015,7.5,Spring,0.0306,238,1
Common Cuckoo,56.41892,-3.30531,7.5,Spring,0.0102,261,1
Common Cuckoo,56.55405,-6.73304,7.5,Spring,0.2586,34,2
Common Cuckoo,56.55405,-6.48821,7.5,Spring,0.2695,149,1
Common Cuckoo,56.55405,-6.24337,7.5,Spring,0.2786,182,28
Common Cuckoo,56.55405,-5.99853,7.5,Spring,0.2806,283,37
Common Cuckoo,56.55405,-5.75369,7.5,Spring,0.2702,158,54
Common Cuckoo,56.55405,-5.50885,7.5,Spring,0.283,85,18
Common Cuckoo,56.55405,-5.26402,7.5,Spring,0.279,50,15
Common Cuckoo,56.55405,-5.01918,7.5,Spring,0.2821,7,3
Common Cuckoo,56.55405,-4.77434,7.5,Spring,0.264,40,9
Common Cuckoo,56.55405,-4.5295,7.5,Spring,0.2387,2,1
Common Cuckoo,56.55405,-4.28466,7.5,Spring,0.2386,17,5
Common Cuckoo,56.55405,-4.03983,7.5,Spring,0.1714,55,5
Common Cuckoo,56.55405,-3.79499,7.5,Spring,0.1648,74,10
Common Cuckoo,56.55405,-3.55015,7.5,Spring,0.0325,294,16
Common Cuckoo,56.55405,-3.06047,7.5,Spring,0.0064,50,1
Common Cuckoo,56.68919,-6.48821,7.5,Spring,0.2792,42,15
Common Cuckoo,56.68919,-6.24337,7.5,Spring,0.2786,84,18
Common Cuckoo,56.68919,-5.99853,7.5,Spring,0.2799,205,22
Common Cuckoo,56.68919,-5.75369,7.5,Spring,0.2686,96,23
Common Cuckoo,56.68919,-5.50885,7.5,Spring,0.2814,74,17
Common Cuckoo,56.68919,-5.26402,7.5,Spring,0.2773,113,20
Common Cuckoo,56.68919,-5.01918,7.5,Spring,0.2804,215,31
Common Cuckoo,56.68919,-4.77434,7.5,Spring,0.2623,29,4
Common Cuckoo,56.68919,-4.5295,7.5,Spring,0.2388,10,1
Common Cuckoo,56.68919,-4.03983,7.5,Spring,0.1734,46,5
Common Cuckoo,56.68919,-3.79499,7.5,Spring,0.1739,290,11
Common Cuckoo,56.68919,-3.55015,7.5,Spring,0.0682,26,6
Common Cuckoo,56.68919,-3.30531,7.5,Spring,0.0343,83,12
Common Cuckoo,56.68919,-3.06047,7.5,Spring,0.0254,181,7
Common Cuckoo,56.82432,-7.7124,7.5,Spring,0.0231,11,1
Common Cuckoo,56.82432,-6.24337,7.5,Spring,0.2802,25,4
Common Cuckoo,56.82432,-5.99853,7.5,Spring,0.2816,17,3
Common Cuckoo,56.82432,-5.75369,7.5,Spring,0.2703,83,36
Common Cuckoo,56.82432,-5.50885,7.5,Spring,0.2829,86,8
Common Cuckoo,56.82432,-5.26402,7.5,Spring,0.2788,28,5
Common Cuckoo,56.82432,-5.01918,7.5,Spring,0.2819,256,37
Common Cuckoo,56.82432,-4.77434,7.5,Spring,0.2619,30,7
Common Cuckoo,56.82432,-4.5295,7.5,Spring,0.2479,3,1
Common Cuckoo,56.82432,-4.28466,7.5,Spring,0.2499,17,3
Common Cuckoo,56.82432,-4.03983,7.5,Spring,0.188,45,9
Common Cuckoo,56.82432,-3.79499,7.5,Spring,0.1881,59,2
Common Cuckoo,56.82432,-3.55015,7.5,Spring,0.097,19,1
Common Cuckoo,56.82432,-3.30531,7.5,Spring,0.1081,111,3
Common Cuckoo,56.82432,-3.06047,7.5,Spring,0.1211,25,4
Common Cuckoo,56.82432,-2.81564,7.5,Spring,0.0622,10,5
Common Cuckoo,56.95946,-7.46756,7.5,Spring,0.254,82,21
Common Cuckoo,56.95946,-6.24337,7.5,Spring,0.2835,108,68
Common Cuckoo,56.95946,-5.99853,7.5,Spring,0.2849,11,1
Common Cuckoo,56.95946,-5.75369,7.5,Spring,0.2737,175,35
Common Cuckoo,56.95946,-5.26402,7.5,Spring,0.2824,6,3
Common Cuckoo,56.95946,-5.01918,7.5,Spring,0.2857,46,15
Common Cuckoo,56.95946,-4.77434,7.5,Spring,0.2625,11,3
Common Cuckoo,56.95946,-4.5295,7.5,Spring,0.2485,55,15
Common Cuckoo,56.95946,-4.28466,7.5,Spring,0.2511,91,14
Common Cuckoo,56.95946,-3.79499,7.5,Spring,0.1884,7,2
Common Cuckoo,56.95946,-3.55015,7.5,Spring,0.0955,57,15
Common Cuckoo,56.95946,-3.30531,7.5,Spring,0.1074,107,9
Common Cuckoo,56.95946,-3.06047,7.5,Spring,0.1205,23,3
Common Cuckoo,56.95946,-2.81564,7.5,Spring,0.0644,10,1
Common Cuckoo,56.95946,-2.5708,7.5,Spring,0.0344,21,5
Common Cuckoo,56.95946,-2.08112,7.5,Spring,0.0037,269,1
Common Cuckoo,57.09459,-7.46756,7.5,Spring,0.2503,60,15
Common Cuckoo,57.09459,-7.22272,7.5,Spring,0.2833,65,11
Common Cuckoo,57.09459,-6.48821,7.5,Spring,0.2846,30,14
Common Cuckoo,57.09459,-6.24337,7.5,Spring,0.2838,5,3
Common Cuckoo,57.09459,-5.99853,7.5,Spring,0.285,100,18
Common Cuckoo,57.09459,-5.75369,7.5,Spring,0.2738,50,12
Common Cuckoo,57.09459,-5.50885,7.5,Spring,0.2865,2,1
Common Cuckoo,57.09459,-5.01918,7.5,Spring,0.2859,19,5
Common Cuckoo,57.09459,-4.77434,7.5,Spring,0.2614,114,8
Common Cuckoo,57.09459,-4.5295,7.5,Spring,0.2463,8,1
Common Cuckoo,57.09459,-4.03983,7.5,Spring,0.1887,709,62
Common Cuckoo,57.09459,-3.79499,7.5,Spring,0.188,375,55
Common Cuckoo,57.09459,-3.55015,7.5,Spring,0.0926,433,34
Common Cuckoo,57.09459,-3.30531,7.5,Spring,0.0989,78,1
Common Cuckoo,57.09459,-3.06047,7.5,Spring,0.1113,69,2
Common Cuckoo,57.09459,-2.81564,7.5,Spring,0.0467,188,53
Common Cuckoo,57.09459,-2.5708,7.5,Spring,0.0262,64,3
Common Cuckoo,57.09459,-2.32596,7.5,Spring,0.0036,89,1
Common Cuckoo,57.09459,-2.08112,7.5,Spring,0.0037,1560,1
Common Cuckoo,57.22973,-7.46756,7.5,Spring,0.2439,214,26
Common Cuckoo,57.22973,-7.22272,7.5,Spring,0.2854,50,37
Common Cuckoo,57.22973,-6.48821,7.5,Spring,0.2866,23,10
Common Cuckoo,57.22973,-6.24337,7.5,Spring,0.2857,115,38
Common Cuckoo,57.22973,-5.99853,7.5,Spring,0.287,315,83
Common Cuckoo,57.22973,-5.75369,7.5,Spring,0.2742,159,34
Common Cuckoo,57.22973,-5.50885,7.5,Spring,0.287,128,15
Common Cuckoo,57.22973,-5.26402,7.5,Spring,0.283,5,5
Common Cuckoo,57.22973,-5.01918,7.5,Spring,0.2863,41,15
Common Cuckoo,57.22973,-4.77434,7.5,Spring,0.2629,34,6
Common Cuckoo,57.22973,-4.5295,7.5,Spring,0.2442,45,1
Common Cuckoo,57.22973,-4.28466,7.5,Spring,0.2484,11,2
Common Cuckoo,57.22973,-4.03983,7.5,Spring,0.1841,252,26
Common Cuckoo,57.22973,-3.79499,7.5,Spring,0.1874,2240,299
Common Cuckoo,57.22973,-3.55015,7.5,Spring,0.091,560,35
Common Cuckoo,57.22973,-3.30531,7.5,Spring,0.0982,123,11
Common Cuckoo,57.22973,-2.81564,7.5,Spring,0.0482,24,1
Common Cuckoo,57.22973,-2.5708,7.5,Spring,0.0294,20,2
Common Cuckoo,57.22973,-2.08112,7.5,Spring,0.0045,488,1
Common Cuckoo,57.36486,-7.46756,7.5,Spring,0.2424,199,12
Common Cuckoo,57.36486,-7.22272,7.5,Spring,0.2841,119,48
Common Cuckoo,57.36486,-6.73304,7.5,Spring,0.2815,87,1
Common Cuckoo,57.36486,-6.48821,7.5,Spring,0.284,77,25
Common Cuckoo,57.36486,-6.24337,7.5,Spring,0.2855,242,46
Common Cuckoo,57.36486,-5.99853,7.5,Spring,0.2856,41,9
Common Cuckoo,57.36486,-5.75369,7.5,Spring,0.2728,69,16
Common Cuckoo,57.36486,-5.50885,7.5,Spring,0.2855,59,7
Common Cuckoo,57.36486,-5.01918,7.5,Spring,0.2849,15,8
Common Cuckoo,57.36486,-4.77434,7.5,Spring,0.2607,86,31
Common Cuckoo,57.36486,-4.5295,7.5,Spring,0.2487,272,27
Common Cuckoo,57.36486,-4.28466,7.5,Spring,0.253,333,71
Common Cuckoo,57.36486,-4.03983,7.5,Spring,0.1872,118,6
Common Cuckoo,57.36486,-3.79499,7.5,Spring,0.194,407,81
Common Cuckoo,57.36486,-3.55015,7.5,Spring,0.0843,445,31
Common Cuckoo,57.36486,-3.30531,7.5,Spring,0.0865,43,10
Common Cuckoo,57.36486,-3.06047,7.5,Spring,0.1049,5,1
Common Cuckoo,57.36486,-2.81564,7.5,Spring,0.0466,14,2
Common Cuckoo,57.36486,-2.5708,7.5,Spring,0.0298,25,2
Common Cuckoo,57.36486,-2.08112,7.5,Spring,0.0058,274,6
Common Cuckoo,57.5,-7.46756,7.5,Spring,0.245,266,30
Common Cuckoo,57.5,-7.22272,7.5,Spring,0.2842,151,45
Common Cuckoo,57.5,-6.73304,7.5,Spring,0.2829,445,125
Common Cuckoo,57.5,-6.48821,7.5,Spring,0.2854,129,17
Common Cuckoo,57.5,-6.24337,7.5,Spring,0.2857,165,36
Common Cuckoo,57.5,-5.99853,7.5,Spring,0.2858,6,2
Common Cuckoo,57.5,-5.75369,7.5,Spring,0.273,47,13
Common Cuckoo,57.5,-5.50885,7.5,Spring,0.2857,38,4
Common Cuckoo,57.5,-5.26402,7.5,Spring,0.282,21,4
Common Cuckoo,57.5,-5.01918,7.5,Spring,0.2853,14,4
Common Cuckoo,57.5,-4.77434,7.5,Spring,0.2562,7,1
Common Cuckoo,57.5,-4.5295,7.5,Spring,0.1581,192,15
Common Cuckoo,57.5,-4.28466,7.5,Spring,0.1187,915,15
Common Cuckoo,57.5,-4.03983,7.5,Spring,0.0233,691,7
Common Cuckoo,57.5,-3.79499,7.5,Spring,0.0305,39,7
Common Cuckoo,57.5,-3.55015,7.5,Spring,0.0247,26,4
Common Cuckoo,57.5,-3.30531,7.5,Spring,0.0415,49,4
Common Cuckoo,57.5,-3.06047,7.5,Spring,0.0631,32,4
Common Cuckoo,57.5,-2.81564,7.5,Spring,0.0244,26,1
Common Cuckoo,57.5,-2.08112,7.5,Spring,0.006,46,2
Common Cuckoo,57.63514,-7.46756,7.5,Spring,0.2417,489,75
Common Cuckoo,57.63514,-7.22272,7.5,Spring,0.2845,123,39
Common Cuckoo,57.63514,-6.97788,7.5,Spring,0.2825,10,5
Common Cuckoo,57.63514,-6.48821,7.5,Spring,0.2859,131,21
Common Cuckoo,57.63514,-6.24337,7.5,Spring,0.2862,360,58
Common Cuckoo,57.63514,-5.75369,7.5,Spring,0.2737,56,22
Common Cuckoo,57.63514,-5.50885,7.5,Spring,0.2864,19,7
Common Cuckoo,57.63514,-5.26402,7.5,Spring,0.2827,54,18
Common Cuckoo,57.63514,-5.01918,7.5,Spring,0.2861,22,2
Common Cuckoo,57.63514,-4.77434,7.5,Spring,0.2597,38,2
Common Cuckoo,57.63514,-4.5295,7.5,Spring,0.1904,168,11
Common Cuckoo,57.63514,-4.28466,7.5,Spring,0.1452,160,3
Common Cuckoo,57.63514,-4.03983,7.5,Spring,0.0255,569,4
Common Cuckoo,57.63514,-3.55015,7.5,Spring,0.0187,328,1
Common Cuckoo,57.63514,-2.81564,7.5,Spring,0.0162,87,1
Common Cuckoo,57.63514,-1.83628,7.5,Spring,0.0072,232,6
Common Cuckoo,57.77027,-8.69175,7.5,Spring,0.0109,65,1
Common Cuckoo,57.77027,-7.22272,7.5,Spring,0.2824,66,7
Common Cuckoo,57.77027,-6.97788,7.5,Spring,0.2809,68,16
Common Cuckoo,57.77027,-6.73304,7.5,Spring,0.2819,10,3
Common Cuckoo,57.77027,-6.24337,7.5,Spring,0.2846,7,2
Common Cuckoo,57.77027,-5.75369,7.5,Spring,0.2721,131,41
Common Cuckoo,57.77027,-5.50885,7.5,Spring,0.2848,84,19
Common Cuckoo,57.77027,-5.01918,7.5,Spring,0.2845,49,8
Common Cuckoo,57.77027,-4.28466,7.5,Spring,0.1627,40,6
Common Cuckoo,57.77027,-4.03983,7.5,Spring,0.0379,201,4
Common Cuckoo,57.90541,-6.97788,7.5,Spring,0.277,91,16
Common Cuckoo,57.90541,-6.73304,7.5,Spring,0.2787,58,13
Common Cuckoo,57.90541,-5.75369,7.5,Spring,0.2701,31,3
Common Cuckoo,57.90541,-5.50885,7.5,Spring,0.2823,117,21
Common Cuckoo,57.90541,-5.26402,7.5,Spring,0.2793,130,32
Common Cuckoo,57.90541,-4.77434,7.5,Spring,0.257,3,2
Common Cuckoo,57.90541,-4.5295,7.5,Spring,0.2232,18,12
Common Cuckoo,57.90541,-4.28466,7.5,Spring,0.204,115,21
Common Cuckoo,57.90541,-4.03983,7.5,Spring,0.0588,326,17
Common Cuckoo,58.04054,-7.22272,7.5,Spring,0.2765,4,1
Common Cuckoo,58.04054,-6.97788,7.5,Spring,0.2782,23,11
Common Cuckoo,58.04054,-6.73304,7.5,Spring,0.2814,42,24
Common Cuckoo,58.04054,-6.48821,7.5,Spring,0.2854,31,15
Common Cuckoo,58.04054,-5.26402,7.5,Spring,0.2811,24,7
Common Cuckoo,58.04054,-5.01918,7.5,Spring,0.286,23,11
Common Cuckoo,58.04054,-4.5295,7.5,Spring,0.2488,61,19
Common Cuckoo,58.04054,-4.28466,7.5,Spring,0.2384,55,13
Common Cuckoo,58.04054,-4.03983,7.5,Spring,0.1077,61,12
Common Cuckoo,58.04054,-3.79499,7.5,Spring,0.1144,75,4
Common Cuckoo,58.17568,-6.97788,7.5,Spring,0.2697,41,10
Common Cuckoo,58.17568,-6.73304,7.5,Spring,0.2727,86,21
Common Cuckoo,58.17568,-6.48821,7.5,Spring,0.2762,169,18
Common Cuckoo,58.17568,-6.24337,7.5,Spring,0.2775,77,2
Common Cuckoo,58.17568,-5.50885,7.5,Spring,0.2708,17,1
Common Cuckoo,58.17568,-5.26402,7.5,Spring,0.2739,130,27
Common Cuckoo,58.17568,-5.01918,7.5,Spring,0.28,28,5
Common Cuckoo,58.17568,-4.5295,7.5,Spring,0.2479,9,3
Common Cuckoo,58.17568,-4.03983,7.5,Spring,0.1101,8,5
Common Cuckoo,58.17568,-3.79499,7.5,Spring,0.1192,13,7
Common Cuckoo,58.17568,-3.55015,7.5,Spring,0.0433,19,1
Common Cuckoo,58.31081,-6.97788,7.5,Spring,0.2664,33,2
Common Cuckoo,58.31081,-6.73304,7.5,Spring,0.2692,84,12
Common Cuckoo,58.31081,-6.48821,7.5,Spring,0.2731,58,8
Common Cuckoo,58.31081,-6.24337,7.5,Spring,0.2746,135,26
Common Cuckoo,58.31081,-5.26402,7.5,Spring,0.2779,43,17
Common Cuckoo,58.31081,-5.01918,7.5,Spring,0.284,43,15
Common Cuckoo,58.31081,-4.77434,7.5,Spring,0.258,1,1
Common Cuckoo,58.31081,-4.5295,7.5,Spring,0.2477,14,8
Common Cuckoo,58.31081,-4.28466,7.5,Spring,0.2389,7,2
Common Cuckoo,58.31081,-4.03983,7.5,Spring,0.1094,3,1
Common Cuckoo,58.31081,-3.79499,7.5,Spring,0.1186,31,11
Common Cuckoo,58.31081,-3.55015,7.5,Spring,0.0452,14,1
Common Cuckoo,58.31081,-3.30531,7.5,Spring,0.0444,19,5
Common Cuckoo,58.31081,-3.06047,7.5,Spring,0.0762,18,1
Common Cuckoo,58.44595,-6.48821,7.5,Spring,0.2568,12,1
Common Cuckoo,58.44595,-6.24337,7.5,Spring,0.2598,106,8
Common Cuckoo,58.44595,-5.26402,7.5,Spring,0.2663,89,33
Common Cuckoo,58.44595,-5.01918,7.5,Spring,0.2757,31,14
Common Cuckoo,58.44595,-4.77434,7.5,Spring,0.2507,4,1
Common Cuckoo,58.44595,-4.5295,7.5,Spring,0.242,28,8
Common Cuckoo,58.44595,-4.28466,7.5,Spring,0.2346,8,5
Common Cuckoo,58.44595,-4.03983,7.5,Spring,0.1074,1,1
Common Cuckoo,58.44595,-3.79499,7.5,Spring,0.1164,4,1
Common Cuckoo,58.44595,-3.55015,7.5,Spring,0.0443,11,2
Common Cuckoo,58.44595,-3.30531,7.5,Spring,0.0447,21,3
Common Cuckoo,58.44595,-3.06047,7.5,Spring,0.081,87,3
Common Cuckoo,58.58108,-4.77434,7.5,Spring,0.02,149,16
Common Cuckoo,58.58108,-4.5295,7.5,Spring,0.0513,1,1
Common Cuckoo,58.58108,-4.03983,7.5,Spring,0.0506,19,4
Common Cuckoo,58.58108,-3.79499,7.5,Spring,0.052,34,6
Common Cuckoo,58.58108,-3.06047,7.5,Spring,0.0774,142,8
Common Cuckoo,58.85135,-3.30531,7.5,Spring,0.0418,97,10
Common Cuckoo,58.85135,-3.06047,7.5,Spring,0.0952,66,2
Common Cuckoo,58.98649,-3.30531,7.5,Spring,0.022,299,1
Common Cuckoo,58.98649,-3.06047,7.5,Spring,0.0691,323,27
Common Cuckoo,59.12162,-3.06047,7.5,Spring,0.0535,182,21
Common Cuckoo,59.12162,-2.81564,7.5,Spring,0.0162,15,1
Common Cuckoo,59.39189,-3.06047,7.5,Spring,0.0336,21,1
Common Cuckoo,59.39189,-2.32596,7.5,Spring,0.0041,344,5
Common Cuckoo,59.52703,-1.59145,7.5,Spring,0.0045,456,22
Common Cuckoo,59.93243,-1.34661,7.5,Spring,0.004,1629,9
Common Cuckoo,60.06757,-1.34661,7.5,Spring,0.0046,437,2
Common Cuckoo,60.06757,-1.10177,7.5,Spring,0.0035,123,1
Common Cuckoo,60.2027,-1.34661,7.5,Spring,0.005,134,12
Common Cuckoo,60.2027,-1.10177,7.5,Spring,0.0035,488,1
Common Cuckoo,60.33784,-1.34661,7.5,Spring,0.0108,70,2
Common Cuckoo,54.7973,-4.03983,7.5,Summer,0.0063,46,2
Common Cuckoo,54.93243,-4.77434,7.5,Summer,0.0556,13,4
Common Cuckoo,54.93243,-4.5295,7.5,Summer,0.0138,52,2
Common Cuckoo,54.93243,-4.28466,7.5,Summer,0.0083,35,1
Common Cuckoo,54.93243,-3.55015,7.5,Summer,0.0187,171,3
Common Cuckoo,54.93243,-3.06047,7.5,Summer,0.0153,41,1
Common Cuckoo,55.06757,-5.01918,7.5,Summer,0.0449,12,1
Common Cuckoo,55.06757,-4.77434,7.5,Summer,0.0496,10,5
Common Cuckoo,55.06757,-4.5295,7.5,Summer,0.0122,44,2
Common Cuckoo,55.06757,-4.03983,7.5,Summer,0.0076,63,1
Common Cuckoo,55.06757,-3.55015,7.5,Summer,0.0216,192,2
Common Cuckoo,55.2027,-3.55015,7.5,Summer,0.03,9,2
Common Cuckoo,55.2027,-3.06047,7.5,Summer,0.0287,22,2
Common Cuckoo,55.2027,-2.81564,7.5,Summer,0.0263,13,2
Common Cuckoo,55.33784,-5.75369,7.5,Summer,0.0525,17,2
Common Cuckoo,55.33784,-5.50885,7.5,Summer,0.0377,14,1
Common Cuckoo,55.33784,-4.5295,7.5,Summer,0.012,7,1
Common Cuckoo,55.33784,-4.28466,7.5,Summer,0.0108,47,2
Common Cuckoo,55.33784,-3.79499,7.5,Summer,0.0107,22,1
Common Cuckoo,55.33784,-3.55015,7.5,Summer,0.0248,45,2
Common Cuckoo,55.33784,-2.5708,7.5,Summer,0.0189,8,1
Common Cuckoo,55.47297,-5.26402,7.5,Summer,0.03,20,1
Common Cuckoo,55.47297,-4.28466,7.5,Summer,0.0059,34,2
Common Cuckoo,55.47297,-3.79499,7.5,Summer,0.007,96,2
Common Cuckoo,55.60811,-6.24337,7.5,Summer,0.0745,83,2
Common Cuckoo,55.60811,-5.50885,7.5,Summer,0.0518,12,1
Common Cuckoo,55.60811,-5.26402,7.5,Summer,0.0432,104,4
Common Cuckoo,55.60811,-4.5295,7.5,Summer,0.006,27860,3
Common Cuckoo,55.60811,-3.79499,7.5,Summer,0.0073,38,1
Common Cuckoo,55.60811,-3.06047,7.5,Summer,0.0184,83,3
Common Cuckoo,55.60811,-2.81564,7.5,Summer,0.0163,109,1
Common Cuckoo,55.74324,-6.48821,7.5,Summer,0.0572,38,2
Common Cuckoo,55.74324,-6.24337,7.5,Summer,0.0764,63,1
Common Cuckoo,55.74324,-5.50885,7.5,Summer,0.0575,42,1
Common Cuckoo,55.74324,-5.26402,7.5,Summer,0.0482,32,3
Common Cuckoo,55.74324,-5.01918,7.5,Summer,0.0428,93,1
Common Cuckoo,55.74324,-4.5295,7.5,Summer,0.0061,277,1
Common Cuckoo,55.74324,-3.55015,7.5,Summer,0.0332,24,4
Common Cuckoo,55.74324,-3.06047,7.5,Summer,0.0267,133,11
Common Cuckoo,55.87838,-6.48821,7.5,Summer,0.0372,11,1
Common Cuckoo,55.87838,-6.24337,7.5,Summer,0.0496,94,5
Common Cuckoo,55.87838,-5.99853,7.5,Summer,0.0501,21,3
Common Cuckoo,55.87838,-5.50885,7.5,Summer,0.0319,48,2
Common Cuckoo,55.87838,-4.77434,7.5,Summer,0.0185,45,5
Common Cuckoo,55.87838,-4.5295,7.5,Summer,0.0039,292,1
Common Cuckoo,55.87838,-3.79499,7.5,Summer,0.0041,42,1
Common Cuckoo,55.87838,-3.55015,7.5,Summer,0.005,134,7
Common Cuckoo,55.87838,-3.30531,7.5,Summer,0.0046,1184,12
Common Cuckoo,55.87838,-3.06047,7.5,Summer,0.0038,1626,3
Common Cuckoo,55.87838,-2.81564,7.5,Summer,0.0039,98,1
Common Cuckoo,55.87838,-2.5708,7.5,Summer,0.0048,109,8
Common Cuckoo,55.87838,-2.32596,7.5,Summer,0.0094,75,4
Common Cuckoo,55.87838,-2.08112,7.5,Summer,0.0066,295,1
Common Cuckoo,56.01351,-6.24337,7.5,Summer,0.0593,22,6
Common Cuckoo,56.01351,-5.99853,7.5,Summer,0.0607,3,3
Common Cuckoo,56.01351,-5.75369,7.5,Summer,0.056,13,1
Common Cuckoo,56.01351,-5.50885,7.5,Summer,0.041,37,2
Common Cuckoo,56.01351,-5.01918,7.5,Summer,0.0415,85,6
Common Cuckoo,56.01351,-4.77434,7.5,Summer,0.0262,128,2
Common Cuckoo,56.01351,-4.5295,7.5,Summer,0.0097,279,10
Common Cuckoo,56.01351,-4.28466,7.5,Summer,0.0083,90,6
Common Cuckoo,56.01351,-4.03983,7.5,Summer,0.0065,53,3
Common Cuckoo,56.01351,-3.55015,7.5,Summer,0.0065,266,1
Common Cuckoo,56.01351,-3.30531,7.5,Summer,0.0062,2181,4
Common Cuckoo,56.01351,-3.06047,7.5,Summer,0.0051,2396,10
Common Cuckoo,56.01351,-2.81564,7.5,Summer,0.0046,786,2
Common Cuckoo,56.01351,-2.5708,7.5,Summer,0.0055,613,1
Common Cuckoo,56.01351,-2.32596,7.5,Summer,0.0085,130,2
Common Cuckoo,56.14865,-5.50885,7.5,Summer,0.0506,74,5
Common Cuckoo,56.14865,-5.01918,7.5,Summer,0.0474,10,1
Common Cuckoo,56.14865,-4.5295,7.5,Summer,0.0191,225,5
Common Cuckoo,56.14865,-4.28466,7.5,Summer,0.0172,111,6
Common Cuckoo,56.14865,-4.03983,7.5,Summer,0.0122,349,2
Common Cuckoo,56.14865,-3.79499,7.5,Summer,0.0086,328,2
Common Cuckoo,56.14865,-2.5708,7.5,Summer,0.0062,245,6
Common Cuckoo,56.28378,-6.48821,7.5,Summer,0.0731,238,15
Common Cuckoo,56.28378,-6.24337,7.5,Summer,0.0997,89,5
Common Cuckoo,56.28378,-5.75369,7.5,Summer,0.0807,34,1
Common Cuckoo,56.28378,-5.50885,7.5,Summer,0.0493,51,2
Common Cuckoo,56.28378,-5.01918,7.5,Summer,0.0477,74,1
Common Cuckoo,56.28378,-4.77434,7.5,Summer,0.0371,90,8
Common Cuckoo,56.28378,-4.5295,7.5,Summer,0.0232,49,2
Common Cuckoo,56.28378,-4.28466,7.5,Summer,0.0227,205,3
Common Cuckoo,56.28378,-4.03983,7.5,Summer,0.0189,8,1
Common Cuckoo,56.28378,-3.30531,7.5,Summer,0.0138,90,2
Common Cuckoo,56.28378,-3.06047,7.5,Summer,0.0067,322,1
Common Cuckoo,56.28378,-2.81564,7.5,Summer,0.0059,1122,3
Common Cuckoo,56.28378,-2.5708,7.5,Summer,0.0081,524,3
Common Cuckoo,56.41892,-6.24337,7.5,Summer,0.0777,224,6
Common Cuckoo,56.41892,-5.99853,7.5,Summer,0.0776,294,22
Common Cuckoo,56.41892,-5.75369,7.5,Summer,0.0577,361,13
Common Cuckoo,56.41892,-5.50885,7.5,Summer,0.0403,433,4
Common Cuckoo,56.41892,-5.01918,7.5,Summer,0.0422,33,2
Common Cuckoo,56.41892,-4.28466,7.5,Summer,0.0315,97,2
Common Cuckoo,56.41892,-4.03983,7.5,Summer,0.0285,50,9
Common Cuckoo,56.41892,-3.79499,7.5,Summer,0.0273,78,1
Common Cuckoo,56.41892,-3.55015,7.5,Summer,0.0184,110,2
Common Cuckoo,56.41892,-3.30531,7.5,Summer,0.0126,198,2
Common Cuckoo,56.41892,-2.81564,7.5,Summer,0.0052,590,4
Common Cuckoo,56.55405,-6.73304,7.5,Summer,0.0604,37,4
Common Cuckoo,56.55405,-6.48821,7.5,Summer,0.077,134,1
Common Cuckoo,56.55405,-6.24337,7.5,Summer,0.0949,192,10
Common Cuckoo,56.55405,-5.99853,7.5,Summer,0.0957,274,7
Common Cuckoo,56.55405,-5.75369,7.5,Summer,0.0643,81,1
Common Cuckoo,56.55405,-5.50885,7.5,Summer,0.0481,37,2
Common Cuckoo,56.55405,-5.26402,7.5,Summer,0.0483,36,3
Common Cuckoo,56.55405,-5.01918,7.5,Summer,0.0492,4,1
Common Cuckoo,56.55405,-4.77434,7.5,Summer,0.0421,50,2
Common Cuckoo,56.55405,-4.28466,7.5,Summer,0.034,36,6
Common Cuckoo,56.55405,-4.03983,7.5,Summer,0.0299,49,4
Common Cuckoo,56.55405,-3.79499,7.5,Summer,0.0332,45,5
Common Cuckoo,56.55405,-3.55015,7.5,Summer,0.0213,287,6
Common Cuckoo,56.68919,-6.48821,7.5,Summer,0.0911,30,5
Common Cuckoo,56.68919,-6.24337,7.5,Summer,0.0746,70,4
Common Cuckoo,56.68919,-5.99853,7.5,Summer,0.0754,168,2
Common Cuckoo,56.68919,-5.50885,7.5,Summer,0.0458,44,2
Common Cuckoo,56.68919,-5.26402,7.5,Summer,0.0461,139,4
Common Cuckoo,56.68919,-5.01918,7.5,Summer,0.0465,304,4
Common Cuckoo,56.68919,-4.77434,7.5,Summer,0.0401,34,2
Common Cuckoo,56.68919,-4.28466,7.5,Summer,0.0345,18,6
Common Cuckoo,56.68919,-4.03983,7.5,Summer,0.0297,50,1
Common Cuckoo,56.68919,-3.79499,7.5,Summer,0.0321,268,5
Common Cuckoo,56.68919,-3.30531,7.5,Summer,0.0161,40,7
Common Cuckoo,56.68919,-3.06047,7.5,Summer,0.0088,142,3
Common Cuckoo,56.68919,-2.81564,7.5,Summer,0.006,56,1
Common Cuckoo,56.68919,-2.5708,7.5,Summer,0.0053,238,2
Common Cuckoo,56.82432,-5.99853,7.5,Summer,0.0669,11,2
Common Cuckoo,56.82432,-5.75369,7.5,Summer,0.0479,93,5
Common Cuckoo,56.82432,-5.26402,7.5,Summer,0.0373,33,1
Common Cuckoo,56.82432,-5.01918,7.5,Summer,0.0368,276,3
Common Cuckoo,56.82432,-4.28466,7.5,Summer,0.0338,15,1
Common Cuckoo,56.82432,-3.30531,7.5,Summer,0.021,104,1
Common Cuckoo,56.82432,-3.06047,7.5,Summer,0.0151,27,4
Common Cuckoo,56.82432,-2.81564,7.5,Summer,0.0092,11,4
Common Cuckoo,56.95946,-7.46756,7.5,Summer,0.0422,118,16
Common Cuckoo,56.95946,-6.24337,7.5,Summer,0.0709,43,2
Common Cuckoo,56.95946,-5.99853,7.5,Summer,0.0722,9,1
Common Cuckoo,56.95946,-5.75369,7.5,Summer,0.0532,122,3
Common Cuckoo,56.95946,-5.01918,7.5,Summer,0.0432,48,2
Common Cuckoo,56.95946,-4.28466,7.5,Summer,0.0357,75,2
Common Cuckoo,56.95946,-3.79499,7.5,Summer,0.0356,2,1
Common Cuckoo,56.95946,-3.55015,7.5,Summer,0.0326,70,12
Common Cuckoo,56.95946,-3.30531,7.5,Summer,0.0239,105,5
Common Cuckoo,56.95946,-3.06047,7.5,Summer,0.0201,26,1
Common Cuckoo,56.95946,-2.81564,7.5,Summer,0.0136,64,5
Common Cuckoo,56.95946,-2.5708,7.5,Summer,0.0091,21,2
Common Cuckoo,56.95946,-2.32596,7.5,Summer,0.0064,53,1
Common Cuckoo,56.95946,-2.08112,7.5,Summer,0.005,272,6
Common Cuckoo,57.09459,-7.22272,7.5,Summer,0.0726,41,3
Common Cuckoo,57.09459,-6.48821,7.5,Summer,0.0677,39,3
Common Cuckoo,57.09459,-5.99853,7.5,Summer,0.0506,105,6
Common Cuckoo,57.09459,-5.75369,7.5,Summer,0.0414,94,1
Common Cuckoo,57.09459,-5.50885,7.5,Summer,0.0358,6,1
Common Cuckoo,57.09459,-5.01918,7.5,Summer,0.0373,33,4
Common Cuckoo,57.09459,-4.77434,7.5,Summer,0.0336,136,3
Common Cuckoo,57.09459,-4.03983,7.5,Summer,0.0309,526,19
Common Cuckoo,57.09459,-3.79499,7.5,Summer,0.0356,311,11
Common Cuckoo,57.09459,-3.55015,7.5,Summer,0.033,315,6
Common Cuckoo,57.09459,-3.30531,7.5,Summer,0.0232,90,1
Common Cuckoo,57.09459,-3.06047,7.5,Summer,0.0192,80,5
Common Cuckoo,57.09459,-2.81564,7.5,Summer,0.011,84,8
Common Cuckoo,57.09459,-2.32596,7.5,Summer,0.0058,68,1
Common Cuckoo,57.09459,-2.08112,7.5,Summer,0.0047,1194,6
Common Cuckoo,57.22973,-7.46756,7.5,Summer,0.0232,112,9
Common Cuckoo,57.22973,-7.22272,7.5,Summer,0.1559,26,12
Common Cuckoo,57.22973,-6.48821,7.5,Summer,0.1386,21,4
Common Cuckoo,57.22973,-6.24337,7.5,Summer,0.1136,148,13
Common Cuckoo,57.22973,-5.99853,7.5,Summer,0.1136,364,20
Common Cuckoo,57.22973,-5.75369,7.5,Summer,0.0897,148,10
Common Cuckoo,57.22973,-5.01918,7.5,Summer,0.0713,28,2
Common Cuckoo,57.22973,-4.77434,7.5,Summer,0.0557,35,1
Common Cuckoo,57.22973,-4.5295,7.5,Summer,0.0379,77,5
Common Cuckoo,57.22973,-4.03983,7.5,Summer,0.0387,133,11
Common Cuckoo,57.22973,-3.79499,7.5,Summer,0.0538,1932,97
Common Cuckoo,57.22973,-3.55015,7.5,Summer,0.0431,441,28
Common Cuckoo,57.22973,-3.30531,7.5,Summer,0.024,128,10
Common Cuckoo,57.22973,-2.08112,7.5,Summer,0.0041,267,2
Common Cuckoo,57.36486,-7.46756,7.5,Summer,0.021,123,4
Common Cuckoo,57.36486,-7.22272,7.5,Summer,0.16,80,22
Common Cuckoo,57.36486,-6.48821,7.5,Summer,0.1389,93,4
Common Cuckoo,57.36486,-6.24337,7.5,Summer,0.1125,292,9
Common Cuckoo,57.36486,-5.99853,7.5,Summer,0.1135,33,3
Common Cuckoo,57.36486,-5.75369,7.5,Summer,0.0957,65,9
Common Cuckoo,57.36486,-5.50885,7.5,Summer,0.0837,51,2
Common Cuckoo,57.36486,-5.01918,7.5,Summer,0.0836,3,1
Common Cuckoo,57.36486,-4.5295,7.5,Summer,0.0425,222,6
Common Cuckoo,57.36486,-4.28466,7.5,Summer,0.0517,264,19
Common Cuckoo,57.36486,-4.03983,7.5,Summer,0.0426,86,9
Common Cuckoo,57.36486,-3.79499,7.5,Summer,0.0638,308,83
Common Cuckoo,57.36486,-3.55015,7.5,Summer,0.045,381,16
Common Cuckoo,57.36486,-3.30531,7.5,Summer,0.0236,71,11
Common Cuckoo,57.36486,-3.06047,7.5,Summer,0.0176,14,2
Common Cuckoo,57.36486,-2.5708,7.5,Summer,0.0064,84,1
Common Cuckoo,57.36486,-1.83628,7.5,Summer,0.0044,74,2
Common Cuckoo,57.5,-7.46756,7.5,Summer,0.0206,165,3
Common Cuckoo,57.5,-7.22272,7.5,Summer,0.1601,111,16
Common Cuckoo,57.5,-6.73304,7.5,Summer,0.1585,402,52
Common Cuckoo,57.5,-6.48821,7.5,Summer,0.1366,157,7
Common Cuckoo,57.5,-6.24337,7.5,Summer,0.1086,189,12
Common Cuckoo,57.5,-5.99853,7.5,Summer,0.1093,4,1
Common Cuckoo,57.5,-5.75369,7.5,Summer,0.0927,62,3
Common Cuckoo,57.5,-5.50885,7.5,Summer,0.0823,59,1
Common Cuckoo,57.5,-5.26402,7.5,Summer,0.0858,15,3
Common Cuckoo,57.5,-5.01918,7.5,Summer,0.0788,8,2
Common Cuckoo,57.5,-4.77434,7.5,Summer,0.0529,6,1
Common Cuckoo,57.5,-4.5295,7.5,Summer,0.0224,186,2
Common Cuckoo,57.5,-4.28466,7.5,Summer,0.0208,814,7
Common Cuckoo,57.5,-4.03983,7.5,Summer,0.0129,626,1
Common Cuckoo,57.63514,-7.46756,7.5,Summer,0.0216,350,24
Common Cuckoo,57.63514,-7.22272,7.5,Summer,0.1595,116,14
Common Cuckoo,57.63514,-6.97788,7.5,Summer,0.1581,9,1
Common Cuckoo,57.63514,-6.48821,7.5,Summer,0.1387,167,12
Common Cuckoo,57.63514,-6.24337,7.5,Summer,0.1134,443,26
Common Cuckoo,57.63514,-5.75369,7.5,Summer,0.098,46,7
Common Cuckoo,57.63514,-5.50885,7.5,Summer,0.0885,49,3
Common Cuckoo,57.63514,-5.26402,7.5,Summer,0.095,100,12
Common Cuckoo,57.63514,-5.01918,7.5,Summer,0.0854,27,1
Common Cuckoo,57.63514,-4.5295,7.5,Summer,0.0253,173,7
Common Cuckoo,57.63514,-4.03983,7.5,Summer,0.0135,742,1
Common Cuckoo,57.63514,-2.81564,7.5,Summer,0.0074,26,1
Common Cuckoo,57.77027,-7.22272,7.5,Summer,0.1522,64,3
Common Cuckoo,57.77027,-6.97788,7.5,Summer,0.154,108,10
Common Cuckoo,57.77027,-6.73304,7.5,Summer,0.1568,13,2
Common Cuckoo,57.77027,-5.75369,7.5,Summer,0.0988,159,7
Common Cuckoo,57.77027,-5.50885,7.5,Summer,0.0899,82,3
Common Cuckoo,57.77027,-5.01918,7.5,Summer,0.0888,41,4
Common Cuckoo,57.77027,-4.28466,7.5,Summer,0.0233,33,1
Common Cuckoo,57.90541,-6.97788,7.5,Summer,0.1519,77,2
Common Cuckoo,57.90541,-6.73304,7.5,Summer,0.1574,63,7
Common Cuckoo,57.90541,-6.48821,7.5,Summer,0.1366,1,1
Common Cuckoo,57.90541,-5.50885,7.5,Summer,0.1003,122,11
Common Cuckoo,57.90541,-5.26402,7.5,Summer,0.1165,175,23
Common Cuckoo,57.90541,-5.01918,7.5,Summer,0.1074,18,1
Common Cuckoo,57.90541,-4.77434,7.5,Summer,0.0756,11,1
Common Cuckoo,57.90541,-4.5295,7.5,Summer,0.0421,28,1
Common Cuckoo,57.90541,-4.28466,7.5,Summer,0.0423,66,5
Common Cuckoo,57.90541,-4.03983,7.5,Summer,0.0295,246,2
Common Cuckoo,58.04054,-6.97788,7.5,Summer,0.1548,28,7
Common Cuckoo,58.04054,-6.73304,7.5,Summer,0.1625,36,5
Common Cuckoo,58.04054,-6.48821,7.5,Summer,0.1416,51,2
Common Cuckoo,58.04054,-5.26402,7.5,Summer,0.1303,31,2
Common Cuckoo,58.04054,-5.01918,7.5,Summer,0.1205,24,2
Common Cuckoo,58.04054,-4.77434,7.5,Summer,0.0924,10,2
Common Cuckoo,58.04054,-4.5295,7.5,Summer,0.0622,45,6
Common Cuckoo,58.04054,-4.03983,7.5,Summer,0.0498,57,4
Common Cuckoo,58.04054,-3.79499,7.5,Summer,0.0524,81,2
Common Cuckoo,58.17568,-6.97788,7.5,Summer,0.1536,82,3
Common Cuckoo,58.17568,-6.73304,7.5,Summer,0.1614,84,13
Common Cuckoo,58.17568,-6.48821,7.5,Summer,0.1406,142,8
Common Cuckoo,58.17568,-6.24337,7.5,Summer,0.1117,101,2
Common Cuckoo,58.17568,-5.26402,7.5,Summer,0.1356,123,21
Common Cuckoo,58.17568,-5.01918,7.5,Summer,0.1258,52,12
Common Cuckoo,58.17568,-4.77434,7.5,Summer,0.0972,4,1
Common Cuckoo,58.17568,-3.79499,7.5,Summer,0.0613,23,4
Common Cuckoo,58.17568,-3.55015,7.5,Summer,0.0354,44,2
Common Cuckoo,58.31081,-6.97788,7.5,Summer,0.1111,11,1
Common Cuckoo,58.31081,-6.73304,7.5,Summer,0.1166,126,4
Common Cuckoo,58.31081,-6.48821,7.5,Summer,0.1013,64,5
Common Cuckoo,58.31081,-6.24337,7.5,Summer,0.0883,163,8
Common Cuckoo,58.31081,-5.26402,7.5,Summer,0.1165,70,6
Common Cuckoo,58.31081,-5.01918,7.5,Summer,0.1129,40,6
Common Cuckoo,58.31081,-4.28466,7.5,Summer,0.0705,20,4
Common Cuckoo,58.31081,-4.03983,7.5,Summer,0.0567,14,1
Common Cuckoo,58.31081,-3.79499,7.5,Summer,0.0634,47,14
Common Cuckoo,58.31081,-3.06047,7.5,Summer,0.0149,6,1
Common Cuckoo,58.44595,-6.24337,7.5,Summer,0.0595,130,2
Common Cuckoo,58.44595,-5.26402,7.5,Summer,0.0995,94,7
Common Cuckoo,58.44595,-5.01918,7.5,Summer,0.1026,54,13
Common Cuckoo,58.44595,-4.5295,7.5,Summer,0.0653,33,4
Common Cuckoo,58.44595,-4.28466,7.5,Summer,0.0689,27,10
Common Cuckoo,58.44595,-3.79499,7.5,Summer,0.0619,16,2
Common Cuckoo,58.44595,-3.55015,7.5,Summer,0.034,5,1
Common Cuckoo,58.58108,-4.77434,7.5,Summer,0.0321,110,10
Common Cuckoo,58.58108,-4.5295,7.5,Summer,0.0413,26,4
Common Cuckoo,58.58108,-4.03983,7.5,Summer,0.0401,37,7
Common Cuckoo,58.58108,-3.55015,7.5,Summer,0.0309,117,2
Common Cuckoo,58.58108,-3.06047,7.5,Summer,0.0155,174,4
Common Cuckoo,58.71622,-3.30531,7.5,Summer,0.0181,103,1
Common Cuckoo,58.85135,-3.30531,7.5,Summer,0.0186,113,19
Common Cuckoo,58.98649,-3.06047,7.5,Summer,0.0164,416,11
Common Cuckoo,58.98649,-2.81564,7.5,Summer,0.0091,119,4
Common Cuckoo,59.12162,-3.06047,7.5,Summer,0.0118,316,25
Common Cuckoo,59.39189,-2.32596,7.5,Summer,0.0049,184,1
Common Cuckoo,59.52703,-1.59145,7.5,Summer,0.0044,354,2
Common Cuckoo,59.93243,-1.34661,7.5,Summer,0.0049,1489,4
Common Cuckoo,60.2027,-1.34661,7.5,Summer,0.0079,126,7
Common Cuckoo,60.2027,-1.10177,7.5,Summer,0.0034,394,2
Common Cuckoo,60.33784,-1.34661,7.5,Summer,0.0226,85,1
Common Cuckoo,60.47297,-1.34661,7.5,Summer,0.0215,54,2
Common Cuckoo,60.74324,-0.85693,7.5,Summer,0.004,401,2
Common Kingfisher,54.7973,-4.5295,7.5,Autumn,0.0102,46,2
Common Kingfisher,54.7973,-4.03983,7.5,Autumn,0.0117,8,1
Common Kingfisher,54.93243,-4.28466,7.5,Autumn,0.0248,30,2
Common Kingfisher,54.93243,-4.03983,7.5,Autumn,0.0252,53,2
Common Kingfisher,54.93243,-3.79499,7.5,Autumn,0.0238,92,1
Common Kingfisher,54.93243,-3.55015,7.5,Autumn,0.0257,239,3
Common Kingfisher,54.93243,-3.30531,7.5,Autumn,0.0307,26,2
Common Kingfisher,54.93243,-3.06047,7.5,Autumn,0.0323,46,2
Common Kingfisher,55.06757,-3.55015,7.5,Autumn,0.0775,165,7
Common Kingfisher,55.06757,-3.30531,7.5,Autumn,0.0875,30,1
Common Kingfisher,55.2027,-3.30531,7.5,Autumn,0.0858,21,1
Common Kingfisher,55.33784,-4.77434,7.5,Autumn,0.0347,125,2
Common Kingfisher,55.47297,-4.77434,7.5,Autumn,0.0346,581,7
Common Kingfisher,55.47297,-4.5295,7.5,Autumn,0.0521,1154,18
Common Kingfisher,55.47297,-4.28466,7.5,Autumn,0.0625,12,1
Common Kingfisher,55.47297,-2.81564,7.5,Autumn,0.0784,43,7
Common Kingfisher,55.60811,-5.26402,7.5,Autumn,0.0142,81,1
Common Kingfisher,55.60811,-5.01918,7.5,Autumn,0.0163,20,1
Common Kingfisher,55.60811,-4.77434,7.5,Autumn,0.0409,3758,22
Common Kingfisher,55.60811,-4.5295,7.5,Autumn,0.0495,21393,2
Common Kingfisher,55.60811,-3.79499,7.5,Autumn,0.0626,26,1
Common Kingfisher,55.60811,-3.30531,7.5,Autumn,0.0834,58,6
Common Kingfisher,55.60811,-2.81564,7.5,Autumn,0.0715,83,8
Common Kingfisher,55.60811,-2.5708,7.5,Autumn,0.0519,19,1
Common Kingfisher,55.60811,-2.32596,7.5,Autumn,0.0363,28,2
Common Kingfisher,55.74324,-5.50885,7.5,Autumn,0.0135,28,2
Common Kingfisher,55.74324,-5.26402,7.5,Autumn,0.0167,34,1
Common Kingfisher,55.74324,-5.01918,7.5,Autumn,0.0176,76,1
Common Kingfisher,55.74324,-4.77434,7.5,Autumn,0.0441,71,3
Common Kingfisher,55.74324,-4.5295,7.5,Autumn,0.0508,278,14
Common Kingfisher,55.74324,-4.28466,7.5,Autumn,0.0626,566,9
Common Kingfisher,55.74324,-4.03983,7.5,Autumn,0.0705,208,21
Common Kingfisher,55.74324,-3.79499,7.5,Autumn,0.0653,18,1
Common Kingfisher,55.74324,-3.06047,7.5,Autumn,0.0737,165,4
Common Kingfisher,55.87838,-4.5295,7.5,Autumn,0.0499,297,4
Common Kingfisher,55.87838,-4.28466,7.5,Autumn,0.0658,1614,45
Common Kingfisher,55.87838,-4.03983,7.5,Autumn,0.0714,110,3
Common Kingfisher,55.87838,-3.55015,7.5,Autumn,0.0723,74,5
Common Kingfisher,55.87838,-3.30531,7.5,Autumn,0.0841,892,32
Common Kingfisher,55.87838,-3.06047,7.5,Autumn,0.0693,1429,49
Common Kingfisher,55.87838,-2.81564,7.5,Autumn,0.0674,104,1
Common Kingfisher,55.87838,-2.32596,7.5,Autumn,0.0256,105,2
Common Kingfisher,55.87838,-2.08112,7.5,Autumn,0.0284,169,1
Common Kingfisher,56.01351,-5.50885,7.5,Autumn,0.0185,48,4
Common Kingfisher,56.01351,-5.01918,7.5,Autumn,0.0192,72,22
Common Kingfisher,56.01351,-4.77434,7.5,Autumn,0.0435,77,1
Common Kingfisher,56.01351,-4.28466,7.5,Autumn,0.0546,26,1
Common Kingfisher,56.01351,-4.03983,7.5,Autumn,0.0592,27,6
Common Kingfisher,56.01351,-3.79499,7.5,Autumn,0.0595,285,5
Common Kingfisher,56.01351,-3.55015,7.5,Autumn,0.0743,300,11
Common Kingfisher,56.01351,-3.30531,7.5,Autumn,0.0897,1675,133
Common Kingfisher,56.01351,-3.06047,7.5,Autumn,0.0721,1856,53
Common Kingfisher,56.01351,-2.81564,7.5,Autumn,0.0696,652,14
Common Kingfisher,56.01351,-2.5708,7.5,Autumn,0.0479,447,30
Common Kingfisher,56.01351,-2.32596,7.5,Autumn,0.0236,379,4
Common Kingfisher,56.14865,-4.77434,7.5,Autumn,0.0344,53,3
Common Kingfisher,56.14865,-4.5295,7.5,Autumn,0.0351,103,2
Common Kingfisher,56.14865,-4.03983,7.5,Autumn,0.049,176,14
Common Kingfisher,56.14865,-3.79499,7.5,Autumn,0.0503,274,4
Common Kingfisher,56.14865,-3.30531,7.5,Autumn,0.0864,374,17
Common Kingfisher,56.14865,-3.06047,7.5,Autumn,0.0699,103,2
Common Kingfisher,56.14865,-2.81564,7.5,Autumn,0.0667,81,3
Common Kingfisher,56.28378,-5.01918,7.5,Autumn,0.014,23,1
Common Kingfisher,56.28378,-4.28466,7.5,Autumn,0.0402,38,2
Common Kingfisher,56.28378,-3.79499,7.5,Autumn,0.0456,75,1
Common Kingfisher,56.28378,-3.30531,7.5,Autumn,0.0816,77,1
Common Kingfisher,56.28378,-3.06047,7.5,Autumn,0.0655,309,9
Common Kingfisher,56.28378,-2.81564,7.5,Autumn,0.0621,885,20
Common Kingfisher,56.28378,-2.5708,7.5,Autumn,0.0404,604,7
Common Kingfisher,56.41892,-5.75369,7.5,Autumn,0.0076,123,5
Common Kingfisher,56.41892,-5.01918,7.5,Autumn,0.0121,16,1
Common Kingfisher,56.41892,-4.03983,7.5,Autumn,0.0358,23,2
Common Kingfisher,56.41892,-3.55015,7.5,Autumn,0.0576,96,3
Common Kingfisher,56.41892,-3.30531,7.5,Autumn,0.0796,131,13
Common Kingfisher,56.41892,-3.06047,7.5,Autumn,0.0695,363,3
Common Kingfisher,56.41892,-2.81564,7.5,Autumn,0.0701,548,60
Common Kingfisher,56.55405,-3.55015,7.5,Autumn,0.057,128,2
Common Kingfisher,56.55405,-3.30531,7.5,Autumn,0.0759,23,2
Common Kingfisher,56.55405,-2.81564,7.5,Autumn,0.0695,26,1
Common Kingfisher,56.55405,-2.5708,7.5,Autumn,0.0485,60,1
Common Kingfisher,56.68919,-5.01918,7.5,Autumn,0.0073,142,1
Common Kingfisher,56.68919,-3.79499,7.5,Autumn,0.0391,146,3
Common Kingfisher,56.68919,-3.30531,7.5,Autumn,0.0729,28,1
Common Kingfisher,56.68919,-3.06047,7.5,Autumn,0.067,95,7
Common Kingfisher,56.68919,-2.81564,7.5,Autumn,0.0686,37,3
Common Kingfisher,56.68919,-2.5708,7.5,Autumn,0.048,265,45
Common Kingfisher,56.68919,-2.32596,7.5,Autumn,0.0273,26,2
Common Kingfisher,56.82432,-5.75369,7.5,Autumn,0.0021,36,2
Common Kingfisher,56.82432,-5.01918,7.5,Autumn,0.0024,127,1
Common Kingfisher,56.82432,-2.5708,7.5,Autumn,0.0376,79,4
Common Kingfisher,57.09459,-4.03983,7.5,Autumn,0.0095,242,2
Common Kingfisher,57.09459,-2.5708,7.5,Autumn,0.0528,23,2
Common Kingfisher,57.09459,-2.32596,7.5,Autumn,0.0622,56,4
Common Kingfisher,57.09459,-2.08112,7.5,Autumn,0.0544,1071,8
Common Kingfisher,57.22973,-4.5295,7.5,Autumn,0.0074,23,1
Common Kingfisher,57.22973,-3.79499,7.5,Autumn,0.0075,655,1
Common Kingfisher,57.22973,-2.08112,7.5,Autumn,0.0596,282,25
Common Kingfisher,57.36486,-6.24337,7.5,Autumn,0.0015,155,1
Common Kingfisher,57.36486,-4.5295,7.5,Autumn,0.0082,158,1
Common Kingfisher,57.36486,-3.55015,7.5,Autumn,0.0248,167,2
Common Kingfisher,57.36486,-2.5708,7.5,Autumn,0.0602,46,1
Common Kingfisher,57.36486,-2.32596,7.5,Autumn,0.0592,10,1
Common Kingfisher,57.36486,-2.08112,7.5,Autumn,0.0615,200,6
Common Kingfisher,57.5,-4.28466,7.5,Autumn,0.0347,562,39
Common Kingfisher,57.5,-2.08112,7.5,Autumn,0.0358,32,2
Common Kingfisher,57.63514,-4.5295,7.5,Autumn,0.0038,83,4
Common Kingfisher,57.63514,-4.03983,7.5,Autumn,0.0036,581,1
Common Kingfisher,57.63514,-3.55015,7.5,Autumn,0.0132,283,4
Common Kingfisher,57.63514,-3.30531,7.5,Autumn,0.017,151,4
Common Kingfisher,57.63514,-3.06047,7.5,Autumn,0.0261,109,8
Common Kingfisher,57.63514,-1.83628,7.5,Autumn,0.0039,165,2
Common Kingfisher,57.90541,-4.28466,7.5,Autumn,0.0016,86,2
Common Kingfisher,58.58108,-3.30531,7.5,Autumn,0.0015,53,1
Common Kingfisher,60.33784,-1.34661,7.5,Autumn,0.0014,397,2
Common Kingfisher,54.7973,-4.5295,7.5,Spring,0.0031,51,1
Common Kingfisher,54.93243,-4.28466,7.5,Spring,0.0071,37,1
Common Kingfisher,54.93243,-4.03983,7.5,Spring,0.0069,118,3
Common Kingfisher,54.93243,-3.55015,7.5,Spring,0.0062,256,1
Common Kingfisher,55.06757,-3.55015,7.5,Spring,0.016,243,8
Common Kingfisher,55.2027,-2.81564,7.5,Spring,0.0291,29,2
Common Kingfisher,55.47297,-4.5295,7.5,Spring,0.0077,1120,2
Common Kingfisher,55.47297,-4.28466,7.5,Spring,0.0385,36,5
Common Kingfisher,55.47297,-3.30531,7.5,Spring,0.0354,66,4
Common Kingfisher,55.47297,-2.5708,7.5,Spring,0.0219,52,1
Common Kingfisher,55.60811,-4.77434,7.5,Spring,0.0042,3607,9
Common Kingfisher,55.60811,-4.5295,7.5,Spring,0.0103,21683,5
Common Kingfisher,55.60811,-3.30531,7.5,Spring,0.0442,97,1
Common Kingfisher,55.60811,-3.06047,7.5,Spring,0.0239,58,3
Common Kingfisher,55.60811,-2.5708,7.5,Spring,0.0224,64,2
Common Kingfisher,55.74324,-4.5295,7.5,Spring,0.0117,468,1
Common Kingfisher,55.74324,-4.28466,7.5,Spring,0.0558,998,2
Common Kingfisher,55.74324,-4.03983,7.5,Spring,0.0534,315,20
Common Kingfisher,55.74324,-3.79499,7.5,Spring,0.0532,52,2
Common Kingfisher,55.74324,-3.30531,7.5,Spring,0.0551,64,2
Common Kingfisher,55.74324,-3.06047,7.5,Spring,0.0317,398,2
Common Kingfisher,55.74324,-2.08112,7.5,Spring,0.035,42,7
Common Kingfisher,55.87838,-4.5295,7.5,Spring,0.0125,458,1
Common Kingfisher,55.87838,-4.28466,7.5,Spring,0.0686,2168,52
Common Kingfisher,55.87838,-4.03983,7.5,Spring,0.0633,258,6
Common Kingfisher,55.87838,-3.55015,7.5,Spring,0.0617,219,2
Common Kingfisher,55.87838,-3.30531,7.5,Spring,0.0668,2071,36
Common Kingfisher,55.87838,-3.06047,7.5,Spring,0.018,2165,9
Common Kingfisher,55.87838,-2.81564,7.5,Spring,0.0287,239,2
Common Kingfisher,55.87838,-2.08112,7.5,Spring,0.0151,288,1
Common Kingfisher,56.01351,-5.50885,7.5,Spring,0.0017,97,1
Common Kingfisher,56.01351,-5.01918,7.5,Spring,0.0027,167,3
Common Kingfisher,56.01351,-4.77434,7.5,Spring,0.0059,189,1
Common Kingfisher,56.01351,-4.5295,7.5,Spring,0.0082,435,5
Common Kingfisher,56.01351,-4.03983,7.5,Spring,0.0273,39,2
Common Kingfisher,56.01351,-3.79499,7.5,Spring,0.0288,421,3
Common Kingfisher,56.01351,-3.55015,7.5,Spring,0.0276,493,5
Common Kingfisher,56.01351,-3.30531,7.5,Spring,0.0293,2906,95
Common Kingfisher,56.01351,-3.06047,7.5,Spring,0.0134,2432,12
Common Kingfisher,56.01351,-2.81564,7.5,Spring,0.0142,928,15
Common Kingfisher,56.01351,-2.5708,7.5,Spring,0.0089,754,5
Common Kingfisher,56.14865,-5.26402,7.5,Spring,0.0019,28,1
Common Kingfisher,56.14865,-4.5295,7.5,Spring,0.0096,234,2
Common Kingfisher,56.14865,-4.28466,7.5,Spring,0.0342,180,2
Common Kingfisher,56.14865,-4.03983,7.5,Spring,0.0402,535,12
Common Kingfisher,56.14865,-3.79499,7.5,Spring,0.0488,695,25
Common Kingfisher,56.14865,-3.55015,7.5,Spring,0.0483,219,2
Common Kingfisher,56.14865,-3.30531,7.5,Spring,0.0475,652,10
Common Kingfisher,56.14865,-3.06047,7.5,Spring,0.0168,422,4
Common Kingfisher,56.28378,-5.01918,7.5,Spring,0.0022,58,1
Common Kingfisher,56.28378,-4.28466,7.5,Spring,0.0231,269,3
Common Kingfisher,56.28378,-3.79499,7.5,Spring,0.0313,106,1
Common Kingfisher,56.28378,-3.30531,7.5,Spring,0.0371,146,3
Common Kingfisher,56.28378,-3.06047,7.5,Spring,0.0155,546,1
Common Kingfisher,56.28378,-2.81564,7.5,Spring,0.0157,1514,9
Common Kingfisher,56.41892,-3.79499,7.5,Spring,0.0271,80,2
Common Kingfisher,56.41892,-3.55015,7.5,Spring,0.0319,238,9
Common Kingfisher,56.41892,-3.30531,7.5,Spring,0.0358,261,10
Common Kingfisher,56.41892,-2.81564,7.5,Spring,0.0244,655,18
Common Kingfisher,56.55405,-5.99853,7.5,Spring,0.0014,283,2
Common Kingfisher,56.55405,-3.55015,7.5,Spring,0.0224,294,6
Common Kingfisher,56.55405,-3.30531,7.5,Spring,0.023,54,3
Common Kingfisher,56.68919,-2.5708,7.5,Spring,0.0097,253,5
Common Kingfisher,56.68919,-2.32596,7.5,Spring,0.0139,22,2
Common Kingfisher,56.82432,-2.32596,7.5,Spring,0.007,78,1
Common Kingfisher,57.09459,-4.03983,7.5,Spring,0.0033,709,3
Common Kingfisher,57.09459,-2.5708,7.5,Spring,0.0056,64,1
Common Kingfisher,57.09459,-2.32596,7.5,Spring,0.0084,89,1
Common Kingfisher,57.09459,-2.08112,7.5,Spring,0.0037,1560,6
Common Kingfisher,57.22973,-3.79499,7.5,Spring,0.0025,2240,2
Common Kingfisher,57.22973,-3.55015,7.5,Spring,0.0033,560,15
Common Kingfisher,57.22973,-2.5708,7.5,Spring,0.005,20,1
Common Kingfisher,57.22973,-2.32596,7.5,Spring,0.0067,52,1
Common Kingfisher,57.22973,-2.08112,7.5,Spring,0.0034,488,2
Common Kingfisher,57.36486,-4.77434,7.5,Spring,0.0017,86,1
Common Kingfisher,57.36486,-4.5295,7.5,Spring,0.0025,272,3
Common Kingfisher,57.36486,-4.28466,7.5,Spring,0.0045,333,1
Common Kingfisher,57.36486,-3.55015,7.5,Spring,0.0035,445,3
Common Kingfisher,57.5,-4.28466,7.5,Spring,0.004,915,11
Common Kingfisher,57.63514,-4.03983,7.5,Spring,0.0024,569,1
Common Kingfisher,57.63514,-3.55015,7.5,Spring,0.003,328,2
Common Kingfisher,57.63514,-3.30531,7.5,Spring,0.0033,232,1
Common Kingfisher,57.63514,-3.06047,7.5,Spring,0.0037,167,2
Common Kingfisher,54.7973,-4.03983,7.5,Summer,0.0127,46,2
Common Kingfisher,54.93243,-5.01918,7.5,Summer,0.0023,74,2
Common Kingfisher,54.93243,-4.03983,7.5,Summer,0.0195,106,5
Common Kingfisher,54.93243,-3.06047,7.5,Summer,0.0175,41,1
Common Kingfisher,55.06757,-3.79499,7.5,Summer,0.0334,17,1
Common Kingfisher,55.06757,-3.55015,7.5,Summer,0.0291,192,4
Common Kingfisher,55.06757,-3.30531,7.5,Summer,0.0322,52,1
Common Kingfisher,55.2027,-4.03983,7.5,Summer,0.0423,23,1
Common Kingfisher,55.2027,-3.79499,7.5,Summer,0.039,14,1
Common Kingfisher,55.33784,-4.77434,7.5,Summer,0.0234,137,3
Common Kingfisher,55.47297,-4.77434,7.5,Summer,0.0212,450,4
Common Kingfisher,55.47297,-4.5295,7.5,Summer,0.0286,794,11
Common Kingfisher,55.47297,-4.28466,7.5,Summer,0.0381,34,2
Common Kingfisher,55.47297,-2.5708,7.5,Summer,0.0287,29,3
Common Kingfisher,55.60811,-5.26402,7.5,Summer,0.0023,104,2
Common Kingfisher,55.60811,-4.77434,7.5,Summer,0.0195,3125,15
Common Kingfisher,55.60811,-4.5295,7.5,Summer,0.0301,27860,4
Common Kingfisher,55.60811,-3.79499,7.5,Summer,0.0473,38,3
Common Kingfisher,55.60811,-2.81564,7.5,Summer,0.0348,109,5
Common Kingfisher,55.60811,-2.5708,7.5,Summer,0.0309,41,2
Common Kingfisher,55.74324,-6.24337,7.5,Summer,0.0014,63,1
Common Kingfisher,55.74324,-4.77434,7.5,Summer,0.0307,62,1
Common Kingfisher,55.74324,-4.5295,7.5,Summer,0.0389,277,8
Common Kingfisher,55.74324,-4.28466,7.5,Summer,0.0511,507,2
Common Kingfisher,55.74324,-4.03983,7.5,Summer,0.0683,219,27
Common Kingfisher,55.74324,-3.55015,7.5,Summer,0.0562,24,1
Common Kingfisher,55.74324,-3.06047,7.5,Summer,0.0493,133,2
Common Kingfisher,55.74324,-2.81564,7.5,Summer,0.0407,18,1
Common Kingfisher,55.74324,-2.08112,7.5,Summer,0.0139,40,7
Common Kingfisher,55.87838,-4.5295,7.5,Summer,0.0382,292,1
Common Kingfisher,55.87838,-4.28466,7.5,Summer,0.0539,1378,31
Common Kingfisher,55.87838,-4.03983,7.5,Summer,0.0667,131,3
Common Kingfisher,55.87838,-3.30531,7.5,Summer,0.0659,1184,32
Common Kingfisher,55.87838,-3.06047,7.5,Summer,0.0484,1626,32
Common Kingfisher,55.87838,-2.08112,7.5,Summer,0.0109,295,2
Common Kingfisher,56.01351,-5.50885,7.5,Summer,0.0022,37,2
Common Kingfisher,56.01351,-5.01918,7.5,Summer,0.0043,85,6
Common Kingfisher,56.01351,-4.77434,7.5,Summer,0.0168,128,1
Common Kingfisher,56.01351,-4.5295,7.5,Summer,0.0178,279,1
Common Kingfisher,56.01351,-3.79499,7.5,Summer,0.0214,365,1
Common Kingfisher,56.01351,-3.55015,7.5,Summer,0.0208,266,1
Common Kingfisher,56.01351,-3.30531,7.5,Summer,0.0234,2181,41
Common Kingfisher,56.01351,-3.06047,7.5,Summer,0.0234,2396,30
Common Kingfisher,56.01351,-2.81564,7.5,Summer,0.0197,786,12
Common Kingfisher,56.01351,-2.5708,7.5,Summer,0.0173,613,6
Common Kingfisher,56.14865,-5.50885,7.5,Summer,0.0019,74,1
Common Kingfisher,56.14865,-4.5295,7.5,Summer,0.0218,225,4
Common Kingfisher,56.14865,-4.28466,7.5,Summer,0.0276,111,2
Common Kingfisher,56.14865,-4.03983,7.5,Summer,0.0278,349,1
Common Kingfisher,56.14865,-3.79499,7.5,Summer,0.0266,328,7
Common Kingfisher,56.14865,-3.30531,7.5,Summer,0.0291,405,1
Common Kingfisher,56.14865,-3.06047,7.5,Summer,0.0282,158,11
Common Kingfisher,56.14865,-2.81564,7.5,Summer,0.0219,174,1
Common Kingfisher,56.28378,-4.5295,7.5,Summer,0.023,49,1
Common Kingfisher,56.28378,-4.28466,7.5,Summer,0.0281,205,14
Common Kingfisher,56.28378,-3.06047,7.5,Summer,0.0287,322,4
Common Kingfisher,56.28378,-2.81564,7.5,Summer,0.0223,1122,7
Common Kingfisher,56.28378,-2.5708,7.5,Summer,0.0193,524,4
Common Kingfisher,56.41892,-5.50885,7.5,Summer,0.0016,433,1
Common Kingfisher,56.41892,-5.26402,7.5,Summer,0.0018,25,1
Common Kingfisher,56.41892,-4.03983,7.5,Summer,0.0271,50,1
Common Kingfisher,56.41892,-3.55015,7.5,Summer,0.0306,110,4
Common Kingfisher,56.41892,-3.30531,7.5,Summer,0.0364,198,2
Common Kingfisher,56.41892,-2.81564,7.5,Summer,0.0262,590,34
Common Kingfisher,56.55405,-6.24337,7.5,Summer,0.0014,192,1
Common Kingfisher,56.55405,-3.55015,7.5,Summer,0.0284,287,4
Common Kingfisher,56.55405,-3.30531,7.5,Summer,0.0343,47,6
Common Kingfisher,56.68919,-5.01918,7.5,Summer,0.0027,304,1
Common Kingfisher,56.68919,-4.03983,7.5,Summer,0.0182,50,1
Common Kingfisher,56.68919,-3.79499,7.5,Summer,0.0194,268,2
Common Kingfisher,56.68919,-2.5708,7.5,Summer,0.0241,238,24
Common Kingfisher,56.68919,-2.32596,7.5,Summer,0.0218,30,2
Common Kingfisher,56.82432,-2.5708,7.5,Summer,0.0054,78,1
Common Kingfisher,57.09459,-4.03983,7.5,Summer,0.0045,526,1
Common Kingfisher,57.09459,-3.06047,7.5,Summer,0.0063,80,1
Common Kingfisher,57.09459,-2.5708,7.5,Summer,0.0074,32,1
Common Kingfisher,57.09459,-2.32596,7.5,Summer,0.0079,68,1
Common Kingfisher,57.09459,-2.08112,7.5,Summer,0.0083,1194,7
Common Kingfisher,57.22973,-3.79499,7.5,Summer,0.0034,1932,12
Common Kingfisher,57.22973,-2.08112,7.5,Summer,0.0076,267,4
Common Kingfisher,57.36486,-4.5295,7.5,Summer,0.0028,222,1
Common Kingfisher,57.36486,-4.28466,7.5,Summer,0.0048,264,1
Common Kingfisher,57.36486,-3.30531,7.5,Summer,0.0049,71,1
Common Kingfisher,57.36486,-2.08112,7.5,Summer,0.0079,330,2
Common Kingfisher,57.5,-4.28466,7.5,Summer,0.0042,814,9
Common Kingfisher,57.5,-4.03983,7.5,Summer,0.0033,626,2
Common Kingfisher,57.5,-3.79499,7.5,Summer,0.0035,60,1
Common Kingfisher,57.63514,-4.03983,7.5,Summer,0.0029,742,4
Common Kingfisher,57.63514,-3.79499,7.5,Summer,0.003,187,1
Common Kingfisher,57.63514,-3.30531,7.5,Summer,0.0041,127,2
Common Kingfisher,57.63514,-3.06047,7.5,Summer,0.0049,170,6
Common Kingfisher,57.77027,-3.30531,7.5,Summer,0.0014,140,1
Common Kingfisher,58.31081,-5.01918,7.5,Summer,0.0016,40,1
Common Kingfisher,59.52703,-1.59145,7.5,Summer,0.0013,354,3
Common Kingfisher,60.2027,-1.34661,7.5,Summer,0.0013,126,1
Common Kingfisher,54.7973,-4.77434,7.5,Winter,0.0067,8,2
Common Kingfisher,54.7973,-4.5295,7.5,Winter,0.0124,47,1
Common Kingfisher,54.93243,-4.28466,7.5,Winter,0.0274,45,2
Common Kingfisher,54.93243,-4.03983,7.5,Winter,0.0269,59,1
Common Kingfisher,54.93243,-3.79499,7.5,Winter,0.0249,69,1
Common Kingfisher,54.93243,-3.55015,7.5,Winter,0.024,289,4
Common Kingfisher,55.06757,-3.55015,7.5,Winter,0.0723,173,8
Common Kingfisher,55.06757,-3.30531,7.5,Winter,0.0775,37,3
Common Kingfisher,55.33784,-4.77434,7.5,Winter,0.0429,114,3
Common Kingfisher,55.33784,-4.28466,7.5,Winter,0.0583,67,1
Common Kingfisher,55.47297,-4.77434,7.5,Winter,0.0568,596,4
Common Kingfisher,55.47297,-4.5295,7.5,Winter,0.0476,1316,14
Common Kingfisher,55.47297,-2.81564,7.5,Winter,0.0645,75,2
Common Kingfisher,55.47297,-2.5708,7.5,Winter,0.0392,52,1
Common Kingfisher,55.60811,-5.26402,7.5,Winter,0.0178,26,4
Common Kingfisher,55.60811,-4.77434,7.5,Winter,0.0556,4222,24
Common Kingfisher,55.60811,-4.5295,7.5,Winter,0.0449,17240,5
Common Kingfisher,55.60811,-2.81564,7.5,Winter,0.0636,95,2
Common Kingfisher,55.60811,-2.5708,7.5,Winter,0.0406,20,1
Common Kingfisher,55.74324,-5.50885,7.5,Winter,0.0119,43,1
Common Kingfisher,55.74324,-4.77434,7.5,Winter,0.0567,99,3
Common Kingfisher,55.74324,-4.5295,7.5,Winter,0.0461,329,9
Common Kingfisher,55.74324,-4.28466,7.5,Winter,0.0662,631,3
Common Kingfisher,55.74324,-4.03983,7.5,Winter,0.0745,253,25
Common Kingfisher,55.74324,-3.06047,7.5,Winter,0.0688,248,3
Common Kingfisher,55.87838,-5.50885,7.5,Winter,0.0124,28,1
Common Kingfisher,55.87838,-4.77434,7.5,Winter,0.0571,20,1
Common Kingfisher,55.87838,-4.5295,7.5,Winter,0.0475,384,4
Common Kingfisher,55.87838,-4.28466,7.5,Winter,0.0738,1701,40
Common Kingfisher,55.87838,-4.03983,7.5,Winter,0.0794,209,4
Common Kingfisher,55.87838,-3.79499,7.5,Winter,0.074,88,2
Common Kingfisher,55.87838,-3.55015,7.5,Winter,0.0804,227,2
Common Kingfisher,55.87838,-3.30531,7.5,Winter,0.0882,1796,51
Common Kingfisher,55.87838,-3.06047,7.5,Winter,0.0673,1773,48
Common Kingfisher,56.01351,-5.01918,7.5,Winter,0.0189,105,6
Common Kingfisher,56.01351,-4.5295,7.5,Winter,0.0385,162,2
Common Kingfisher,56.01351,-4.03983,7.5,Winter,0.0622,24,2
Common Kingfisher,56.01351,-3.79499,7.5,Winter,0.0629,358,12
Common Kingfisher,56.01351,-3.55015,7.5,Winter,0.0762,507,25
Common Kingfisher,56.01351,-3.30531,7.5,Winter,0.0801,2000,106
Common Kingfisher,56.01351,-3.06047,7.5,Winter,0.075,1585,59
Common Kingfisher,56.01351,-2.81564,7.5,Winter,0.072,874,14
Common Kingfisher,56.01351,-2.5708,7.5,Winter,0.0482,643,43
Common Kingfisher,56.01351,-2.32596,7.5,Winter,0.0142,144,2
Common Kingfisher,56.14865,-4.03983,7.5,Winter,0.0582,363,13
Common Kingfisher,56.14865,-3.79499,7.5,Winter,0.0611,490,20
Common Kingfisher,56.14865,-3.55015,7.5,Winter,0.0706,196,1
Common Kingfisher,56.14865,-3.30531,7.5,Winter,0.0746,535,31
Common Kingfisher,56.14865,-3.06047,7.5,Winter,0.0704,302,4
Common Kingfisher,56.14865,-2.81564,7.5,Winter,0.0662,219,5
Common Kingfisher,56.28378,-6.24337,7.5,Winter,0.0021,4,1
Common Kingfisher,56.28378,-5.50885,7.5,Winter,0.0116,14,2
Common Kingfisher,56.28378,-5.01918,7.5,Winter,0.0132,7,1
Common Kingfisher,56.28378,-4.28466,7.5,Winter,0.0372,56,2
Common Kingfisher,56.28378,-3.30531,7.5,Winter,0.064,81,1
Common Kingfisher,56.28378,-3.06047,7.5,Winter,0.0604,327,9
Common Kingfisher,56.28378,-2.81564,7.5,Winter,0.0574,1177,31
Common Kingfisher,56.28378,-2.5708,7.5,Winter,0.0366,333,1
Common Kingfisher,56.41892,-5.50885,7.5,Winter,0.0067,66,1
Common Kingfisher,56.41892,-3.55015,7.5,Winter,0.0519,90,4
Common Kingfisher,56.41892,-3.30531,7.5,Winter,0.0598,176,5
Common Kingfisher,56.41892,-3.06047,7.5,Winter,0.0568,316,3
Common Kingfisher,56.41892,-2.81564,7.5,Winter,0.0588,524,17
Common Kingfisher,56.55405,-3.30531,7.5,Winter,0.0415,24,1
Common Kingfisher,56.55405,-2.81564,7.5,Winter,0.0419,28,4
Common Kingfisher,56.55405,-2.5708,7.5,Winter,0.0306,56,2
Common Kingfisher,56.68919,-3.79499,7.5,Winter,0.0255,70,1
Common Kingfisher,56.68919,-2.5708,7.5,Winter,0.0287,202,13
Common Kingfisher,56.68919,-2.32596,7.5,Winter,0.0148,13,1
Common Kingfisher,56.82432,-5.75369,7.5,Winter,0.0019,29,2
Common Kingfisher,56.82432,-2.32596,7.5,Winter,0.0119,83,1
Common Kingfisher,57.09459,-4.03983,7.5,Winter,0.0073,301,2
Common Kingfisher,57.09459,-2.32596,7.5,Winter,0.013,110,1
Common Kingfisher,57.09459,-2.08112,7.5,Winter,0.0092,1022,9
Common Kingfisher,57.22973,-2.08112,7.5,Winter,0.0102,305,11
Common Kingfisher,57.36486,-4.5295,7.5,Winter,0.0052,125,1
Common Kingfisher,57.36486,-3.30531,7.5,Winter,0.0092,32,1
Common Kingfisher,57.5,-4.28466,7.5,Winter,0.0102,622,45
Common Kingfisher,57.5,-4.03983,7.5,Winter,0.0037,511,1
Common Kingfisher,57.63514,-4.5295,7.5,Winter,0.0029,66,1
Common Kingfisher,57.63514,-4.28466,7.5,Winter,0.0048,56,1
Common Kingfisher,57.63514,-4.03983,7.5,Winter,0.003,354,1
Common Kingfisher,57.63514,-3.55015,7.5,Winter,0.0037,318,2
Common Kingfisher,57.63514,-3.30531,7.5,Winter,0.0047,341,7
Common Kingfisher,57.63514,-3.06047,7.5,Winter,0.0075,52,1
Common Kingfisher,57.63514,-1.83628,7.5,Winter,0.0024,140,1
Common Kingfisher,57.77027,-4.03983,7.5,Winter,0.0018,88,1
Common Kingfisher,60.2027,-1.10177,7.5,Winter,0.0014,254,3
Common Wood-Pigeon,54.66216,-5.01918,7.5,Autumn,0.3822,21,10
Common Wood-Pigeon,54.66216,-4.77434,7.5,Autumn,0.3769,22,7
Common Wood-Pigeon,54.66216,-4.5295,7.5,Autumn,0.5357,5,3
Common Wood-Pigeon,54.66216,-4.28466,7.5,Autumn,0.587,8,3
Common Wood-Pigeon,54.7973,-5.01918,7.5,Autumn,0.3521,38,12
Common Wood-Pigeon,54.7973,-4.5295,7.5,Autumn,0.5411,46,17
Common Wood-Pigeon,54.7973,-4.28466,7.5,Autumn,0.5918,6,3
Common Wood-Pigeon,54.7973,-4.03983,7.5,Autumn,0.6209,8,1
Common Wood-Pigeon,54.7973,-3.79499,7.5,Autumn,0.6387,7,3
Common Wood-Pigeon,54.93243,-5.01918,7.5,Autumn,0.3309,93,14
Common Wood-Pigeon,54.93243,-4.5295,7.5,Autumn,0.5682,19,6
Common Wood-Pigeon,54.93243,-4.28466,7.5,Autumn,0.6275,30,6
Common Wood-Pigeon,54.93243,-4.03983,7.5,Autumn,0.6625,53,32
Common Wood-Pigeon,54.93243,-3.79499,7.5,Autumn,0.6827,92,66
Common Wood-Pigeon,54.93243,-3.55015,7.5,Autumn,0.676,239,111
Common Wood-Pigeon,54.93243,-3.30531,7.5,Autumn,0.6644,26,8
Common Wood-Pigeon,54.93243,-3.06047,7.5,Autumn,0.6996,46,31
Common Wood-Pigeon,55.06757,-5.26402,7.5,Autumn,0.294,16,1
Common Wood-Pigeon,55.06757,-5.01918,7.5,Autumn,0.3236,27,4
Common Wood-Pigeon,55.06757,-4.5295,7.5,Autumn,0.5682,13,2
Common Wood-Pigeon,55.06757,-4.28466,7.5,Autumn,0.6423,13,1
Common Wood-Pigeon,55.06757,-4.03983,7.5,Autumn,0.6749,42,29
Common Wood-Pigeon,55.06757,-3.79499,7.5,Autumn,0.6972,21,16
Common Wood-Pigeon,55.06757,-3.55015,7.5,Autumn,0.7005,165,126
Common Wood-Pigeon,55.06757,-3.30531,7.5,Autumn,0.6926,30,17
Common Wood-Pigeon,55.06757,-3.06047,7.5,Autumn,0.7235,13,3
Common Wood-Pigeon,55.2027,-5.01918,7.5,Autumn,0.3231,6,1
Common Wood-Pigeon,55.2027,-4.77434,7.5,Autumn,0.3344,17,4
Common Wood-Pigeon,55.2027,-4.03983,7.5,Autumn,0.6698,11,6
Common Wood-Pigeon,55.2027,-3.79499,7.5,Autumn,0.6879,13,8
Common Wood-Pigeon,55.2027,-3.30531,7.5,Autumn,0.6809,21,5
Common Wood-Pigeon,55.33784,-4.77434,7.5,Autumn,0.3403,125,21
Common Wood-Pigeon,55.33784,-4.28466,7.5,Autumn,0.6349,22,6
Common Wood-Pigeon,55.33784,-4.03983,7.5,Autumn,0.6609,1,1
Common Wood-Pigeon,55.33784,-3.79499,7.5,Autumn,0.674,15,4
Common Wood-Pigeon,55.33784,-3.55015,7.5,Autumn,0.6743,19,4
Common Wood-Pigeon,55.33784,-3.30531,7.5,Autumn,0.6656,6,3
Common Wood-Pigeon,55.33784,-2.81564,7.5,Autumn,0.7035,11,6
Common Wood-Pigeon,55.33784,-2.5708,7.5,Autumn,0.6839,2,1
Common Wood-Pigeon,55.47297,-5.75369,7.5,Autumn,0.1257,16,1
Common Wood-Pigeon,55.47297,-5.50885,7.5,Autumn,0.1476,19,1
Common Wood-Pigeon,55.47297,-5.26402,7.5,Autumn,0.3464,50,6
Common Wood-Pigeon,55.47297,-5.01918,7.5,Autumn,0.3772,41,17
Common Wood-Pigeon,55.47297,-4.77434,7.5,Autumn,0.3624,581,60
Common Wood-Pigeon,55.47297,-4.5295,7.5,Autumn,0.6511,1154,504
Common Wood-Pigeon,55.47297,-4.28466,7.5,Autumn,0.6734,12,2
Common Wood-Pigeon,55.47297,-3.79499,7.5,Autumn,0.6918,51,3
Common Wood-Pigeon,55.47297,-3.55015,7.5,Autumn,0.6897,23,4
Common Wood-Pigeon,55.47297,-3.30531,7.5,Autumn,0.682,22,16
Common Wood-Pigeon,55.47297,-2.81564,7.5,Autumn,0.7302,43,33
Common Wood-Pigeon,55.47297,-2.5708,7.5,Autumn,0.709,31,20
Common Wood-Pigeon,55.60811,-6.24337,7.5,Autumn,0.1147,96,4
Common Wood-Pigeon,55.60811,-5.75369,7.5,Autumn,0.1257,11,2
Common Wood-Pigeon,55.60811,-5.50885,7.5,Autumn,0.1625,5,2
Common Wood-Pigeon,55.60811,-5.26402,7.5,Autumn,0.424,81,27
Common Wood-Pigeon,55.60811,-5.01918,7.5,Autumn,0.4516,20,7
Common Wood-Pigeon,55.60811,-4.77434,7.5,Autumn,0.3941,3758,652
Common Wood-Pigeon,55.60811,-4.5295,7.5,Autumn,0.6487,21393,6874
Common Wood-Pigeon,55.60811,-4.28466,7.5,Autumn,0.696,7,2
Common Wood-Pigeon,55.60811,-3.79499,7.5,Autumn,0.7137,26,14
Common Wood-Pigeon,55.60811,-3.55015,7.5,Autumn,0.7136,48,30
Common Wood-Pigeon,55.60811,-3.30531,7.5,Autumn,0.7094,58,27
Common Wood-Pigeon,55.60811,-3.06047,7.5,Autumn,0.7478,31,16
Common Wood-Pigeon,55.60811,-2.81564,7.5,Autumn,0.7469,83,57
Common Wood-Pigeon,55.60811,-2.5708,7.5,Autumn,0.7209,19,14
Common Wood-Pigeon,55.60811,-2.32596,7.5,Autumn,0.7027,28,20
Common Wood-Pigeon,55.74324,-6.48821,7.5,Autumn,0.1075,54,1
Common Wood-Pigeon,55.74324,-6.24337,7.5,Autumn,0.1229,173,9
Common Wood-Pigeon,55.74324,-5.50885,7.5,Autumn,0.169,28,3
Common Wood-Pigeon,55.74324,-5.26402,7.5,Autumn,0.4343,34,5
Common Wood-Pigeon,55.74324,-5.01918,7.5,Autumn,0.4753,76,15
Common Wood-Pigeon,55.74324,-4.77434,7.5,Autumn,0.4151,71,19
Common Wood-Pigeon,55.74324,-4.5295,7.5,Autumn,0.622,278,98
Common Wood-Pigeon,55.74324,-4.28466,7.5,Autumn,0.6899,566,161
Common Wood-Pigeon,55.74324,-4.03983,7.5,Autumn,0.709,208,159
Common Wood-Pigeon,55.74324,-3.79499,7.5,Autumn,0.7131,18,9
Common Wood-Pigeon,55.74324,-3.55015,7.5,Autumn,0.7137,38,25
Common Wood-Pigeon,55.74324,-3.30531,7.5,Autumn,0.7093,26,16
Common Wood-Pigeon,55.74324,-3.06047,7.5,Autumn,0.7425,165,110
Common Wood-Pigeon,55.74324,-2.81564,7.5,Autumn,0.7402,10,8
Common Wood-Pigeon,55.74324,-2.5708,7.5,Autumn,0.714,3,3
Common Wood-Pigeon,55.74324,-2.32596,7.5,Autumn,0.6973,14,11
Common Wood-Pigeon,55.74324,-2.08112,7.5,Autumn,0.6727,9,7
Common Wood-Pigeon,55.87838,-6.24337,7.5,Autumn,0.1242,142,10
Common Wood-Pigeon,55.87838,-5.99853,7.5,Autumn,0.1265,20,1
Common Wood-Pigeon,55.87838,-5.50885,7.5,Autumn,0.1657,16,4
Common Wood-Pigeon,55.87838,-5.26402,7.5,Autumn,0.4576,14,9
Common Wood-Pigeon,55.87838,-5.01918,7.5,Autumn,0.494,16,4
Common Wood-Pigeon,55.87838,-4.77434,7.5,Autumn,0.4062,36,3
Common Wood-Pigeon,55.87838,-4.5295,7.5,Autumn,0.6602,297,164
Common Wood-Pigeon,55.87838,-4.28466,7.5,Autumn,0.7384,1614,762
Common Wood-Pigeon,55.87838,-4.03983,7.5,Autumn,0.741,110,62
Common Wood-Pigeon,55.87838,-3.79499,7.5,Autumn,0.7429,50,32
Common Wood-Pigeon,55.87838,-3.55015,7.5,Autumn,0.7436,74,47
Common Wood-Pigeon,55.87838,-3.30531,7.5,Autumn,0.746,892,599
Common Wood-Pigeon,55.87838,-3.06047,7.5,Autumn,0.7644,1429,1143
Common Wood-Pigeon,55.87838,-2.81564,7.5,Autumn,0.7569,104,87
Common Wood-Pigeon,55.87838,-2.5708,7.5,Autumn,0.7172,13,7
Common Wood-Pigeon,55.87838,-2.32596,7.5,Autumn,0.6877,105,74
Common Wood-Pigeon,55.87838,-2.08112,7.5,Autumn,0.6553,169,81
Common Wood-Pigeon,56.01351,-6.24337,7.5,Autumn,0.1251,25,3
Common Wood-Pigeon,56.01351,-5.99853,7.5,Autumn,0.1295,4,2
Common Wood-Pigeon,56.01351,-5.75369,7.5,Autumn,0.1386,10,1
Common Wood-Pigeon,56.01351,-5.50885,7.5,Autumn,0.1667,48,6
Common Wood-Pigeon,56.01351,-5.26402,7.5,Autumn,0.4595,7,2
Common Wood-Pigeon,56.01351,-5.01918,7.5,Autumn,0.5194,72,55
Common Wood-Pigeon,56.01351,-4.77434,7.5,Autumn,0.4466,77,27
Common Wood-Pigeon,56.01351,-4.5295,7.5,Autumn,0.6445,132,72
Common Wood-Pigeon,56.01351,-4.28466,7.5,Autumn,0.7128,26,9
Common Wood-Pigeon,56.01351,-4.03983,7.5,Autumn,0.7233,27,18
Common Wood-Pigeon,56.01351,-3.79499,7.5,Autumn,0.7255,285,189
Common Wood-Pigeon,56.01351,-3.55015,7.5,Autumn,0.724,300,211
Common Wood-Pigeon,56.01351,-3.30531,7.5,Autumn,0.7189,1675,1182
Common Wood-Pigeon,56.01351,-3.06047,7.5,Autumn,0.721,1856,1090
Common Wood-Pigeon,56.01351,-2.81564,7.5,Autumn,0.7127,652,386
Common Wood-Pigeon,56.01351,-2.5708,7.5,Autumn,0.6782,447,234
Common Wood-Pigeon,56.01351,-2.32596,7.5,Autumn,0.595,379,172
Common Wood-Pigeon,56.14865,-6.24337,7.5,Autumn,0.1213,9,3
Common Wood-Pigeon,56.14865,-5.50885,7.5,Autumn,0.1472,29,1
Common Wood-Pigeon,56.14865,-5.01918,7.5,Autumn,0.2586,7,3
Common Wood-Pigeon,56.14865,-4.77434,7.5,Autumn,0.2556,53,11
Common Wood-Pigeon,56.14865,-4.5295,7.5,Autumn,0.6001,103,28
Common Wood-Pigeon,56.14865,-4.28466,7.5,Autumn,0.7096,31,12
Common Wood-Pigeon,56.14865,-4.03983,7.5,Autumn,0.7225,176,119
Common Wood-Pigeon,56.14865,-3.79499,7.5,Autumn,0.7256,274,196
Common Wood-Pigeon,56.14865,-3.55015,7.5,Autumn,0.7234,52,30
Common Wood-Pigeon,56.14865,-3.30531,7.5,Autumn,0.7179,374,219
Common Wood-Pigeon,56.14865,-3.06047,7.5,Autumn,0.7198,103,54
Common Wood-Pigeon,56.14865,-2.81564,7.5,Autumn,0.7068,81,35
Common Wood-Pigeon,56.14865,-2.5708,7.5,Autumn,0.6363,22,7
Common Wood-Pigeon,56.28378,-6.24337,7.5,Autumn,0.1156,22,1
Common Wood-Pigeon,56.28378,-5.99853,7.5,Autumn,0.1244,9,2
Common Wood-Pigeon,56.28378,-5.75369,7.5,Autumn,0.131,4,1
Common Wood-Pigeon,56.28378,-5.50885,7.5,Autumn,0.1483,4,2
Common Wood-Pigeon,56.28378,-5.01918,7.5,Autumn,0.1616,23,3
Common Wood-Pigeon,56.28378,-4.77434,7.5,Autumn,0.1752,22,4
Common Wood-Pigeon,56.28378,-4.28466,7.5,Autumn,0.6893,38,20
Common Wood-Pigeon,56.28378,-4.03983,7.5,Autumn,0.7072,18,7
Common Wood-Pigeon,56.28378,-3.79499,7.5,Autumn,0.7102,75,51
Common Wood-Pigeon,56.28378,-3.55015,7.5,Autumn,0.7099,13,8
Common Wood-Pigeon,56.28378,-3.30531,7.5,Autumn,0.7129,77,55
Common Wood-Pigeon,56.28378,-3.06047,7.5,Autumn,0.7236,309,173
Common Wood-Pigeon,56.28378,-2.81564,7.5,Autumn,0.7152,885,592
Common Wood-Pigeon,56.28378,-2.5708,7.5,Autumn,0.6654,604,227
Common Wood-Pigeon,56.41892,-6.24337,7.5,Autumn,0.114,6,1
Common Wood-Pigeon,56.41892,-5.99853,7.5,Autumn,0.1188,72,3
Common Wood-Pigeon,56.41892,-5.75369,7.5,Autumn,0.1254,123,6
Common Wood-Pigeon,56.41892,-5.50885,7.5,Autumn,0.1401,147,12
Common Wood-Pigeon,56.41892,-5.26402,7.5,Autumn,0.1623,5,2
Common Wood-Pigeon,56.41892,-5.01918,7.5,Autumn,0.1465,16,1
Common Wood-Pigeon,56.41892,-4.5295,7.5,Autumn,0.5436,10,1
Common Wood-Pigeon,56.41892,-4.28466,7.5,Autumn,0.6649,69,26
Common Wood-Pigeon,56.41892,-4.03983,7.5,Autumn,0.6828,23,19
Common Wood-Pigeon,56.41892,-3.79499,7.5,Autumn,0.6866,24,22
Common Wood-Pigeon,56.41892,-3.55015,7.5,Autumn,0.6908,96,70
Common Wood-Pigeon,56.41892,-3.30531,7.5,Autumn,0.7036,131,98
Common Wood-Pigeon,56.41892,-3.06047,7.5,Autumn,0.715,363,290
Common Wood-Pigeon,56.41892,-2.81564,7.5,Autumn,0.6838,548,284
Common Wood-Pigeon,56.55405,-6.24337,7.5,Autumn,0.117,64,3
Common Wood-Pigeon,56.55405,-5.99853,7.5,Autumn,0.1195,81,1
Common Wood-Pigeon,56.55405,-5.75369,7.5,Autumn,0.1265,70,1
Common Wood-Pigeon,56.55405,-5.50885,7.5,Autumn,0.1424,22,4
Common Wood-Pigeon,56.55405,-4.77434,7.5,Autumn,0.1674,28,4
Common Wood-Pigeon,56.55405,-4.28466,7.5,Autumn,0.6148,12,2
Common Wood-Pigeon,56.55405,-4.03983,7.5,Autumn,0.638,32,17
Common Wood-Pigeon,56.55405,-3.79499,7.5,Autumn,0.6414,16,8
Common Wood-Pigeon,56.55405,-3.55015,7.5,Autumn,0.6367,128,69
Common Wood-Pigeon,56.55405,-3.30531,7.5,Autumn,0.6672,23,13
Common Wood-Pigeon,56.55405,-3.06047,7.5,Autumn,0.7028,12,6
Common Wood-Pigeon,56.55405,-2.81564,7.5,Autumn,0.681,26,7
Common Wood-Pigeon,56.55405,-2.5708,7.5,Autumn,0.6647,60,25
Common Wood-Pigeon,56.68919,-6.24337,7.5,Autumn,0.1271,44,4
Common Wood-Pigeon,56.68919,-5.99853,7.5,Autumn,0.1292,45,1
Common Wood-Pigeon,56.68919,-5.75369,7.5,Autumn,0.1375,30,4
Common Wood-Pigeon,56.68919,-5.50885,7.5,Autumn,0.1572,20,1
Common Wood-Pigeon,56.68919,-5.26402,7.5,Autumn,0.1781,49,1
Common Wood-Pigeon,56.68919,-5.01918,7.5,Autumn,0.1601,142,18
Common Wood-Pigeon,56.68919,-4.5295,7.5,Autumn,0.5452,10,1
Common Wood-Pigeon,56.68919,-4.28466,7.5,Autumn,0.6142,10,1
Common Wood-Pigeon,56.68919,-4.03983,7.5,Autumn,0.638,22,7
Common Wood-Pigeon,56.68919,-3.79499,7.5,Autumn,0.6416,146,97
Common Wood-Pigeon,56.68919,-3.55015,7.5,Autumn,0.633,9,5
Common Wood-Pigeon,56.68919,-3.30531,7.5,Autumn,0.6619,28,10
Common Wood-Pigeon,56.68919,-3.06047,7.5,Autumn,0.7035,95,76
Common Wood-Pigeon,56.68919,-2.81564,7.5,Autumn,0.6857,37,23
Common Wood-Pigeon,56.68919,-2.5708,7.5,Autumn,0.6751,265,187
Common Wood-Pigeon,56.68919,-2.32596,7.5,Autumn,0.6742,26,20
Common Wood-Pigeon,56.82432,-5.75369,7.5,Autumn,0.1485,36,14
Common Wood-Pigeon,56.82432,-5.50885,7.5,Autumn,0.1651,63,27
Common Wood-Pigeon,56.82432,-5.26402,7.5,Autumn,0.178,9,2
Common Wood-Pigeon,56.82432,-5.01918,7.5,Autumn,0.1602,127,22
Common Wood-Pigeon,56.82432,-4.5295,7.5,Autumn,0.5239,1,1
Common Wood-Pigeon,56.82432,-4.03983,7.5,Autumn,0.5727,8,3
Common Wood-Pigeon,56.82432,-3.79499,7.5,Autumn,0.5599,22,9
Common Wood-Pigeon,56.82432,-3.30531,7.5,Autumn,0.5757,52,2
Common Wood-Pigeon,56.82432,-3.06047,7.5,Autumn,0.654,6,3
Common Wood-Pigeon,56.82432,-2.81564,7.5,Autumn,0.6504,7,7
Common Wood-Pigeon,56.82432,-2.5708,7.5,Autumn,0.6539,79,61
Common Wood-Pigeon,56.82432,-2.32596,7.5,Autumn,0.6522,51,22
Common Wood-Pigeon,56.95946,-6.24337,7.5,Autumn,0.1284,68,13
Common Wood-Pigeon,56.95946,-5.75369,7.5,Autumn,0.1372,105,5
Common Wood-Pigeon,56.95946,-5.50885,7.5,Autumn,0.1566,2,1
Common Wood-Pigeon,56.95946,-5.01918,7.5,Autumn,0.1576,16,2
Common Wood-Pigeon,56.95946,-4.5295,7.5,Autumn,0.5365,23,5
Common Wood-Pigeon,56.95946,-4.28466,7.5,Autumn,0.5658,18,1
Common Wood-Pigeon,56.95946,-3.55015,7.5,Autumn,0.5474,22,4
Common Wood-Pigeon,56.95946,-3.30531,7.5,Autumn,0.5788,46,9
Common Wood-Pigeon,56.95946,-3.06047,7.5,Autumn,0.6479,12,4
Common Wood-Pigeon,56.95946,-2.5708,7.5,Autumn,0.6614,12,3
Common Wood-Pigeon,56.95946,-2.32596,7.5,Autumn,0.6614,29,15
Common Wood-Pigeon,56.95946,-2.08112,7.5,Autumn,0.6723,92,38
Common Wood-Pigeon,57.09459,-7.46756,7.5,Autumn,0.0873,14,1
Common Wood-Pigeon,57.09459,-5.99853,7.5,Autumn,0.1292,37,1
Common Wood-Pigeon,57.09459,-4.77434,7.5,Autumn,0.2032,37,12
Common Wood-Pigeon,57.09459,-4.03983,7.5,Autumn,0.5943,242,126
Common Wood-Pigeon,57.09459,-3.79499,7.5,Autumn,0.5767,105,39
Common Wood-Pigeon,57.09459,-3.55015,7.5,Autumn,0.5588,58,1
Common Wood-Pigeon,57.09459,-3.30531,7.5,Autumn,0.6006,18,9
Common Wood-Pigeon,57.09459,-3.06047,7.5,Autumn,0.6619,41,14
Common Wood-Pigeon,57.09459,-2.81564,7.5,Autumn,0.6643,64,33
Common Wood-Pigeon,57.09459,-2.5708,7.5,Autumn,0.6773,23,13
Common Wood-Pigeon,57.09459,-2.32596,7.5,Autumn,0.6805,56,41
Common Wood-Pigeon,57.09459,-2.08112,7.5,Autumn,0.6936,1071,555
Common Wood-Pigeon,57.22973,-7.22272,7.5,Autumn,0.0924,11,2
Common Wood-Pigeon,57.22973,-5.99853,7.5,Autumn,0.1276,170,6
Common Wood-Pigeon,57.22973,-5.75369,7.5,Autumn,0.1343,61,5
Common Wood-Pigeon,57.22973,-5.50885,7.5,Autumn,0.152,94,6
Common Wood-Pigeon,57.22973,-4.77434,7.5,Autumn,0.2028,8,3
Common Wood-Pigeon,57.22973,-4.5295,7.5,Autumn,0.5497,23,7
Common Wood-Pigeon,57.22973,-4.03983,7.5,Autumn,0.5837,90,31
Common Wood-Pigeon,57.22973,-3.79499,7.5,Autumn,0.58,655,252
Common Wood-Pigeon,57.22973,-3.55015,7.5,Autumn,0.5803,169,78
Common Wood-Pigeon,57.22973,-3.30531,7.5,Autumn,0.6081,35,8
Common Wood-Pigeon,57.22973,-2.81564,7.5,Autumn,0.6521,21,20
Common Wood-Pigeon,57.22973,-2.5708,7.5,Autumn,0.6648,12,11
Common Wood-Pigeon,57.22973,-2.32596,7.5,Autumn,0.6694,8,6
Common Wood-Pigeon,57.22973,-2.08112,7.5,Autumn,0.6697,282,170
Common Wood-Pigeon,57.36486,-7.22272,7.5,Autumn,0.0906,22,1
Common Wood-Pigeon,57.36486,-6.48821,7.5,Autumn,0.13,31,2
Common Wood-Pigeon,57.36486,-6.24337,7.5,Autumn,0.1282,155,16
Common Wood-Pigeon,57.36486,-5.75369,7.5,Autumn,0.136,43,4
Common Wood-Pigeon,57.36486,-5.50885,7.5,Autumn,0.1517,30,4
Common Wood-Pigeon,57.36486,-4.77434,7.5,Autumn,0.2099,26,5
Common Wood-Pigeon,57.36486,-4.5295,7.5,Autumn,0.5988,158,78
Common Wood-Pigeon,57.36486,-4.28466,7.5,Autumn,0.6092,108,26
Common Wood-Pigeon,57.36486,-4.03983,7.5,Autumn,0.5955,23,3
Common Wood-Pigeon,57.36486,-3.79499,7.5,Autumn,0.5933,98,18
Common Wood-Pigeon,57.36486,-3.55015,7.5,Autumn,0.5944,167,92
Common Wood-Pigeon,57.36486,-3.30531,7.5,Autumn,0.6195,10,8
Common Wood-Pigeon,57.36486,-3.06047,7.5,Autumn,0.6493,5,3
Common Wood-Pigeon,57.36486,-2.81564,7.5,Autumn,0.648,4,3
Common Wood-Pigeon,57.36486,-2.5708,7.5,Autumn,0.658,46,38
Common Wood-Pigeon,57.36486,-2.32596,7.5,Autumn,0.6607,10,7
Common Wood-Pigeon,57.36486,-2.08112,7.5,Autumn,0.6585,200,90
Common Wood-Pigeon,57.36486,-1.83628,7.5,Autumn,0.2478,66,16
Common Wood-Pigeon,57.5,-6.73304,7.5,Autumn,0.1211,244,24
Common Wood-Pigeon,57.5,-6.48821,7.5,Autumn,0.1367,64,3
Common Wood-Pigeon,57.5,-6.24337,7.5,Autumn,0.132,77,5
Common Wood-Pigeon,57.5,-5.75369,7.5,Autumn,0.1404,50,8
Common Wood-Pigeon,57.5,-4.77434,7.5,Autumn,0.2027,4,1
Common Wood-Pigeon,57.5,-4.5295,7.5,Autumn,0.6449,80,46
Common Wood-Pigeon,57.5,-4.28466,7.5,Autumn,0.6569,562,369
Common Wood-Pigeon,57.5,-4.03983,7.5,Autumn,0.6229,423,216
Common Wood-Pigeon,57.5,-3.79499,7.5,Autumn,0.6202,17,7
Common Wood-Pigeon,57.5,-3.55015,7.5,Autumn,0.6147,12,3
Common Wood-Pigeon,57.5,-3.30531,7.5,Autumn,0.6321,33,16
Common Wood-Pigeon,57.5,-3.06047,7.5,Autumn,0.6573,14,8
Common Wood-Pigeon,57.5,-2.81564,7.5,Autumn,0.6548,2,1
Common Wood-Pigeon,57.5,-2.5708,7.5,Autumn,0.6632,5,2
Common Wood-Pigeon,57.5,-2.32596,7.5,Autumn,0.6649,18,14
Common Wood-Pigeon,57.5,-2.08112,7.5,Autumn,0.663,32,28
Common Wood-Pigeon,57.5,-1.83628,7.5,Autumn,0.2477,45,4
Common Wood-Pigeon,57.63514,-7.46756,7.5,Autumn,0.0833,72,1
Common Wood-Pigeon,57.63514,-6.48821,7.5,Autumn,0.1288,42,5
Common Wood-Pigeon,57.63514,-6.24337,7.5,Autumn,0.1249,184,18
Common Wood-Pigeon,57.63514,-5.50885,7.5,Autumn,0.1513,11,2
Common Wood-Pigeon,57.63514,-5.01918,7.5,Autumn,0.1469,9,2
Common Wood-Pigeon,57.63514,-4.77434,7.5,Autumn,0.192,9,2
Common Wood-Pigeon,57.63514,-4.5295,7.5,Autumn,0.6341,83,49
Common Wood-Pigeon,57.63514,-4.28466,7.5,Autumn,0.642,93,42
Common Wood-Pigeon,57.63514,-4.03983,7.5,Autumn,0.6077,581,174
Common Wood-Pigeon,57.63514,-3.79499,7.5,Autumn,0.6102,202,94
Common Wood-Pigeon,57.63514,-3.55015,7.5,Autumn,0.6029,283,116
Common Wood-Pigeon,57.63514,-3.30531,7.5,Autumn,0.6154,151,72
Common Wood-Pigeon,57.63514,-3.06047,7.5,Autumn,0.6392,109,45
Common Wood-Pigeon,57.63514,-2.81564,7.5,Autumn,0.6338,40,15
Common Wood-Pigeon,57.63514,-2.5708,7.5,Autumn,0.6357,29,4
Common Wood-Pigeon,57.63514,-2.32596,7.5,Autumn,0.6342,32,10
Common Wood-Pigeon,57.63514,-2.08112,7.5,Autumn,0.6305,39,9
Common Wood-Pigeon,57.63514,-1.83628,7.5,Autumn,0.2458,165,66
Common Wood-Pigeon,57.77027,-7.22272,7.5,Autumn,0.0893,18,1
Common Wood-Pigeon,57.77027,-6.97788,7.5,Autumn,0.0881,28,2
Common Wood-Pigeon,57.77027,-5.75369,7.5,Autumn,0.1436,55,8
Common Wood-Pigeon,57.77027,-5.50885,7.5,Autumn,0.1713,25,7
Common Wood-Pigeon,57.77027,-5.01918,7.5,Autumn,0.157,22,2
Common Wood-Pigeon,57.77027,-4.28466,7.5,Autumn,0.6115,4,3
Common Wood-Pigeon,57.77027,-4.03983,7.5,Autumn,0.5763,104,53
Common Wood-Pigeon,57.77027,-3.79499,7.5,Autumn,0.5804,172,132
Common Wood-Pigeon,57.77027,-3.55015,7.5,Autumn,0.5179,162,13
Common Wood-Pigeon,57.77027,-3.30531,7.5,Autumn,0.4839,202,38
Common Wood-Pigeon,57.77027,-2.81564,7.5,Autumn,0.4615,11,1
Common Wood-Pigeon,57.90541,-5.50885,7.5,Autumn,0.1495,58,4
Common Wood-Pigeon,57.90541,-5.26402,7.5,Autumn,0.1765,101,16
Common Wood-Pigeon,57.90541,-4.77434,7.5,Autumn,0.2181,2,1
Common Wood-Pigeon,57.90541,-4.5295,7.5,Autumn,0.5066,32,16
Common Wood-Pigeon,57.90541,-4.28466,7.5,Autumn,0.5198,86,52
Common Wood-Pigeon,57.90541,-4.03983,7.5,Autumn,0.4593,167,54
Common Wood-Pigeon,57.90541,-3.79499,7.5,Autumn,0.4585,76,26
Common Wood-Pigeon,58.04054,-4.77434,7.5,Autumn,0.196,3,1
Common Wood-Pigeon,58.04054,-4.5295,7.5,Autumn,0.3484,24,16
Common Wood-Pigeon,58.04054,-4.28466,7.5,Autumn,0.3279,19,7
Common Wood-Pigeon,58.04054,-4.03983,7.5,Autumn,0.293,14,5
Common Wood-Pigeon,58.04054,-3.79499,7.5,Autumn,0.2921,34,4
Common Wood-Pigeon,58.17568,-6.73304,7.5,Autumn,0.1306,14,3
Common Wood-Pigeon,58.17568,-6.48821,7.5,Autumn,0.1442,64,35
Common Wood-Pigeon,58.17568,-6.24337,7.5,Autumn,0.1343,72,1
Common Wood-Pigeon,58.17568,-5.26402,7.5,Autumn,0.1666,50,7
Common Wood-Pigeon,58.17568,-3.55015,7.5,Autumn,0.216,13,4
Common Wood-Pigeon,58.31081,-6.73304,7.5,Autumn,0.0919,87,1
Common Wood-Pigeon,58.31081,-6.48821,7.5,Autumn,0.0943,22,1
Common Wood-Pigeon,58.31081,-6.24337,7.5,Autumn,0.0885,117,3
Common Wood-Pigeon,58.31081,-5.01918,7.5,Autumn,0.1135,7,1
Common Wood-Pigeon,58.31081,-3.79499,7.5,Autumn,0.1633,14,2
Common Wood-Pigeon,58.31081,-3.55015,7.5,Autumn,0.1657,2,1
Common Wood-Pigeon,58.31081,-3.30531,7.5,Autumn,0.1553,14,1
Common Wood-Pigeon,58.44595,-6.48821,7.5,Autumn,0.0964,12,1
Common Wood-Pigeon,58.44595,-6.24337,7.5,Autumn,0.0886,109,2
Common Wood-Pigeon,58.44595,-3.55015,7.5,Autumn,0.1667,4,2
Common Wood-Pigeon,58.44595,-3.30531,7.5,Autumn,0.1581,3,2
Common Wood-Pigeon,58.44595,-3.06047,7.5,Autumn,0.1579,54,11
Common Wood-Pigeon,58.58108,-6.24337,7.5,Autumn,0.0887,58,2
Common Wood-Pigeon,58.58108,-4.77434,7.5,Autumn,0.1059,66,3
Common Wood-Pigeon,58.58108,-3.79499,7.5,Autumn,0.1652,9,4
Common Wood-Pigeon,58.58108,-3.55015,7.5,Autumn,0.1657,31,6
Common Wood-Pigeon,58.58108,-3.30531,7.5,Autumn,0.1436,53,5
Common Wood-Pigeon,58.58108,-3.06047,7.5,Autumn,0.1341,95,2
Common Wood-Pigeon,58.71622,-3.06047,7.5,Autumn,0.1271,35,1
Common Wood-Pigeon,58.85135,-3.06047,7.5,Autumn,0.1323,54,7
Common Wood-Pigeon,58.85135,-2.81564,7.5,Autumn,0.1436,100,2
Common Wood-Pigeon,58.98649,-3.30531,7.5,Autumn,0.1629,157,19
Common Wood-Pigeon,58.98649,-3.06047,7.5,Autumn,0.1732,134,22
Common Wood-Pigeon,58.98649,-2.81564,7.5,Autumn,0.1899,98,22
Common Wood-Pigeon,59.12162,-3.30531,7.5,Autumn,0.1166,100,9
Common Wood-Pigeon,59.12162,-3.06047,7.5,Autumn,0.1299,80,7
Common Wood-Pigeon,59.12162,-2.5708,7.5,Autumn,0.0976,41,1
Common Wood-Pigeon,59.25676,-2.5708,7.5,Autumn,0.0877,8,1
Common Wood-Pigeon,59.39189,-2.32596,7.5,Autumn,0.0821,327,6
Common Wood-Pigeon,59.52703,-1.59145,7.5,Autumn,0.08,323,53
Common Wood-Pigeon,59.93243,-1.34661,7.5,Autumn,0.0769,2628,148
Common Wood-Pigeon,60.06757,-2.08112,7.5,Autumn,0.0889,16,1
Common Wood-Pigeon,60.06757,-1.34661,7.5,Autumn,0.086,907,62
Common Wood-Pigeon,60.06757,-1.10177,7.5,Autumn,0.0978,253,9
Common Wood-Pigeon,60.2027,-1.59145,7.5,Autumn,0.0954,63,2
Common Wood-Pigeon,60.2027,-1.34661,7.5,Autumn,0.0988,500,79
Common Wood-Pigeon,60.2027,-1.10177,7.5,Autumn,0.0959,824,49
Common Wood-Pigeon,60.33784,-1.59145,7.5,Autumn,0.0973,107,3
Common Wood-Pigeon,60.33784,-1.34661,7.5,Autumn,0.1037,397,49
Common Wood-Pigeon,60.33784,-1.10177,7.5,Autumn,0.0977,219,13
Common Wood-Pigeon,60.47297,-1.59145,7.5,Autumn,0.0898,176,1
Common Wood-Pigeon,60.47297,-1.34661,7.5,Autumn,0.0999,240,22
Common Wood-Pigeon,60.47297,-1.10177,7.5,Autumn,0.0912,149,6
Common Wood-Pigeon,60.47297,-0.85693,7.5,Autumn,0.0992,36,1
Common Wood-Pigeon,60.60811,-1.34661,7.5,Autumn,0.1011,63,2
Common Wood-Pigeon,60.60811,-1.10177,7.5,Autumn,0.0893,106,1
Common Wood-Pigeon,60.74324,-0.85693,7.5,Autumn,0.0998,798,50
Common Wood-Pigeon,60.87838,-0.85693,7.5,Autumn,0.1108,125,2
Common Wood-Pigeon,54.66216,-5.01918,7.5,Spring,0.4009,17,8
Common Wood-Pigeon,54.66216,-4.77434,7.5,Spring,0.3904,75,4
Common Wood-Pigeon,54.66216,-4.28466,7.5,Spring,0.555,9,2
Common Wood-Pigeon,54.7973,-5.26402,7.5,Spring,0.3622,4,1
Common Wood-Pigeon,54.7973,-5.01918,7.5,Spring,0.432,84,30
Common Wood-Pigeon,54.7973,-4.5295,7.5,Spring,0.4995,51,18
Common Wood-Pigeon,54.7973,-4.28466,7.5,Spring,0.5609,23,5
Common Wood-Pigeon,54.7973,-4.03983,7.5,Spring,0.5902,114,45
Common Wood-Pigeon,54.7973,-3.79499,7.5,Spring,0.6193,19,9
Common Wood-Pigeon,54.93243,-5.01918,7.5,Spring,0.4363,134,46
Common Wood-Pigeon,54.93243,-4.77434,7.5,Spring,0.4438,32,16
Common Wood-Pigeon,54.93243,-4.5295,7.5,Spring,0.5328,64,22
Common Wood-Pigeon,54.93243,-4.28466,7.5,Spring,0.6107,37,9
Common Wood-Pigeon,54.93243,-4.03983,7.5,Spring,0.6414,118,69
Common Wood-Pigeon,54.93243,-3.79499,7.5,Spring,0.6773,108,51
Common Wood-Pigeon,54.93243,-3.55015,7.5,Spring,0.6848,256,143
Common Wood-Pigeon,54.93243,-3.30531,7.5,Spring,0.6666,36,10
Common Wood-Pigeon,54.93243,-3.06047,7.5,Spring,0.6999,53,35
Common Wood-Pigeon,55.06757,-5.01918,7.5,Spring,0.4323,15,5
Common Wood-Pigeon,55.06757,-4.77434,7.5,Spring,0.4493,8,5
Common Wood-Pigeon,55.06757,-4.5295,7.5,Spring,0.5269,70,19
Common Wood-Pigeon,55.06757,-4.28466,7.5,Spring,0.6185,28,3
Common Wood-Pigeon,55.06757,-4.03983,7.5,Spring,0.6488,73,24
Common Wood-Pigeon,55.06757,-3.79499,7.5,Spring,0.6868,21,12
Common Wood-Pigeon,55.06757,-3.55015,7.5,Spring,0.7042,243,192
Common Wood-Pigeon,55.06757,-3.30531,7.5,Spring,0.6896,79,43
Common Wood-Pigeon,55.06757,-3.06047,7.5,Spring,0.7245,32,13
Common Wood-Pigeon,55.06757,-2.81564,7.5,Spring,0.7103,8,3
Common Wood-Pigeon,55.2027,-4.77434,7.5,Spring,0.446,32,11
Common Wood-Pigeon,55.2027,-4.5295,7.5,Spring,0.5274,42,3
Common Wood-Pigeon,55.2027,-4.28466,7.5,Spring,0.6168,17,3
Common Wood-Pigeon,55.2027,-4.03983,7.5,Spring,0.6417,25,14
Common Wood-Pigeon,55.2027,-3.79499,7.5,Spring,0.6758,36,24
Common Wood-Pigeon,55.2027,-3.55015,7.5,Spring,0.6901,7,2
Common Wood-Pigeon,55.2027,-3.30531,7.5,Spring,0.6708,75,36
Common Wood-Pigeon,55.2027,-3.06047,7.5,Spring,0.7064,49,18
Common Wood-Pigeon,55.2027,-2.81564,7.5,Spring,0.6954,29,16
Common Wood-Pigeon,55.33784,-5.75369,7.5,Spring,0.1558,19,2
Common Wood-Pigeon,55.33784,-5.50885,7.5,Spring,0.1945,4,1
Common Wood-Pigeon,55.33784,-4.77434,7.5,Spring,0.4554,92,39
Common Wood-Pigeon,55.33784,-4.5295,7.5,Spring,0.573,62,12
Common Wood-Pigeon,55.33784,-4.28466,7.5,Spring,0.6154,147,42
Common Wood-Pigeon,55.33784,-4.03983,7.5,Spring,0.6308,11,4
Common Wood-Pigeon,55.33784,-3.79499,7.5,Spring,0.6516,69,17
Common Wood-Pigeon,55.33784,-3.55015,7.5,Spring,0.6613,100,27
Common Wood-Pigeon,55.33784,-3.30531,7.5,Spring,0.6439,18,1
Common Wood-Pigeon,55.33784,-3.06047,7.5,Spring,0.6898,2,1
Common Wood-Pigeon,55.33784,-2.81564,7.5,Spring,0.6873,9,3
Common Wood-Pigeon,55.33784,-2.5708,7.5,Spring,0.6672,10,4
Common Wood-Pigeon,55.47297,-5.75369,7.5,Spring,0.1494,50,5
Common Wood-Pigeon,55.47297,-5.50885,7.5,Spring,0.1897,29,4
Common Wood-Pigeon,55.47297,-5.26402,7.5,Spring,0.4415,53,13
Common Wood-Pigeon,55.47297,-5.01918,7.5,Spring,0.5066,71,35
Common Wood-Pigeon,55.47297,-4.77434,7.5,Spring,0.483,561,74
Common Wood-Pigeon,55.47297,-4.5295,7.5,Spring,0.6682,1120,609
Common Wood-Pigeon,55.47297,-4.28466,7.5,Spring,0.6855,36,18
Common Wood-Pigeon,55.47297,-3.79499,7.5,Spring,0.6967,119,17
Common Wood-Pigeon,55.47297,-3.55015,7.5,Spring,0.702,116,46
Common Wood-Pigeon,55.47297,-3.30531,7.5,Spring,0.6861,66,27
Common Wood-Pigeon,55.47297,-3.06047,7.5,Spring,0.7364,13,1
Common Wood-Pigeon,55.47297,-2.81564,7.5,Spring,0.7403,51,33
Common Wood-Pigeon,55.47297,-2.5708,7.5,Spring,0.7176,52,40
Common Wood-Pigeon,55.47297,-2.32596,7.5,Spring,0.7128,5,4
Common Wood-Pigeon,55.60811,-6.24337,7.5,Spring,0.1256,237,5
Common Wood-Pigeon,55.60811,-5.99853,7.5,Spring,0.1229,16,1
Common Wood-Pigeon,55.60811,-5.75369,7.5,Spring,0.1356,34,6
Common Wood-Pigeon,55.60811,-5.50885,7.5,Spring,0.1843,16,2
Common Wood-Pigeon,55.60811,-5.26402,7.5,Spring,0.489,166,61
Common Wood-Pigeon,55.60811,-5.01918,7.5,Spring,0.5405,34,11
Common Wood-Pigeon,55.60811,-4.77434,7.5,Spring,0.4874,3607,1069
Common Wood-Pigeon,55.60811,-4.5295,7.5,Spring,0.6805,21683,9844
Common Wood-Pigeon,55.60811,-4.28466,7.5,Spring,0.7186,65,18
Common Wood-Pigeon,55.60811,-4.03983,7.5,Spring,0.7251,18,8
Common Wood-Pigeon,55.60811,-3.79499,7.5,Spring,0.7337,38,20
Common Wood-Pigeon,55.60811,-3.55015,7.5,Spring,0.7359,77,45
Common Wood-Pigeon,55.60811,-3.30531,7.5,Spring,0.7291,97,56
Common Wood-Pigeon,55.60811,-3.06047,7.5,Spring,0.7682,58,47
Common Wood-Pigeon,55.60811,-2.81564,7.5,Spring,0.7629,127,85
Common Wood-Pigeon,55.60811,-2.5708,7.5,Spring,0.7299,64,31
Common Wood-Pigeon,55.60811,-2.32596,7.5,Spring,0.7252,44,35
Common Wood-Pigeon,55.74324,-6.48821,7.5,Spring,0.1252,81,3
Common Wood-Pigeon,55.74324,-6.24337,7.5,Spring,0.1462,131,12
Common Wood-Pigeon,55.74324,-5.99853,7.5,Spring,0.1392,27,3
Common Wood-Pigeon,55.74324,-5.75369,7.5,Spring,0.151,3418,3
Common Wood-Pigeon,55.74324,-5.50885,7.5,Spring,0.1904,40,2
Common Wood-Pigeon,55.74324,-5.26402,7.5,Spring,0.5203,38,12
Common Wood-Pigeon,55.74324,-5.01918,7.5,Spring,0.5723,108,51
Common Wood-Pigeon,55.74324,-4.77434,7.5,Spring,0.5173,124,55
Common Wood-Pigeon,55.74324,-4.5295,7.5,Spring,0.6534,468,164
Common Wood-Pigeon,55.74324,-4.28466,7.5,Spring,0.7136,998,357
Common Wood-Pigeon,55.74324,-4.03983,7.5,Spring,0.7272,315,233
Common Wood-Pigeon,55.74324,-3.79499,7.5,Spring,0.735,52,19
Common Wood-Pigeon,55.74324,-3.55015,7.5,Spring,0.7366,38,31
Common Wood-Pigeon,55.74324,-3.30531,7.5,Spring,0.7294,64,28
Common Wood-Pigeon,55.74324,-3.06047,7.5,Spring,0.7633,398,220
Common Wood-Pigeon,55.74324,-2.81564,7.5,Spring,0.7552,30,12
Common Wood-Pigeon,55.74324,-2.5708,7.5,Spring,0.722,11,8
Common Wood-Pigeon,55.74324,-2.32596,7.5,Spring,0.7185,14,10
Common Wood-Pigeon,55.74324,-2.08112,7.5,Spring,0.708,42,29
Common Wood-Pigeon,55.87838,-6.48821,7.5,Spring,0.1324,24,4
Common Wood-Pigeon,55.87838,-6.24337,7.5,Spring,0.1491,110,13
Common Wood-Pigeon,55.87838,-5.99853,7.5,Spring,0.1428,48,4
Common Wood-Pigeon,55.87838,-5.75369,7.5,Spring,0.1552,3,1
Common Wood-Pigeon,55.87838,-5.50885,7.5,Spring,0.1895,30,5
Common Wood-Pigeon,55.87838,-5.26402,7.5,Spring,0.5413,41,18
Common Wood-Pigeon,55.87838,-5.01918,7.5,Spring,0.5952,56,22
Common Wood-Pigeon,55.87838,-4.77434,7.5,Spring,0.4994,59,25
Common Wood-Pigeon,55.87838,-4.5295,7.5,Spring,0.6994,458,301
Common Wood-Pigeon,55.87838,-4.28466,7.5,Spring,0.7784,2168,1496
Common Wood-Pigeon,55.87838,-4.03983,7.5,Spring,0.7772,258,163
Common Wood-Pigeon,55.87838,-3.79499,7.5,Spring,0.7786,47,19
Common Wood-Pigeon,55.87838,-3.55015,7.5,Spring,0.7777,219,157
Common Wood-Pigeon,55.87838,-3.30531,7.5,Spring,0.776,2071,1614
Common Wood-Pigeon,55.87838,-3.06047,7.5,Spring,0.7967,2165,1804
Common Wood-Pigeon,55.87838,-2.81564,7.5,Spring,0.7867,239,197
Common Wood-Pigeon,55.87838,-2.5708,7.5,Spring,0.7411,232,108
Common Wood-Pigeon,55.87838,-2.32596,7.5,Spring,0.7311,169,113
Common Wood-Pigeon,55.87838,-2.08112,7.5,Spring,0.7196,288,181
Common Wood-Pigeon,56.01351,-6.24337,7.5,Spring,0.157,34,10
Common Wood-Pigeon,56.01351,-5.75369,7.5,Spring,0.1632,19,4
Common Wood-Pigeon,56.01351,-5.50885,7.5,Spring,0.1961,97,18
Common Wood-Pigeon,56.01351,-5.26402,7.5,Spring,0.532,45,20
Common Wood-Pigeon,56.01351,-5.01918,7.5,Spring,0.5978,167,112
Common Wood-Pigeon,56.01351,-4.77434,7.5,Spring,0.5058,189,73
Common Wood-Pigeon,56.01351,-4.5295,7.5,Spring,0.6845,435,250
Common Wood-Pigeon,56.01351,-4.28466,7.5,Spring,0.7591,175,117
Common Wood-Pigeon,56.01351,-4.03983,7.5,Spring,0.7649,39,23
Common Wood-Pigeon,56.01351,-3.79499,7.5,Spring,0.7686,421,294
Common Wood-Pigeon,56.01351,-3.55015,7.5,Spring,0.7663,493,383
Common Wood-Pigeon,56.01351,-3.30531,7.5,Spring,0.7607,2906,2171
Common Wood-Pigeon,56.01351,-3.06047,7.5,Spring,0.768,2432,1791
Common Wood-Pigeon,56.01351,-2.81564,7.5,Spring,0.7598,928,634
Common Wood-Pigeon,56.01351,-2.5708,7.5,Spring,0.7306,754,483
Common Wood-Pigeon,56.01351,-2.32596,7.5,Spring,0.6911,300,197
Common Wood-Pigeon,56.14865,-6.24337,7.5,Spring,0.138,11,3
Common Wood-Pigeon,56.14865,-5.50885,7.5,Spring,0.1651,78,10
Common Wood-Pigeon,56.14865,-5.26402,7.5,Spring,0.2708,28,6
Common Wood-Pigeon,56.14865,-5.01918,7.5,Spring,0.2974,25,6
Common Wood-Pigeon,56.14865,-4.77434,7.5,Spring,0.2823,77,11
Common Wood-Pigeon,56.14865,-4.5295,7.5,Spring,0.6474,234,76
Common Wood-Pigeon,56.14865,-4.28466,7.5,Spring,0.7561,180,92
Common Wood-Pigeon,56.14865,-4.03983,7.5,Spring,0.7637,535,420
Common Wood-Pigeon,56.14865,-3.79499,7.5,Spring,0.7675,695,563
Common Wood-Pigeon,56.14865,-3.55015,7.5,Spring,0.7638,219,123
Common Wood-Pigeon,56.14865,-3.30531,7.5,Spring,0.7588,652,439
Common Wood-Pigeon,56.14865,-3.06047,7.5,Spring,0.7645,422,203
Common Wood-Pigeon,56.14865,-2.81564,7.5,Spring,0.7503,399,241
Common Wood-Pigeon,56.14865,-2.5708,7.5,Spring,0.6846,243,57
Common Wood-Pigeon,56.28378,-6.48821,7.5,Spring,0.1098,342,14
Common Wood-Pigeon,56.28378,-6.24337,7.5,Spring,0.118,133,4
Common Wood-Pigeon,56.28378,-5.99853,7.5,Spring,0.1321,21,2
Common Wood-Pigeon,56.28378,-5.75369,7.5,Spring,0.1405,17,2
Common Wood-Pigeon,56.28378,-5.50885,7.5,Spring,0.1607,44,12
Common Wood-Pigeon,56.28378,-5.26402,7.5,Spring,0.1732,4,1
Common Wood-Pigeon,56.28378,-5.01918,7.5,Spring,0.1648,58,10
Common Wood-Pigeon,56.28378,-4.77434,7.5,Spring,0.1829,86,11
Common Wood-Pigeon,56.28378,-4.5295,7.5,Spring,0.5547,56,3
Common Wood-Pigeon,56.28378,-4.28466,7.5,Spring,0.7227,269,98
Common Wood-Pigeon,56.28378,-4.03983,7.5,Spring,0.7391,43,19
Common Wood-Pigeon,56.28378,-3.79499,7.5,Spring,0.7435,106,69
Common Wood-Pigeon,56.28378,-3.55015,7.5,Spring,0.7442,32,16
Common Wood-Pigeon,56.28378,-3.30531,7.5,Spring,0.7509,146,99
Common Wood-Pigeon,56.28378,-3.06047,7.5,Spring,0.7684,546,356
Common Wood-Pigeon,56.28378,-2.81564,7.5,Spring,0.7586,1514,1128
Common Wood-Pigeon,56.28378,-2.5708,7.5,Spring,0.7155,559,304
Common Wood-Pigeon,56.41892,-6.97788,7.5,Spring,0.1019,28,1
Common Wood-Pigeon,56.41892,-6.24337,7.5,Spring,0.1189,177,9
Common Wood-Pigeon,56.41892,-5.99853,7.5,Spring,0.1283,401,39
Common Wood-Pigeon,56.41892,-5.75369,7.5,Spring,0.137,385,26
Common Wood-Pigeon,56.41892,-5.50885,7.5,Spring,0.1574,396,38
Common Wood-Pigeon,56.41892,-5.26402,7.5,Spring,0.1642,39,3
Common Wood-Pigeon,56.41892,-5.01918,7.5,Spring,0.1558,73,7
Common Wood-Pigeon,56.41892,-4.77434,7.5,Spring,0.1826,54,11
Common Wood-Pigeon,56.41892,-4.5295,7.5,Spring,0.5514,40,6
Common Wood-Pigeon,56.41892,-4.28466,7.5,Spring,0.6952,86,36
Common Wood-Pigeon,56.41892,-4.03983,7.5,Spring,0.712,122,81
Common Wood-Pigeon,56.41892,-3.79499,7.5,Spring,0.7182,80,53
Common Wood-Pigeon,56.41892,-3.55015,7.5,Spring,0.7201,238,183
Common Wood-Pigeon,56.41892,-3.30531,7.5,Spring,0.7341,261,205
Common Wood-Pigeon,56.41892,-3.06047,7.5,Spring,0.754,540,395
Common Wood-Pigeon,56.41892,-2.81564,7.5,Spring,0.7263,655,440
Common Wood-Pigeon,56.55405,-6.73304,7.5,Spring,0.1171,34,1
Common Wood-Pigeon,56.55405,-6.24337,7.5,Spring,0.1273,182,15
Common Wood-Pigeon,56.55405,-5.99853,7.5,Spring,0.1346,283,37
Common Wood-Pigeon,56.55405,-5.75369,7.5,Spring,0.143,158,11
Common Wood-Pigeon,56.55405,-5.50885,7.5,Spring,0.1665,85,14
Common Wood-Pigeon,56.55405,-5.26402,7.5,Spring,0.1657,50,4
Common Wood-Pigeon,56.55405,-4.77434,7.5,Spring,0.1864,40,3
Common Wood-Pigeon,56.55405,-4.5295,7.5,Spring,0.5604,2,1
Common Wood-Pigeon,56.55405,-4.28466,7.5,Spring,0.6419,17,6
Common Wood-Pigeon,56.55405,-4.03983,7.5,Spring,0.6672,55,28
Common Wood-Pigeon,56.55405,-3.79499,7.5,Spring,0.6742,74,48
Common Wood-Pigeon,56.55405,-3.55015,7.5,Spring,0.6605,294,140
Common Wood-Pigeon,56.55405,-3.30531,7.5,Spring,0.6973,54,43
Common Wood-Pigeon,56.55405,-3.06047,7.5,Spring,0.7381,50,39
Common Wood-Pigeon,56.55405,-2.81564,7.5,Spring,0.7211,55,39
Common Wood-Pigeon,56.55405,-2.5708,7.5,Spring,0.7046,109,43
Common Wood-Pigeon,56.68919,-6.48821,7.5,Spring,0.1391,42,2
Common Wood-Pigeon,56.68919,-6.24337,7.5,Spring,0.1415,84,3
Common Wood-Pigeon,56.68919,-5.99853,7.5,Spring,0.1491,205,20
Common Wood-Pigeon,56.68919,-5.75369,7.5,Spring,0.1592,96,12
Common Wood-Pigeon,56.68919,-5.50885,7.5,Spring,0.1888,74,16
Common Wood-Pigeon,56.68919,-5.26402,7.5,Spring,0.1908,113,15
Common Wood-Pigeon,56.68919,-5.01918,7.5,Spring,0.1777,215,27
Common Wood-Pigeon,56.68919,-4.28466,7.5,Spring,0.6416,19,4
Common Wood-Pigeon,56.68919,-4.03983,7.5,Spring,0.6675,46,11
Common Wood-Pigeon,56.68919,-3.79499,7.5,Spring,0.6756,290,184
Common Wood-Pigeon,56.68919,-3.55015,7.5,Spring,0.6581,26,14
Common Wood-Pigeon,56.68919,-3.30531,7.5,Spring,0.6927,83,60
Common Wood-Pigeon,56.68919,-3.06047,7.5,Spring,0.739,181,125
Common Wood-Pigeon,56.68919,-2.81564,7.5,Spring,0.7243,111,86
Common Wood-Pigeon,56.68919,-2.5708,7.5,Spring,0.7117,253,181
Common Wood-Pigeon,56.68919,-2.32596,7.5,Spring,0.7161,22,14
Common Wood-Pigeon,56.82432,-6.24337,7.5,Spring,0.1433,25,3
Common Wood-Pigeon,56.82432,-5.99853,7.5,Spring,0.1504,17,2
Common Wood-Pigeon,56.82432,-5.75369,7.5,Spring,0.1603,83,16
Common Wood-Pigeon,56.82432,-5.50885,7.5,Spring,0.1845,86,17
Common Wood-Pigeon,56.82432,-5.26402,7.5,Spring,0.1835,28,5
Common Wood-Pigeon,56.82432,-5.01918,7.5,Spring,0.1709,256,30
Common Wood-Pigeon,56.82432,-4.77434,7.5,Spring,0.2148,30,13
Common Wood-Pigeon,56.82432,-4.28466,7.5,Spring,0.5912,17,1
Common Wood-Pigeon,56.82432,-4.03983,7.5,Spring,0.6196,45,12
Common Wood-Pigeon,56.82432,-3.79499,7.5,Spring,0.6101,59,29
Common Wood-Pigeon,56.82432,-3.55015,7.5,Spring,0.586,19,5
Common Wood-Pigeon,56.82432,-3.30531,7.5,Spring,0.6299,111,11
Common Wood-Pigeon,56.82432,-3.06047,7.5,Spring,0.7087,25,18
Common Wood-Pigeon,56.82432,-2.81564,7.5,Spring,0.7031,10,4
Common Wood-Pigeon,56.82432,-2.5708,7.5,Spring,0.7003,127,93
Common Wood-Pigeon,56.82432,-2.32596,7.5,Spring,0.7023,78,34
Common Wood-Pigeon,56.95946,-7.46756,7.5,Spring,0.0862,82,1
Common Wood-Pigeon,56.95946,-6.24337,7.5,Spring,0.1385,108,20
Common Wood-Pigeon,56.95946,-5.75369,7.5,Spring,0.1527,175,14
Common Wood-Pigeon,56.95946,-5.01918,7.5,Spring,0.1683,46,6
Common Wood-Pigeon,56.95946,-4.77434,7.5,Spring,0.2135,11,1
Common Wood-Pigeon,56.95946,-4.5295,7.5,Spring,0.5635,55,19
Common Wood-Pigeon,56.95946,-4.28466,7.5,Spring,0.5984,91,30
Common Wood-Pigeon,56.95946,-4.03983,7.5,Spring,0.621,3,1
Common Wood-Pigeon,56.95946,-3.79499,7.5,Spring,0.6104,7,4
Common Wood-Pigeon,56.95946,-3.55015,7.5,Spring,0.5842,57,13
Common Wood-Pigeon,56.95946,-3.30531,7.5,Spring,0.6284,107,52
Common Wood-Pigeon,56.95946,-3.06047,7.5,Spring,0.6997,23,14
Common Wood-Pigeon,56.95946,-2.81564,7.5,Spring,0.6966,10,6
Common Wood-Pigeon,56.95946,-2.5708,7.5,Spring,0.6963,21,9
Common Wood-Pigeon,56.95946,-2.32596,7.5,Spring,0.6999,74,47
Common Wood-Pigeon,56.95946,-2.08112,7.5,Spring,0.7316,269,122
Common Wood-Pigeon,57.09459,-7.46756,7.5,Spring,0.0873,60,1
Common Wood-Pigeon,57.09459,-7.22272,7.5,Spring,0.0962,65,1
Common Wood-Pigeon,57.09459,-6.48821,7.5,Spring,0.1405,30,4
Common Wood-Pigeon,57.09459,-5.99853,7.5,Spring,0.145,100,8
Common Wood-Pigeon,57.09459,-5.75369,7.5,Spring,0.1541,50,5
Common Wood-Pigeon,57.09459,-4.77434,7.5,Spring,0.2136,114,32
Common Wood-Pigeon,57.09459,-4.5295,7.5,Spring,0.5707,8,1
Common Wood-Pigeon,57.09459,-4.28466,7.5,Spring,0.6032,5,2
Common Wood-Pigeon,57.09459,-4.03983,7.5,Spring,0.6298,709,352
Common Wood-Pigeon,57.09459,-3.79499,7.5,Spring,0.6151,375,162
Common Wood-Pigeon,57.09459,-3.55015,7.5,Spring,0.5902,433,39
Common Wood-Pigeon,57.09459,-3.30531,7.5,Spring,0.64,78,47
Common Wood-Pigeon,57.09459,-3.06047,7.5,Spring,0.7088,69,42
Common Wood-Pigeon,57.09459,-2.81564,7.5,Spring,0.7085,188,106
Common Wood-Pigeon,57.09459,-2.5708,7.5,Spring,0.713,64,44
Common Wood-Pigeon,57.09459,-2.32596,7.5,Spring,0.7188,89,60
Common Wood-Pigeon,57.09459,-2.08112,7.5,Spring,0.7535,1560,1084
Common Wood-Pigeon,57.22973,-7.46756,7.5,Spring,0.0857,214,1
Common Wood-Pigeon,57.22973,-7.22272,7.5,Spring,0.0956,50,3
Common Wood-Pigeon,57.22973,-6.48821,7.5,Spring,0.1401,23,4
Common Wood-Pigeon,57.22973,-5.99853,7.5,Spring,0.1435,315,9
Common Wood-Pigeon,57.22973,-5.75369,7.5,Spring,0.1536,159,15
Common Wood-Pigeon,57.22973,-5.50885,7.5,Spring,0.1794,128,19
Common Wood-Pigeon,57.22973,-5.01918,7.5,Spring,0.1684,41,4
Common Wood-Pigeon,57.22973,-4.77434,7.5,Spring,0.218,34,4
Common Wood-Pigeon,57.22973,-4.5295,7.5,Spring,0.5826,45,6
Common Wood-Pigeon,57.22973,-4.28466,7.5,Spring,0.6136,11,4
Common Wood-Pigeon,57.22973,-4.03983,7.5,Spring,0.6398,252,116
Common Wood-Pigeon,57.22973,-3.79499,7.5,Spring,0.6387,2240,1136
Common Wood-Pigeon,57.22973,-3.55015,7.5,Spring,0.6362,560,316
Common Wood-Pigeon,57.22973,-3.30531,7.5,Spring,0.6599,123,46
Common Wood-Pigeon,57.22973,-3.06047,7.5,Spring,0.7048,10,1
Common Wood-Pigeon,57.22973,-2.81564,7.5,Spring,0.705,24,18
Common Wood-Pigeon,57.22973,-2.5708,7.5,Spring,0.7088,20,16
Common Wood-Pigeon,57.22973,-2.32596,7.5,Spring,0.7143,52,41
Common Wood-Pigeon,57.22973,-2.08112,7.5,Spring,0.7319,488,329
Common Wood-Pigeon,57.36486,-7.46756,7.5,Spring,0.0861,199,2
Common Wood-Pigeon,57.36486,-7.22272,7.5,Spring,0.0947,119,4
Common Wood-Pigeon,57.36486,-6.73304,7.5,Spring,0.1304,87,1
Common Wood-Pigeon,57.36486,-6.48821,7.5,Spring,0.1435,77,1
Common Wood-Pigeon,57.36486,-6.24337,7.5,Spring,0.1411,242,39
Common Wood-Pigeon,57.36486,-5.99853,7.5,Spring,0.1455,41,5
Common Wood-Pigeon,57.36486,-5.75369,7.5,Spring,0.1544,69,11
Common Wood-Pigeon,57.36486,-5.50885,7.5,Spring,0.1779,59,3
Common Wood-Pigeon,57.36486,-4.77434,7.5,Spring,0.2325,86,36
Common Wood-Pigeon,57.36486,-4.5295,7.5,Spring,0.6242,272,144
Common Wood-Pigeon,57.36486,-4.28466,7.5,Spring,0.6483,333,98
Common Wood-Pigeon,57.36486,-4.03983,7.5,Spring,0.6493,118,42
Common Wood-Pigeon,57.36486,-3.79499,7.5,Spring,0.6478,407,132
Common Wood-Pigeon,57.36486,-3.55015,7.5,Spring,0.6477,445,270
Common Wood-Pigeon,57.36486,-3.30531,7.5,Spring,0.6677,43,20
Common Wood-Pigeon,57.36486,-3.06047,7.5,Spring,0.7008,5,1
Common Wood-Pigeon,57.36486,-2.81564,7.5,Spring,0.6958,14,11
Common Wood-Pigeon,57.36486,-2.5708,7.5,Spring,0.6955,25,16
Common Wood-Pigeon,57.36486,-2.32596,7.5,Spring,0.6975,30,24
Common Wood-Pigeon,57.36486,-2.08112,7.5,Spring,0.7127,274,144
Common Wood-Pigeon,57.36486,-1.83628,7.5,Spring,0.3409,69,26
Common Wood-Pigeon,57.5,-7.46756,7.5,Spring,0.084,266,3
Common Wood-Pigeon,57.5,-7.22272,7.5,Spring,0.0918,151,4
Common Wood-Pigeon,57.5,-6.73304,7.5,Spring,0.128,445,87
Common Wood-Pigeon,57.5,-6.48821,7.5,Spring,0.1478,129,14
Common Wood-Pigeon,57.5,-6.24337,7.5,Spring,0.142,165,12
Common Wood-Pigeon,57.5,-5.75369,7.5,Spring,0.1562,47,10
Common Wood-Pigeon,57.5,-5.50885,7.5,Spring,0.1773,38,6
Common Wood-Pigeon,57.5,-5.26402,7.5,Spring,0.1859,21,2
Common Wood-Pigeon,57.5,-5.01918,7.5,Spring,0.1721,14,1
Common Wood-Pigeon,57.5,-4.5295,7.5,Spring,0.659,192,80
Common Wood-Pigeon,57.5,-4.28466,7.5,Spring,0.6864,915,679
Common Wood-Pigeon,57.5,-4.03983,7.5,Spring,0.6731,691,389
Common Wood-Pigeon,57.5,-3.79499,7.5,Spring,0.6708,39,14
Common Wood-Pigeon,57.5,-3.55015,7.5,Spring,0.6647,26,8
Common Wood-Pigeon,57.5,-3.30531,7.5,Spring,0.6785,49,34
Common Wood-Pigeon,57.5,-3.06047,7.5,Spring,0.7065,32,23
Common Wood-Pigeon,57.5,-2.81564,7.5,Spring,0.7009,26,9
Common Wood-Pigeon,57.5,-2.5708,7.5,Spring,0.7006,1,1
Common Wood-Pigeon,57.5,-2.32596,7.5,Spring,0.703,43,29
Common Wood-Pigeon,57.5,-2.08112,7.5,Spring,0.7168,46,36
Common Wood-Pigeon,57.5,-1.83628,7.5,Spring,0.3298,128,33
Common Wood-Pigeon,57.63514,-7.46756,7.5,Spring,0.0836,489,24
Common Wood-Pigeon,57.63514,-7.22272,7.5,Spring,0.09,123,4
Common Wood-Pigeon,57.63514,-6.48821,7.5,Spring,0.1389,131,10
Common Wood-Pigeon,57.63514,-6.24337,7.5,Spring,0.1352,360,20
Common Wood-Pigeon,57.63514,-5.75369,7.5,Spring,0.1526,56,24
Common Wood-Pigeon,57.63514,-5.50885,7.5,Spring,0.1724,19,5
Common Wood-Pigeon,57.63514,-5.26402,7.5,Spring,0.183,54,8
Common Wood-Pigeon,57.63514,-5.01918,7.5,Spring,0.168,22,2
Common Wood-Pigeon,57.63514,-4.77434,7.5,Spring,0.2127,38,4
Common Wood-Pigeon,57.63514,-4.5295,7.5,Spring,0.6516,168,89
Common Wood-Pigeon,57.63514,-4.28466,7.5,Spring,0.6801,160,86
Common Wood-Pigeon,57.63514,-4.03983,7.5,Spring,0.6662,569,245
Common Wood-Pigeon,57.63514,-3.79499,7.5,Spring,0.6675,223,124
Common Wood-Pigeon,57.63514,-3.55015,7.5,Spring,0.6614,328,193
Common Wood-Pigeon,57.63514,-3.30531,7.5,Spring,0.6737,232,147
Common Wood-Pigeon,57.63514,-3.06047,7.5,Spring,0.6988,167,92
Common Wood-Pigeon,57.63514,-2.81564,7.5,Spring,0.6911,87,29
Common Wood-Pigeon,57.63514,-2.5708,7.5,Spring,0.6871,131,20
Common Wood-Pigeon,57.63514,-2.32596,7.5,Spring,0.6883,147,22
Common Wood-Pigeon,57.63514,-2.08112,7.5,Spring,0.7029,51,11
Common Wood-Pigeon,57.63514,-1.83628,7.5,Spring,0.3288,232,146
Common Wood-Pigeon,57.77027,-8.69175,7.5,Spring,0.1016,65,2
Common Wood-Pigeon,57.77027,-8.44691,7.5,Spring,0.0895,23,3
Common Wood-Pigeon,57.77027,-6.97788,7.5,Spring,0.0892,68,1
Common Wood-Pigeon,57.77027,-5.75369,7.5,Spring,0.1654,131,20
Common Wood-Pigeon,57.77027,-5.50885,7.5,Spring,0.2008,84,21
Common Wood-Pigeon,57.77027,-5.01918,7.5,Spring,0.1826,49,2
Common Wood-Pigeon,57.77027,-4.28466,7.5,Spring,0.6646,40,17
Common Wood-Pigeon,57.77027,-4.03983,7.5,Spring,0.6468,201,116
Common Wood-Pigeon,57.77027,-3.79499,7.5,Spring,0.6519,199,169
Common Wood-Pigeon,57.77027,-3.55015,7.5,Spring,0.5976,157,30
Common Wood-Pigeon,57.77027,-3.30531,7.5,Spring,0.5571,165,36
Common Wood-Pigeon,57.77027,-2.81564,7.5,Spring,0.5285,41,3
Common Wood-Pigeon,57.90541,-6.97788,7.5,Spring,0.0891,91,1
Common Wood-Pigeon,57.90541,-6.73304,7.5,Spring,0.1239,58,1
Common Wood-Pigeon,57.90541,-5.75369,7.5,Spring,0.15,31,3
Common Wood-Pigeon,57.90541,-5.50885,7.5,Spring,0.1647,117,8
Common Wood-Pigeon,57.90541,-5.26402,7.5,Spring,0.1918,130,20
Common Wood-Pigeon,57.90541,-5.01918,7.5,Spring,0.1908,7,2
Common Wood-Pigeon,57.90541,-4.5295,7.5,Spring,0.4743,18,6
Common Wood-Pigeon,57.90541,-4.28466,7.5,Spring,0.5235,115,51
Common Wood-Pigeon,57.90541,-4.03983,7.5,Spring,0.4973,326,111
Common Wood-Pigeon,57.90541,-3.79499,7.5,Spring,0.5075,70,35
Common Wood-Pigeon,58.04054,-7.22272,7.5,Spring,0.0986,4,1
Common Wood-Pigeon,58.04054,-6.73304,7.5,Spring,0.13,42,2
Common Wood-Pigeon,58.04054,-6.48821,7.5,Spring,0.1552,31,2
Common Wood-Pigeon,58.04054,-5.50885,7.5,Spring,0.1598,6,1
Common Wood-Pigeon,58.04054,-5.26402,7.5,Spring,0.1827,24,2
Common Wood-Pigeon,58.04054,-4.5295,7.5,Spring,0.2541,61,19
Common Wood-Pigeon,58.04054,-4.28466,7.5,Spring,0.2663,55,23
Common Wood-Pigeon,58.04054,-4.03983,7.5,Spring,0.2601,61,22
Common Wood-Pigeon,58.04054,-3.79499,7.5,Spring,0.2675,75,25
Common Wood-Pigeon,58.17568,-6.97788,7.5,Spring,0.0962,41,2
Common Wood-Pigeon,58.17568,-6.73304,7.5,Spring,0.1376,86,6
Common Wood-Pigeon,58.17568,-6.48821,7.5,Spring,0.1684,169,89
Common Wood-Pigeon,58.17568,-6.24337,7.5,Spring,0.1448,77,8
Common Wood-Pigeon,58.17568,-5.50885,7.5,Spring,0.1586,17,1
Common Wood-Pigeon,58.17568,-5.26402,7.5,Spring,0.1802,130,14
Common Wood-Pigeon,58.17568,-4.03983,7.5,Spring,0.2373,8,3
Common Wood-Pigeon,58.17568,-3.79499,7.5,Spring,0.2461,13,5
Common Wood-Pigeon,58.17568,-3.55015,7.5,Spring,0.2457,19,4
Common Wood-Pigeon,58.31081,-6.73304,7.5,Spring,0.1072,84,2
Common Wood-Pigeon,58.31081,-6.48821,7.5,Spring,0.1181,58,4
Common Wood-Pigeon,58.31081,-6.24337,7.5,Spring,0.108,135,14
Common Wood-Pigeon,58.31081,-5.26402,7.5,Spring,0.1598,43,7
Common Wood-Pigeon,58.31081,-5.01918,7.5,Spring,0.1471,43,1
Common Wood-Pigeon,58.31081,-4.5295,7.5,Spring,0.2056,14,2
Common Wood-Pigeon,58.31081,-4.03983,7.5,Spring,0.2102,3,2
Common Wood-Pigeon,58.31081,-3.79499,7.5,Spring,0.2213,31,2
Common Wood-Pigeon,58.31081,-3.55015,7.5,Spring,0.222,14,2
Common Wood-Pigeon,58.31081,-3.30531,7.5,Spring,0.2188,19,6
Common Wood-Pigeon,58.31081,-3.06047,7.5,Spring,0.2192,18,2
Common Wood-Pigeon,58.44595,-6.48821,7.5,Spring,0.1177,12,1
Common Wood-Pigeon,58.44595,-6.24337,7.5,Spring,0.1068,106,1
Common Wood-Pigeon,58.44595,-5.26402,7.5,Spring,0.1548,89,12
Common Wood-Pigeon,58.44595,-5.01918,7.5,Spring,0.1448,31,5
Common Wood-Pigeon,58.44595,-4.5295,7.5,Spring,0.2058,28,2
Common Wood-Pigeon,58.44595,-3.79499,7.5,Spring,0.2191,4,1
Common Wood-Pigeon,58.44595,-3.55015,7.5,Spring,0.2205,11,3
Common Wood-Pigeon,58.44595,-3.30531,7.5,Spring,0.2208,21,4
Common Wood-Pigeon,58.44595,-3.06047,7.5,Spring,0.2225,87,22
Common Wood-Pigeon,58.58108,-4.77434,7.5,Spring,0.1439,149,21
Common Wood-Pigeon,58.58108,-4.28466,7.5,Spring,0.2105,22,3
Common Wood-Pigeon,58.58108,-4.03983,7.5,Spring,0.2072,19,5
Common Wood-Pigeon,58.58108,-3.79499,7.5,Spring,0.2155,34,2
Common Wood-Pigeon,58.58108,-3.55015,7.5,Spring,0.2152,95,29
Common Wood-Pigeon,58.58108,-3.30531,7.5,Spring,0.2012,100,18
Common Wood-Pigeon,58.58108,-3.06047,7.5,Spring,0.1849,142,5
Common Wood-Pigeon,58.71622,-3.30531,7.5,Spring,0.1734,86,4
Common Wood-Pigeon,58.71622,-3.06047,7.5,Spring,0.1686,32,7
Common Wood-Pigeon,58.85135,-3.30531,7.5,Spring,0.1739,97,1
Common Wood-Pigeon,58.85135,-3.06047,7.5,Spring,0.1723,66,11
Common Wood-Pigeon,58.85135,-2.81564,7.5,Spring,0.1904,115,22
Common Wood-Pigeon,58.98649,-3.30531,7.5,Spring,0.1993,299,38
Common Wood-Pigeon,58.98649,-3.06047,7.5,Spring,0.2209,323,91
Common Wood-Pigeon,58.98649,-2.81564,7.5,Spring,0.2135,106,22
Common Wood-Pigeon,59.12162,-3.30531,7.5,Spring,0.1357,228,28
Common Wood-Pigeon,59.12162,-3.06047,7.5,Spring,0.1547,182,37
Common Wood-Pigeon,59.25676,-3.06047,7.5,Spring,0.1437,27,4
Common Wood-Pigeon,59.39189,-2.81564,7.5,Spring,0.119,24,1
Common Wood-Pigeon,59.39189,-2.32596,7.5,Spring,0.1119,344,37
Common Wood-Pigeon,59.52703,-1.59145,7.5,Spring,0.1084,456,198
Common Wood-Pigeon,59.7973,-1.34661,7.5,Spring,0.0825,175,3
Common Wood-Pigeon,59.93243,-1.34661,7.5,Spring,0.0802,1629,382
Common Wood-Pigeon,59.93243,-1.10177,7.5,Spring,0.1069,131,1
Common Wood-Pigeon,60.06757,-1.34661,7.5,Spring,0.1023,437,133
Common Wood-Pigeon,60.06757,-1.10177,7.5,Spring,0.126,123,5
Common Wood-Pigeon,60.2027,-1.34661,7.5,Spring,0.1255,134,19
Common Wood-Pigeon,60.2027,-1.10177,7.5,Spring,0.1174,488,50
Common Wood-Pigeon,60.33784,-1.34661,7.5,Spring,0.1444,70,9
Common Wood-Pigeon,60.33784,-1.10177,7.5,Spring,0.1169,26,5
Common Wood-Pigeon,60.47297,-1.34661,7.5,Spring,0.1414,52,7
Common Wood-Pigeon,60.47297,-0.85693,7.5,Spring,0.1443,26,8
Common Wood-Pigeon,60.60811,-1.34661,7.5,Spring,0.143,24,2
Common Wood-Pigeon,60.60811,-1.10177,7.5,Spring,0.1129,33,1
Common Wood-Pigeon,60.60811,-0.85693,7.5,Spring,0.1447,78,4
Common Wood-Pigeon,60.74324,-0.85693,7.5,Spring,0.1595,385,73
Common Wood-Pigeon,60.87838,-0.85693,7.5,Spring,0.1603,114,1
Common Wood-Pigeon,54.66216,-5.01918,7.5,Summer,0.3717,12,1
Common Wood-Pigeon,54.66216,-4.77434,7.5,Summer,0.4038,43,4
Common Wood-Pigeon,54.66216,-4.28466,7.5,Summer,0.5952,11,2
Common Wood-Pigeon,54.7973,-5.01918,7.5,Summer,0.3945,55,19
Common Wood-Pigeon,54.7973,-4.77434,7.5,Summer,0.4324,8,2
Common Wood-Pigeon,54.7973,-4.5295,7.5,Summer,0.5425,34,17
Common Wood-Pigeon,54.7973,-4.28466,7.5,Summer,0.6017,27,8
Common Wood-Pigeon,54.7973,-4.03983,7.5,Summer,0.63,46,22
Common Wood-Pigeon,54.7973,-3.79499,7.5,Summer,0.652,22,14
Common Wood-Pigeon,54.93243,-5.01918,7.5,Summer,0.4203,74,16
Common Wood-Pigeon,54.93243,-4.77434,7.5,Summer,0.4659,13,10
Common Wood-Pigeon,54.93243,-4.5295,7.5,Summer,0.5781,52,20
Common Wood-Pigeon,54.93243,-4.28466,7.5,Summer,0.6482,35,15
Common Wood-Pigeon,54.93243,-4.03983,7.5,Summer,0.6766,106,53
Common Wood-Pigeon,54.93243,-3.79499,7.5,Summer,0.6998,76,48
Common Wood-Pigeon,54.93243,-3.55015,7.5,Summer,0.7048,171,86
Common Wood-Pigeon,54.93243,-3.30531,7.5,Summer,0.6929,22,14
Common Wood-Pigeon,54.93243,-3.06047,7.5,Summer,0.7285,41,30
Common Wood-Pigeon,55.06757,-5.26402,7.5,Summer,0.3884,23,2
Common Wood-Pigeon,55.06757,-5.01918,7.5,Summer,0.4139,12,3
Common Wood-Pigeon,55.06757,-4.77434,7.5,Summer,0.465,10,6
Common Wood-Pigeon,55.06757,-4.5295,7.5,Summer,0.5617,44,8
Common Wood-Pigeon,55.06757,-4.28466,7.5,Summer,0.6538,16,3
Common Wood-Pigeon,55.06757,-4.03983,7.5,Summer,0.6848,63,37
Common Wood-Pigeon,55.06757,-3.79499,7.5,Summer,0.7083,17,6
Common Wood-Pigeon,55.06757,-3.55015,7.5,Summer,0.7196,192,168
Common Wood-Pigeon,55.06757,-3.30531,7.5,Summer,0.7122,52,32
Common Wood-Pigeon,55.06757,-3.06047,7.5,Summer,0.7471,13,5
Common Wood-Pigeon,55.2027,-5.01918,7.5,Summer,0.4091,17,1
Common Wood-Pigeon,55.2027,-4.77434,7.5,Summer,0.4598,30,4
Common Wood-Pigeon,55.2027,-4.28466,7.5,Summer,0.6516,23,15
Common Wood-Pigeon,55.2027,-4.03983,7.5,Summer,0.6786,23,18
Common Wood-Pigeon,55.2027,-3.79499,7.5,Summer,0.6986,14,8
Common Wood-Pigeon,55.2027,-3.55015,7.5,Summer,0.7067,9,8
Common Wood-Pigeon,55.2027,-3.30531,7.5,Summer,0.6968,58,29
Common Wood-Pigeon,55.2027,-3.06047,7.5,Summer,0.7326,22,13
Common Wood-Pigeon,55.2027,-2.81564,7.5,Summer,0.7199,13,5
Common Wood-Pigeon,55.33784,-5.75369,7.5,Summer,0.1723,17,3
Common Wood-Pigeon,55.33784,-5.50885,7.5,Summer,0.1983,14,2
Common Wood-Pigeon,55.33784,-4.77434,7.5,Summer,0.4726,137,48
Common Wood-Pigeon,55.33784,-4.5295,7.5,Summer,0.5957,7,4
Common Wood-Pigeon,55.33784,-4.28466,7.5,Summer,0.653,47,13
Common Wood-Pigeon,55.33784,-4.03983,7.5,Summer,0.6724,3,1
Common Wood-Pigeon,55.33784,-3.79499,7.5,Summer,0.6868,22,6
Common Wood-Pigeon,55.33784,-3.55015,7.5,Summer,0.693,45,17
Common Wood-Pigeon,55.33784,-3.30531,7.5,Summer,0.6824,14,3
Common Wood-Pigeon,55.33784,-2.81564,7.5,Summer,0.715,2,1
Common Wood-Pigeon,55.33784,-2.5708,7.5,Summer,0.6949,8,2
Common Wood-Pigeon,55.47297,-5.75369,7.5,Summer,0.1651,39,1
Common Wood-Pigeon,55.47297,-5.50885,7.5,Summer,0.1925,25,2
Common Wood-Pigeon,55.47297,-5.26402,7.5,Summer,0.4343,20,10
Common Wood-Pigeon,55.47297,-5.01918,7.5,Summer,0.4645,38,16
Common Wood-Pigeon,55.47297,-4.77434,7.5,Summer,0.4852,450,62
Common Wood-Pigeon,55.47297,-4.5295,7.5,Summer,0.6736,794,465
Common Wood-Pigeon,55.47297,-4.28466,7.5,Summer,0.6975,34,13
Common Wood-Pigeon,55.47297,-3.79499,7.5,Summer,0.7085,96,14
Common Wood-Pigeon,55.47297,-3.55015,7.5,Summer,0.7105,88,26
Common Wood-Pigeon,55.47297,-3.30531,7.5,Summer,0.7008,63,25
Common Wood-Pigeon,55.47297,-3.06047,7.5,Summer,0.7461,3,1
Common Wood-Pigeon,55.47297,-2.81564,7.5,Summer,0.7474,11,6
Common Wood-Pigeon,55.47297,-2.5708,7.5,Summer,0.7255,29,28
Common Wood-Pigeon,55.47297,-2.32596,7.5,Summer,0.7179,3,2
Common Wood-Pigeon,55.60811,-6.24337,7.5,Summer,0.1398,83,2
Common Wood-Pigeon,55.60811,-5.99853,7.5,Summer,0.1377,10,1
Common Wood-Pigeon,55.60811,-5.75369,7.5,Summer,0.1582,15,5
Common Wood-Pigeon,55.60811,-5.50885,7.5,Summer,0.1944,12,4
Common Wood-Pigeon,55.60811,-5.26402,7.5,Summer,0.4699,104,41
Common Wood-Pigeon,55.60811,-5.01918,7.5,Summer,0.4928,24,3
Common Wood-Pigeon,55.60811,-4.77434,7.5,Summer,0.4816,3125,1125
Common Wood-Pigeon,55.60811,-4.5295,7.5,Summer,0.672,27860,11712
Common Wood-Pigeon,55.60811,-4.28466,7.5,Summer,0.7215,20,7
Common Wood-Pigeon,55.60811,-4.03983,7.5,Summer,0.7284,5,4
Common Wood-Pigeon,55.60811,-3.79499,7.5,Summer,0.7345,38,17
Common Wood-Pigeon,55.60811,-3.55015,7.5,Summer,0.739,78,47
Common Wood-Pigeon,55.60811,-3.30531,7.5,Summer,0.7324,49,37
Common Wood-Pigeon,55.60811,-3.06047,7.5,Summer,0.7708,83,51
Common Wood-Pigeon,55.60811,-2.81564,7.5,Summer,0.7653,109,84
Common Wood-Pigeon,55.60811,-2.5708,7.5,Summer,0.7359,41,26
Common Wood-Pigeon,55.60811,-2.32596,7.5,Summer,0.7267,20,16
Common Wood-Pigeon,55.74324,-6.48821,7.5,Summer,0.1381,38,4
Common Wood-Pigeon,55.74324,-6.24337,7.5,Summer,0.1588,63,8
Common Wood-Pigeon,55.74324,-5.99853,7.5,Summer,0.1535,12,1
Common Wood-Pigeon,55.74324,-5.75369,7.5,Summer,0.1703,17,3
Common Wood-Pigeon,55.74324,-5.50885,7.5,Summer,0.1937,42,4
Common Wood-Pigeon,55.74324,-5.26402,7.5,Summer,0.4802,32,8
Common Wood-Pigeon,55.74324,-5.01918,7.5,Summer,0.5223,93,32
Common Wood-Pigeon,55.74324,-4.77434,7.5,Summer,0.5108,62,23
Common Wood-Pigeon,55.74324,-4.5295,7.5,Summer,0.6367,277,67
Common Wood-Pigeon,55.74324,-4.28466,7.5,Summer,0.7156,507,188
Common Wood-Pigeon,55.74324,-4.03983,7.5,Summer,0.7267,219,163
Common Wood-Pigeon,55.74324,-3.79499,7.5,Summer,0.7317,20,9
Common Wood-Pigeon,55.74324,-3.55015,7.5,Summer,0.736,24,15
Common Wood-Pigeon,55.74324,-3.30531,7.5,Summer,0.7312,29,23
Common Wood-Pigeon,55.74324,-3.06047,7.5,Summer,0.7649,133,102
Common Wood-Pigeon,55.74324,-2.81564,7.5,Summer,0.7587,18,15
Common Wood-Pigeon,55.74324,-2.5708,7.5,Summer,0.7294,14,12
Common Wood-Pigeon,55.74324,-2.32596,7.5,Summer,0.721,10,7
Common Wood-Pigeon,55.74324,-2.08112,7.5,Summer,0.7105,40,28
Common Wood-Pigeon,55.87838,-6.48821,7.5,Summer,0.1319,11,1
Common Wood-Pigeon,55.87838,-6.24337,7.5,Summer,0.1463,94,16
Common Wood-Pigeon,55.87838,-5.75369,7.5,Summer,0.1529,7,3
Common Wood-Pigeon,55.87838,-5.50885,7.5,Summer,0.1704,48,8
Common Wood-Pigeon,55.87838,-5.26402,7.5,Summer,0.4789,24,8
Common Wood-Pigeon,55.87838,-5.01918,7.5,Summer,0.5281,15,7
Common Wood-Pigeon,55.87838,-4.77434,7.5,Summer,0.4958,45,13
Common Wood-Pigeon,55.87838,-4.5295,7.5,Summer,0.6649,292,177
Common Wood-Pigeon,55.87838,-4.28466,7.5,Summer,0.764,1378,832
Common Wood-Pigeon,55.87838,-4.03983,7.5,Summer,0.7636,131,63
Common Wood-Pigeon,55.87838,-3.79499,7.5,Summer,0.7652,42,25
Common Wood-Pigeon,55.87838,-3.55015,7.5,Summer,0.767,134,106
Common Wood-Pigeon,55.87838,-3.30531,7.5,Summer,0.7669,1184,891
Common Wood-Pigeon,55.87838,-3.06047,7.5,Summer,0.7896,1626,1371
Common Wood-Pigeon,55.87838,-2.81564,7.5,Summer,0.7794,98,92
Common Wood-Pigeon,55.87838,-2.5708,7.5,Summer,0.7371,109,52
Common Wood-Pigeon,55.87838,-2.32596,7.5,Summer,0.7217,75,59
Common Wood-Pigeon,55.87838,-2.08112,7.5,Summer,0.7065,295,174
Common Wood-Pigeon,56.01351,-6.24337,7.5,Summer,0.1442,22,1
Common Wood-Pigeon,56.01351,-5.99853,7.5,Summer,0.1431,3,1
Common Wood-Pigeon,56.01351,-5.50885,7.5,Summer,0.169,37,8
Common Wood-Pigeon,56.01351,-5.26402,7.5,Summer,0.4596,22,9
Common Wood-Pigeon,56.01351,-5.01918,7.5,Summer,0.5249,85,46
Common Wood-Pigeon,56.01351,-4.77434,7.5,Summer,0.5012,128,50
Common Wood-Pigeon,56.01351,-4.5295,7.5,Summer,0.6458,279,120
Common Wood-Pigeon,56.01351,-4.28466,7.5,Summer,0.7393,90,52
Common Wood-Pigeon,56.01351,-4.03983,7.5,Summer,0.7484,53,32
Common Wood-Pigeon,56.01351,-3.79499,7.5,Summer,0.7522,365,268
Common Wood-Pigeon,56.01351,-3.55015,7.5,Summer,0.7513,266,190
Common Wood-Pigeon,56.01351,-3.30531,7.5,Summer,0.7472,2181,1546
Common Wood-Pigeon,56.01351,-3.06047,7.5,Summer,0.7569,2396,1762
Common Wood-Pigeon,56.01351,-2.81564,7.5,Summer,0.7456,786,521
Common Wood-Pigeon,56.01351,-2.5708,7.5,Summer,0.711,613,361
Common Wood-Pigeon,56.01351,-2.32596,7.5,Summer,0.6483,130,86
Common Wood-Pigeon,56.14865,-6.24337,7.5,Summer,0.1308,6,1
Common Wood-Pigeon,56.14865,-5.50885,7.5,Summer,0.1514,74,10
Common Wood-Pigeon,56.14865,-5.26402,7.5,Summer,0.2414,28,6
Common Wood-Pigeon,56.14865,-5.01918,7.5,Summer,0.2497,10,2
Common Wood-Pigeon,56.14865,-4.77434,7.5,Summer,0.2743,98,15
Common Wood-Pigeon,56.14865,-4.5295,7.5,Summer,0.6024,225,74
Common Wood-Pigeon,56.14865,-4.28466,7.5,Summer,0.7304,111,40
Common Wood-Pigeon,56.14865,-4.03983,7.5,Summer,0.7436,349,229
Common Wood-Pigeon,56.14865,-3.79499,7.5,Summer,0.7485,328,256
Common Wood-Pigeon,56.14865,-3.55015,7.5,Summer,0.7464,114,62
Common Wood-Pigeon,56.14865,-3.30531,7.5,Summer,0.7428,405,255
Common Wood-Pigeon,56.14865,-3.06047,7.5,Summer,0.751,158,110
Common Wood-Pigeon,56.14865,-2.81564,7.5,Summer,0.7317,174,125
Common Wood-Pigeon,56.14865,-2.5708,7.5,Summer,0.6538,245,90
Common Wood-Pigeon,56.28378,-6.48821,7.5,Summer,0.1119,238,9
Common Wood-Pigeon,56.28378,-6.24337,7.5,Summer,0.1184,89,7
Common Wood-Pigeon,56.28378,-5.75369,7.5,Summer,0.1361,34,4
Common Wood-Pigeon,56.28378,-5.50885,7.5,Summer,0.1495,51,9
Common Wood-Pigeon,56.28378,-5.26402,7.5,Summer,0.163,19,1
Common Wood-Pigeon,56.28378,-5.01918,7.5,Summer,0.1465,74,8
Common Wood-Pigeon,56.28378,-4.77434,7.5,Summer,0.1724,90,3
Common Wood-Pigeon,56.28378,-4.5295,7.5,Summer,0.5445,49,9
Common Wood-Pigeon,56.28378,-4.28466,7.5,Summer,0.7053,205,75
Common Wood-Pigeon,56.28378,-4.03983,7.5,Summer,0.7251,8,6
Common Wood-Pigeon,56.28378,-3.79499,7.5,Summer,0.7301,77,59
Common Wood-Pigeon,56.28378,-3.55015,7.5,Summer,0.7339,35,22
Common Wood-Pigeon,56.28378,-3.30531,7.5,Summer,0.7389,90,62
Common Wood-Pigeon,56.28378,-3.06047,7.5,Summer,0.7582,322,248
Common Wood-Pigeon,56.28378,-2.81564,7.5,Summer,0.7454,1122,821
Common Wood-Pigeon,56.28378,-2.5708,7.5,Summer,0.6941,524,211
Common Wood-Pigeon,56.41892,-6.97788,7.5,Summer,0.0932,37,1
Common Wood-Pigeon,56.41892,-6.24337,7.5,Summer,0.1172,224,5
Common Wood-Pigeon,56.41892,-5.99853,7.5,Summer,0.1233,294,22
Common Wood-Pigeon,56.41892,-5.75369,7.5,Summer,0.1304,361,30
Common Wood-Pigeon,56.41892,-5.50885,7.5,Summer,0.1425,433,33
Common Wood-Pigeon,56.41892,-5.26402,7.5,Summer,0.1538,25,4
Common Wood-Pigeon,56.41892,-5.01918,7.5,Summer,0.1366,33,1
Common Wood-Pigeon,56.41892,-4.77434,7.5,Summer,0.1705,64,16
Common Wood-Pigeon,56.41892,-4.5295,7.5,Summer,0.5429,45,6
Common Wood-Pigeon,56.41892,-4.28466,7.5,Summer,0.677,97,48
Common Wood-Pigeon,56.41892,-4.03983,7.5,Summer,0.6997,50,36
Common Wood-Pigeon,56.41892,-3.79499,7.5,Summer,0.7052,78,52
Common Wood-Pigeon,56.41892,-3.55015,7.5,Summer,0.7122,110,87
Common Wood-Pigeon,56.41892,-3.30531,7.5,Summer,0.7234,198,164
Common Wood-Pigeon,56.41892,-3.06047,7.5,Summer,0.7442,357,295
Common Wood-Pigeon,56.41892,-2.81564,7.5,Summer,0.7109,590,400
Common Wood-Pigeon,56.55405,-6.48821,7.5,Summer,0.1226,134,1
Common Wood-Pigeon,56.55405,-6.24337,7.5,Summer,0.1273,192,22
Common Wood-Pigeon,56.55405,-5.99853,7.5,Summer,0.1318,274,25
Common Wood-Pigeon,56.55405,-5.75369,7.5,Summer,0.1384,81,8
Common Wood-Pigeon,56.55405,-5.50885,7.5,Summer,0.1525,37,4
Common Wood-Pigeon,56.55405,-5.26402,7.5,Summer,0.1577,36,2
Common Wood-Pigeon,56.55405,-5.01918,7.5,Summer,0.1394,4,1
Common Wood-Pigeon,56.55405,-4.77434,7.5,Summer,0.1788,50,5
Common Wood-Pigeon,56.55405,-4.28466,7.5,Summer,0.6227,36,8
Common Wood-Pigeon,56.55405,-4.03983,7.5,Summer,0.6553,49,29
Common Wood-Pigeon,56.55405,-3.79499,7.5,Summer,0.6629,45,20
Common Wood-Pigeon,56.55405,-3.55015,7.5,Summer,0.6612,287,152
Common Wood-Pigeon,56.55405,-3.30531,7.5,Summer,0.689,47,37
Common Wood-Pigeon,56.55405,-3.06047,7.5,Summer,0.7311,31,25
Common Wood-Pigeon,56.55405,-2.81564,7.5,Summer,0.7103,30,18
Common Wood-Pigeon,56.55405,-2.5708,7.5,Summer,0.6926,98,48
Common Wood-Pigeon,56.68919,-6.48821,7.5,Summer,0.1368,30,1
Common Wood-Pigeon,56.68919,-6.24337,7.5,Summer,0.1381,70,4
Common Wood-Pigeon,56.68919,-5.99853,7.5,Summer,0.1423,168,9
Common Wood-Pigeon,56.68919,-5.75369,7.5,Summer,0.1506,30,1
Common Wood-Pigeon,56.68919,-5.50885,7.5,Summer,0.1704,44,10
Common Wood-Pigeon,56.68919,-5.26402,7.5,Summer,0.1796,139,15
Common Wood-Pigeon,56.68919,-5.01918,7.5,Summer,0.1603,304,36
Common Wood-Pigeon,56.68919,-4.5295,7.5,Summer,0.548,12,4
Common Wood-Pigeon,56.68919,-4.28466,7.5,Summer,0.623,18,7
Common Wood-Pigeon,56.68919,-4.03983,7.5,Summer,0.6546,50,26
Common Wood-Pigeon,56.68919,-3.79499,7.5,Summer,0.6629,268,151
Common Wood-Pigeon,56.68919,-3.55015,7.5,Summer,0.6572,12,5
Common Wood-Pigeon,56.68919,-3.30531,7.5,Summer,0.6838,40,32
Common Wood-Pigeon,56.68919,-3.06047,7.5,Summer,0.73,142,115
Common Wood-Pigeon,56.68919,-2.81564,7.5,Summer,0.7121,56,37
Common Wood-Pigeon,56.68919,-2.5708,7.5,Summer,0.6988,238,163
Common Wood-Pigeon,56.68919,-2.32596,7.5,Summer,0.7008,30,21
Common Wood-Pigeon,56.82432,-6.24337,7.5,Summer,0.1427,21,4
Common Wood-Pigeon,56.82432,-5.99853,7.5,Summer,0.1467,11,1
Common Wood-Pigeon,56.82432,-5.75369,7.5,Summer,0.1564,93,24
Common Wood-Pigeon,56.82432,-5.50885,7.5,Summer,0.1758,78,19
Common Wood-Pigeon,56.82432,-5.26402,7.5,Summer,0.1838,33,8
Common Wood-Pigeon,56.82432,-5.01918,7.5,Summer,0.1639,276,43
Common Wood-Pigeon,56.82432,-4.77434,7.5,Summer,0.2157,22,1
Common Wood-Pigeon,56.82432,-4.03983,7.5,Summer,0.6106,25,8
Common Wood-Pigeon,56.82432,-3.79499,7.5,Summer,0.599,56,21
Common Wood-Pigeon,56.82432,-3.55015,7.5,Summer,0.5885,25,11
Common Wood-Pigeon,56.82432,-3.30531,7.5,Summer,0.6193,104,8
Common Wood-Pigeon,56.82432,-3.06047,7.5,Summer,0.6884,27,19
Common Wood-Pigeon,56.82432,-2.81564,7.5,Summer,0.6843,11,10
Common Wood-Pigeon,56.82432,-2.5708,7.5,Summer,0.6854,78,60
Common Wood-Pigeon,56.82432,-2.32596,7.5,Summer,0.6856,71,35
Common Wood-Pigeon,56.95946,-6.24337,7.5,Summer,0.1392,43,12
Common Wood-Pigeon,56.95946,-5.99853,7.5,Summer,0.1417,9,1
Common Wood-Pigeon,56.95946,-5.75369,7.5,Summer,0.1489,122,7
Common Wood-Pigeon,56.95946,-5.26402,7.5,Summer,0.1825,6,1
Common Wood-Pigeon,56.95946,-5.01918,7.5,Summer,0.1631,48,5
Common Wood-Pigeon,56.95946,-4.77434,7.5,Summer,0.22,11,3
Common Wood-Pigeon,56.95946,-4.5295,7.5,Summer,0.5477,28,11
Common Wood-Pigeon,56.95946,-4.28466,7.5,Summer,0.5863,75,21
Common Wood-Pigeon,56.95946,-3.79499,7.5,Summer,0.5984,2,1
Common Wood-Pigeon,56.95946,-3.55015,7.5,Summer,0.5843,70,40
Common Wood-Pigeon,56.95946,-3.30531,7.5,Summer,0.6161,105,43
Common Wood-Pigeon,56.95946,-3.06047,7.5,Summer,0.6776,26,4
Common Wood-Pigeon,56.95946,-2.81564,7.5,Summer,0.6791,64,41
Common Wood-Pigeon,56.95946,-2.5708,7.5,Summer,0.6835,21,12
Common Wood-Pigeon,56.95946,-2.32596,7.5,Summer,0.6845,53,36
Common Wood-Pigeon,56.95946,-2.08112,7.5,Summer,0.7122,272,146
Common Wood-Pigeon,57.09459,-6.48821,7.5,Summer,0.1422,39,2
Common Wood-Pigeon,57.09459,-5.99853,7.5,Summer,0.1418,105,8
Common Wood-Pigeon,57.09459,-5.75369,7.5,Summer,0.1485,94,11
Common Wood-Pigeon,57.09459,-5.50885,7.5,Summer,0.1693,6,1
Common Wood-Pigeon,57.09459,-4.77434,7.5,Summer,0.2215,136,30
Common Wood-Pigeon,57.09459,-4.28466,7.5,Summer,0.5916,7,3
Common Wood-Pigeon,57.09459,-4.03983,7.5,Summer,0.6183,526,291
Common Wood-Pigeon,57.09459,-3.79499,7.5,Summer,0.6001,311,135
Common Wood-Pigeon,57.09459,-3.55015,7.5,Summer,0.5866,315,31
Common Wood-Pigeon,57.09459,-3.30531,7.5,Summer,0.627,90,45
Common Wood-Pigeon,57.09459,-3.06047,7.5,Summer,0.6858,80,42
Common Wood-Pigeon,57.09459,-2.81564,7.5,Summer,0.69,84,48
Common Wood-Pigeon,57.09459,-2.5708,7.5,Summer,0.6996,32,26
Common Wood-Pigeon,57.09459,-2.32596,7.5,Summer,0.703,68,53
Common Wood-Pigeon,57.09459,-2.08112,7.5,Summer,0.7324,1194,707
Common Wood-Pigeon,57.22973,-7.46756,7.5,Summer,0.084,112,1
Common Wood-Pigeon,57.22973,-7.22272,7.5,Summer,0.0902,26,3
Common Wood-Pigeon,57.22973,-6.48821,7.5,Summer,0.1422,21,1
Common Wood-Pigeon,57.22973,-6.24337,7.5,Summer,0.1378,148,7
Common Wood-Pigeon,57.22973,-5.99853,7.5,Summer,0.1406,364,21
Common Wood-Pigeon,57.22973,-5.75369,7.5,Summer,0.1478,148,8
Common Wood-Pigeon,57.22973,-5.50885,7.5,Summer,0.1681,171,14
Common Wood-Pigeon,57.22973,-5.26402,7.5,Summer,0.1827,9,2
Common Wood-Pigeon,57.22973,-5.01918,7.5,Summer,0.1621,28,1
Common Wood-Pigeon,57.22973,-4.77434,7.5,Summer,0.2248,35,8
Common Wood-Pigeon,57.22973,-4.5295,7.5,Summer,0.5667,77,23
Common Wood-Pigeon,57.22973,-4.03983,7.5,Summer,0.6339,133,60
Common Wood-Pigeon,57.22973,-3.79499,7.5,Summer,0.6331,1932,1035
Common Wood-Pigeon,57.22973,-3.55015,7.5,Summer,0.6371,441,288
Common Wood-Pigeon,57.22973,-3.30531,7.5,Summer,0.658,128,62
Common Wood-Pigeon,57.22973,-3.06047,7.5,Summer,0.6886,7,1
Common Wood-Pigeon,57.22973,-2.81564,7.5,Summer,0.6923,22,19
Common Wood-Pigeon,57.22973,-2.5708,7.5,Summer,0.6993,23,16
Common Wood-Pigeon,57.22973,-2.32596,7.5,Summer,0.7026,9,5
Common Wood-Pigeon,57.22973,-2.08112,7.5,Summer,0.7146,267,150
Common Wood-Pigeon,57.36486,-7.46756,7.5,Summer,0.0842,123,1
Common Wood-Pigeon,57.36486,-7.22272,7.5,Summer,0.0897,80,1
Common Wood-Pigeon,57.36486,-6.73304,7.5,Summer,0.14,94,2
Common Wood-Pigeon,57.36486,-6.48821,7.5,Summer,0.1461,93,15
Common Wood-Pigeon,57.36486,-6.24337,7.5,Summer,0.1408,292,50
Common Wood-Pigeon,57.36486,-5.99853,7.5,Summer,0.1426,33,4
Common Wood-Pigeon,57.36486,-5.75369,7.5,Summer,0.1489,65,6
Common Wood-Pigeon,57.36486,-5.50885,7.5,Summer,0.1676,51,3
Common Wood-Pigeon,57.36486,-4.77434,7.5,Summer,0.239,58,18
Common Wood-Pigeon,57.36486,-4.5295,7.5,Summer,0.6033,222,77
Common Wood-Pigeon,57.36486,-4.28466,7.5,Summer,0.6336,264,71
Common Wood-Pigeon,57.36486,-4.03983,7.5,Summer,0.6371,86,33
Common Wood-Pigeon,57.36486,-3.79499,7.5,Summer,0.6364,308,125
Common Wood-Pigeon,57.36486,-3.55015,7.5,Summer,0.6405,381,271
Common Wood-Pigeon,57.36486,-3.30531,7.5,Summer,0.6584,71,39
Common Wood-Pigeon,57.36486,-3.06047,7.5,Summer,0.6763,14,5
Common Wood-Pigeon,57.36486,-2.81564,7.5,Summer,0.6766,7,4
Common Wood-Pigeon,57.36486,-2.5708,7.5,Summer,0.6804,84,72
Common Wood-Pigeon,57.36486,-2.32596,7.5,Summer,0.68,37,26
Common Wood-Pigeon,57.36486,-2.08112,7.5,Summer,0.6904,330,189
Common Wood-Pigeon,57.36486,-1.83628,7.5,Summer,0.2985,74,19
Common Wood-Pigeon,57.5,-7.22272,7.5,Summer,0.0899,111,4
Common Wood-Pigeon,57.5,-6.73304,7.5,Summer,0.137,402,89
Common Wood-Pigeon,57.5,-6.48821,7.5,Summer,0.149,157,20
Common Wood-Pigeon,57.5,-6.24337,7.5,Summer,0.1411,189,11
Common Wood-Pigeon,57.5,-5.99853,7.5,Summer,0.1417,4,1
Common Wood-Pigeon,57.5,-5.75369,7.5,Summer,0.1493,62,8
Common Wood-Pigeon,57.5,-5.50885,7.5,Summer,0.1669,59,12
Common Wood-Pigeon,57.5,-5.26402,7.5,Summer,0.1873,15,3
Common Wood-Pigeon,57.5,-5.01918,7.5,Summer,0.1671,8,1
Common Wood-Pigeon,57.5,-4.77434,7.5,Summer,0.2324,6,2
Common Wood-Pigeon,57.5,-4.5295,7.5,Summer,0.639,186,90
Common Wood-Pigeon,57.5,-4.28466,7.5,Summer,0.6713,814,563
Common Wood-Pigeon,57.5,-4.03983,7.5,Summer,0.6576,626,362
Common Wood-Pigeon,57.5,-3.79499,7.5,Summer,0.6561,60,27
Common Wood-Pigeon,57.5,-3.55015,7.5,Summer,0.6539,9,6
Common Wood-Pigeon,57.5,-3.30531,7.5,Summer,0.667,48,28
Common Wood-Pigeon,57.5,-3.06047,7.5,Summer,0.6839,11,3
Common Wood-Pigeon,57.5,-2.81564,7.5,Summer,0.683,19,7
Common Wood-Pigeon,57.5,-2.5708,7.5,Summer,0.687,11,4
Common Wood-Pigeon,57.5,-2.32596,7.5,Summer,0.6866,17,14
Common Wood-Pigeon,57.5,-2.08112,7.5,Summer,0.6968,41,32
Common Wood-Pigeon,57.5,-1.83628,7.5,Summer,0.3259,107,29
Common Wood-Pigeon,57.63514,-7.46756,7.5,Summer,0.0833,350,16
Common Wood-Pigeon,57.63514,-7.22272,7.5,Summer,0.0877,116,3
Common Wood-Pigeon,57.63514,-6.48821,7.5,Summer,0.1391,167,17
Common Wood-Pigeon,57.63514,-6.24337,7.5,Summer,0.1349,443,26
Common Wood-Pigeon,57.63514,-5.75369,7.5,Summer,0.1454,46,5
Common Wood-Pigeon,57.63514,-5.50885,7.5,Summer,0.1646,49,5
Common Wood-Pigeon,57.63514,-5.26402,7.5,Summer,0.1857,100,14
Common Wood-Pigeon,57.63514,-5.01918,7.5,Summer,0.1646,27,4
Common Wood-Pigeon,57.63514,-4.77434,7.5,Summer,0.2226,32,2
Common Wood-Pigeon,57.63514,-4.5295,7.5,Summer,0.6301,173,78
Common Wood-Pigeon,57.63514,-4.28466,7.5,Summer,0.6589,189,103
Common Wood-Pigeon,57.63514,-4.03983,7.5,Summer,0.6441,742,308
Common Wood-Pigeon,57.63514,-3.79499,7.5,Summer,0.6485,187,106
Common Wood-Pigeon,57.63514,-3.55015,7.5,Summer,0.645,190,100
Common Wood-Pigeon,57.63514,-3.30531,7.5,Summer,0.6548,127,74
Common Wood-Pigeon,57.63514,-3.06047,7.5,Summer,0.6693,170,74
Common Wood-Pigeon,57.63514,-2.81564,7.5,Summer,0.6664,26,15
Common Wood-Pigeon,57.63514,-2.5708,7.5,Summer,0.6662,33,4
Common Wood-Pigeon,57.63514,-2.32596,7.5,Summer,0.6637,124,23
Common Wood-Pigeon,57.63514,-2.08112,7.5,Summer,0.6745,34,5
Common Wood-Pigeon,57.63514,-1.83628,7.5,Summer,0.3424,145,91
Common Wood-Pigeon,57.77027,-8.69175,7.5,Summer,0.1027,36,3
Common Wood-Pigeon,57.77027,-6.97788,7.5,Summer,0.0904,108,6
Common Wood-Pigeon,57.77027,-5.75369,7.5,Summer,0.1581,159,17
Common Wood-Pigeon,57.77027,-5.50885,7.5,Summer,0.1964,82,20
Common Wood-Pigeon,57.77027,-5.26402,7.5,Summer,0.2015,1,1
Common Wood-Pigeon,57.77027,-5.01918,7.5,Summer,0.1814,41,10
Common Wood-Pigeon,57.77027,-4.28466,7.5,Summer,0.6455,33,13
Common Wood-Pigeon,57.77027,-4.03983,7.5,Summer,0.6289,134,79
Common Wood-Pigeon,57.77027,-3.79499,7.5,Summer,0.6357,180,166
Common Wood-Pigeon,57.77027,-3.55015,7.5,Summer,0.58,104,12
Common Wood-Pigeon,57.77027,-3.30531,7.5,Summer,0.5289,140,50
Common Wood-Pigeon,57.77027,-2.81564,7.5,Summer,0.4803,24,3
Common Wood-Pigeon,57.90541,-6.73304,7.5,Summer,0.1263,63,3
Common Wood-Pigeon,57.90541,-5.75369,7.5,Summer,0.1371,41,3
Common Wood-Pigeon,57.90541,-5.50885,7.5,Summer,0.1536,122,9
Common Wood-Pigeon,57.90541,-5.26402,7.5,Summer,0.1901,175,31
Common Wood-Pigeon,57.90541,-5.01918,7.5,Summer,0.1998,18,3
Common Wood-Pigeon,57.90541,-4.77434,7.5,Summer,0.2365,11,4
Common Wood-Pigeon,57.90541,-4.5295,7.5,Summer,0.4654,28,2
Common Wood-Pigeon,57.90541,-4.28466,7.5,Summer,0.522,66,42
Common Wood-Pigeon,57.90541,-4.03983,7.5,Summer,0.4792,246,64
Common Wood-Pigeon,57.90541,-3.79499,7.5,Summer,0.491,52,19
Common Wood-Pigeon,58.04054,-6.97788,7.5,Summer,0.0883,28,1
Common Wood-Pigeon,58.04054,-6.73304,7.5,Summer,0.1266,36,3
Common Wood-Pigeon,58.04054,-5.01918,7.5,Summer,0.1622,24,1
Common Wood-Pigeon,58.04054,-4.77434,7.5,Summer,0.1867,10,1
Common Wood-Pigeon,58.04054,-4.5295,7.5,Summer,0.2388,45,20
Common Wood-Pigeon,58.04054,-4.28466,7.5,Summer,0.2478,26,4
Common Wood-Pigeon,58.04054,-4.03983,7.5,Summer,0.2372,57,27
Common Wood-Pigeon,58.04054,-3.79499,7.5,Summer,0.2442,81,16
Common Wood-Pigeon,58.17568,-6.73304,7.5,Summer,0.1299,84,12
Common Wood-Pigeon,58.17568,-6.48821,7.5,Summer,0.1396,142,60
Common Wood-Pigeon,58.17568,-6.24337,7.5,Summer,0.1263,101,3
Common Wood-Pigeon,58.17568,-5.26402,7.5,Summer,0.173,123,19
Common Wood-Pigeon,58.17568,-5.01918,7.5,Summer,0.1515,52,3
Common Wood-Pigeon,58.17568,-3.79499,7.5,Summer,0.2046,23,4
Common Wood-Pigeon,58.17568,-3.55015,7.5,Summer,0.2068,44,10
Common Wood-Pigeon,58.31081,-6.48821,7.5,Summer,0.1021,64,2
Common Wood-Pigeon,58.31081,-6.24337,7.5,Summer,0.098,163,17
Common Wood-Pigeon,58.31081,-5.26402,7.5,Summer,0.1627,70,11
Common Wood-Pigeon,58.31081,-5.01918,7.5,Summer,0.138,40,1
Common Wood-Pigeon,58.31081,-3.79499,7.5,Summer,0.182,47,2
Common Wood-Pigeon,58.31081,-3.30531,7.5,Summer,0.1863,52,3
Common Wood-Pigeon,58.31081,-3.06047,7.5,Summer,0.1787,6,1
Common Wood-Pigeon,58.44595,-6.48821,7.5,Summer,0.1013,19,2
Common Wood-Pigeon,58.44595,-6.24337,7.5,Summer,0.0959,130,3
Common Wood-Pigeon,58.44595,-5.26402,7.5,Summer,0.1501,94,19
Common Wood-Pigeon,58.44595,-5.01918,7.5,Summer,0.1292,54,2
Common Wood-Pigeon,58.44595,-4.5295,7.5,Summer,0.1667,33,2
Common Wood-Pigeon,58.44595,-4.28466,7.5,Summer,0.1687,27,3
Common Wood-Pigeon,58.44595,-3.79499,7.5,Summer,0.184,16,1
Common Wood-Pigeon,58.44595,-3.30531,7.5,Summer,0.1908,6,2
Common Wood-Pigeon,58.44595,-3.06047,7.5,Summer,0.1816,74,15
Common Wood-Pigeon,58.58108,-4.77434,7.5,Summer,0.1251,110,4
Common Wood-Pigeon,58.58108,-4.5295,7.5,Summer,0.171,26,1
Common Wood-Pigeon,58.58108,-4.28466,7.5,Summer,0.1746,31,7
Common Wood-Pigeon,58.58108,-4.03983,7.5,Summer,0.174,37,7
Common Wood-Pigeon,58.58108,-3.79499,7.5,Summer,0.1919,34,3
Common Wood-Pigeon,58.58108,-3.55015,7.5,Summer,0.1931,117,27
Common Wood-Pigeon,58.58108,-3.30531,7.5,Summer,0.1824,172,62
Common Wood-Pigeon,58.58108,-3.06047,7.5,Summer,0.1624,174,9
Common Wood-Pigeon,58.71622,-3.30531,7.5,Summer,0.1619,103,4
Common Wood-Pigeon,58.71622,-3.06047,7.5,Summer,0.1541,37,5
Common Wood-Pigeon,58.85135,-3.55015,7.5,Summer,0.1634,10,1
Common Wood-Pigeon,58.85135,-3.30531,7.5,Summer,0.1638,113,12
Common Wood-Pigeon,58.85135,-3.06047,7.5,Summer,0.1565,70,6
Common Wood-Pigeon,58.85135,-2.81564,7.5,Summer,0.153,183,18
Common Wood-Pigeon,58.98649,-3.30531,7.5,Summer,0.1807,530,54
Common Wood-Pigeon,58.98649,-3.06047,7.5,Summer,0.2,416,111
Common Wood-Pigeon,58.98649,-2.81564,7.5,Summer,0.2045,119,14
Common Wood-Pigeon,59.12162,-3.30531,7.5,Summer,0.1222,447,50
Common Wood-Pigeon,59.12162,-3.06047,7.5,Summer,0.141,316,44
Common Wood-Pigeon,59.12162,-2.81564,7.5,Summer,0.1214,13,2
Common Wood-Pigeon,59.12162,-2.5708,7.5,Summer,0.1064,12,1
Common Wood-Pigeon,59.25676,-3.06047,7.5,Summer,0.1199,56,4
Common Wood-Pigeon,59.25676,-2.81564,7.5,Summer,0.1004,63,1
Common Wood-Pigeon,59.39189,-2.32596,7.5,Summer,0.086,184,5
Common Wood-Pigeon,59.52703,-1.59145,7.5,Summer,0.0826,354,40
Common Wood-Pigeon,59.93243,-1.34661,7.5,Summer,0.0763,1489,266
Common Wood-Pigeon,59.93243,-1.10177,7.5,Summer,0.0888,126,1
Common Wood-Pigeon,60.06757,-1.34661,7.5,Summer,0.0934,208,51
Common Wood-Pigeon,60.06757,-1.10177,7.5,Summer,0.0957,75,2
Common Wood-Pigeon,60.2027,-1.59145,7.5,Summer,0.0987,33,1
Common Wood-Pigeon,60.2027,-1.34661,7.5,Summer,0.1115,126,31
Common Wood-Pigeon,60.2027,-1.10177,7.5,Summer,0.0943,394,23
Common Wood-Pigeon,60.33784,-1.59145,7.5,Summer,0.1049,54,2
Common Wood-Pigeon,60.33784,-1.34661,7.5,Summer,0.1277,85,20
Common Wood-Pigeon,60.33784,-1.10177,7.5,Summer,0.0957,45,2
Common Wood-Pigeon,60.47297,-1.34661,7.5,Summer,0.1207,54,9
Common Wood-Pigeon,60.47297,-1.10177,7.5,Summer,0.092,77,2
Common Wood-Pigeon,60.47297,-0.85693,7.5,Summer,0.0982,10,1
Common Wood-Pigeon,60.60811,-1.34661,7.5,Summer,0.1211,30,1
Common Wood-Pigeon,60.74324,-0.85693,7.5,Summer,0.1011,401,46
Common Wood-Pigeon,54.66216,-4.77434,7.5,Winter,0.2621,12,3
Common Wood-Pigeon,54.7973,-5.01918,7.5,Winter,0.2734,27,3
Common Wood-Pigeon,54.7973,-4.77434,7.5,Winter,0.2617,8,1
Common Wood-Pigeon,54.7973,-4.5295,7.5,Winter,0.5079,47,8
Common Wood-Pigeon,54.7973,-4.28466,7.5,Winter,0.5776,16,6
Common Wood-Pigeon,54.7973,-4.03983,7.5,Winter,0.605,10,5
Common Wood-Pigeon,54.7973,-3.79499,7.5,Winter,0.627,14,8
Common Wood-Pigeon,54.93243,-5.26402,7.5,Winter,0.2702,7,3
Common Wood-Pigeon,54.93243,-5.01918,7.5,Winter,0.2789,90,26
Common Wood-Pigeon,54.93243,-4.5295,7.5,Winter,0.5407,25,10
Common Wood-Pigeon,54.93243,-4.28466,7.5,Winter,0.6248,45,21
Common Wood-Pigeon,54.93243,-4.03983,7.5,Winter,0.6517,59,32
Common Wood-Pigeon,54.93243,-3.79499,7.5,Winter,0.6755,69,45
Common Wood-Pigeon,54.93243,-3.55015,7.5,Winter,0.678,289,144
Common Wood-Pigeon,54.93243,-3.30531,7.5,Winter,0.6606,29,11
Common Wood-Pigeon,54.93243,-3.06047,7.5,Winter,0.6948,29,19
Common Wood-Pigeon,55.06757,-5.01918,7.5,Winter,0.2774,14,4
Common Wood-Pigeon,55.06757,-4.5295,7.5,Winter,0.5295,5,1
Common Wood-Pigeon,55.06757,-4.03983,7.5,Winter,0.6579,37,21
Common Wood-Pigeon,55.06757,-3.79499,7.5,Winter,0.6819,26,10
Common Wood-Pigeon,55.06757,-3.55015,7.5,Winter,0.6921,173,128
Common Wood-Pigeon,55.06757,-3.30531,7.5,Winter,0.6776,37,10
Common Wood-Pigeon,55.06757,-3.06047,7.5,Winter,0.711,10,4
Common Wood-Pigeon,55.2027,-5.01918,7.5,Winter,0.276,8,1
Common Wood-Pigeon,55.2027,-4.77434,7.5,Winter,0.2624,20,2
Common Wood-Pigeon,55.2027,-4.28466,7.5,Winter,0.6266,6,1
Common Wood-Pigeon,55.2027,-4.03983,7.5,Winter,0.6506,7,4
Common Wood-Pigeon,55.2027,-3.79499,7.5,Winter,0.6707,8,2
Common Wood-Pigeon,55.2027,-3.30531,7.5,Winter,0.6616,19,12
Common Wood-Pigeon,55.2027,-3.06047,7.5,Winter,0.6946,5,2
Common Wood-Pigeon,55.2027,-2.81564,7.5,Winter,0.694,6,1
Common Wood-Pigeon,55.33784,-5.75369,7.5,Winter,0.1408,5,1
Common Wood-Pigeon,55.33784,-4.77434,7.5,Winter,0.2707,114,14
Common Wood-Pigeon,55.33784,-4.5295,7.5,Winter,0.5484,24,2
Common Wood-Pigeon,55.33784,-4.28466,7.5,Winter,0.6249,67,14
Common Wood-Pigeon,55.33784,-4.03983,7.5,Winter,0.6442,3,1
Common Wood-Pigeon,55.33784,-3.79499,7.5,Winter,0.6606,21,4
Common Wood-Pigeon,55.33784,-3.55015,7.5,Winter,0.6646,23,9
Common Wood-Pigeon,55.33784,-2.81564,7.5,Winter,0.694,7,3
Common Wood-Pigeon,55.47297,-5.75369,7.5,Winter,0.1354,36,2
Common Wood-Pigeon,55.47297,-5.26402,7.5,Winter,0.3143,10,6
Common Wood-Pigeon,55.47297,-5.01918,7.5,Winter,0.3196,8,4
Common Wood-Pigeon,55.47297,-4.77434,7.5,Winter,0.2874,596,60
Common Wood-Pigeon,55.47297,-4.5295,7.5,Winter,0.5994,1316,449
Common Wood-Pigeon,55.47297,-4.28466,7.5,Winter,0.6485,31,11
Common Wood-Pigeon,55.47297,-4.03983,7.5,Winter,0.6617,12,3
Common Wood-Pigeon,55.47297,-3.79499,7.5,Winter,0.6689,63,2
Common Wood-Pigeon,55.47297,-3.55015,7.5,Winter,0.6706,34,2
Common Wood-Pigeon,55.47297,-3.30531,7.5,Winter,0.657,14,2
Common Wood-Pigeon,55.47297,-2.81564,7.5,Winter,0.719,75,63
Common Wood-Pigeon,55.47297,-2.5708,7.5,Winter,0.7007,52,33
Common Wood-Pigeon,55.47297,-2.32596,7.5,Winter,0.6812,5,3
Common Wood-Pigeon,55.60811,-6.24337,7.5,Winter,0.1333,95,4
Common Wood-Pigeon,55.60811,-5.99853,7.5,Winter,0.1302,6,1
Common Wood-Pigeon,55.60811,-5.75369,7.5,Winter,0.1407,25,9
Common Wood-Pigeon,55.60811,-5.50885,7.5,Winter,0.1767,7,1
Common Wood-Pigeon,55.60811,-5.26402,7.5,Winter,0.4205,26,8
Common Wood-Pigeon,55.60811,-5.01918,7.5,Winter,0.4266,1,1
Common Wood-Pigeon,55.60811,-4.77434,7.5,Winter,0.3605,4222,621
Common Wood-Pigeon,55.60811,-4.5295,7.5,Winter,0.613,17240,5070
Common Wood-Pigeon,55.60811,-4.28466,7.5,Winter,0.675,15,3
Common Wood-Pigeon,55.60811,-3.79499,7.5,Winter,0.6927,26,8
Common Wood-Pigeon,55.60811,-3.55015,7.5,Winter,0.6951,36,3
Common Wood-Pigeon,55.60811,-3.30531,7.5,Winter,0.683,25,11
Common Wood-Pigeon,55.60811,-3.06047,7.5,Winter,0.7233,23,15
Common Wood-Pigeon,55.60811,-2.81564,7.5,Winter,0.7302,95,66
Common Wood-Pigeon,55.60811,-2.5708,7.5,Winter,0.7102,20,10
Common Wood-Pigeon,55.60811,-2.32596,7.5,Winter,0.6872,53,37
Common Wood-Pigeon,55.74324,-6.48821,7.5,Winter,0.117,93,2
Common Wood-Pigeon,55.74324,-6.24337,7.5,Winter,0.1479,265,24
Common Wood-Pigeon,55.74324,-5.99853,7.5,Winter,0.1423,16,3
Common Wood-Pigeon,55.74324,-5.50885,7.5,Winter,0.1815,43,2
Common Wood-Pigeon,55.74324,-5.26402,7.5,Winter,0.4405,9,7
Common Wood-Pigeon,55.74324,-5.01918,7.5,Winter,0.4652,103,39
Common Wood-Pigeon,55.74324,-4.77434,7.5,Winter,0.3921,99,23
Common Wood-Pigeon,55.74324,-4.5295,7.5,Winter,0.5868,329,94
Common Wood-Pigeon,55.74324,-4.28466,7.5,Winter,0.6638,631,216
Common Wood-Pigeon,55.74324,-4.03983,7.5,Winter,0.6794,253,158
Common Wood-Pigeon,55.74324,-3.79499,7.5,Winter,0.684,44,12
Common Wood-Pigeon,55.74324,-3.55015,7.5,Winter,0.6843,34,22
Common Wood-Pigeon,55.74324,-3.30531,7.5,Winter,0.6708,43,16
Common Wood-Pigeon,55.74324,-3.06047,7.5,Winter,0.7042,248,76
Common Wood-Pigeon,55.74324,-2.81564,7.5,Winter,0.711,26,4
Common Wood-Pigeon,55.74324,-2.32596,7.5,Winter,0.6681,4,3
Common Wood-Pigeon,55.74324,-2.08112,7.5,Winter,0.6611,13,10
Common Wood-Pigeon,55.87838,-6.24337,7.5,Winter,0.146,204,25
Common Wood-Pigeon,55.87838,-5.99853,7.5,Winter,0.1431,16,1
Common Wood-Pigeon,55.87838,-5.50885,7.5,Winter,0.1677,28,2
Common Wood-Pigeon,55.87838,-5.26402,7.5,Winter,0.4458,17,3
Common Wood-Pigeon,55.87838,-5.01918,7.5,Winter,0.4789,15,3
Common Wood-Pigeon,55.87838,-4.77434,7.5,Winter,0.3856,20,5
Common Wood-Pigeon,55.87838,-4.5295,7.5,Winter,0.6528,384,212
Common Wood-Pigeon,55.87838,-4.28466,7.5,Winter,0.7448,1701,992
Common Wood-Pigeon,55.87838,-4.03983,7.5,Winter,0.7434,209,95
Common Wood-Pigeon,55.87838,-3.79499,7.5,Winter,0.7434,88,32
Common Wood-Pigeon,55.87838,-3.55015,7.5,Winter,0.7403,227,132
Common Wood-Pigeon,55.87838,-3.30531,7.5,Winter,0.7344,1796,1247
Common Wood-Pigeon,55.87838,-3.06047,7.5,Winter,0.753,1773,1311
Common Wood-Pigeon,55.87838,-2.81564,7.5,Winter,0.7473,163,107
Common Wood-Pigeon,55.87838,-2.5708,7.5,Winter,0.7113,32,12
Common Wood-Pigeon,55.87838,-2.32596,7.5,Winter,0.6637,71,25
Common Wood-Pigeon,55.87838,-2.08112,7.5,Winter,0.6515,65,25
Common Wood-Pigeon,56.01351,-5.26402,7.5,Winter,0.4297,33,7
Common Wood-Pigeon,56.01351,-5.01918,7.5,Winter,0.4902,105,54
Common Wood-Pigeon,56.01351,-4.77434,7.5,Winter,0.4162,80,30
Common Wood-Pigeon,56.01351,-4.5295,7.5,Winter,0.6452,162,103
Common Wood-Pigeon,56.01351,-4.28466,7.5,Winter,0.7246,55,28
Common Wood-Pigeon,56.01351,-4.03983,7.5,Winter,0.7309,24,5
Common Wood-Pigeon,56.01351,-3.79499,7.5,Winter,0.7324,358,231
Common Wood-Pigeon,56.01351,-3.55015,7.5,Winter,0.7296,507,336
Common Wood-Pigeon,56.01351,-3.30531,7.5,Winter,0.7216,2000,1436
Common Wood-Pigeon,56.01351,-3.06047,7.5,Winter,0.7245,1585,936
Common Wood-Pigeon,56.01351,-2.81564,7.5,Winter,0.7183,874,516
Common Wood-Pigeon,56.01351,-2.5708,7.5,Winter,0.6882,643,340
Common Wood-Pigeon,56.01351,-2.32596,7.5,Winter,0.589,144,44
Common Wood-Pigeon,56.14865,-5.50885,7.5,Winter,0.1499,10,2
Common Wood-Pigeon,56.14865,-5.01918,7.5,Winter,0.252,7,1
Common Wood-Pigeon,56.14865,-4.77434,7.5,Winter,0.2539,38,7
Common Wood-Pigeon,56.14865,-4.5295,7.5,Winter,0.6076,46,14
Common Wood-Pigeon,56.14865,-4.28466,7.5,Winter,0.7236,34,11
Common Wood-Pigeon,56.14865,-4.03983,7.5,Winter,0.7329,363,270
Common Wood-Pigeon,56.14865,-3.79499,7.5,Winter,0.7343,490,357
Common Wood-Pigeon,56.14865,-3.55015,7.5,Winter,0.7299,196,103
Common Wood-Pigeon,56.14865,-3.30531,7.5,Winter,0.7224,535,333
Common Wood-Pigeon,56.14865,-3.06047,7.5,Winter,0.725,302,151
Common Wood-Pigeon,56.14865,-2.81564,7.5,Winter,0.7131,219,98
Common Wood-Pigeon,56.14865,-2.5708,7.5,Winter,0.6502,4,1
Common Wood-Pigeon,56.28378,-5.50885,7.5,Winter,0.145,14,1
Common Wood-Pigeon,56.28378,-5.01918,7.5,Winter,0.1645,7,1
Common Wood-Pigeon,56.28378,-4.77434,7.5,Winter,0.1817,19,4
Common Wood-Pigeon,56.28378,-4.5295,7.5,Winter,0.5568,4,2
Common Wood-Pigeon,56.28378,-4.28466,7.5,Winter,0.7007,56,29
Common Wood-Pigeon,56.28378,-4.03983,7.5,Winter,0.7144,8,3
Common Wood-Pigeon,56.28378,-3.79499,7.5,Winter,0.7164,54,34
Common Wood-Pigeon,56.28378,-3.55015,7.5,Winter,0.7168,18,6
Common Wood-Pigeon,56.28378,-3.30531,7.5,Winter,0.7179,81,43
Common Wood-Pigeon,56.28378,-3.06047,7.5,Winter,0.7312,327,171
Common Wood-Pigeon,56.28378,-2.81564,7.5,Winter,0.7238,1177,727
Common Wood-Pigeon,56.28378,-2.5708,7.5,Winter,0.6772,333,92
Common Wood-Pigeon,56.41892,-5.99853,7.5,Winter,0.127,10,2
Common Wood-Pigeon,56.41892,-5.50885,7.5,Winter,0.1442,66,12
Common Wood-Pigeon,56.41892,-5.26402,7.5,Winter,0.161,12,3
Common Wood-Pigeon,56.41892,-5.01918,7.5,Winter,0.1549,7,1
Common Wood-Pigeon,56.41892,-4.77434,7.5,Winter,0.1792,5,4
Common Wood-Pigeon,56.41892,-4.28466,7.5,Winter,0.6711,48,20
Common Wood-Pigeon,56.41892,-4.03983,7.5,Winter,0.6866,50,16
Common Wood-Pigeon,56.41892,-3.79499,7.5,Winter,0.6923,27,22
Common Wood-Pigeon,56.41892,-3.55015,7.5,Winter,0.6982,90,75
Common Wood-Pigeon,56.41892,-3.30531,7.5,Winter,0.7055,176,128
Common Wood-Pigeon,56.41892,-3.06047,7.5,Winter,0.7183,316,214
Common Wood-Pigeon,56.41892,-2.81564,7.5,Winter,0.6863,524,246
Common Wood-Pigeon,56.55405,-5.99853,7.5,Winter,0.1258,9,1
Common Wood-Pigeon,56.55405,-4.77434,7.5,Winter,0.1751,11,3
Common Wood-Pigeon,56.55405,-4.28466,7.5,Winter,0.6087,36,8
Common Wood-Pigeon,56.55405,-4.03983,7.5,Winter,0.6302,14,4
Common Wood-Pigeon,56.55405,-3.79499,7.5,Winter,0.637,15,8
Common Wood-Pigeon,56.55405,-3.55015,7.5,Winter,0.6318,81,29
Common Wood-Pigeon,56.55405,-3.30531,7.5,Winter,0.6586,24,12
Common Wood-Pigeon,56.55405,-3.06047,7.5,Winter,0.702,29,16
Common Wood-Pigeon,56.55405,-2.81564,7.5,Winter,0.6829,28,13
Common Wood-Pigeon,56.55405,-2.5708,7.5,Winter,0.6722,56,18
Common Wood-Pigeon,56.68919,-6.24337,7.5,Winter,0.1302,13,2
Common Wood-Pigeon,56.68919,-5.99853,7.5,Winter,0.1338,5,1
Common Wood-Pigeon,56.68919,-5.75369,7.5,Winter,0.1412,16,1
Common Wood-Pigeon,56.68919,-5.50885,7.5,Winter,0.1553,9,4
Common Wood-Pigeon,56.68919,-5.26402,7.5,Winter,0.1632,14,1
Common Wood-Pigeon,56.68919,-4.5295,7.5,Winter,0.5449,12,3
Common Wood-Pigeon,56.68919,-4.28466,7.5,Winter,0.6114,4,1
Common Wood-Pigeon,56.68919,-4.03983,7.5,Winter,0.633,5,1
Common Wood-Pigeon,56.68919,-3.79499,7.5,Winter,0.6402,70,52
Common Wood-Pigeon,56.68919,-3.55015,7.5,Winter,0.6301,11,1
Common Wood-Pigeon,56.68919,-3.30531,7.5,Winter,0.6559,15,7
Common Wood-Pigeon,56.68919,-3.06047,7.5,Winter,0.7029,60,37
Common Wood-Pigeon,56.68919,-2.81564,7.5,Winter,0.6862,35,22
Common Wood-Pigeon,56.68919,-2.5708,7.5,Winter,0.6825,202,125
Common Wood-Pigeon,56.68919,-2.32596,7.5,Winter,0.6802,13,7
Common Wood-Pigeon,56.82432,-5.75369,7.5,Winter,0.1482,29,11
Common Wood-Pigeon,56.82432,-5.01918,7.5,Winter,0.1564,42,5
Common Wood-Pigeon,56.82432,-4.03983,7.5,Winter,0.5928,11,3
Common Wood-Pigeon,56.82432,-3.79499,7.5,Winter,0.5844,7,3
Common Wood-Pigeon,56.82432,-3.30531,7.5,Winter,0.6008,48,2
Common Wood-Pigeon,56.82432,-3.06047,7.5,Winter,0.6747,6,2
Common Wood-Pigeon,56.82432,-2.81564,7.5,Winter,0.6698,7,6
Common Wood-Pigeon,56.82432,-2.5708,7.5,Winter,0.6757,130,92
Common Wood-Pigeon,56.82432,-2.32596,7.5,Winter,0.6731,83,40
Common Wood-Pigeon,56.95946,-6.24337,7.5,Winter,0.1298,45,11
Common Wood-Pigeon,56.95946,-5.75369,7.5,Winter,0.1371,18,1
Common Wood-Pigeon,56.95946,-4.5295,7.5,Winter,0.5394,15,3
Common Wood-Pigeon,56.95946,-4.28466,7.5,Winter,0.5727,10,4
Common Wood-Pigeon,56.95946,-3.55015,7.5,Winter,0.5641,11,4
Common Wood-Pigeon,56.95946,-3.30531,7.5,Winter,0.5983,33,12
Common Wood-Pigeon,56.95946,-3.06047,7.5,Winter,0.6657,4,1
Common Wood-Pigeon,56.95946,-2.81564,7.5,Winter,0.6656,2,2
Common Wood-Pigeon,56.95946,-2.32596,7.5,Winter,0.672,21,7
Common Wood-Pigeon,56.95946,-2.08112,7.5,Winter,0.703,42,16
Common Wood-Pigeon,57.09459,-5.99853,7.5,Winter,0.1307,8,2
Common Wood-Pigeon,57.09459,-5.75369,7.5,Winter,0.1358,11,2
Common Wood-Pigeon,57.09459,-4.77434,7.5,Winter,0.1985,13,3
Common Wood-Pigeon,57.09459,-4.03983,7.5,Winter,0.6018,301,126
Common Wood-Pigeon,57.09459,-3.79499,7.5,Winter,0.5864,97,28
Common Wood-Pigeon,57.09459,-3.55015,7.5,Winter,0.571,126,2
Common Wood-Pigeon,57.09459,-3.30531,7.5,Winter,0.6141,25,10
Common Wood-Pigeon,57.09459,-3.06047,7.5,Winter,0.68,15,4
Common Wood-Pigeon,57.09459,-2.81564,7.5,Winter,0.6827,32,20
Common Wood-Pigeon,57.09459,-2.5708,7.5,Winter,0.695,33,24
Common Wood-Pigeon,57.09459,-2.32596,7.5,Winter,0.6983,110,73
Common Wood-Pigeon,57.09459,-2.08112,7.5,Winter,0.7278,1022,633
Common Wood-Pigeon,57.22973,-5.99853,7.5,Winter,0.1283,81,3
Common Wood-Pigeon,57.22973,-4.5295,7.5,Winter,0.5667,11,3
Common Wood-Pigeon,57.22973,-4.28466,7.5,Winter,0.5914,3,3
Common Wood-Pigeon,57.22973,-4.03983,7.5,Winter,0.6066,69,40
Common Wood-Pigeon,57.22973,-3.79499,7.5,Winter,0.6061,583,225
Common Wood-Pigeon,57.22973,-3.55015,7.5,Winter,0.6119,232,96
Common Wood-Pigeon,57.22973,-3.30531,7.5,Winter,0.6351,38,13
Common Wood-Pigeon,57.22973,-3.06047,7.5,Winter,0.6727,1,1
Common Wood-Pigeon,57.22973,-2.81564,7.5,Winter,0.6754,9,7
Common Wood-Pigeon,57.22973,-2.5708,7.5,Winter,0.6867,31,22
Common Wood-Pigeon,57.22973,-2.32596,7.5,Winter,0.6896,26,18
Common Wood-Pigeon,57.22973,-2.08112,7.5,Winter,0.7019,305,208
Common Wood-Pigeon,57.36486,-6.24337,7.5,Winter,0.1266,51,3
Common Wood-Pigeon,57.36486,-4.77434,7.5,Winter,0.2088,10,7
Common Wood-Pigeon,57.36486,-4.5295,7.5,Winter,0.6121,125,72
Common Wood-Pigeon,57.36486,-4.28466,7.5,Winter,0.623,66,9
Common Wood-Pigeon,57.36486,-4.03983,7.5,Winter,0.6179,35,17
Common Wood-Pigeon,57.36486,-3.79499,7.5,Winter,0.6168,79,11
Common Wood-Pigeon,57.36486,-3.55015,7.5,Winter,0.6205,228,134
Common Wood-Pigeon,57.36486,-3.30531,7.5,Winter,0.6385,32,6
Common Wood-Pigeon,57.36486,-2.81564,7.5,Winter,0.6605,5,3
Common Wood-Pigeon,57.36486,-2.5708,7.5,Winter,0.6682,67,52
Common Wood-Pigeon,57.36486,-2.32596,7.5,Winter,0.6668,2,1
Common Wood-Pigeon,57.36486,-2.08112,7.5,Winter,0.6752,95,56
Common Wood-Pigeon,57.36486,-1.83628,7.5,Winter,0.2773,23,4
Common Wood-Pigeon,57.5,-6.73304,7.5,Winter,0.1082,244,6
Common Wood-Pigeon,57.5,-6.48821,7.5,Winter,0.1194,32,1
Common Wood-Pigeon,57.5,-5.75369,7.5,Winter,0.1322,7,1
Common Wood-Pigeon,57.5,-4.5295,7.5,Winter,0.6497,25,16
Common Wood-Pigeon,57.5,-4.28466,7.5,Winter,0.6618,622,373
Common Wood-Pigeon,57.5,-4.03983,7.5,Winter,0.6381,511,207
Common Wood-Pigeon,57.5,-3.79499,7.5,Winter,0.6353,23,6
Common Wood-Pigeon,57.5,-3.55015,7.5,Winter,0.6352,4,1
Common Wood-Pigeon,57.5,-3.30531,7.5,Winter,0.6471,6,3
Common Wood-Pigeon,57.5,-3.06047,7.5,Winter,0.6658,6,4
Common Wood-Pigeon,57.5,-2.81564,7.5,Winter,0.6617,3,1
Common Wood-Pigeon,57.5,-2.32596,7.5,Winter,0.6667,5,3
Common Wood-Pigeon,57.5,-2.08112,7.5,Winter,0.6738,30,16
Common Wood-Pigeon,57.5,-1.83628,7.5,Winter,0.2766,27,5
Common Wood-Pigeon,57.63514,-6.48821,7.5,Winter,0.1162,11,1
Common Wood-Pigeon,57.63514,-5.50885,7.5,Winter,0.1412,5,1
Common Wood-Pigeon,57.63514,-4.5295,7.5,Winter,0.6382,66,34
Common Wood-Pigeon,57.63514,-4.28466,7.5,Winter,0.6456,56,25
Common Wood-Pigeon,57.63514,-4.03983,7.5,Winter,0.6262,354,93
Common Wood-Pigeon,57.63514,-3.79499,7.5,Winter,0.63,297,115
Common Wood-Pigeon,57.63514,-3.55015,7.5,Winter,0.6291,318,160
Common Wood-Pigeon,57.63514,-3.30531,7.5,Winter,0.6349,341,172
Common Wood-Pigeon,57.63514,-3.06047,7.5,Winter,0.648,52,17
Common Wood-Pigeon,57.63514,-2.81564,7.5,Winter,0.6394,6,2
Common Wood-Pigeon,57.63514,-2.32596,7.5,Winter,0.6387,9,2
Common Wood-Pigeon,57.63514,-2.08112,7.5,Winter,0.6432,57,8
Common Wood-Pigeon,57.63514,-1.83628,7.5,Winter,0.2647,140,65
Common Wood-Pigeon,57.77027,-5.75369,7.5,Winter,0.1407,31,4
Common Wood-Pigeon,57.77027,-5.50885,7.5,Winter,0.1623,19,1
Common Wood-Pigeon,57.77027,-4.03983,7.5,Winter,0.5804,88,32
Common Wood-Pigeon,57.77027,-3.79499,7.5,Winter,0.5954,153,140
Common Wood-Pigeon,57.77027,-3.55015,7.5,Winter,0.5439,140,21
Common Wood-Pigeon,57.77027,-3.30531,7.5,Winter,0.4899,185,34
Common Wood-Pigeon,57.90541,-5.50885,7.5,Winter,0.1409,41,4
Common Wood-Pigeon,57.90541,-5.26402,7.5,Winter,0.1603,35,5
Common Wood-Pigeon,57.90541,-5.01918,7.5,Winter,0.1676,36,5
Common Wood-Pigeon,57.90541,-4.5295,7.5,Winter,0.3935,10,6
Common Wood-Pigeon,57.90541,-4.28466,7.5,Winter,0.3959,43,19
Common Wood-Pigeon,57.90541,-4.03983,7.5,Winter,0.3358,192,28
Common Wood-Pigeon,57.90541,-3.79499,7.5,Winter,0.3441,17,3
Common Wood-Pigeon,58.04054,-4.5295,7.5,Winter,0.2153,9,3
Common Wood-Pigeon,58.04054,-4.28466,7.5,Winter,0.2045,14,8
Common Wood-Pigeon,58.04054,-4.03983,7.5,Winter,0.1852,10,2
Common Wood-Pigeon,58.04054,-3.79499,7.5,Winter,0.1844,38,4
Common Wood-Pigeon,58.17568,-6.48821,7.5,Winter,0.1307,51,19
Common Wood-Pigeon,58.17568,-6.24337,7.5,Winter,0.1222,54,3
Common Wood-Pigeon,58.31081,-6.24337,7.5,Winter,0.0983,53,3
Common Wood-Pigeon,58.31081,-3.79499,7.5,Winter,0.1444,9,1
Common Wood-Pigeon,58.44595,-3.30531,7.5,Winter,0.1463,16,1
Common Wood-Pigeon,58.44595,-3.06047,7.5,Winter,0.1466,32,4
Common Wood-Pigeon,58.58108,-4.77434,7.5,Winter,0.1135,27,1
Common Wood-Pigeon,58.58108,-4.03983,7.5,Winter,0.1388,3,1
Common Wood-Pigeon,58.58108,-3.79499,7.5,Winter,0.145,15,3
Common Wood-Pigeon,58.58108,-3.55015,7.5,Winter,0.1441,57,3
Common Wood-Pigeon,58.58108,-3.30531,7.5,Winter,0.1359,39,2
Common Wood-Pigeon,58.85135,-2.81564,7.5,Winter,0.1271,28,1
Common Wood-Pigeon,58.98649,-3.06047,7.5,Winter,0.1555,31,10
Common Wood-Pigeon,59.12162,-3.06047,7.5,Winter,0.1224,28,1
Common Wood-Pigeon,59.52703,-1.59145,7.5,Winter,0.0862,87,3
Common Wood-Pigeon,59.93243,-1.34661,7.5,Winter,0.0738,905,8
Common Wood-Pigeon,60.06757,-1.34661,7.5,Winter,0.0772,290,1
Common Wood-Pigeon,60.2027,-1.34661,7.5,Winter,0.0845,47,3
Common Wood-Pigeon,60.2027,-1.10177,7.5,Winter,0.077,254,4
Common Wood-Pigeon,60.60811,-1.10177,7.5,Winter,0.0759,50,1
Common Wood-Pigeon,60.74324,-0.85693,7.5,Winter,0.0824,280,3
Crested Tit,56.95946,-4.28466,7.5,Autumn,0.0004,18,1
Crested Tit,57.09459,-4.03983,7.5,Autumn,0.0028,242,8
Crested Tit,57.09459,-3.79499,7.5,Autumn,0.1234,105,32
Crested Tit,57.09459,-3.55015,7.5,Autumn,0.0341,58,1
Crested Tit,57.22973,-5.01918,7.5,Autumn,0.0028,6,1
Crested Tit,57.22973,-3.79499,7.5,Autumn,0.3245,655,221
Crested Tit,57.22973,-3.55015,7.5,Autumn,0.3394,169,35
Crested Tit,57.36486,-4.77434,7.5,Autumn,0.0569,26,3
Crested Tit,57.36486,-4.5295,7.5,Autumn,0.0484,158,1
Crested Tit,57.36486,-4.28466,7.5,Autumn,0.0137,108,3
Crested Tit,57.36486,-3.79499,7.5,Autumn,0.2354,98,8
Crested Tit,57.36486,-3.55015,7.5,Autumn,0.2856,167,33
Crested Tit,57.36486,-3.30531,7.5,Autumn,0.0025,10,1
Crested Tit,57.5,-4.5295,7.5,Autumn,0.0056,80,8
Crested Tit,57.5,-4.28466,7.5,Autumn,0.0043,562,9
Crested Tit,57.5,-3.79499,7.5,Autumn,0.0311,17,2
Crested Tit,57.63514,-4.5295,7.5,Autumn,0.0031,83,1
Crested Tit,57.63514,-4.28466,7.5,Autumn,0.0028,93,1
Crested Tit,57.63514,-4.03983,7.5,Autumn,0.002,581,1
Crested Tit,57.63514,-3.79499,7.5,Autumn,0.0144,202,8
Crested Tit,57.63514,-3.55015,7.5,Autumn,0.0218,283,9
Crested Tit,57.63514,-3.30531,7.5,Autumn,0.0044,151,1
Crested Tit,57.77027,-3.30531,7.5,Autumn,0.0007,202,9
Crested Tit,56.82432,-5.50885,7.5,Spring,0.0003,86,1
Crested Tit,56.95946,-3.79499,7.5,Spring,0.0004,7,1
Crested Tit,57.09459,-4.77434,7.5,Spring,0.0023,114,1
Crested Tit,57.09459,-4.03983,7.5,Spring,0.0014,709,6
Crested Tit,57.09459,-3.79499,7.5,Spring,0.0545,375,62
Crested Tit,57.09459,-3.55015,7.5,Spring,0.012,433,1
Crested Tit,57.22973,-5.01918,7.5,Spring,0.0017,41,6
Crested Tit,57.22973,-3.79499,7.5,Spring,0.2576,2240,359
Crested Tit,57.22973,-3.55015,7.5,Spring,0.2371,560,86
Crested Tit,57.36486,-4.77434,7.5,Spring,0.0197,86,4
Crested Tit,57.36486,-4.5295,7.5,Spring,0.0211,272,5
Crested Tit,57.36486,-3.79499,7.5,Spring,0.0822,407,5
Crested Tit,57.36486,-3.55015,7.5,Spring,0.1174,445,47
Crested Tit,57.5,-4.5295,7.5,Spring,0.0008,192,3
Crested Tit,57.5,-4.28466,7.5,Spring,0.0005,915,7
Crested Tit,57.5,-4.03983,7.5,Spring,0.0005,691,1
Crested Tit,57.63514,-4.28466,7.5,Spring,0.0007,160,2
Crested Tit,57.63514,-3.79499,7.5,Spring,0.0049,223,3
Crested Tit,57.63514,-3.55015,7.5,Spring,0.0087,328,7
Crested Tit,57.77027,-4.03983,7.5,Spring,0.0007,201,1
Crested Tit,57.77027,-3.30531,7.5,Spring,0.0005,165,1
Crested Tit,56.95946,-4.28466,7.5,Summer,0.0003,75,1
Crested Tit,57.09459,-4.03983,7.5,Summer,0.0028,526,13
Crested Tit,57.09459,-3.79499,7.5,Summer,0.1175,311,63
Crested Tit,57.09459,-3.55015,7.5,Summer,0.0207,315,2
Crested Tit,57.22973,-5.01918,7.5,Summer,0.0044,28,7
Crested Tit,57.22973,-4.5295,7.5,Summer,0.01,77,1
Crested Tit,57.22973,-4.03983,7.5,Summer,0.0041,133,1
Crested Tit,57.22973,-3.79499,7.5,Summer,0.3397,1932,465
Crested Tit,57.22973,-3.55015,7.5,Summer,0.2884,441,45
Crested Tit,57.22973,-3.30531,7.5,Summer,0.0019,128,1
Crested Tit,57.22973,-2.08112,7.5,Summer,0.0004,267,2
Crested Tit,57.36486,-4.77434,7.5,Summer,0.0637,58,3
Crested Tit,57.36486,-4.5295,7.5,Summer,0.0464,222,1
Crested Tit,57.36486,-4.28466,7.5,Summer,0.011,264,2
Crested Tit,57.36486,-3.79499,7.5,Summer,0.2027,308,6
Crested Tit,57.36486,-3.55015,7.5,Summer,0.2098,381,62
Crested Tit,57.5,-4.5295,7.5,Summer,0.0012,186,6
Crested Tit,57.5,-4.28466,7.5,Summer,0.0007,814,5
Crested Tit,57.63514,-4.5295,7.5,Summer,0.001,173,1
Crested Tit,57.63514,-3.79499,7.5,Summer,0.0069,187,6
Crested Tit,57.63514,-3.55015,7.5,Summer,0.0097,190,2
Crested Tit,57.63514,-3.30531,7.5,Summer,0.0021,127,2
Crested Tit,57.77027,-4.03983,7.5,Summer,0.0011,134,2
Crested Tit,57.77027,-3.30531,7.5,Summer,0.0006,140,9
Crested Tit,56.95946,-3.79499,7.5,Winter,0.0004,3,1
Crested Tit,57.09459,-4.03983,7.5,Winter,0.0022,301,14
Crested Tit,57.09459,-3.79499,7.5,Winter,0.1233,97,48
Crested Tit,57.22973,-5.01918,7.5,Winter,0.003,3,1
Crested Tit,57.22973,-4.77434,7.5,Winter,0.0074,4,1
Crested Tit,57.22973,-3.79499,7.5,Winter,0.3323,583,229
Crested Tit,57.22973,-3.55015,7.5,Winter,0.3497,232,75
Crested Tit,57.36486,-4.28466,7.5,Winter,0.0085,66,1
Crested Tit,57.36486,-3.79499,7.5,Winter,0.2148,79,6
Crested Tit,57.36486,-3.55015,7.5,Winter,0.2918,228,55
Crested Tit,57.5,-4.5295,7.5,Winter,0.0024,25,1
Crested Tit,57.5,-4.28466,7.5,Winter,0.0019,622,8
Crested Tit,57.5,-3.79499,7.5,Winter,0.0362,23,1
Crested Tit,57.63514,-4.77434,7.5,Winter,0.0026,7,1
Crested Tit,57.63514,-4.03983,7.5,Winter,0.0029,354,1
Crested Tit,57.63514,-3.79499,7.5,Winter,0.0268,297,8
Crested Tit,57.63514,-3.55015,7.5,Winter,0.0536,318,7
Crested Tit,57.63514,-3.30531,7.5,Winter,0.0052,341,2
Crested Tit,57.77027,-3.30531,7.5,Winter,0.0008,185,12
Eurasian Curlew,54.66216,-5.01918,7.5,Autumn,0.3844,21,4
Eurasian Curlew,54.66216,-4.77434,7.5,Autumn,0.3977,22,5
Eurasian Curlew,54.66216,-4.5295,7.5,Autumn,0.2958,5,1
Eurasian Curlew,54.66216,-4.28466,7.5,Autumn,0.3106,8,5
Eurasian Curlew,54.7973,-5.01918,7.5,Autumn,0.4626,38,10
Eurasian Curlew,54.7973,-4.77434,7.5,Autumn,0.4792,7,2
Eurasian Curlew,54.7973,-4.5295,7.5,Autumn,0.3283,46,20
Eurasian Curlew,54.7973,-4.28466,7.5,Autumn,0.3432,6,4
Eurasian Curlew,54.7973,-4.03983,7.5,Autumn,0.3144,8,5
Eurasian Curlew,54.7973,-3.79499,7.5,Autumn,0.45,7,7
Eurasian Curlew,54.93243,-5.01918,7.5,Autumn,0.5489,93,43
Eurasian Curlew,54.93243,-4.77434,7.5,Autumn,0.5335,2,1
Eurasian Curlew,54.93243,-4.5295,7.5,Autumn,0.1676,19,2
Eurasian Curlew,54.93243,-4.28466,7.5,Autumn,0.157,30,10
Eurasian Curlew,54.93243,-3.79499,7.5,Autumn,0.3215,92,51
Eurasian Curlew,54.93243,-3.55015,7.5,Autumn,0.4506,239,153
Eurasian Curlew,54.93243,-3.30531,7.5,Autumn,0.4369,26,17
Eurasian Curlew,54.93243,-3.06047,7.5,Autumn,0.1806,46,26
Eurasian Curlew,55.06757,-5.26402,7.5,Autumn,0.5089,16,3
Eurasian Curlew,55.06757,-5.01918,7.5,Autumn,0.5285,27,9
Eurasian Curlew,55.06757,-4.28466,7.5,Autumn,0.0803,13,1
Eurasian Curlew,55.06757,-3.55015,7.5,Autumn,0.1048,165,16
Eurasian Curlew,55.2027,-5.01918,7.5,Autumn,0.534,6,5
Eurasian Curlew,55.2027,-4.77434,7.5,Autumn,0.5183,17,6
Eurasian Curlew,55.33784,-5.75369,7.5,Autumn,0.502,8,2
Eurasian Curlew,55.33784,-5.50885,7.5,Autumn,0.5458,7,3
Eurasian Curlew,55.33784,-4.77434,7.5,Autumn,0.5547,125,57
Eurasian Curlew,55.33784,-4.28466,7.5,Autumn,0.0855,22,1
Eurasian Curlew,55.33784,-3.55015,7.5,Autumn,0.1093,19,1
Eurasian Curlew,55.47297,-5.75369,7.5,Autumn,0.5145,16,8
Eurasian Curlew,55.47297,-5.50885,7.5,Autumn,0.5577,19,9
Eurasian Curlew,55.47297,-5.26402,7.5,Autumn,0.556,50,17
Eurasian Curlew,55.47297,-5.01918,7.5,Autumn,0.5712,41,20
Eurasian Curlew,55.47297,-4.77434,7.5,Autumn,0.5661,581,190
Eurasian Curlew,55.47297,-4.5295,7.5,Autumn,0.1023,1154,129
Eurasian Curlew,55.60811,-6.24337,7.5,Autumn,0.3533,96,12
Eurasian Curlew,55.60811,-5.75369,7.5,Autumn,0.3869,11,6
Eurasian Curlew,55.60811,-5.50885,7.5,Autumn,0.4427,5,3
Eurasian Curlew,55.60811,-5.26402,7.5,Autumn,0.4433,81,19
Eurasian Curlew,55.60811,-5.01918,7.5,Autumn,0.4618,20,6
Eurasian Curlew,55.60811,-4.77434,7.5,Autumn,0.4993,3758,1149
Eurasian Curlew,55.60811,-4.5295,7.5,Autumn,0.0677,21393,2133
Eurasian Curlew,55.60811,-3.06047,7.5,Autumn,0.0438,31,1
Eurasian Curlew,55.60811,-2.81564,7.5,Autumn,0.0308,83,1
Eurasian Curlew,55.74324,-6.48821,7.5,Autumn,0.4558,54,15
Eurasian Curlew,55.74324,-6.24337,7.5,Autumn,0.4615,173,56
Eurasian Curlew,55.74324,-5.50885,7.5,Autumn,0.5204,28,14
Eurasian Curlew,55.74324,-5.26402,7.5,Autumn,0.5204,34,19
Eurasian Curlew,55.74324,-5.01918,7.5,Autumn,0.5248,76,27
Eurasian Curlew,55.74324,-4.77434,7.5,Autumn,0.5243,71,24
Eurasian Curlew,55.74324,-4.5295,7.5,Autumn,0.065,278,5
Eurasian Curlew,55.74324,-4.28466,7.5,Autumn,0.0543,566,1
Eurasian Curlew,55.74324,-4.03983,7.5,Autumn,0.0617,208,30
Eurasian Curlew,55.74324,-3.55015,7.5,Autumn,0.085,38,1
Eurasian Curlew,55.87838,-6.24337,7.5,Autumn,0.4065,142,69
Eurasian Curlew,55.87838,-5.99853,7.5,Autumn,0.4096,20,2
Eurasian Curlew,55.87838,-5.50885,7.5,Autumn,0.4583,16,8
Eurasian Curlew,55.87838,-5.26402,7.5,Autumn,0.4606,14,8
Eurasian Curlew,55.87838,-5.01918,7.5,Autumn,0.4593,16,10
Eurasian Curlew,55.87838,-4.77434,7.5,Autumn,0.4294,36,7
Eurasian Curlew,55.87838,-4.5295,7.5,Autumn,0.062,297,26
Eurasian Curlew,55.87838,-4.28466,7.5,Autumn,0.0397,1614,3
Eurasian Curlew,55.87838,-3.79499,7.5,Autumn,0.0593,50,8
Eurasian Curlew,55.87838,-3.30531,7.5,Autumn,0.0561,892,1
Eurasian Curlew,55.87838,-3.06047,7.5,Autumn,0.0374,1429,147
Eurasian Curlew,55.87838,-2.32596,7.5,Autumn,0.1281,105,39
Eurasian Curlew,55.87838,-2.08112,7.5,Autumn,0.2073,169,55
Eurasian Curlew,56.01351,-6.24337,7.5,Autumn,0.4238,25,7
Eurasian Curlew,56.01351,-5.75369,7.5,Autumn,0.4369,10,6
Eurasian Curlew,56.01351,-5.50885,7.5,Autumn,0.4194,48,20
Eurasian Curlew,56.01351,-5.26402,7.5,Autumn,0.4169,7,5
Eurasian Curlew,56.01351,-5.01918,7.5,Autumn,0.4072,72,54
Eurasian Curlew,56.01351,-4.77434,7.5,Autumn,0.3885,77,39
Eurasian Curlew,56.01351,-3.79499,7.5,Autumn,0.2106,285,87
Eurasian Curlew,56.01351,-3.55015,7.5,Autumn,0.358,300,140
Eurasian Curlew,56.01351,-3.30531,7.5,Autumn,0.4311,1675,401
Eurasian Curlew,56.01351,-3.06047,7.5,Autumn,0.5923,1856,885
Eurasian Curlew,56.01351,-2.81564,7.5,Autumn,0.5867,652,320
Eurasian Curlew,56.01351,-2.5708,7.5,Autumn,0.6705,447,290
Eurasian Curlew,56.01351,-2.32596,7.5,Autumn,0.5817,379,267
Eurasian Curlew,56.14865,-6.24337,7.5,Autumn,0.3216,9,2
Eurasian Curlew,56.14865,-5.50885,7.5,Autumn,0.2263,29,6
Eurasian Curlew,56.14865,-5.26402,7.5,Autumn,0.2026,6,4
Eurasian Curlew,56.14865,-5.01918,7.5,Autumn,0.1656,7,2
Eurasian Curlew,56.14865,-4.77434,7.5,Autumn,0.1645,53,10
Eurasian Curlew,56.14865,-4.03983,7.5,Autumn,0.0896,176,5
Eurasian Curlew,56.14865,-3.79499,7.5,Autumn,0.1278,274,35
Eurasian Curlew,56.14865,-3.30531,7.5,Autumn,0.2991,374,154
Eurasian Curlew,56.14865,-3.06047,7.5,Autumn,0.4103,103,18
Eurasian Curlew,56.14865,-2.81564,7.5,Autumn,0.4993,81,50
Eurasian Curlew,56.14865,-2.5708,7.5,Autumn,0.5425,22,10
Eurasian Curlew,56.28378,-6.48821,7.5,Autumn,0.3063,55,13
Eurasian Curlew,56.28378,-6.24337,7.5,Autumn,0.3119,22,3
Eurasian Curlew,56.28378,-5.50885,7.5,Autumn,0.2077,4,2
Eurasian Curlew,56.28378,-5.01918,7.5,Autumn,0.1241,23,2
Eurasian Curlew,56.28378,-3.30531,7.5,Autumn,0.1845,77,2
Eurasian Curlew,56.28378,-3.06047,7.5,Autumn,0.3565,309,64
Eurasian Curlew,56.28378,-2.81564,7.5,Autumn,0.4861,885,248
Eurasian Curlew,56.28378,-2.5708,7.5,Autumn,0.536,604,287
Eurasian Curlew,56.41892,-6.97788,7.5,Autumn,0.3043,2,1
Eurasian Curlew,56.41892,-6.24337,7.5,Autumn,0.3177,6,2
Eurasian Curlew,56.41892,-5.99853,7.5,Autumn,0.339,72,33
Eurasian Curlew,56.41892,-5.75369,7.5,Autumn,0.3255,123,46
Eurasian Curlew,56.41892,-5.50885,7.5,Autumn,0.2009,147,16
Eurasian Curlew,56.41892,-5.26402,7.5,Autumn,0.1632,5,1
Eurasian Curlew,56.41892,-3.79499,7.5,Autumn,0.0672,24,2
Eurasian Curlew,56.41892,-3.55015,7.5,Autumn,0.0724,96,5
Eurasian Curlew,56.41892,-3.30531,7.5,Autumn,0.1196,131,13
Eurasian Curlew,56.41892,-3.06047,7.5,Autumn,0.3558,363,21
Eurasian Curlew,56.41892,-2.81564,7.5,Autumn,0.4844,548,356
Eurasian Curlew,56.55405,-6.97788,7.5,Autumn,0.3141,27,7
Eurasian Curlew,56.55405,-6.73304,7.5,Autumn,0.313,6,1
Eurasian Curlew,56.55405,-6.24337,7.5,Autumn,0.3239,64,23
Eurasian Curlew,56.55405,-5.99853,7.5,Autumn,0.3427,81,42
Eurasian Curlew,56.55405,-5.75369,7.5,Autumn,0.3268,70,29
Eurasian Curlew,56.55405,-5.50885,7.5,Autumn,0.2096,22,7
Eurasian Curlew,56.55405,-5.26402,7.5,Autumn,0.1679,16,8
Eurasian Curlew,56.55405,-2.81564,7.5,Autumn,0.4618,26,10
Eurasian Curlew,56.55405,-2.5708,7.5,Autumn,0.4961,60,27
Eurasian Curlew,56.68919,-6.48821,7.5,Autumn,0.3159,4,2
Eurasian Curlew,56.68919,-6.24337,7.5,Autumn,0.3168,44,9
Eurasian Curlew,56.68919,-5.99853,7.5,Autumn,0.335,45,14
Eurasian Curlew,56.68919,-5.75369,7.5,Autumn,0.3147,30,3
Eurasian Curlew,56.68919,-5.50885,7.5,Autumn,0.1998,20,9
Eurasian Curlew,56.68919,-5.26402,7.5,Autumn,0.1566,49,1
Eurasian Curlew,56.68919,-5.01918,7.5,Autumn,0.0988,142,6
Eurasian Curlew,56.68919,-4.03983,7.5,Autumn,0.0595,22,2
Eurasian Curlew,56.68919,-3.06047,7.5,Autumn,0.2985,95,1
Eurasian Curlew,56.68919,-2.5708,7.5,Autumn,0.4901,265,166
Eurasian Curlew,56.68919,-2.32596,7.5,Autumn,0.3975,26,18
Eurasian Curlew,56.82432,-6.24337,7.5,Autumn,0.3199,6,2
Eurasian Curlew,56.82432,-5.99853,7.5,Autumn,0.3383,2,2
Eurasian Curlew,56.82432,-5.75369,7.5,Autumn,0.3158,36,13
Eurasian Curlew,56.82432,-5.26402,7.5,Autumn,0.1541,9,1
Eurasian Curlew,56.82432,-5.01918,7.5,Autumn,0.0993,127,8
Eurasian Curlew,56.82432,-2.5708,7.5,Autumn,0.4098,79,5
Eurasian Curlew,56.82432,-2.32596,7.5,Autumn,0.3553,51,20
Eurasian Curlew,56.95946,-7.46756,7.5,Autumn,0.3801,26,10
Eurasian Curlew,56.95946,-6.24337,7.5,Autumn,0.3246,68,28
Eurasian Curlew,56.95946,-5.75369,7.5,Autumn,0.3196,105,33
Eurasian Curlew,56.95946,-3.30531,7.5,Autumn,0.1108,46,1
Eurasian Curlew,56.95946,-2.32596,7.5,Autumn,0.2858,29,1
Eurasian Curlew,56.95946,-2.08112,7.5,Autumn,0.2561,92,23
Eurasian Curlew,57.09459,-7.46756,7.5,Autumn,0.3829,14,7
Eurasian Curlew,57.09459,-7.22272,7.5,Autumn,0.3381,13,6
Eurasian Curlew,57.09459,-6.48821,7.5,Autumn,0.3224,1,1
Eurasian Curlew,57.09459,-6.24337,7.5,Autumn,0.3218,5,4
Eurasian Curlew,57.09459,-5.99853,7.5,Autumn,0.3388,37,8
Eurasian Curlew,57.09459,-5.75369,7.5,Autumn,0.3152,33,4
Eurasian Curlew,57.09459,-4.03983,7.5,Autumn,0.0598,242,4
Eurasian Curlew,57.09459,-2.08112,7.5,Autumn,0.1943,1071,354
Eurasian Curlew,57.22973,-7.46756,7.5,Autumn,0.3956,56,22
Eurasian Curlew,57.22973,-7.22272,7.5,Autumn,0.345,11,6
Eurasian Curlew,57.22973,-6.24337,7.5,Autumn,0.3259,53,5
Eurasian Curlew,57.22973,-5.99853,7.5,Autumn,0.3455,170,85
Eurasian Curlew,57.22973,-5.75369,7.5,Autumn,0.3234,61,21
Eurasian Curlew,57.22973,-5.50885,7.5,Autumn,0.2085,94,20
Eurasian Curlew,57.22973,-4.03983,7.5,Autumn,0.0582,90,2
Eurasian Curlew,57.22973,-2.08112,7.5,Autumn,0.1678,282,33
Eurasian Curlew,57.36486,-7.46756,7.5,Autumn,0.3992,73,44
Eurasian Curlew,57.36486,-7.22272,7.5,Autumn,0.3423,22,5
Eurasian Curlew,57.36486,-6.73304,7.5,Autumn,0.316,40,1
Eurasian Curlew,57.36486,-6.48821,7.5,Autumn,0.3253,31,10
Eurasian Curlew,57.36486,-6.24337,7.5,Autumn,0.3223,155,26
Eurasian Curlew,57.36486,-5.99853,7.5,Autumn,0.3364,26,7
Eurasian Curlew,57.36486,-5.75369,7.5,Autumn,0.3162,43,4
Eurasian Curlew,57.36486,-5.50885,7.5,Autumn,0.2103,30,8
Eurasian Curlew,57.36486,-4.28466,7.5,Autumn,0.0539,108,1
Eurasian Curlew,57.36486,-2.08112,7.5,Autumn,0.1808,200,140
Eurasian Curlew,57.36486,-1.83628,7.5,Autumn,0.4255,66,6
Eurasian Curlew,57.5,-7.46756,7.5,Autumn,0.485,50,22
Eurasian Curlew,57.5,-7.22272,7.5,Autumn,0.4198,14,6
Eurasian Curlew,57.5,-6.73304,7.5,Autumn,0.373,244,57
Eurasian Curlew,57.5,-6.48821,7.5,Autumn,0.3795,64,11
Eurasian Curlew,57.5,-6.24337,7.5,Autumn,0.3263,77,21
Eurasian Curlew,57.5,-5.75369,7.5,Autumn,0.2728,50,11
Eurasian Curlew,57.5,-5.50885,7.5,Autumn,0.2708,11,1
Eurasian Curlew,57.5,-4.5295,7.5,Autumn,0.2149,80,2
Eurasian Curlew,57.5,-4.28466,7.5,Autumn,0.672,562,237
Eurasian Curlew,57.5,-4.03983,7.5,Autumn,0.4985,423,175
Eurasian Curlew,57.5,-2.32596,7.5,Autumn,0.1716,18,1
Eurasian Curlew,57.5,-1.83628,7.5,Autumn,0.4586,45,19
Eurasian Curlew,57.63514,-7.46756,7.5,Autumn,0.5408,72,46
Eurasian Curlew,57.63514,-7.22272,7.5,Autumn,0.4711,32,13
Eurasian Curlew,57.63514,-6.48821,7.5,Autumn,0.4107,42,21
Eurasian Curlew,57.63514,-6.24337,7.5,Autumn,0.3582,184,18
Eurasian Curlew,57.63514,-4.5295,7.5,Autumn,0.175,83,4
Eurasian Curlew,57.63514,-4.28466,7.5,Autumn,0.5479,93,36
Eurasian Curlew,57.63514,-4.03983,7.5,Autumn,0.6147,581,347
Eurasian Curlew,57.63514,-3.79499,7.5,Autumn,0.5331,202,77
Eurasian Curlew,57.63514,-3.55015,7.5,Autumn,0.3844,283,108
Eurasian Curlew,57.63514,-3.30531,7.5,Autumn,0.3693,151,10
Eurasian Curlew,57.63514,-3.06047,7.5,Autumn,0.3751,109,49
Eurasian Curlew,57.63514,-2.81564,7.5,Autumn,0.3547,40,8
Eurasian Curlew,57.63514,-2.5708,7.5,Autumn,0.3513,29,9
Eurasian Curlew,57.63514,-2.32596,7.5,Autumn,0.1926,32,2
Eurasian Curlew,57.63514,-2.08112,7.5,Autumn,0.2156,39,15
Eurasian Curlew,57.63514,-1.83628,7.5,Autumn,0.4907,165,64
Eurasian Curlew,57.77027,-8.69175,7.5,Autumn,0.5123,2,1
Eurasian Curlew,57.77027,-7.22272,7.5,Autumn,0.479,18,7
Eurasian Curlew,57.77027,-6.97788,7.5,Autumn,0.4311,28,14
Eurasian Curlew,57.77027,-6.73304,7.5,Autumn,0.4285,6,1
Eurasian Curlew,57.77027,-5.75369,7.5,Autumn,0.374,55,10
Eurasian Curlew,57.77027,-5.50885,7.5,Autumn,0.3795,25,9
Eurasian Curlew,57.77027,-5.01918,7.5,Autumn,0.2909,22,4
Eurasian Curlew,57.77027,-4.03983,7.5,Autumn,0.6049,104,71
Eurasian Curlew,57.77027,-3.79499,7.5,Autumn,0.5279,172,86
Eurasian Curlew,57.77027,-3.55015,7.5,Autumn,0.4635,162,64
Eurasian Curlew,57.77027,-3.30531,7.5,Autumn,0.4771,202,94
Eurasian Curlew,57.77027,-2.81564,7.5,Autumn,0.4078,11,2
Eurasian Curlew,57.90541,-6.97788,7.5,Autumn,0.3964,32,10
Eurasian Curlew,57.90541,-6.73304,7.5,Autumn,0.3975,9,3
Eurasian Curlew,57.90541,-6.24337,7.5,Autumn,0.3785,5,1
Eurasian Curlew,57.90541,-5.75369,7.5,Autumn,0.3556,13,1
Eurasian Curlew,57.90541,-5.50885,7.5,Autumn,0.3688,58,15
Eurasian Curlew,57.90541,-5.26402,7.5,Autumn,0.3706,101,34
Eurasian Curlew,57.90541,-4.28466,7.5,Autumn,0.4553,86,25
Eurasian Curlew,57.90541,-4.03983,7.5,Autumn,0.5855,167,88
Eurasian Curlew,57.90541,-3.79499,7.5,Autumn,0.5121,76,51
Eurasian Curlew,58.04054,-6.73304,7.5,Autumn,0.3751,12,2
Eurasian Curlew,58.04054,-5.26402,7.5,Autumn,0.3457,6,1
Eurasian Curlew,58.04054,-4.03983,7.5,Autumn,0.4952,14,2
Eurasian Curlew,58.04054,-3.79499,7.5,Autumn,0.4774,34,16
Eurasian Curlew,58.17568,-6.97788,7.5,Autumn,0.3693,67,15
Eurasian Curlew,58.17568,-6.73304,7.5,Autumn,0.3875,14,6
Eurasian Curlew,58.17568,-6.48821,7.5,Autumn,0.3941,64,7
Eurasian Curlew,58.17568,-6.24337,7.5,Autumn,0.3731,72,46
Eurasian Curlew,58.17568,-5.26402,7.5,Autumn,0.3554,50,19
Eurasian Curlew,58.17568,-3.55015,7.5,Autumn,0.4194,13,6
Eurasian Curlew,58.31081,-6.73304,7.5,Autumn,0.4962,87,49
Eurasian Curlew,58.31081,-6.48821,7.5,Autumn,0.5336,22,12
Eurasian Curlew,58.31081,-6.24337,7.5,Autumn,0.5006,117,50
Eurasian Curlew,58.31081,-5.26402,7.5,Autumn,0.4037,10,3
Eurasian Curlew,58.31081,-5.01918,7.5,Autumn,0.3441,7,1
Eurasian Curlew,58.31081,-3.30531,7.5,Autumn,0.4492,14,1
Eurasian Curlew,58.44595,-6.48821,7.5,Autumn,0.5297,12,1
Eurasian Curlew,58.44595,-6.24337,7.5,Autumn,0.4985,109,43
Eurasian Curlew,58.44595,-5.26402,7.5,Autumn,0.3983,1,1
Eurasian Curlew,58.44595,-4.77434,7.5,Autumn,0.349,2,2
Eurasian Curlew,58.44595,-4.5295,7.5,Autumn,0.2396,8,5
Eurasian Curlew,58.44595,-3.06047,7.5,Autumn,0.4737,54,28
Eurasian Curlew,58.58108,-6.24337,7.5,Autumn,0.4674,58,16
Eurasian Curlew,58.58108,-4.77434,7.5,Autumn,0.3671,66,16
Eurasian Curlew,58.58108,-4.28466,7.5,Autumn,0.4035,5,4
Eurasian Curlew,58.58108,-4.03983,7.5,Autumn,0.4668,21,1
Eurasian Curlew,58.58108,-3.79499,7.5,Autumn,0.4708,9,7
Eurasian Curlew,58.58108,-3.55015,7.5,Autumn,0.4363,31,6
Eurasian Curlew,58.58108,-3.30531,7.5,Autumn,0.4597,53,17
Eurasian Curlew,58.58108,-3.06047,7.5,Autumn,0.4865,95,41
Eurasian Curlew,58.71622,-3.55015,7.5,Autumn,0.4246,4,2
Eurasian Curlew,58.71622,-3.06047,7.5,Autumn,0.5086,35,14
Eurasian Curlew,58.71622,-2.81564,7.5,Autumn,0.4708,5,4
Eurasian Curlew,58.85135,-3.30531,7.5,Autumn,0.5227,14,6
Eurasian Curlew,58.85135,-3.06047,7.5,Autumn,0.567,54,24
Eurasian Curlew,58.85135,-2.81564,7.5,Autumn,0.5787,100,38
Eurasian Curlew,58.98649,-3.30531,7.5,Autumn,0.5226,157,55
Eurasian Curlew,58.98649,-3.06047,7.5,Autumn,0.5526,134,38
Eurasian Curlew,58.98649,-2.81564,7.5,Autumn,0.5642,98,65
Eurasian Curlew,59.12162,-3.30531,7.5,Autumn,0.5524,100,67
Eurasian Curlew,59.12162,-3.06047,7.5,Autumn,0.5869,80,30
Eurasian Curlew,59.12162,-2.81564,7.5,Autumn,0.5877,4,1
Eurasian Curlew,59.12162,-2.5708,7.5,Autumn,0.602,41,21
Eurasian Curlew,59.25676,-2.81564,7.5,Autumn,0.5921,2,2
Eurasian Curlew,59.25676,-2.5708,7.5,Autumn,0.6054,8,4
Eurasian Curlew,59.25676,-2.32596,7.5,Autumn,0.4511,3,2
Eurasian Curlew,59.39189,-3.06047,7.5,Autumn,0.5734,1,1
Eurasian Curlew,59.39189,-2.81564,7.5,Autumn,0.5843,11,6
Eurasian Curlew,59.39189,-2.32596,7.5,Autumn,0.4578,327,238
Eurasian Curlew,59.52703,-1.59145,7.5,Autumn,0.5994,323,199
Eurasian Curlew,59.7973,-1.34661,7.5,Autumn,0.6075,168,33
Eurasian Curlew,59.93243,-1.34661,7.5,Autumn,0.6768,2628,1434
Eurasian Curlew,59.93243,-1.10177,7.5,Autumn,0.4213,77,40
Eurasian Curlew,60.06757,-2.08112,7.5,Autumn,0.4689,16,8
Eurasian Curlew,60.06757,-1.34661,7.5,Autumn,0.6503,907,497
Eurasian Curlew,60.06757,-1.10177,7.5,Autumn,0.4415,253,129
Eurasian Curlew,60.2027,-2.08112,7.5,Autumn,0.3791,3,3
Eurasian Curlew,60.2027,-1.59145,7.5,Autumn,0.5342,63,14
Eurasian Curlew,60.2027,-1.34661,7.5,Autumn,0.5485,500,177
Eurasian Curlew,60.2027,-1.10177,7.5,Autumn,0.4994,824,190
Eurasian Curlew,60.33784,-1.59145,7.5,Autumn,0.5409,107,44
Eurasian Curlew,60.33784,-1.34661,7.5,Autumn,0.5558,397,101
Eurasian Curlew,60.33784,-1.10177,7.5,Autumn,0.573,219,85
Eurasian Curlew,60.33784,-0.85693,7.5,Autumn,0.5767,31,6
Eurasian Curlew,60.47297,-1.59145,7.5,Autumn,0.5511,176,75
Eurasian Curlew,60.47297,-1.34661,7.5,Autumn,0.5702,240,91
Eurasian Curlew,60.47297,-1.10177,7.5,Autumn,0.5904,149,46
Eurasian Curlew,60.47297,-0.85693,7.5,Autumn,0.6019,36,19
Eurasian Curlew,60.60811,-1.34661,7.5,Autumn,0.573,63,34
Eurasian Curlew,60.60811,-1.10177,7.5,Autumn,0.6124,106,42
Eurasian Curlew,60.60811,-0.85693,7.5,Autumn,0.6362,32,11
Eurasian Curlew,60.74324,-1.10177,7.5,Autumn,0.6242,54,25
Eurasian Curlew,60.74324,-0.85693,7.5,Autumn,0.6563,798,323
Eurasian Curlew,60.87838,-0.85693,7.5,Autumn,0.3476,125,60
Eurasian Curlew,54.66216,-5.01918,7.5,Spring,0.1204,17,1
Eurasian Curlew,54.66216,-4.77434,7.5,Spring,0.1483,75,2
Eurasian Curlew,54.66216,-4.5295,7.5,Spring,0.1623,2,1
Eurasian Curlew,54.7973,-5.01918,7.5,Spring,0.1387,84,7
Eurasian Curlew,54.7973,-4.5295,7.5,Spring,0.1747,51,9
Eurasian Curlew,54.7973,-4.28466,7.5,Spring,0.1807,23,3
Eurasian Curlew,54.7973,-4.03983,7.5,Spring,0.1757,114,12
Eurasian Curlew,54.7973,-3.79499,7.5,Spring,0.2333,19,3
Eurasian Curlew,54.93243,-5.26402,7.5,Spring,0.2166,4,1
Eurasian Curlew,54.93243,-5.01918,7.5,Spring,0.2091,134,26
Eurasian Curlew,54.93243,-4.77434,7.5,Spring,0.2459,32,3
Eurasian Curlew,54.93243,-4.5295,7.5,Spring,0.1163,64,10
Eurasian Curlew,54.93243,-4.28466,7.5,Spring,0.1178,37,5
Eurasian Curlew,54.93243,-4.03983,7.5,Spring,0.1241,118,5
Eurasian Curlew,54.93243,-3.79499,7.5,Spring,0.2032,108,30
Eurasian Curlew,54.93243,-3.55015,7.5,Spring,0.2751,256,86
Eurasian Curlew,54.93243,-3.30531,7.5,Spring,0.2578,36,16
Eurasian Curlew,54.93243,-3.06047,7.5,Spring,0.219,53,22
Eurasian Curlew,55.06757,-5.26402,7.5,Spring,0.2349,20,1
Eurasian Curlew,55.06757,-5.01918,7.5,Spring,0.228,15,1
Eurasian Curlew,55.06757,-4.77434,7.5,Spring,0.2642,8,3
Eurasian Curlew,55.06757,-4.28466,7.5,Spring,0.1061,28,2
Eurasian Curlew,55.06757,-4.03983,7.5,Spring,0.11,73,3
Eurasian Curlew,55.06757,-3.79499,7.5,Spring,0.1204,21,1
Eurasian Curlew,55.06757,-3.55015,7.5,Spring,0.1273,243,20
Eurasian Curlew,55.06757,-2.81564,7.5,Spring,0.1394,8,2
Eurasian Curlew,55.2027,-5.01918,7.5,Spring,0.2296,21,1
Eurasian Curlew,55.2027,-4.77434,7.5,Spring,0.2651,32,5
Eurasian Curlew,55.2027,-4.28466,7.5,Spring,0.111,17,1
Eurasian Curlew,55.2027,-4.03983,7.5,Spring,0.1149,25,4
Eurasian Curlew,55.2027,-3.79499,7.5,Spring,0.1266,36,1
Eurasian Curlew,55.2027,-3.55015,7.5,Spring,0.1335,7,1
Eurasian Curlew,55.2027,-3.06047,7.5,Spring,0.0964,49,6
Eurasian Curlew,55.2027,-2.81564,7.5,Spring,0.0731,29,12
Eurasian Curlew,55.33784,-4.77434,7.5,Spring,0.2946,92,26
Eurasian Curlew,55.33784,-4.5295,7.5,Spring,0.1194,62,3
Eurasian Curlew,55.33784,-4.28466,7.5,Spring,0.1287,147,18
Eurasian Curlew,55.33784,-3.79499,7.5,Spring,0.1472,69,13
Eurasian Curlew,55.33784,-3.55015,7.5,Spring,0.1491,100,22
Eurasian Curlew,55.33784,-2.81564,7.5,Spring,0.072,9,1
Eurasian Curlew,55.33784,-2.5708,7.5,Spring,0.0808,10,1
Eurasian Curlew,55.47297,-5.75369,7.5,Spring,0.2613,50,8
Eurasian Curlew,55.47297,-5.50885,7.5,Spring,0.2787,29,5
Eurasian Curlew,55.47297,-5.26402,7.5,Spring,0.2802,53,16
Eurasian Curlew,55.47297,-5.01918,7.5,Spring,0.2655,71,6
Eurasian Curlew,55.47297,-4.77434,7.5,Spring,0.3008,561,100
Eurasian Curlew,55.47297,-4.5295,7.5,Spring,0.1393,1120,168
Eurasian Curlew,55.47297,-4.28466,7.5,Spring,0.1488,36,3
Eurasian Curlew,55.47297,-4.03983,7.5,Spring,0.1562,6,2
Eurasian Curlew,55.47297,-3.79499,7.5,Spring,0.1709,119,44
Eurasian Curlew,55.47297,-3.55015,7.5,Spring,0.169,116,31
Eurasian Curlew,55.47297,-3.30531,7.5,Spring,0.1263,66,8
Eurasian Curlew,55.47297,-2.32596,7.5,Spring,0.0627,5,1
Eurasian Curlew,55.60811,-6.48821,7.5,Spring,0.2275,4,2
Eurasian Curlew,55.60811,-6.24337,7.5,Spring,0.217,237,47
Eurasian Curlew,55.60811,-5.99853,7.5,Spring,0.1996,16,1
Eurasian Curlew,55.60811,-5.75369,7.5,Spring,0.2025,34,3
Eurasian Curlew,55.60811,-5.50885,7.5,Spring,0.2149,16,4
Eurasian Curlew,55.60811,-5.26402,7.5,Spring,0.2144,166,7
Eurasian Curlew,55.60811,-5.01918,7.5,Spring,0.2072,34,2
Eurasian Curlew,55.60811,-4.77434,7.5,Spring,0.2324,3607,536
Eurasian Curlew,55.60811,-4.5295,7.5,Spring,0.0867,21683,586
Eurasian Curlew,55.60811,-4.28466,7.5,Spring,0.086,65,8
Eurasian Curlew,55.60811,-3.79499,7.5,Spring,0.1103,38,1
Eurasian Curlew,55.60811,-3.55015,7.5,Spring,0.1305,77,6
Eurasian Curlew,55.60811,-3.30531,7.5,Spring,0.1287,97,1
Eurasian Curlew,55.60811,-3.06047,7.5,Spring,0.1023,58,5
Eurasian Curlew,55.60811,-2.81564,7.5,Spring,0.0676,127,4
Eurasian Curlew,55.60811,-2.32596,7.5,Spring,0.0613,44,1
Eurasian Curlew,55.74324,-6.48821,7.5,Spring,0.2418,81,18
Eurasian Curlew,55.74324,-6.24337,7.5,Spring,0.2286,131,20
Eurasian Curlew,55.74324,-5.99853,7.5,Spring,0.2171,27,1
Eurasian Curlew,55.74324,-5.75369,7.5,Spring,0.22,3418,9
Eurasian Curlew,55.74324,-5.50885,7.5,Spring,0.2314,40,7
Eurasian Curlew,55.74324,-5.26402,7.5,Spring,0.2324,38,7
Eurasian Curlew,55.74324,-5.01918,7.5,Spring,0.2229,108,15
Eurasian Curlew,55.74324,-4.77434,7.5,Spring,0.2317,124,27
Eurasian Curlew,55.74324,-4.5295,7.5,Spring,0.087,468,26
Eurasian Curlew,55.74324,-4.28466,7.5,Spring,0.0831,998,14
Eurasian Curlew,55.74324,-4.03983,7.5,Spring,0.0981,315,17
Eurasian Curlew,55.74324,-3.79499,7.5,Spring,0.1206,52,2
Eurasian Curlew,55.74324,-3.55015,7.5,Spring,0.1554,38,30
Eurasian Curlew,55.74324,-3.30531,7.5,Spring,0.1556,64,9
Eurasian Curlew,55.74324,-3.06047,7.5,Spring,0.2266,398,195
Eurasian Curlew,55.74324,-2.81564,7.5,Spring,0.1318,30,4
Eurasian Curlew,55.74324,-2.5708,7.5,Spring,0.1558,11,3
Eurasian Curlew,55.87838,-6.48821,7.5,Spring,0.2282,24,5
Eurasian Curlew,55.87838,-6.24337,7.5,Spring,0.2127,110,40
Eurasian Curlew,55.87838,-5.99853,7.5,Spring,0.2002,48,1
Eurasian Curlew,55.87838,-5.50885,7.5,Spring,0.209,30,7
Eurasian Curlew,55.87838,-5.26402,7.5,Spring,0.2124,41,8
Eurasian Curlew,55.87838,-5.01918,7.5,Spring,0.2037,56,5
Eurasian Curlew,55.87838,-4.77434,7.5,Spring,0.2065,59,8
Eurasian Curlew,55.87838,-4.5295,7.5,Spring,0.0654,458,41
Eurasian Curlew,55.87838,-4.28466,7.5,Spring,0.0444,2168,1
Eurasian Curlew,55.87838,-4.03983,7.5,Spring,0.0524,258,2
Eurasian Curlew,55.87838,-3.79499,7.5,Spring,0.0597,47,5
Eurasian Curlew,55.87838,-3.55015,7.5,Spring,0.0656,219,12
Eurasian Curlew,55.87838,-3.30531,7.5,Spring,0.0629,2071,115
Eurasian Curlew,55.87838,-3.06047,7.5,Spring,0.0624,2165,177
Eurasian Curlew,55.87838,-2.81564,7.5,Spring,0.0628,239,6
Eurasian Curlew,55.87838,-2.5708,7.5,Spring,0.3369,232,120
Eurasian Curlew,55.87838,-2.32596,7.5,Spring,0.132,169,42
Eurasian Curlew,55.87838,-2.08112,7.5,Spring,0.1021,288,25
Eurasian Curlew,56.01351,-6.24337,7.5,Spring,0.2069,34,7
Eurasian Curlew,56.01351,-5.99853,7.5,Spring,0.2101,11,1
Eurasian Curlew,56.01351,-5.75369,7.5,Spring,0.2071,19,6
Eurasian Curlew,56.01351,-5.50885,7.5,Spring,0.1762,97,11
Eurasian Curlew,56.01351,-5.26402,7.5,Spring,0.1719,45,6
Eurasian Curlew,56.01351,-5.01918,7.5,Spring,0.1662,167,66
Eurasian Curlew,56.01351,-4.77434,7.5,Spring,0.1645,189,51
Eurasian Curlew,56.01351,-4.5295,7.5,Spring,0.1033,435,14
Eurasian Curlew,56.01351,-4.28466,7.5,Spring,0.1213,175,5
Eurasian Curlew,56.01351,-4.03983,7.5,Spring,0.1524,39,10
Eurasian Curlew,56.01351,-3.79499,7.5,Spring,0.1552,421,85
Eurasian Curlew,56.01351,-3.55015,7.5,Spring,0.2654,493,123
Eurasian Curlew,56.01351,-3.30531,7.5,Spring,0.3477,2906,289
Eurasian Curlew,56.01351,-3.06047,7.5,Spring,0.5709,2432,777
Eurasian Curlew,56.01351,-2.81564,7.5,Spring,0.4333,928,240
Eurasian Curlew,56.01351,-2.5708,7.5,Spring,0.5442,754,277
Eurasian Curlew,56.01351,-2.32596,7.5,Spring,0.4163,300,167
Eurasian Curlew,56.14865,-6.24337,7.5,Spring,0.1796,11,1
Eurasian Curlew,56.14865,-5.75369,7.5,Spring,0.1833,1,1
Eurasian Curlew,56.14865,-5.50885,7.5,Spring,0.1146,78,8
Eurasian Curlew,56.14865,-5.26402,7.5,Spring,0.1112,28,2
Eurasian Curlew,56.14865,-4.77434,7.5,Spring,0.1048,77,4
Eurasian Curlew,56.14865,-4.5295,7.5,Spring,0.0894,234,1
Eurasian Curlew,56.14865,-4.28466,7.5,Spring,0.1121,180,18
Eurasian Curlew,56.14865,-4.03983,7.5,Spring,0.1415,535,25
Eurasian Curlew,56.14865,-3.79499,7.5,Spring,0.1311,695,104
Eurasian Curlew,56.14865,-3.55015,7.5,Spring,0.1414,219,19
Eurasian Curlew,56.14865,-3.30531,7.5,Spring,0.2308,652,171
Eurasian Curlew,56.14865,-3.06047,7.5,Spring,0.357,422,53
Eurasian Curlew,56.14865,-2.81564,7.5,Spring,0.3072,399,156
Eurasian Curlew,56.14865,-2.5708,7.5,Spring,0.3291,243,9
Eurasian Curlew,56.28378,-6.48821,7.5,Spring,0.1596,342,26
Eurasian Curlew,56.28378,-6.24337,7.5,Spring,0.1812,133,45
Eurasian Curlew,56.28378,-5.99853,7.5,Spring,0.1879,21,1
Eurasian Curlew,56.28378,-5.75369,7.5,Spring,0.1849,17,4
Eurasian Curlew,56.28378,-5.50885,7.5,Spring,0.1136,44,6
Eurasian Curlew,56.28378,-5.01918,7.5,Spring,0.1003,58,2
Eurasian Curlew,56.28378,-4.5295,7.5,Spring,0.0914,56,4
Eurasian Curlew,56.28378,-4.28466,7.5,Spring,0.1138,269,6
Eurasian Curlew,56.28378,-4.03983,7.5,Spring,0.1442,43,15
Eurasian Curlew,56.28378,-3.79499,7.5,Spring,0.1299,106,9
Eurasian Curlew,56.28378,-3.55015,7.5,Spring,0.1345,32,1
Eurasian Curlew,56.28378,-3.30531,7.5,Spring,0.2037,146,15
Eurasian Curlew,56.28378,-3.06047,7.5,Spring,0.3187,546,62
Eurasian Curlew,56.28378,-2.81564,7.5,Spring,0.3232,1514,218
Eurasian Curlew,56.28378,-2.5708,7.5,Spring,0.3561,559,185
Eurasian Curlew,56.41892,-6.97788,7.5,Spring,0.1594,28,2
Eurasian Curlew,56.41892,-6.24337,7.5,Spring,0.1779,177,13
Eurasian Curlew,56.41892,-5.99853,7.5,Spring,0.1871,401,95
Eurasian Curlew,56.41892,-5.75369,7.5,Spring,0.1854,385,108
Eurasian Curlew,56.41892,-5.50885,7.5,Spring,0.1105,396,17
Eurasian Curlew,56.41892,-5.26402,7.5,Spring,0.1079,39,3
Eurasian Curlew,56.41892,-4.77434,7.5,Spring,0.0982,54,1
Eurasian Curlew,56.41892,-4.28466,7.5,Spring,0.1165,86,8
Eurasian Curlew,56.41892,-4.03983,7.5,Spring,0.1465,122,24
Eurasian Curlew,56.41892,-3.79499,7.5,Spring,0.1303,80,30
Eurasian Curlew,56.41892,-3.55015,7.5,Spring,0.134,238,6
Eurasian Curlew,56.41892,-3.30531,7.5,Spring,0.1991,261,21
Eurasian Curlew,56.41892,-3.06047,7.5,Spring,0.3082,540,26
Eurasian Curlew,56.41892,-2.81564,7.5,Spring,0.2989,655,296
Eurasian Curlew,56.55405,-6.97788,7.5,Spring,0.1641,33,5
Eurasian Curlew,56.55405,-6.73304,7.5,Spring,0.1601,34,4
Eurasian Curlew,56.55405,-6.48821,7.5,Spring,0.1603,149,1
Eurasian Curlew,56.55405,-6.24337,7.5,Spring,0.1754,182,42
Eurasian Curlew,56.55405,-5.99853,7.5,Spring,0.1803,283,65
Eurasian Curlew,56.55405,-5.75369,7.5,Spring,0.1766,158,23
Eurasian Curlew,56.55405,-5.50885,7.5,Spring,0.1139,85,6
Eurasian Curlew,56.55405,-5.26402,7.5,Spring,0.1116,50,8
Eurasian Curlew,56.55405,-4.28466,7.5,Spring,0.1174,17,1
Eurasian Curlew,56.55405,-4.03983,7.5,Spring,0.1482,55,7
Eurasian Curlew,56.55405,-3.79499,7.5,Spring,0.13,74,37
Eurasian Curlew,56.55405,-3.55015,7.5,Spring,0.1337,294,23
Eurasian Curlew,56.55405,-3.30531,7.5,Spring,0.1997,54,1
Eurasian Curlew,56.55405,-3.06047,7.5,Spring,0.2953,50,2
Eurasian Curlew,56.55405,-2.81564,7.5,Spring,0.2926,55,4
Eurasian Curlew,56.55405,-2.5708,7.5,Spring,0.3201,109,20
Eurasian Curlew,56.68919,-6.73304,7.5,Spring,0.1594,4,1
Eurasian Curlew,56.68919,-6.48821,7.5,Spring,0.1604,42,7
Eurasian Curlew,56.68919,-6.24337,7.5,Spring,0.1707,84,17
Eurasian Curlew,56.68919,-5.99853,7.5,Spring,0.1748,205,13
Eurasian Curlew,56.68919,-5.75369,7.5,Spring,0.171,96,12
Eurasian Curlew,56.68919,-5.50885,7.5,Spring,0.1116,74,7
Eurasian Curlew,56.68919,-5.26402,7.5,Spring,0.1097,113,12
Eurasian Curlew,56.68919,-5.01918,7.5,Spring,0.0967,215,5
Eurasian Curlew,56.68919,-4.03983,7.5,Spring,0.1481,46,2
Eurasian Curlew,56.68919,-3.79499,7.5,Spring,0.1295,290,15
Eurasian Curlew,56.68919,-3.55015,7.5,Spring,0.1338,26,7
Eurasian Curlew,56.68919,-3.30531,7.5,Spring,0.2044,83,23
Eurasian Curlew,56.68919,-3.06047,7.5,Spring,0.3181,181,58
Eurasian Curlew,56.68919,-2.81564,7.5,Spring,0.3006,111,7
Eurasian Curlew,56.68919,-2.5708,7.5,Spring,0.3283,253,95
Eurasian Curlew,56.68919,-2.32596,7.5,Spring,0.2326,22,10
Eurasian Curlew,56.82432,-7.46756,7.5,Spring,0.1912,5,1
Eurasian Curlew,56.82432,-6.24337,7.5,Spring,0.1708,25,4
Eurasian Curlew,56.82432,-5.99853,7.5,Spring,0.1749,17,1
Eurasian Curlew,56.82432,-5.75369,7.5,Spring,0.171,83,18
Eurasian Curlew,56.82432,-5.26402,7.5,Spring,0.1098,28,5
Eurasian Curlew,56.82432,-5.01918,7.5,Spring,0.0971,256,6
Eurasian Curlew,56.82432,-4.77434,7.5,Spring,0.0977,30,4
Eurasian Curlew,56.82432,-4.28466,7.5,Spring,0.1182,17,2
Eurasian Curlew,56.82432,-4.03983,7.5,Spring,0.1504,45,3
Eurasian Curlew,56.82432,-3.79499,7.5,Spring,0.1295,59,5
Eurasian Curlew,56.82432,-3.55015,7.5,Spring,0.1346,19,5
Eurasian Curlew,56.82432,-3.30531,7.5,Spring,0.2109,111,18
Eurasian Curlew,56.82432,-3.06047,7.5,Spring,0.3287,25,20
Eurasian Curlew,56.82432,-2.81564,7.5,Spring,0.2875,10,5
Eurasian Curlew,56.82432,-2.5708,7.5,Spring,0.2955,127,14
Eurasian Curlew,56.82432,-2.32596,7.5,Spring,0.2153,78,20
Eurasian Curlew,56.95946,-7.46756,7.5,Spring,0.1924,82,11
Eurasian Curlew,56.95946,-6.73304,7.5,Spring,0.1598,2,1
Eurasian Curlew,56.95946,-6.24337,7.5,Spring,0.1709,108,28
Eurasian Curlew,56.95946,-5.75369,7.5,Spring,0.1704,175,10
Eurasian Curlew,56.95946,-5.01918,7.5,Spring,0.0963,46,3
Eurasian Curlew,56.95946,-4.5295,7.5,Spring,0.0948,55,4
Eurasian Curlew,56.95946,-4.28466,7.5,Spring,0.1191,91,12
Eurasian Curlew,56.95946,-4.03983,7.5,Spring,0.1508,3,1
Eurasian Curlew,56.95946,-3.55015,7.5,Spring,0.1349,57,4
Eurasian Curlew,56.95946,-3.30531,7.5,Spring,0.2121,107,23
Eurasian Curlew,56.95946,-3.06047,7.5,Spring,0.2836,23,9
Eurasian Curlew,56.95946,-2.81564,7.5,Spring,0.2232,10,4
Eurasian Curlew,56.95946,-2.32596,7.5,Spring,0.1255,74,5
Eurasian Curlew,56.95946,-2.08112,7.5,Spring,0.1089,269,18
Eurasian Curlew,57.09459,-7.46756,7.5,Spring,0.1992,60,13
Eurasian Curlew,57.09459,-7.22272,7.5,Spring,0.165,65,8
Eurasian Curlew,57.09459,-6.48821,7.5,Spring,0.1615,30,6
Eurasian Curlew,57.09459,-6.24337,7.5,Spring,0.1709,5,3
Eurasian Curlew,57.09459,-5.99853,7.5,Spring,0.1753,100,10
Eurasian Curlew,57.09459,-5.75369,7.5,Spring,0.1714,50,4
Eurasian Curlew,57.09459,-4.5295,7.5,Spring,0.0965,8,1
Eurasian Curlew,57.09459,-4.03983,7.5,Spring,0.1626,709,290
Eurasian Curlew,57.09459,-3.79499,7.5,Spring,0.1275,375,2
Eurasian Curlew,57.09459,-3.55015,7.5,Spring,0.1352,433,2
Eurasian Curlew,57.09459,-3.30531,7.5,Spring,0.2128,78,20
Eurasian Curlew,57.09459,-3.06047,7.5,Spring,0.2651,69,8
Eurasian Curlew,57.09459,-2.81564,7.5,Spring,0.1959,188,23
Eurasian Curlew,57.09459,-2.08112,7.5,Spring,0.0873,1560,197
Eurasian Curlew,57.22973,-7.46756,7.5,Spring,0.2071,214,60
Eurasian Curlew,57.22973,-7.22272,7.5,Spring,0.1666,50,5
Eurasian Curlew,57.22973,-6.24337,7.5,Spring,0.1713,115,6
Eurasian Curlew,57.22973,-5.99853,7.5,Spring,0.176,315,51
Eurasian Curlew,57.22973,-5.75369,7.5,Spring,0.1712,159,32
Eurasian Curlew,57.22973,-5.50885,7.5,Spring,0.1112,128,8
Eurasian Curlew,57.22973,-4.5295,7.5,Spring,0.0922,45,4
Eurasian Curlew,57.22973,-4.28466,7.5,Spring,0.1182,11,7
Eurasian Curlew,57.22973,-4.03983,7.5,Spring,0.1497,252,111
Eurasian Curlew,57.22973,-3.79499,7.5,Spring,0.1168,2240,100
Eurasian Curlew,57.22973,-3.55015,7.5,Spring,0.1361,560,91
Eurasian Curlew,57.22973,-3.30531,7.5,Spring,0.2186,123,56
Eurasian Curlew,57.22973,-3.06047,7.5,Spring,0.2517,10,1
Eurasian Curlew,57.22973,-2.81564,7.5,Spring,0.1797,24,5
Eurasian Curlew,57.22973,-2.5708,7.5,Spring,0.174,20,2
Eurasian Curlew,57.22973,-2.32596,7.5,Spring,0.0746,52,2
Eurasian Curlew,57.22973,-2.08112,7.5,Spring,0.0868,488,21
Eurasian Curlew,57.36486,-7.46756,7.5,Spring,0.2335,199,44
Eurasian Curlew,57.36486,-7.22272,7.5,Spring,0.1773,119,17
Eurasian Curlew,57.36486,-6.73304,7.5,Spring,0.1672,87,2
Eurasian Curlew,57.36486,-6.48821,7.5,Spring,0.1694,77,12
Eurasian Curlew,57.36486,-6.24337,7.5,Spring,0.1757,242,20
Eurasian Curlew,57.36486,-5.99853,7.5,Spring,0.1773,41,5
Eurasian Curlew,57.36486,-5.75369,7.5,Spring,0.1731,69,2
Eurasian Curlew,57.36486,-5.50885,7.5,Spring,0.1197,59,13
Eurasian Curlew,57.36486,-4.77434,7.5,Spring,0.1065,86,12
Eurasian Curlew,57.36486,-4.5295,7.5,Spring,0.1032,272,11
Eurasian Curlew,57.36486,-4.28466,7.5,Spring,0.1573,333,100
Eurasian Curlew,57.36486,-4.03983,7.5,Spring,0.2087,118,29
Eurasian Curlew,57.36486,-3.79499,7.5,Spring,0.189,407,204
Eurasian Curlew,57.36486,-3.55015,7.5,Spring,0.1833,445,71
Eurasian Curlew,57.36486,-3.30531,7.5,Spring,0.2489,43,14
Eurasian Curlew,57.36486,-3.06047,7.5,Spring,0.2675,5,2
Eurasian Curlew,57.36486,-2.81564,7.5,Spring,0.1892,14,1
Eurasian Curlew,57.36486,-2.32596,7.5,Spring,0.077,30,1
Eurasian Curlew,57.36486,-2.08112,7.5,Spring,0.0927,274,144
Eurasian Curlew,57.36486,-1.83628,7.5,Spring,0.2474,69,5
Eurasian Curlew,57.5,-7.7124,7.5,Spring,0.1947,1,1
Eurasian Curlew,57.5,-7.46756,7.5,Spring,0.2108,266,75
Eurasian Curlew,57.5,-7.22272,7.5,Spring,0.161,151,32
Eurasian Curlew,57.5,-6.73304,7.5,Spring,0.1373,445,38
Eurasian Curlew,57.5,-6.48821,7.5,Spring,0.1363,129,16
Eurasian Curlew,57.5,-6.24337,7.5,Spring,0.1297,165,18
Eurasian Curlew,57.5,-5.75369,7.5,Spring,0.1042,47,4
Eurasian Curlew,57.5,-5.50885,7.5,Spring,0.094,38,12
Eurasian Curlew,57.5,-5.26402,7.5,Spring,0.0948,21,2
Eurasian Curlew,57.5,-4.5295,7.5,Spring,0.0943,192,4
Eurasian Curlew,57.5,-4.28466,7.5,Spring,0.5118,915,181
Eurasian Curlew,57.5,-4.03983,7.5,Spring,0.3365,691,185
Eurasian Curlew,57.5,-3.79499,7.5,Spring,0.2121,39,6
Eurasian Curlew,57.5,-3.55015,7.5,Spring,0.1975,26,4
Eurasian Curlew,57.5,-3.30531,7.5,Spring,0.2111,49,1
Eurasian Curlew,57.5,-1.83628,7.5,Spring,0.2468,128,7
Eurasian Curlew,57.63514,-7.46756,7.5,Spring,0.2589,489,128
Eurasian Curlew,57.63514,-7.22272,7.5,Spring,0.1965,123,10
Eurasian Curlew,57.63514,-6.48821,7.5,Spring,0.1631,131,10
Eurasian Curlew,57.63514,-6.24337,7.5,Spring,0.1595,360,25
Eurasian Curlew,57.63514,-5.75369,7.5,Spring,0.1272,56,3
Eurasian Curlew,57.63514,-5.01918,7.5,Spring,0.0955,22,2
Eurasian Curlew,57.63514,-4.77434,7.5,Spring,0.0961,38,1
Eurasian Curlew,57.63514,-4.5295,7.5,Spring,0.0934,168,11
Eurasian Curlew,57.63514,-4.28466,7.5,Spring,0.3708,160,39
Eurasian Curlew,57.63514,-4.03983,7.5,Spring,0.4667,569,199
Eurasian Curlew,57.63514,-3.79499,7.5,Spring,0.3563,223,50
Eurasian Curlew,57.63514,-3.55015,7.5,Spring,0.3001,328,81
Eurasian Curlew,57.63514,-3.30531,7.5,Spring,0.3122,232,32
Eurasian Curlew,57.63514,-3.06047,7.5,Spring,0.2886,167,26
Eurasian Curlew,57.63514,-2.81564,7.5,Spring,0.1993,87,6
Eurasian Curlew,57.63514,-2.5708,7.5,Spring,0.194,131,13
Eurasian Curlew,57.63514,-2.32596,7.5,Spring,0.0847,147,3
Eurasian Curlew,57.63514,-2.08112,7.5,Spring,0.1028,51,10
Eurasian Curlew,57.63514,-1.83628,7.5,Spring,0.298,232,69
Eurasian Curlew,57.77027,-8.69175,7.5,Spring,0.165,65,3
Eurasian Curlew,57.77027,-7.22272,7.5,Spring,0.1775,66,8
Eurasian Curlew,57.77027,-6.97788,7.5,Spring,0.1583,68,9
Eurasian Curlew,57.77027,-6.24337,7.5,Spring,0.157,7,1
Eurasian Curlew,57.77027,-5.75369,7.5,Spring,0.1347,131,11
Eurasian Curlew,57.77027,-5.50885,7.5,Spring,0.1234,84,14
Eurasian Curlew,57.77027,-5.01918,7.5,Spring,0.1016,49,2
Eurasian Curlew,57.77027,-4.28466,7.5,Spring,0.3038,40,3
Eurasian Curlew,57.77027,-4.03983,7.5,Spring,0.466,201,93
Eurasian Curlew,57.77027,-3.79499,7.5,Spring,0.3631,199,67
Eurasian Curlew,57.77027,-3.55015,7.5,Spring,0.3346,157,19
Eurasian Curlew,57.77027,-3.30531,7.5,Spring,0.3742,165,56
Eurasian Curlew,57.90541,-6.97788,7.5,Spring,0.1516,91,9
Eurasian Curlew,57.90541,-6.73304,7.5,Spring,0.1501,58,4
Eurasian Curlew,57.90541,-6.24337,7.5,Spring,0.1511,31,3
Eurasian Curlew,57.90541,-5.50885,7.5,Spring,0.1139,117,9
Eurasian Curlew,57.90541,-5.26402,7.5,Spring,0.1113,130,21
Eurasian Curlew,57.90541,-5.01918,7.5,Spring,0.0967,7,1
Eurasian Curlew,57.90541,-4.5295,7.5,Spring,0.0938,18,2
Eurasian Curlew,57.90541,-4.28466,7.5,Spring,0.3003,115,31
Eurasian Curlew,57.90541,-4.03983,7.5,Spring,0.4619,326,141
Eurasian Curlew,57.90541,-3.79499,7.5,Spring,0.3611,70,25
Eurasian Curlew,58.04054,-6.97788,7.5,Spring,0.1486,23,2
Eurasian Curlew,58.04054,-6.73304,7.5,Spring,0.1474,42,7
Eurasian Curlew,58.04054,-5.50885,7.5,Spring,0.112,6,2
Eurasian Curlew,58.04054,-5.26402,7.5,Spring,0.1092,24,1
Eurasian Curlew,58.04054,-4.77434,7.5,Spring,0.0957,1,1
Eurasian Curlew,58.04054,-4.5295,7.5,Spring,0.0916,61,12
Eurasian Curlew,58.04054,-4.28466,7.5,Spring,0.2616,55,2
Eurasian Curlew,58.04054,-4.03983,7.5,Spring,0.4213,61,4
Eurasian Curlew,58.04054,-3.79499,7.5,Spring,0.3382,75,16
Eurasian Curlew,58.04054,-1.83628,7.5,Spring,0.2977,1,1
Eurasian Curlew,58.17568,-6.97788,7.5,Spring,0.1559,41,4
Eurasian Curlew,58.17568,-6.73304,7.5,Spring,0.1565,86,16
Eurasian Curlew,58.17568,-6.48821,7.5,Spring,0.1581,169,16
Eurasian Curlew,58.17568,-6.24337,7.5,Spring,0.1568,77,19
Eurasian Curlew,58.17568,-5.26402,7.5,Spring,0.1093,130,6
Eurasian Curlew,58.17568,-4.03983,7.5,Spring,0.4224,8,6
Eurasian Curlew,58.17568,-3.79499,7.5,Spring,0.3379,13,6
Eurasian Curlew,58.17568,-3.55015,7.5,Spring,0.3142,19,1
Eurasian Curlew,58.31081,-6.97788,7.5,Spring,0.2007,33,2
Eurasian Curlew,58.31081,-6.73304,7.5,Spring,0.2303,84,16
Eurasian Curlew,58.31081,-6.48821,7.5,Spring,0.2544,58,19
Eurasian Curlew,58.31081,-6.24337,7.5,Spring,0.246,135,49
Eurasian Curlew,58.31081,-5.26402,7.5,Spring,0.1294,43,1
Eurasian Curlew,58.31081,-5.01918,7.5,Spring,0.1168,43,4
Eurasian Curlew,58.31081,-4.5295,7.5,Spring,0.1143,14,5
Eurasian Curlew,58.31081,-4.28466,7.5,Spring,0.2697,7,1
Eurasian Curlew,58.31081,-4.03983,7.5,Spring,0.4229,3,2
Eurasian Curlew,58.31081,-3.79499,7.5,Spring,0.3421,31,2
Eurasian Curlew,58.31081,-3.55015,7.5,Spring,0.3182,14,1
Eurasian Curlew,58.31081,-3.30531,7.5,Spring,0.3662,19,6
Eurasian Curlew,58.31081,-3.06047,7.5,Spring,0.3313,18,5
Eurasian Curlew,58.44595,-6.48821,7.5,Spring,0.2529,12,4
Eurasian Curlew,58.44595,-6.24337,7.5,Spring,0.2371,106,29
Eurasian Curlew,58.44595,-5.26402,7.5,Spring,0.124,89,3
Eurasian Curlew,58.44595,-5.01918,7.5,Spring,0.1123,31,7
Eurasian Curlew,58.44595,-4.5295,7.5,Spring,0.1097,28,4
Eurasian Curlew,58.44595,-4.03983,7.5,Spring,0.4195,1,1
Eurasian Curlew,58.44595,-3.55015,7.5,Spring,0.3195,11,1
Eurasian Curlew,58.44595,-3.30531,7.5,Spring,0.3684,21,7
Eurasian Curlew,58.44595,-3.06047,7.5,Spring,0.374,87,26
Eurasian Curlew,58.58108,-6.24337,7.5,Spring,0.1874,71,8
Eurasian Curlew,58.58108,-4.77434,7.5,Spring,0.1043,149,8
Eurasian Curlew,58.58108,-4.5295,7.5,Spring,0.0995,1,1
Eurasian Curlew,58.58108,-4.28466,7.5,Spring,0.2664,22,5
Eurasian Curlew,58.58108,-4.03983,7.5,Spring,0.4137,19,6
Eurasian Curlew,58.58108,-3.79499,7.5,Spring,0.3429,34,9
Eurasian Curlew,58.58108,-3.55015,7.5,Spring,0.3186,95,14
Eurasian Curlew,58.58108,-3.30531,7.5,Spring,0.3688,100,24
Eurasian Curlew,58.58108,-3.06047,7.5,Spring,0.4236,142,51
Eurasian Curlew,58.71622,-3.30531,7.5,Spring,0.3746,86,10
Eurasian Curlew,58.71622,-3.06047,7.5,Spring,0.4866,32,16
Eurasian Curlew,58.85135,-3.30531,7.5,Spring,0.5254,97,19
Eurasian Curlew,58.85135,-3.06047,7.5,Spring,0.601,66,40
Eurasian Curlew,58.85135,-2.81564,7.5,Spring,0.5421,115,47
Eurasian Curlew,58.98649,-3.30531,7.5,Spring,0.5616,299,137
Eurasian Curlew,58.98649,-3.06047,7.5,Spring,0.5859,323,126
Eurasian Curlew,58.98649,-2.81564,7.5,Spring,0.5301,106,64
Eurasian Curlew,59.12162,-3.30531,7.5,Spring,0.581,228,131
Eurasian Curlew,59.12162,-3.06047,7.5,Spring,0.6218,182,119
Eurasian Curlew,59.12162,-2.81564,7.5,Spring,0.5711,15,8
Eurasian Curlew,59.12162,-2.5708,7.5,Spring,0.584,7,4
Eurasian Curlew,59.25676,-3.06047,7.5,Spring,0.6155,27,12
Eurasian Curlew,59.25676,-2.81564,7.5,Spring,0.5689,23,5
Eurasian Curlew,59.25676,-2.5708,7.5,Spring,0.582,8,6
Eurasian Curlew,59.25676,-1.34661,7.5,Spring,0.5441,1,1
Eurasian Curlew,59.39189,-3.06047,7.5,Spring,0.5923,21,2
Eurasian Curlew,59.39189,-2.81564,7.5,Spring,0.5609,24,14
Eurasian Curlew,59.39189,-2.32596,7.5,Spring,0.4365,344,273
Eurasian Curlew,59.52703,-1.59145,7.5,Spring,0.5768,456,322
Eurasian Curlew,59.7973,-1.34661,7.5,Spring,0.5587,175,20
Eurasian Curlew,59.93243,-1.34661,7.5,Spring,0.6718,1629,1066
Eurasian Curlew,59.93243,-1.10177,7.5,Spring,0.302,131,36
Eurasian Curlew,60.06757,-2.08112,7.5,Spring,0.4342,22,7
Eurasian Curlew,60.06757,-1.34661,7.5,Spring,0.6045,437,312
Eurasian Curlew,60.06757,-1.10177,7.5,Spring,0.3286,123,45
Eurasian Curlew,60.2027,-1.59145,7.5,Spring,0.634,49,23
Eurasian Curlew,60.2027,-1.34661,7.5,Spring,0.6528,134,66
Eurasian Curlew,60.2027,-1.10177,7.5,Spring,0.5215,488,94
Eurasian Curlew,60.33784,-1.59145,7.5,Spring,0.6323,34,19
Eurasian Curlew,60.33784,-1.34661,7.5,Spring,0.6527,70,41
Eurasian Curlew,60.33784,-1.10177,7.5,Spring,0.6328,26,18
Eurasian Curlew,60.33784,-0.85693,7.5,Spring,0.6537,5,1
Eurasian Curlew,60.47297,-1.59145,7.5,Spring,0.616,71,26
Eurasian Curlew,60.47297,-1.34661,7.5,Spring,0.6425,52,28
Eurasian Curlew,60.47297,-1.10177,7.5,Spring,0.6362,58,23
Eurasian Curlew,60.47297,-0.85693,7.5,Spring,0.6628,26,17
Eurasian Curlew,60.60811,-1.34661,7.5,Spring,0.6253,24,12
Eurasian Curlew,60.60811,-1.10177,7.5,Spring,0.6419,33,10
Eurasian Curlew,60.60811,-0.85693,7.5,Spring,0.6865,78,29
Eurasian Curlew,60.74324,-1.10177,7.5,Spring,0.644,20,6
Eurasian Curlew,60.74324,-0.85693,7.5,Spring,0.7004,385,223
Eurasian Curlew,60.87838,-0.85693,7.5,Spring,0.2775,114,28
Eurasian Curlew,54.66216,-4.77434,7.5,Summer,0.147,43,5
Eurasian Curlew,54.66216,-4.28466,7.5,Summer,0.1854,11,2
Eurasian Curlew,54.7973,-5.01918,7.5,Summer,0.1354,55,1
Eurasian Curlew,54.7973,-4.77434,7.5,Summer,0.1644,8,5
Eurasian Curlew,54.7973,-4.5295,7.5,Summer,0.1784,34,8
Eurasian Curlew,54.7973,-4.28466,7.5,Summer,0.2017,27,12
Eurasian Curlew,54.7973,-4.03983,7.5,Summer,0.1901,46,6
Eurasian Curlew,54.7973,-3.79499,7.5,Summer,0.238,22,8
Eurasian Curlew,54.93243,-5.26402,7.5,Summer,0.2958,2,1
Eurasian Curlew,54.93243,-5.01918,7.5,Summer,0.3117,74,27
Eurasian Curlew,54.93243,-4.77434,7.5,Summer,0.3155,13,1
Eurasian Curlew,54.93243,-4.28466,7.5,Summer,0.0945,35,2
Eurasian Curlew,54.93243,-4.03983,7.5,Summer,0.1002,106,1
Eurasian Curlew,54.93243,-3.79499,7.5,Summer,0.1675,76,18
Eurasian Curlew,54.93243,-3.55015,7.5,Summer,0.2829,171,69
Eurasian Curlew,54.93243,-3.30531,7.5,Summer,0.2883,22,9
Eurasian Curlew,54.93243,-3.06047,7.5,Summer,0.181,41,19
Eurasian Curlew,55.06757,-5.26402,7.5,Summer,0.3009,23,6
Eurasian Curlew,55.06757,-5.01918,7.5,Summer,0.3173,12,3
Eurasian Curlew,55.06757,-4.77434,7.5,Summer,0.3204,10,4
Eurasian Curlew,55.06757,-4.03983,7.5,Summer,0.0826,63,2
Eurasian Curlew,55.06757,-3.55015,7.5,Summer,0.0983,192,11
Eurasian Curlew,55.06757,-3.30531,7.5,Summer,0.0839,52,1
Eurasian Curlew,55.2027,-5.01918,7.5,Summer,0.3187,17,3
Eurasian Curlew,55.2027,-4.77434,7.5,Summer,0.3213,30,4
Eurasian Curlew,55.2027,-4.28466,7.5,Summer,0.0784,23,2
Eurasian Curlew,55.2027,-4.03983,7.5,Summer,0.085,23,1
Eurasian Curlew,55.2027,-3.55015,7.5,Summer,0.0999,9,1
Eurasian Curlew,55.2027,-2.81564,7.5,Summer,0.0451,13,1
Eurasian Curlew,55.33784,-5.75369,7.5,Summer,0.2766,17,2
Eurasian Curlew,55.33784,-5.50885,7.5,Summer,0.3207,14,3
Eurasian Curlew,55.33784,-4.77434,7.5,Summer,0.35,137,37
Eurasian Curlew,55.33784,-4.28466,7.5,Summer,0.0862,47,3
Eurasian Curlew,55.33784,-3.79499,7.5,Summer,0.1016,22,1
Eurasian Curlew,55.33784,-2.5708,7.5,Summer,0.058,8,1
Eurasian Curlew,55.47297,-5.75369,7.5,Summer,0.2874,39,9
Eurasian Curlew,55.47297,-5.50885,7.5,Summer,0.3326,25,5
Eurasian Curlew,55.47297,-5.26402,7.5,Summer,0.3401,20,6
Eurasian Curlew,55.47297,-5.01918,7.5,Summer,0.3538,38,16
Eurasian Curlew,55.47297,-4.77434,7.5,Summer,0.3626,450,126
Eurasian Curlew,55.47297,-4.5295,7.5,Summer,0.1021,794,82
Eurasian Curlew,55.47297,-4.28466,7.5,Summer,0.1043,34,2
Eurasian Curlew,55.47297,-3.79499,7.5,Summer,0.1219,96,26
Eurasian Curlew,55.47297,-3.55015,7.5,Summer,0.1238,88,6
Eurasian Curlew,55.47297,-3.30531,7.5,Summer,0.0971,63,2
Eurasian Curlew,55.47297,-2.81564,7.5,Summer,0.0435,11,1
Eurasian Curlew,55.60811,-6.24337,7.5,Summer,0.1914,83,5
Eurasian Curlew,55.60811,-5.99853,7.5,Summer,0.19,10,1
Eurasian Curlew,55.60811,-5.75369,7.5,Summer,0.1973,15,2
Eurasian Curlew,55.60811,-5.50885,7.5,Summer,0.2224,12,1
Eurasian Curlew,55.60811,-5.26402,7.5,Summer,0.2242,104,4
Eurasian Curlew,55.60811,-5.01918,7.5,Summer,0.2415,24,1
Eurasian Curlew,55.60811,-4.77434,7.5,Summer,0.2677,3125,780
Eurasian Curlew,55.60811,-4.5295,7.5,Summer,0.0674,27860,271
Eurasian Curlew,55.60811,-4.28466,7.5,Summer,0.067,20,1
Eurasian Curlew,55.60811,-4.03983,7.5,Summer,0.0803,5,1
Eurasian Curlew,55.60811,-3.55015,7.5,Summer,0.1106,78,9
Eurasian Curlew,55.60811,-3.06047,7.5,Summer,0.0644,83,1
Eurasian Curlew,55.60811,-2.81564,7.5,Summer,0.0434,109,2
Eurasian Curlew,55.60811,-2.5708,7.5,Summer,0.0556,41,1
Eurasian Curlew,55.74324,-6.48821,7.5,Summer,0.2353,38,9
Eurasian Curlew,55.74324,-6.24337,7.5,Summer,0.2198,63,18
Eurasian Curlew,55.74324,-5.75369,7.5,Summer,0.2248,17,3
Eurasian Curlew,55.74324,-5.50885,7.5,Summer,0.2497,42,8
Eurasian Curlew,55.74324,-5.26402,7.5,Summer,0.2515,32,4
Eurasian Curlew,55.74324,-5.01918,7.5,Summer,0.2607,93,20
Eurasian Curlew,55.74324,-4.77434,7.5,Summer,0.2634,62,16
Eurasian Curlew,55.74324,-4.5295,7.5,Summer,0.0695,277,9
Eurasian Curlew,55.74324,-4.28466,7.5,Summer,0.068,507,2
Eurasian Curlew,55.74324,-4.03983,7.5,Summer,0.0832,219,45
Eurasian Curlew,55.74324,-3.55015,7.5,Summer,0.1303,24,18
Eurasian Curlew,55.74324,-3.30531,7.5,Summer,0.1138,29,4
Eurasian Curlew,55.74324,-3.06047,7.5,Summer,0.1062,133,48
Eurasian Curlew,55.74324,-2.81564,7.5,Summer,0.0666,18,1
Eurasian Curlew,55.74324,-2.5708,7.5,Summer,0.1033,14,5
Eurasian Curlew,55.74324,-2.08112,7.5,Summer,0.0898,40,1
Eurasian Curlew,55.87838,-6.48821,7.5,Summer,0.2059,11,2
Eurasian Curlew,55.87838,-6.24337,7.5,Summer,0.1927,94,17
Eurasian Curlew,55.87838,-5.99853,7.5,Summer,0.1885,21,1
Eurasian Curlew,55.87838,-5.75369,7.5,Summer,0.1953,7,1
Eurasian Curlew,55.87838,-5.50885,7.5,Summer,0.2227,48,14
Eurasian Curlew,55.87838,-5.26402,7.5,Summer,0.225,24,10
Eurasian Curlew,55.87838,-5.01918,7.5,Summer,0.2197,15,1
Eurasian Curlew,55.87838,-4.77434,7.5,Summer,0.2124,45,5
Eurasian Curlew,55.87838,-4.5295,7.5,Summer,0.0576,292,20
Eurasian Curlew,55.87838,-4.28466,7.5,Summer,0.0444,1378,2
Eurasian Curlew,55.87838,-4.03983,7.5,Summer,0.0513,131,2
Eurasian Curlew,55.87838,-3.79499,7.5,Summer,0.0643,42,3
Eurasian Curlew,55.87838,-3.55015,7.5,Summer,0.0681,134,15
Eurasian Curlew,55.87838,-3.30531,7.5,Summer,0.0578,1184,20
Eurasian Curlew,55.87838,-3.06047,7.5,Summer,0.0579,1626,165
Eurasian Curlew,55.87838,-2.81564,7.5,Summer,0.0636,98,4
Eurasian Curlew,55.87838,-2.5708,7.5,Summer,0.3571,109,48
Eurasian Curlew,55.87838,-2.32596,7.5,Summer,0.1867,75,15
Eurasian Curlew,55.87838,-2.08112,7.5,Summer,0.2376,295,63
Eurasian Curlew,56.01351,-6.24337,7.5,Summer,0.2191,22,3
Eurasian Curlew,56.01351,-5.99853,7.5,Summer,0.2281,3,2
Eurasian Curlew,56.01351,-5.75369,7.5,Summer,0.23,13,3
Eurasian Curlew,56.01351,-5.50885,7.5,Summer,0.1995,37,5
Eurasian Curlew,56.01351,-5.26402,7.5,Summer,0.1958,22,7
Eurasian Curlew,56.01351,-5.01918,7.5,Summer,0.1893,85,31
Eurasian Curlew,56.01351,-4.77434,7.5,Summer,0.1841,128,29
Eurasian Curlew,56.01351,-4.28466,7.5,Summer,0.095,90,1
Eurasian Curlew,56.01351,-4.03983,7.5,Summer,0.1141,53,3
Eurasian Curlew,56.01351,-3.79499,7.5,Summer,0.1289,365,75
Eurasian Curlew,56.01351,-3.55015,7.5,Summer,0.2489,266,89
Eurasian Curlew,56.01351,-3.30531,7.5,Summer,0.3398,2181,302
Eurasian Curlew,56.01351,-3.06047,7.5,Summer,0.5706,2396,909
Eurasian Curlew,56.01351,-2.81564,7.5,Summer,0.4384,786,262
Eurasian Curlew,56.01351,-2.5708,7.5,Summer,0.5522,613,199
Eurasian Curlew,56.01351,-2.32596,7.5,Summer,0.4419,130,81
Eurasian Curlew,56.14865,-6.24337,7.5,Summer,0.166,6,1
Eurasian Curlew,56.14865,-5.50885,7.5,Summer,0.0964,74,10
Eurasian Curlew,56.14865,-5.26402,7.5,Summer,0.0911,28,1
Eurasian Curlew,56.14865,-4.77434,7.5,Summer,0.0801,98,2
Eurasian Curlew,56.14865,-4.28466,7.5,Summer,0.0754,111,6
Eurasian Curlew,56.14865,-4.03983,7.5,Summer,0.0866,349,3
Eurasian Curlew,56.14865,-3.79499,7.5,Summer,0.0876,328,32
Eurasian Curlew,56.14865,-3.30531,7.5,Summer,0.1912,405,84
Eurasian Curlew,56.14865,-3.06047,7.5,Summer,0.3405,158,27
Eurasian Curlew,56.14865,-2.81564,7.5,Summer,0.2993,174,83
Eurasian Curlew,56.14865,-2.5708,7.5,Summer,0.3329,245,34
Eurasian Curlew,56.28378,-6.48821,7.5,Summer,0.1519,238,21
Eurasian Curlew,56.28378,-6.24337,7.5,Summer,0.1661,89,20
Eurasian Curlew,56.28378,-5.99853,7.5,Summer,0.1793,3,1
Eurasian Curlew,56.28378,-5.75369,7.5,Summer,0.178,34,8
Eurasian Curlew,56.28378,-5.50885,7.5,Summer,0.0942,51,1
Eurasian Curlew,56.28378,-4.28466,7.5,Summer,0.0755,205,1
Eurasian Curlew,56.28378,-4.03983,7.5,Summer,0.0863,8,1
Eurasian Curlew,56.28378,-3.79499,7.5,Summer,0.0812,77,3
Eurasian Curlew,56.28378,-3.55015,7.5,Summer,0.0838,35,1
Eurasian Curlew,56.28378,-3.30531,7.5,Summer,0.1461,90,4
Eurasian Curlew,56.28378,-3.06047,7.5,Summer,0.3009,322,41
Eurasian Curlew,56.28378,-2.81564,7.5,Summer,0.3205,1122,174
Eurasian Curlew,56.28378,-2.5708,7.5,Summer,0.3656,524,224
Eurasian Curlew,56.41892,-6.97788,7.5,Summer,0.1563,37,7
Eurasian Curlew,56.41892,-6.24337,7.5,Summer,0.1688,224,15
Eurasian Curlew,56.41892,-5.99853,7.5,Summer,0.1862,294,91
Eurasian Curlew,56.41892,-5.75369,7.5,Summer,0.1847,361,103
Eurasian Curlew,56.41892,-5.50885,7.5,Summer,0.0981,433,31
Eurasian Curlew,56.41892,-5.26402,7.5,Summer,0.0925,25,1
Eurasian Curlew,56.41892,-4.28466,7.5,Summer,0.077,97,1
Eurasian Curlew,56.41892,-4.03983,7.5,Summer,0.0879,50,11
Eurasian Curlew,56.41892,-3.79499,7.5,Summer,0.0815,78,1
Eurasian Curlew,56.41892,-3.55015,7.5,Summer,0.0829,110,1
Eurasian Curlew,56.41892,-3.30531,7.5,Summer,0.1414,198,15
Eurasian Curlew,56.41892,-3.06047,7.5,Summer,0.2921,357,16
Eurasian Curlew,56.41892,-2.81564,7.5,Summer,0.315,590,261
Eurasian Curlew,56.55405,-6.97788,7.5,Summer,0.1616,19,1
Eurasian Curlew,56.55405,-6.73304,7.5,Summer,0.158,37,9
Eurasian Curlew,56.55405,-6.48821,7.5,Summer,0.1589,134,5
Eurasian Curlew,56.55405,-6.24337,7.5,Summer,0.1696,192,43
Eurasian Curlew,56.55405,-5.99853,7.5,Summer,0.1789,274,92
Eurasian Curlew,56.55405,-5.75369,7.5,Summer,0.176,81,22
Eurasian Curlew,56.55405,-5.50885,7.5,Summer,0.1027,37,6
Eurasian Curlew,56.55405,-5.26402,7.5,Summer,0.0961,36,11
Eurasian Curlew,56.55405,-4.77434,7.5,Summer,0.0784,50,1
Eurasian Curlew,56.55405,-4.03983,7.5,Summer,0.0894,49,2
Eurasian Curlew,56.55405,-3.79499,7.5,Summer,0.0813,45,12
Eurasian Curlew,56.55405,-3.55015,7.5,Summer,0.0823,287,6
Eurasian Curlew,56.55405,-3.06047,7.5,Summer,0.2695,31,1
Eurasian Curlew,56.55405,-2.81564,7.5,Summer,0.3156,30,9
Eurasian Curlew,56.55405,-2.5708,7.5,Summer,0.3504,98,33
Eurasian Curlew,56.68919,-6.48821,7.5,Summer,0.156,30,8
Eurasian Curlew,56.68919,-6.24337,7.5,Summer,0.1604,70,9
Eurasian Curlew,56.68919,-5.99853,7.5,Summer,0.1675,168,12
Eurasian Curlew,56.68919,-5.75369,7.5,Summer,0.1643,30,2
Eurasian Curlew,56.68919,-5.50885,7.5,Summer,0.0993,44,6
Eurasian Curlew,56.68919,-5.26402,7.5,Summer,0.0938,139,9
Eurasian Curlew,56.68919,-5.01918,7.5,Summer,0.0771,304,19
Eurasian Curlew,56.68919,-4.28466,7.5,Summer,0.0787,18,3
Eurasian Curlew,56.68919,-4.03983,7.5,Summer,0.0894,50,5
Eurasian Curlew,56.68919,-3.79499,7.5,Summer,0.0812,268,1
Eurasian Curlew,56.68919,-3.30531,7.5,Summer,0.1413,40,10
Eurasian Curlew,56.68919,-3.06047,7.5,Summer,0.2766,142,15
Eurasian Curlew,56.68919,-2.81564,7.5,Summer,0.3173,56,3
Eurasian Curlew,56.68919,-2.5708,7.5,Summer,0.35,238,114
Eurasian Curlew,56.68919,-2.32596,7.5,Summer,0.2471,30,16
Eurasian Curlew,56.82432,-6.24337,7.5,Summer,0.1599,21,4
Eurasian Curlew,56.82432,-5.99853,7.5,Summer,0.167,11,1
Eurasian Curlew,56.82432,-5.75369,7.5,Summer,0.1633,93,17
Eurasian Curlew,56.82432,-5.26402,7.5,Summer,0.0927,33,4
Eurasian Curlew,56.82432,-5.01918,7.5,Summer,0.0762,276,9
Eurasian Curlew,56.82432,-4.28466,7.5,Summer,0.0797,15,2
Eurasian Curlew,56.82432,-4.03983,7.5,Summer,0.0897,25,1
Eurasian Curlew,56.82432,-3.79499,7.5,Summer,0.0812,56,1
Eurasian Curlew,56.82432,-3.55015,7.5,Summer,0.0823,25,1
Eurasian Curlew,56.82432,-3.30531,7.5,Summer,0.1424,104,10
Eurasian Curlew,56.82432,-3.06047,7.5,Summer,0.2814,27,13
Eurasian Curlew,56.82432,-2.81564,7.5,Summer,0.2983,11,6
Eurasian Curlew,56.82432,-2.32596,7.5,Summer,0.2289,71,19
Eurasian Curlew,56.95946,-7.46756,7.5,Summer,0.18,118,13
Eurasian Curlew,56.95946,-6.24337,7.5,Summer,0.1597,43,24
Eurasian Curlew,56.95946,-5.75369,7.5,Summer,0.1621,122,6
Eurasian Curlew,56.95946,-4.5295,7.5,Summer,0.0668,28,2
Eurasian Curlew,56.95946,-4.28466,7.5,Summer,0.08,75,10
Eurasian Curlew,56.95946,-3.55015,7.5,Summer,0.0825,70,13
Eurasian Curlew,56.95946,-3.30531,7.5,Summer,0.1427,105,4
Eurasian Curlew,56.95946,-3.06047,7.5,Summer,0.2583,26,2
Eurasian Curlew,56.95946,-2.81564,7.5,Summer,0.2613,64,21
Eurasian Curlew,56.95946,-2.5708,7.5,Summer,0.266,21,4
Eurasian Curlew,56.95946,-2.32596,7.5,Summer,0.1653,53,5
Eurasian Curlew,56.95946,-2.08112,7.5,Summer,0.1769,272,39
Eurasian Curlew,57.09459,-7.46756,7.5,Summer,0.1834,86,17
Eurasian Curlew,57.09459,-7.22272,7.5,Summer,0.1566,41,6
Eurasian Curlew,57.09459,-6.48821,7.5,Summer,0.1546,39,12
Eurasian Curlew,57.09459,-5.99853,7.5,Summer,0.1652,105,4
Eurasian Curlew,57.09459,-5.75369,7.5,Summer,0.1614,94,2
Eurasian Curlew,57.09459,-4.03983,7.5,Summer,0.0936,526,126
Eurasian Curlew,57.09459,-3.79499,7.5,Summer,0.0786,311,1
Eurasian Curlew,57.09459,-3.55015,7.5,Summer,0.0812,315,2
Eurasian Curlew,57.09459,-3.30531,7.5,Summer,0.1409,90,4
Eurasian Curlew,57.09459,-3.06047,7.5,Summer,0.2435,80,5
Eurasian Curlew,57.09459,-2.81564,7.5,Summer,0.226,84,4
Eurasian Curlew,57.09459,-2.08112,7.5,Summer,0.1369,1194,346
Eurasian Curlew,57.22973,-7.46756,7.5,Summer,0.1985,112,38
Eurasian Curlew,57.22973,-7.22272,7.5,Summer,0.1641,26,4
Eurasian Curlew,57.22973,-6.24337,7.5,Summer,0.164,148,10
Eurasian Curlew,57.22973,-5.99853,7.5,Summer,0.1727,364,96
Eurasian Curlew,57.22973,-5.75369,7.5,Summer,0.1674,148,28
Eurasian Curlew,57.22973,-5.50885,7.5,Summer,0.0976,171,11
Eurasian Curlew,57.22973,-4.5295,7.5,Summer,0.065,77,4
Eurasian Curlew,57.22973,-4.03983,7.5,Summer,0.0903,133,43
Eurasian Curlew,57.22973,-3.79499,7.5,Summer,0.0769,1932,47
Eurasian Curlew,57.22973,-3.55015,7.5,Summer,0.0806,441,41
Eurasian Curlew,57.22973,-3.30531,7.5,Summer,0.1401,128,28
Eurasian Curlew,57.22973,-3.06047,7.5,Summer,0.2395,7,2
Eurasian Curlew,57.22973,-2.81564,7.5,Summer,0.2045,22,1
Eurasian Curlew,57.22973,-2.32596,7.5,Summer,0.098,9,1
Eurasian Curlew,57.22973,-2.08112,7.5,Summer,0.1433,267,32
Eurasian Curlew,57.22973,-1.83628,7.5,Summer,0.3496,5,1
Eurasian Curlew,57.36486,-7.46756,7.5,Summer,0.2136,123,40
Eurasian Curlew,57.36486,-7.22272,7.5,Summer,0.1726,80,21
Eurasian Curlew,57.36486,-6.48821,7.5,Summer,0.1698,93,37
Eurasian Curlew,57.36486,-6.24337,7.5,Summer,0.1704,292,47
Eurasian Curlew,57.36486,-5.99853,7.5,Summer,0.1762,33,6
Eurasian Curlew,57.36486,-5.75369,7.5,Summer,0.1712,65,3
Eurasian Curlew,57.36486,-5.50885,7.5,Summer,0.1054,51,7
Eurasian Curlew,57.36486,-4.77434,7.5,Summer,0.0839,58,3
Eurasian Curlew,57.36486,-4.5295,7.5,Summer,0.071,222,2
Eurasian Curlew,57.36486,-4.28466,7.5,Summer,0.0918,264,48
Eurasian Curlew,57.36486,-4.03983,7.5,Summer,0.1081,86,17
Eurasian Curlew,57.36486,-3.79499,7.5,Summer,0.1013,308,95
Eurasian Curlew,57.36486,-3.55015,7.5,Summer,0.1012,381,26
Eurasian Curlew,57.36486,-3.30531,7.5,Summer,0.155,71,10
Eurasian Curlew,57.36486,-3.06047,7.5,Summer,0.2516,14,4
Eurasian Curlew,57.36486,-2.81564,7.5,Summer,0.2105,7,2
Eurasian Curlew,57.36486,-2.5708,7.5,Summer,0.2087,84,1
Eurasian Curlew,57.36486,-2.08112,7.5,Summer,0.1372,330,175
Eurasian Curlew,57.36486,-1.83628,7.5,Summer,0.306,74,8
Eurasian Curlew,57.5,-7.46756,7.5,Summer,0.2129,165,29
Eurasian Curlew,57.5,-7.22272,7.5,Summer,0.1743,111,23
Eurasian Curlew,57.5,-6.73304,7.5,Summer,0.1613,402,57
Eurasian Curlew,57.5,-6.48821,7.5,Summer,0.1704,157,22
Eurasian Curlew,57.5,-6.24337,7.5,Summer,0.1547,189,24
Eurasian Curlew,57.5,-5.75369,7.5,Summer,0.1203,62,16
Eurasian Curlew,57.5,-5.50885,7.5,Summer,0.1183,59,17
Eurasian Curlew,57.5,-5.01918,7.5,Summer,0.1016,8,1
Eurasian Curlew,57.5,-4.28466,7.5,Summer,0.5675,814,206
Eurasian Curlew,57.5,-4.03983,7.5,Summer,0.3725,626,147
Eurasian Curlew,57.5,-3.79499,7.5,Summer,0.2513,60,4
Eurasian Curlew,57.5,-3.30531,7.5,Summer,0.2402,48,2
Eurasian Curlew,57.5,-1.83628,7.5,Summer,0.3168,107,5
Eurasian Curlew,57.63514,-7.46756,7.5,Summer,0.2502,350,102
Eurasian Curlew,57.63514,-7.22272,7.5,Summer,0.2018,116,22
Eurasian Curlew,57.63514,-6.73304,7.5,Summer,0.1815,13,1
Eurasian Curlew,57.63514,-6.48821,7.5,Summer,0.1867,167,26
Eurasian Curlew,57.63514,-6.24337,7.5,Summer,0.1772,443,26
Eurasian Curlew,57.63514,-5.75369,7.5,Summer,0.139,46,3
Eurasian Curlew,57.63514,-5.50885,7.5,Summer,0.1327,49,1
Eurasian Curlew,57.63514,-5.26402,7.5,Summer,0.1192,100,1
Eurasian Curlew,57.63514,-5.01918,7.5,Summer,0.1,27,3
Eurasian Curlew,57.63514,-4.77434,7.5,Summer,0.1009,32,1
Eurasian Curlew,57.63514,-4.5295,7.5,Summer,0.0973,173,8
Eurasian Curlew,57.63514,-4.28466,7.5,Summer,0.3798,189,55
Eurasian Curlew,57.63514,-4.03983,7.5,Summer,0.5007,742,313
Eurasian Curlew,57.63514,-3.79499,7.5,Summer,0.408,187,45
Eurasian Curlew,57.63514,-3.55015,7.5,Summer,0.3467,190,75
Eurasian Curlew,57.63514,-3.30531,7.5,Summer,0.3437,127,2
Eurasian Curlew,57.63514,-3.06047,7.5,Summer,0.2853,170,50
Eurasian Curlew,57.63514,-2.81564,7.5,Summer,0.2244,26,4
Eurasian Curlew,57.63514,-2.5708,7.5,Summer,0.2265,33,2
Eurasian Curlew,57.63514,-2.32596,7.5,Summer,0.1076,124,3
Eurasian Curlew,57.63514,-2.08112,7.5,Summer,0.1483,34,2
Eurasian Curlew,57.63514,-1.83628,7.5,Summer,0.3639,145,44
Eurasian Curlew,57.77027,-8.69175,7.5,Summer,0.167,36,1
Eurasian Curlew,57.77027,-7.22272,7.5,Summer,0.1831,64,6
Eurasian Curlew,57.77027,-6.97788,7.5,Summer,0.1715,108,17
Eurasian Curlew,57.77027,-6.24337,7.5,Summer,0.1785,14,2
Eurasian Curlew,57.77027,-5.75369,7.5,Summer,0.1573,159,9
Eurasian Curlew,57.77027,-5.50885,7.5,Summer,0.1606,82,44
Eurasian Curlew,57.77027,-5.01918,7.5,Summer,0.1188,41,1
Eurasian Curlew,57.77027,-4.28466,7.5,Summer,0.2973,33,1
Eurasian Curlew,57.77027,-4.03983,7.5,Summer,0.4776,134,47
Eurasian Curlew,57.77027,-3.79499,7.5,Summer,0.3919,180,57
Eurasian Curlew,57.77027,-3.55015,7.5,Summer,0.3662,104,28
Eurasian Curlew,57.77027,-3.30531,7.5,Summer,0.3906,140,63
Eurasian Curlew,57.90541,-6.97788,7.5,Summer,0.1602,77,14
Eurasian Curlew,57.90541,-6.73304,7.5,Summer,0.166,63,5
Eurasian Curlew,57.90541,-6.24337,7.5,Summer,0.1686,17,1
Eurasian Curlew,57.90541,-5.50885,7.5,Summer,0.1414,122,14
Eurasian Curlew,57.90541,-5.26402,7.5,Summer,0.1345,175,31
Eurasian Curlew,57.90541,-4.28466,7.5,Summer,0.2856,66,15
Eurasian Curlew,57.90541,-4.03983,7.5,Summer,0.4646,246,99
Eurasian Curlew,57.90541,-3.79499,7.5,Summer,0.3783,52,18
Eurasian Curlew,58.04054,-6.73304,7.5,Summer,0.1663,36,5
Eurasian Curlew,58.04054,-6.48821,7.5,Summer,0.1723,51,10
Eurasian Curlew,58.04054,-5.26402,7.5,Summer,0.1331,31,2
Eurasian Curlew,58.04054,-4.77434,7.5,Summer,0.111,10,1
Eurasian Curlew,58.04054,-4.5295,7.5,Summer,0.1046,45,10
Eurasian Curlew,58.04054,-4.03983,7.5,Summer,0.4325,57,7
Eurasian Curlew,58.04054,-3.79499,7.5,Summer,0.3584,81,13
Eurasian Curlew,58.17568,-6.97788,7.5,Summer,0.1696,82,9
Eurasian Curlew,58.17568,-6.73304,7.5,Summer,0.1782,84,21
Eurasian Curlew,58.17568,-6.48821,7.5,Summer,0.1855,142,11
Eurasian Curlew,58.17568,-6.24337,7.5,Summer,0.1828,101,29
Eurasian Curlew,58.17568,-5.50885,7.5,Summer,0.1412,27,3
Eurasian Curlew,58.17568,-5.26402,7.5,Summer,0.1337,123,17
Eurasian Curlew,58.17568,-3.79499,7.5,Summer,0.3573,23,4
Eurasian Curlew,58.17568,-3.55015,7.5,Summer,0.3347,44,8
Eurasian Curlew,58.17568,-3.30531,7.5,Summer,0.3699,48,3
Eurasian Curlew,58.31081,-6.73304,7.5,Summer,0.257,126,33
Eurasian Curlew,58.31081,-6.48821,7.5,Summer,0.3032,64,18
Eurasian Curlew,58.31081,-6.24337,7.5,Summer,0.2859,163,58
Eurasian Curlew,58.31081,-5.26402,7.5,Summer,0.1482,70,5
Eurasian Curlew,58.31081,-5.01918,7.5,Summer,0.1245,40,4
Eurasian Curlew,58.31081,-3.79499,7.5,Summer,0.3607,47,1
Eurasian Curlew,58.31081,-3.30531,7.5,Summer,0.3749,52,5
Eurasian Curlew,58.31081,-3.06047,7.5,Summer,0.3342,6,2
Eurasian Curlew,58.44595,-6.48821,7.5,Summer,0.298,19,5
Eurasian Curlew,58.44595,-6.24337,7.5,Summer,0.2776,130,38
Eurasian Curlew,58.44595,-5.26402,7.5,Summer,0.1395,94,14
Eurasian Curlew,58.44595,-5.01918,7.5,Summer,0.1169,54,2
Eurasian Curlew,58.44595,-4.77434,7.5,Summer,0.1215,11,1
Eurasian Curlew,58.44595,-4.5295,7.5,Summer,0.115,33,9
Eurasian Curlew,58.44595,-4.28466,7.5,Summer,0.2609,27,1
Eurasian Curlew,58.44595,-3.79499,7.5,Summer,0.3626,16,4
Eurasian Curlew,58.44595,-3.55015,7.5,Summer,0.3398,5,2
Eurasian Curlew,58.44595,-3.06047,7.5,Summer,0.351,74,12
Eurasian Curlew,58.58108,-6.24337,7.5,Summer,0.2237,87,9
Eurasian Curlew,58.58108,-4.77434,7.5,Summer,0.1227,110,17
Eurasian Curlew,58.58108,-4.5295,7.5,Summer,0.1133,26,1
Eurasian Curlew,58.58108,-4.28466,7.5,Summer,0.2704,31,7
Eurasian Curlew,58.58108,-4.03983,7.5,Summer,0.431,37,25
Eurasian Curlew,58.58108,-3.79499,7.5,Summer,0.3635,34,12
Eurasian Curlew,58.58108,-3.55015,7.5,Summer,0.3405,117,11
Eurasian Curlew,58.58108,-3.30531,7.5,Summer,0.3802,172,47
Eurasian Curlew,58.58108,-3.06047,7.5,Summer,0.3771,174,49
Eurasian Curlew,58.71622,-3.30531,7.5,Summer,0.3764,103,10
Eurasian Curlew,58.71622,-3.06047,7.5,Summer,0.4151,37,13
Eurasian Curlew,58.71622,-2.81564,7.5,Summer,0.3137,3,2
Eurasian Curlew,58.85135,-3.30531,7.5,Summer,0.5061,113,37
Eurasian Curlew,58.85135,-3.06047,7.5,Summer,0.5181,70,32
Eurasian Curlew,58.85135,-2.81564,7.5,Summer,0.474,183,38
Eurasian Curlew,58.98649,-3.30531,7.5,Summer,0.5288,530,213
Eurasian Curlew,58.98649,-3.06047,7.5,Summer,0.4946,416,102
Eurasian Curlew,58.98649,-2.81564,7.5,Summer,0.4605,119,64
Eurasian Curlew,59.12162,-3.30531,7.5,Summer,0.5619,447,227
Eurasian Curlew,59.12162,-3.06047,7.5,Summer,0.5655,316,167
Eurasian Curlew,59.12162,-2.81564,7.5,Summer,0.5349,13,9
Eurasian Curlew,59.12162,-2.5708,7.5,Summer,0.5495,12,8
Eurasian Curlew,59.25676,-3.06047,7.5,Summer,0.5654,56,24
Eurasian Curlew,59.25676,-2.81564,7.5,Summer,0.5402,63,25
Eurasian Curlew,59.25676,-2.5708,7.5,Summer,0.5537,15,12
Eurasian Curlew,59.25676,-2.32596,7.5,Summer,0.4094,5,4
Eurasian Curlew,59.39189,-3.06047,7.5,Summer,0.5564,41,3
Eurasian Curlew,59.39189,-2.81564,7.5,Summer,0.546,16,9
Eurasian Curlew,59.39189,-2.32596,7.5,Summer,0.4335,184,139
Eurasian Curlew,59.52703,-1.59145,7.5,Summer,0.5805,354,285
Eurasian Curlew,59.7973,-1.34661,7.5,Summer,0.5736,226,29
Eurasian Curlew,59.93243,-1.34661,7.5,Summer,0.6895,1489,947
Eurasian Curlew,59.93243,-1.10177,7.5,Summer,0.2713,126,17
Eurasian Curlew,60.06757,-2.08112,7.5,Summer,0.4602,17,2
Eurasian Curlew,60.06757,-1.34661,7.5,Summer,0.6377,208,124
Eurasian Curlew,60.06757,-1.10177,7.5,Summer,0.3079,75,25
Eurasian Curlew,60.2027,-2.08112,7.5,Summer,0.4435,4,2
Eurasian Curlew,60.2027,-1.59145,7.5,Summer,0.6459,33,20
Eurasian Curlew,60.2027,-1.34661,7.5,Summer,0.6537,126,88
Eurasian Curlew,60.2027,-1.10177,7.5,Summer,0.5362,394,72
Eurasian Curlew,60.33784,-1.59145,7.5,Summer,0.6442,54,22
Eurasian Curlew,60.33784,-1.34661,7.5,Summer,0.6537,85,45
Eurasian Curlew,60.33784,-1.10177,7.5,Summer,0.6347,45,18
Eurasian Curlew,60.33784,-0.85693,7.5,Summer,0.6543,1,1
Eurasian Curlew,60.47297,-1.59145,7.5,Summer,0.6283,123,53
Eurasian Curlew,60.47297,-1.34661,7.5,Summer,0.6432,54,27
Eurasian Curlew,60.47297,-1.10177,7.5,Summer,0.6362,77,21
Eurasian Curlew,60.47297,-0.85693,7.5,Summer,0.6622,10,7
Eurasian Curlew,60.60811,-1.34661,7.5,Summer,0.6326,30,19
Eurasian Curlew,60.60811,-1.10177,7.5,Summer,0.6495,58,25
Eurasian Curlew,60.60811,-0.85693,7.5,Summer,0.6852,218,88
Eurasian Curlew,60.74324,-1.10177,7.5,Summer,0.6545,31,15
Eurasian Curlew,60.74324,-0.85693,7.5,Summer,0.6955,401,233
Eurasian Curlew,60.87838,-0.85693,7.5,Summer,0.2337,127,26
Eurasian Curlew,54.66216,-4.77434,7.5,Winter,0.4856,12,4
Eurasian Curlew,54.66216,-4.28466,7.5,Winter,0.3819,3,1
Eurasian Curlew,54.7973,-5.01918,7.5,Winter,0.4475,27,6
Eurasian Curlew,54.7973,-4.77434,7.5,Winter,0.5226,8,2
Eurasian Curlew,54.7973,-4.5295,7.5,Winter,0.3868,47,27
Eurasian Curlew,54.7973,-4.28466,7.5,Winter,0.4006,16,14
Eurasian Curlew,54.7973,-4.03983,7.5,Winter,0.3732,10,6
Eurasian Curlew,54.7973,-3.79499,7.5,Winter,0.4467,14,9
Eurasian Curlew,54.93243,-5.26402,7.5,Winter,0.5226,7,4
Eurasian Curlew,54.93243,-5.01918,7.5,Winter,0.5507,90,44
Eurasian Curlew,54.93243,-4.77434,7.5,Winter,0.5679,5,2
Eurasian Curlew,54.93243,-4.5295,7.5,Winter,0.1698,25,1
Eurasian Curlew,54.93243,-4.28466,7.5,Winter,0.1592,45,9
Eurasian Curlew,54.93243,-4.03983,7.5,Winter,0.1663,59,2
Eurasian Curlew,54.93243,-3.79499,7.5,Winter,0.3031,69,36
Eurasian Curlew,54.93243,-3.55015,7.5,Winter,0.4569,289,191
Eurasian Curlew,54.93243,-3.30531,7.5,Winter,0.4513,29,20
Eurasian Curlew,54.93243,-3.06047,7.5,Winter,0.1535,29,14
Eurasian Curlew,55.06757,-5.01918,7.5,Winter,0.5492,14,5
Eurasian Curlew,55.06757,-4.03983,7.5,Winter,0.0917,37,1
Eurasian Curlew,55.06757,-3.55015,7.5,Winter,0.1084,173,12
Eurasian Curlew,55.2027,-5.01918,7.5,Winter,0.562,8,3
Eurasian Curlew,55.2027,-4.77434,7.5,Winter,0.5786,20,11
Eurasian Curlew,55.33784,-4.77434,7.5,Winter,0.6014,114,73
Eurasian Curlew,55.33784,-4.5295,7.5,Winter,0.1064,24,2
Eurasian Curlew,55.33784,-4.28466,7.5,Winter,0.0969,67,3
Eurasian Curlew,55.33784,-3.55015,7.5,Winter,0.1158,23,1
Eurasian Curlew,55.33784,-2.81564,7.5,Winter,0.0321,7,1
Eurasian Curlew,55.47297,-5.75369,7.5,Winter,0.5185,36,12
Eurasian Curlew,55.47297,-5.50885,7.5,Winter,0.5541,15,7
Eurasian Curlew,55.47297,-5.26402,7.5,Winter,0.5558,10,5
Eurasian Curlew,55.47297,-5.01918,7.5,Winter,0.5744,8,3
Eurasian Curlew,55.47297,-4.77434,7.5,Winter,0.5926,596,187
Eurasian Curlew,55.47297,-4.5295,7.5,Winter,0.1097,1316,180
Eurasian Curlew,55.60811,-6.24337,7.5,Winter,0.4187,95,9
Eurasian Curlew,55.60811,-5.99853,7.5,Winter,0.4181,6,1
Eurasian Curlew,55.60811,-5.75369,7.5,Winter,0.433,25,14
Eurasian Curlew,55.60811,-5.50885,7.5,Winter,0.4716,7,4
Eurasian Curlew,55.60811,-5.26402,7.5,Winter,0.4708,26,6
Eurasian Curlew,55.60811,-4.77434,7.5,Winter,0.5058,4222,1141
Eurasian Curlew,55.60811,-4.5295,7.5,Winter,0.0693,17240,2439
Eurasian Curlew,55.60811,-3.30531,7.5,Winter,0.0774,25,1
Eurasian Curlew,55.60811,-2.81564,7.5,Winter,0.0302,95,1
Eurasian Curlew,55.74324,-6.48821,7.5,Winter,0.4684,93,18
Eurasian Curlew,55.74324,-6.24337,7.5,Winter,0.4768,265,67
Eurasian Curlew,55.74324,-5.99853,7.5,Winter,0.4707,16,3
Eurasian Curlew,55.74324,-5.75369,7.5,Winter,0.4794,761,3
Eurasian Curlew,55.74324,-5.50885,7.5,Winter,0.5104,43,16
Eurasian Curlew,55.74324,-5.26402,7.5,Winter,0.5088,9,8
Eurasian Curlew,55.74324,-5.01918,7.5,Winter,0.5121,103,22
Eurasian Curlew,55.74324,-4.77434,7.5,Winter,0.5038,99,39
Eurasian Curlew,55.74324,-4.5295,7.5,Winter,0.0672,329,1
Eurasian Curlew,55.74324,-4.03983,7.5,Winter,0.0627,253,15
Eurasian Curlew,55.74324,-3.55015,7.5,Winter,0.0838,34,1
Eurasian Curlew,55.74324,-3.06047,7.5,Winter,0.0489,248,3
Eurasian Curlew,55.74324,-2.08112,7.5,Winter,0.0834,13,2
Eurasian Curlew,55.87838,-6.48821,7.5,Winter,0.4585,23,3
Eurasian Curlew,55.87838,-6.24337,7.5,Winter,0.4597,204,120
Eurasian Curlew,55.87838,-5.99853,7.5,Winter,0.4559,16,1
Eurasian Curlew,55.87838,-5.50885,7.5,Winter,0.4859,28,9
Eurasian Curlew,55.87838,-5.26402,7.5,Winter,0.4875,17,4
Eurasian Curlew,55.87838,-5.01918,7.5,Winter,0.4828,15,4
Eurasian Curlew,55.87838,-4.77434,7.5,Winter,0.4542,20,5
Eurasian Curlew,55.87838,-4.5295,7.5,Winter,0.0717,384,74
Eurasian Curlew,55.87838,-4.28466,7.5,Winter,0.0445,1701,2
Eurasian Curlew,55.87838,-3.79499,7.5,Winter,0.0619,88,11
Eurasian Curlew,55.87838,-3.55015,7.5,Winter,0.0663,227,5
Eurasian Curlew,55.87838,-3.30531,7.5,Winter,0.0593,1796,5
Eurasian Curlew,55.87838,-3.06047,7.5,Winter,0.0391,1773,128
Eurasian Curlew,55.87838,-2.81564,7.5,Winter,0.0359,163,1
Eurasian Curlew,55.87838,-2.5708,7.5,Winter,0.0973,32,1
Eurasian Curlew,55.87838,-2.32596,7.5,Winter,0.0937,71,12
Eurasian Curlew,55.87838,-2.08112,7.5,Winter,0.1713,65,19
Eurasian Curlew,56.01351,-5.75369,7.5,Winter,0.4553,4,2
Eurasian Curlew,56.01351,-5.50885,7.5,Winter,0.4479,25,12
Eurasian Curlew,56.01351,-5.26402,7.5,Winter,0.447,33,16
Eurasian Curlew,56.01351,-5.01918,7.5,Winter,0.4461,105,63
Eurasian Curlew,56.01351,-4.77434,7.5,Winter,0.429,80,42
Eurasian Curlew,56.01351,-4.5295,7.5,Winter,0.1283,162,1
Eurasian Curlew,56.01351,-3.79499,7.5,Winter,0.1962,358,79
Eurasian Curlew,56.01351,-3.55015,7.5,Winter,0.3468,507,183
Eurasian Curlew,56.01351,-3.30531,7.5,Winter,0.4594,2000,500
Eurasian Curlew,56.01351,-3.06047,7.5,Winter,0.6023,1585,645
Eurasian Curlew,56.01351,-2.81564,7.5,Winter,0.5574,874,345
Eurasian Curlew,56.01351,-2.5708,7.5,Winter,0.6504,643,397
Eurasian Curlew,56.01351,-2.32596,7.5,Winter,0.5465,144,105
Eurasian Curlew,56.14865,-5.50885,7.5,Winter,0.2315,10,4
Eurasian Curlew,56.14865,-4.77434,7.5,Winter,0.2027,38,14
Eurasian Curlew,56.14865,-4.03983,7.5,Winter,0.0946,363,4
Eurasian Curlew,56.14865,-3.79499,7.5,Winter,0.1125,490,69
Eurasian Curlew,56.14865,-3.55015,7.5,Winter,0.1469,196,4
Eurasian Curlew,56.14865,-3.30531,7.5,Winter,0.3176,535,223
Eurasian Curlew,56.14865,-3.06047,7.5,Winter,0.4427,302,68
Eurasian Curlew,56.14865,-2.81564,7.5,Winter,0.502,219,117
Eurasian Curlew,56.14865,-2.5708,7.5,Winter,0.5432,4,3
Eurasian Curlew,56.28378,-6.24337,7.5,Winter,0.2953,4,4
Eurasian Curlew,56.28378,-5.50885,7.5,Winter,0.2109,14,3
Eurasian Curlew,56.28378,-5.01918,7.5,Winter,0.1643,7,1
Eurasian Curlew,56.28378,-4.77434,7.5,Winter,0.1643,19,1
Eurasian Curlew,56.28378,-4.28466,7.5,Winter,0.0735,56,2
Eurasian Curlew,56.28378,-3.30531,7.5,Winter,0.1794,81,3
Eurasian Curlew,56.28378,-3.06047,7.5,Winter,0.382,327,27
Eurasian Curlew,56.28378,-2.81564,7.5,Winter,0.4992,1177,323
Eurasian Curlew,56.28378,-2.5708,7.5,Winter,0.5455,333,167
Eurasian Curlew,56.41892,-6.24337,7.5,Winter,0.3031,2,2
Eurasian Curlew,56.41892,-5.99853,7.5,Winter,0.3102,10,6
Eurasian Curlew,56.41892,-5.75369,7.5,Winter,0.3025,18,7
Eurasian Curlew,56.41892,-5.50885,7.5,Winter,0.2156,66,14
Eurasian Curlew,56.41892,-5.26402,7.5,Winter,0.205,12,1
Eurasian Curlew,56.41892,-4.28466,7.5,Winter,0.0696,48,1
Eurasian Curlew,56.41892,-3.55015,7.5,Winter,0.0855,90,4
Eurasian Curlew,56.41892,-3.30531,7.5,Winter,0.1553,176,15
Eurasian Curlew,56.41892,-3.06047,7.5,Winter,0.3691,316,22
Eurasian Curlew,56.41892,-2.81564,7.5,Winter,0.4673,524,286
Eurasian Curlew,56.55405,-6.24337,7.5,Winter,0.3128,25,10
Eurasian Curlew,56.55405,-5.99853,7.5,Winter,0.3167,9,3
Eurasian Curlew,56.55405,-5.75369,7.5,Winter,0.3076,4,1
Eurasian Curlew,56.55405,-5.26402,7.5,Winter,0.2173,6,4
Eurasian Curlew,56.55405,-3.79499,7.5,Winter,0.0756,15,1
Eurasian Curlew,56.55405,-2.81564,7.5,Winter,0.4233,28,5
Eurasian Curlew,56.55405,-2.5708,7.5,Winter,0.4635,56,17
Eurasian Curlew,56.68919,-6.24337,7.5,Winter,0.3095,13,2
Eurasian Curlew,56.68919,-5.99853,7.5,Winter,0.3131,5,1
Eurasian Curlew,56.68919,-5.75369,7.5,Winter,0.3037,16,5
Eurasian Curlew,56.68919,-5.50885,7.5,Winter,0.2275,9,6
Eurasian Curlew,56.68919,-5.26402,7.5,Winter,0.22,14,6
Eurasian Curlew,56.68919,-3.06047,7.5,Winter,0.3187,60,2
Eurasian Curlew,56.68919,-2.5708,7.5,Winter,0.464,202,120
Eurasian Curlew,56.68919,-2.32596,7.5,Winter,0.3457,13,7
Eurasian Curlew,56.82432,-5.75369,7.5,Winter,0.3031,29,14
Eurasian Curlew,56.82432,-5.26402,7.5,Winter,0.2204,2,2
Eurasian Curlew,56.82432,-5.01918,7.5,Winter,0.1663,42,12
Eurasian Curlew,56.82432,-2.5708,7.5,Winter,0.3795,130,3
Eurasian Curlew,56.82432,-2.32596,7.5,Winter,0.3123,83,34
Eurasian Curlew,56.95946,-6.24337,7.5,Winter,0.3051,45,28
Eurasian Curlew,56.95946,-5.75369,7.5,Winter,0.2978,18,4
Eurasian Curlew,56.95946,-3.06047,7.5,Winter,0.2779,4,1
Eurasian Curlew,56.95946,-2.32596,7.5,Winter,0.2221,21,3
Eurasian Curlew,56.95946,-2.08112,7.5,Winter,0.2247,42,12
Eurasian Curlew,57.09459,-5.99853,7.5,Winter,0.2982,8,4
Eurasian Curlew,57.09459,-5.75369,7.5,Winter,0.2829,11,4
Eurasian Curlew,57.09459,-4.03983,7.5,Winter,0.0726,301,9
Eurasian Curlew,57.09459,-2.08112,7.5,Winter,0.1538,1022,245
Eurasian Curlew,57.22973,-7.46756,7.5,Winter,0.276,35,12
Eurasian Curlew,57.22973,-5.99853,7.5,Winter,0.2985,81,31
Eurasian Curlew,57.22973,-5.75369,7.5,Winter,0.2826,16,2
Eurasian Curlew,57.22973,-5.50885,7.5,Winter,0.2031,15,2
Eurasian Curlew,57.22973,-3.79499,7.5,Winter,0.0703,583,1
Eurasian Curlew,57.22973,-3.55015,7.5,Winter,0.0786,232,4
Eurasian Curlew,57.22973,-2.5708,7.5,Winter,0.2294,31,3
Eurasian Curlew,57.22973,-2.08112,7.5,Winter,0.1515,305,18
Eurasian Curlew,57.36486,-7.46756,7.5,Winter,0.28,8,5
Eurasian Curlew,57.36486,-6.48821,7.5,Winter,0.2752,8,4
Eurasian Curlew,57.36486,-6.24337,7.5,Winter,0.2857,51,15
Eurasian Curlew,57.36486,-5.75369,7.5,Winter,0.2739,11,2
Eurasian Curlew,57.36486,-5.50885,7.5,Winter,0.2015,7,2
Eurasian Curlew,57.36486,-4.28466,7.5,Winter,0.0681,66,2
Eurasian Curlew,57.36486,-3.55015,7.5,Winter,0.0834,228,4
Eurasian Curlew,57.36486,-2.08112,7.5,Winter,0.1647,95,74
Eurasian Curlew,57.36486,-1.83628,7.5,Winter,0.4032,23,3
Eurasian Curlew,57.5,-7.46756,7.5,Winter,0.3351,6,2
Eurasian Curlew,57.5,-6.73304,7.5,Winter,0.2888,244,42
Eurasian Curlew,57.5,-6.48821,7.5,Winter,0.3155,32,4
Eurasian Curlew,57.5,-6.24337,7.5,Winter,0.3068,24,12
Eurasian Curlew,57.5,-5.75369,7.5,Winter,0.2591,7,2
Eurasian Curlew,57.5,-4.5295,7.5,Winter,0.2474,25,2
Eurasian Curlew,57.5,-4.28466,7.5,Winter,0.6677,622,195
Eurasian Curlew,57.5,-4.03983,7.5,Winter,0.5014,511,205
Eurasian Curlew,57.5,-1.83628,7.5,Winter,0.4382,27,11
Eurasian Curlew,57.63514,-7.46756,7.5,Winter,0.4071,7,4
Eurasian Curlew,57.63514,-6.48821,7.5,Winter,0.3817,11,6
Eurasian Curlew,57.63514,-6.24337,7.5,Winter,0.393,95,30
Eurasian Curlew,57.63514,-4.5295,7.5,Winter,0.2643,66,16
Eurasian Curlew,57.63514,-4.28466,7.5,Winter,0.5332,56,28
Eurasian Curlew,57.63514,-4.03983,7.5,Winter,0.5928,354,217
Eurasian Curlew,57.63514,-3.79499,7.5,Winter,0.4753,297,82
Eurasian Curlew,57.63514,-3.55015,7.5,Winter,0.3653,318,81
Eurasian Curlew,57.63514,-3.30531,7.5,Winter,0.3535,341,31
Eurasian Curlew,57.63514,-3.06047,7.5,Winter,0.3234,52,16
Eurasian Curlew,57.63514,-2.81564,7.5,Winter,0.2885,6,3
Eurasian Curlew,57.63514,-2.5708,7.5,Winter,0.2905,9,2
Eurasian Curlew,57.63514,-2.32596,7.5,Winter,0.1436,9,1
Eurasian Curlew,57.63514,-2.08112,7.5,Winter,0.1909,57,26
Eurasian Curlew,57.63514,-1.83628,7.5,Winter,0.4657,140,82
Eurasian Curlew,57.77027,-7.22272,7.5,Winter,0.3843,6,2
Eurasian Curlew,57.77027,-6.97788,7.5,Winter,0.3716,5,4
Eurasian Curlew,57.77027,-5.75369,7.5,Winter,0.3593,31,14
Eurasian Curlew,57.77027,-5.50885,7.5,Winter,0.3547,19,11
Eurasian Curlew,57.77027,-4.03983,7.5,Winter,0.596,88,51
Eurasian Curlew,57.77027,-3.79499,7.5,Winter,0.4957,153,73
Eurasian Curlew,57.77027,-3.55015,7.5,Winter,0.461,140,40
Eurasian Curlew,57.77027,-3.30531,7.5,Winter,0.4829,185,115
Eurasian Curlew,57.77027,-2.81564,7.5,Winter,0.3399,2,1
Eurasian Curlew,57.90541,-6.97788,7.5,Winter,0.3469,8,2
Eurasian Curlew,57.90541,-6.24337,7.5,Winter,0.3862,89,2
Eurasian Curlew,57.90541,-5.50885,7.5,Winter,0.334,41,7
Eurasian Curlew,57.90541,-5.26402,7.5,Winter,0.3303,35,14
Eurasian Curlew,57.90541,-4.28466,7.5,Winter,0.4556,43,12
Eurasian Curlew,57.90541,-4.03983,7.5,Winter,0.58,192,70
Eurasian Curlew,57.90541,-3.79499,7.5,Winter,0.4867,17,13
Eurasian Curlew,58.04054,-4.03983,7.5,Winter,0.5002,10,2
Eurasian Curlew,58.04054,-3.79499,7.5,Winter,0.4553,38,14
Eurasian Curlew,58.17568,-6.48821,7.5,Winter,0.3837,51,13
Eurasian Curlew,58.17568,-6.24337,7.5,Winter,0.4105,54,44
Eurasian Curlew,58.17568,-3.55015,7.5,Winter,0.4303,14,2
Eurasian Curlew,58.31081,-6.73304,7.5,Winter,0.4345,11,6
Eurasian Curlew,58.31081,-6.48821,7.5,Winter,0.4888,3,2
Eurasian Curlew,58.31081,-6.24337,7.5,Winter,0.5125,53,23
Eurasian Curlew,58.31081,-3.30531,7.5,Winter,0.4605,8,2
Eurasian Curlew,58.44595,-6.48821,7.5,Winter,0.4938,1,1
Eurasian Curlew,58.44595,-6.24337,7.5,Winter,0.5096,13,9
Eurasian Curlew,58.44595,-3.30531,7.5,Winter,0.4616,16,1
Eurasian Curlew,58.44595,-3.06047,7.5,Winter,0.4269,32,9
Eurasian Curlew,58.58108,-6.24337,7.5,Winter,0.4703,9,3
Eurasian Curlew,58.58108,-4.77434,7.5,Winter,0.3761,27,13
Eurasian Curlew,58.58108,-4.03983,7.5,Winter,0.4869,3,1
Eurasian Curlew,58.58108,-3.79499,7.5,Winter,0.4537,15,7
Eurasian Curlew,58.58108,-3.55015,7.5,Winter,0.4291,57,8
Eurasian Curlew,58.58108,-3.30531,7.5,Winter,0.4616,39,16
Eurasian Curlew,58.58108,-3.06047,7.5,Winter,0.4479,30,16
Eurasian Curlew,58.71622,-3.30531,7.5,Winter,0.4641,10,3
Eurasian Curlew,58.71622,-3.06047,7.5,Winter,0.4785,2,2
Eurasian Curlew,58.85135,-3.30531,7.5,Winter,0.5442,3,2
Eurasian Curlew,58.85135,-3.06047,7.5,Winter,0.5625,16,14
Eurasian Curlew,58.85135,-2.81564,7.5,Winter,0.5398,28,16
Eurasian Curlew,58.98649,-3.30531,7.5,Winter,0.5485,20,9
Eurasian Curlew,58.98649,-3.06047,7.5,Winter,0.5516,31,7
Eurasian Curlew,58.98649,-2.81564,7.5,Winter,0.5324,12,4
Eurasian Curlew,59.12162,-3.30531,7.5,Winter,0.5591,15,8
Eurasian Curlew,59.12162,-3.06047,7.5,Winter,0.5844,28,13
Eurasian Curlew,59.25676,-3.06047,7.5,Winter,0.5778,5,1
Eurasian Curlew,59.25676,-2.81564,7.5,Winter,0.5621,3,1
Eurasian Curlew,59.25676,-2.5708,7.5,Winter,0.5775,15,5
Eurasian Curlew,59.39189,-2.32596,7.5,Winter,0.4653,15,14
Eurasian Curlew,59.52703,-1.59145,7.5,Winter,0.6114,87,50
Eurasian Curlew,59.7973,-1.34661,7.5,Winter,0.5882,30,4
Eurasian Curlew,59.93243,-1.34661,7.5,Winter,0.6973,905,658
Eurasian Curlew,59.93243,-1.10177,7.5,Winter,0.4285,48,36
Eurasian Curlew,60.06757,-2.08112,7.5,Winter,0.5031,7,6
Eurasian Curlew,60.06757,-1.34661,7.5,Winter,0.6392,290,221
Eurasian Curlew,60.06757,-1.10177,7.5,Winter,0.4514,96,49
Eurasian Curlew,60.2027,-2.08112,7.5,Winter,0.4793,3,3
Eurasian Curlew,60.2027,-1.59145,7.5,Winter,0.6228,8,5
Eurasian Curlew,60.2027,-1.34661,7.5,Winter,0.6242,47,21
Eurasian Curlew,60.2027,-1.10177,7.5,Winter,0.5806,254,69
Eurasian Curlew,60.33784,-1.59145,7.5,Winter,0.6235,9,5
Eurasian Curlew,60.33784,-1.34661,7.5,Winter,0.6253,23,6
Eurasian Curlew,60.33784,-1.10177,7.5,Winter,0.6368,18,6
Eurasian Curlew,60.33784,-0.85693,7.5,Winter,0.6435,3,1
Eurasian Curlew,60.47297,-1.59145,7.5,Winter,0.6118,6,1
Eurasian Curlew,60.47297,-1.34661,7.5,Winter,0.6181,17,2
Eurasian Curlew,60.47297,-1.10177,7.5,Winter,0.6373,13,7
Eurasian Curlew,60.47297,-0.85693,7.5,Winter,0.6493,1,1
Eurasian Curlew,60.60811,-1.34661,7.5,Winter,0.6127,4,2
Eurasian Curlew,60.60811,-1.10177,7.5,Winter,0.6455,50,9
Eurasian Curlew,60.60811,-0.85693,7.5,Winter,0.6712,4,3
Eurasian Curlew,60.74324,-1.10177,7.5,Winter,0.6516,15,5
Eurasian Curlew,60.74324,-0.85693,7.5,Winter,0.6866,280,176
Eurasian Curlew,60.87838,-0.85693,7.5,Winter,0.3422,32,20
European Golden-Plover,54.66216,-5.01918,7.5,Autumn,0.0263,21,4
European Golden-Plover,54.7973,-4.5295,7.5,Autumn,0.0346,46,6
European Golden-Plover,54.7973,-4.28466,7.5,Autumn,0.0398,6,1
European Golden-Plover,54.93243,-5.01918,7.5,Autumn,0.0266,93,4
European Golden-Plover,54.93243,-4.5295,7.5,Autumn,0.0144,19,1
European Golden-Plover,54.93243,-4.28466,7.5,Autumn,0.0176,30,1
European Golden-Plover,54.93243,-4.03983,7.5,Autumn,0.0172,53,2
European Golden-Plover,54.93243,-3.55015,7.5,Autumn,0.0273,239,34
European Golden-Plover,54.93243,-3.06047,7.5,Autumn,0.0303,46,8
European Golden-Plover,55.06757,-5.26402,7.5,Autumn,0.0449,16,2
European Golden-Plover,55.06757,-5.01918,7.5,Autumn,0.0401,27,1
European Golden-Plover,55.06757,-3.55015,7.5,Autumn,0.0117,165,1
European Golden-Plover,55.33784,-4.77434,7.5,Autumn,0.0353,125,4
European Golden-Plover,55.33784,-3.79499,7.5,Autumn,0.0105,15,1
European Golden-Plover,55.47297,-5.75369,7.5,Autumn,0.0869,16,3
European Golden-Plover,55.47297,-5.26402,7.5,Autumn,0.0523,50,1
European Golden-Plover,55.47297,-4.77434,7.5,Autumn,0.0437,581,35
European Golden-Plover,55.47297,-4.5295,7.5,Autumn,0.0077,1154,7
European Golden-Plover,55.60811,-6.24337,7.5,Autumn,0.0204,96,4
European Golden-Plover,55.60811,-5.26402,7.5,Autumn,0.0142,81,3
European Golden-Plover,55.60811,-4.77434,7.5,Autumn,0.0128,3758,97
European Golden-Plover,55.60811,-4.5295,7.5,Autumn,0.0057,21393,25
European Golden-Plover,55.60811,-2.5708,7.5,Autumn,0.0128,19,1
European Golden-Plover,55.74324,-6.48821,7.5,Autumn,0.0174,54,2
European Golden-Plover,55.74324,-6.24337,7.5,Autumn,0.0214,173,3
European Golden-Plover,55.74324,-5.26402,7.5,Autumn,0.0146,34,2
European Golden-Plover,55.74324,-5.01918,7.5,Autumn,0.0134,76,1
European Golden-Plover,55.74324,-4.03983,7.5,Autumn,0.0079,208,1
European Golden-Plover,55.74324,-3.55015,7.5,Autumn,0.0128,38,3
European Golden-Plover,55.74324,-3.30531,7.5,Autumn,0.0122,26,1
European Golden-Plover,55.74324,-3.06047,7.5,Autumn,0.0152,165,9
European Golden-Plover,55.74324,-2.81564,7.5,Autumn,0.0142,10,2
European Golden-Plover,55.74324,-2.5708,7.5,Autumn,0.0149,3,1
European Golden-Plover,55.74324,-2.32596,7.5,Autumn,0.006,14,1
European Golden-Plover,55.87838,-6.24337,7.5,Autumn,0.0397,142,35
European Golden-Plover,55.87838,-5.01918,7.5,Autumn,0.0096,16,1
European Golden-Plover,55.87838,-4.5295,7.5,Autumn,0.0048,297,1
European Golden-Plover,55.87838,-3.79499,7.5,Autumn,0.0074,50,1
European Golden-Plover,55.87838,-3.55015,7.5,Autumn,0.009,74,2
European Golden-Plover,55.87838,-3.30531,7.5,Autumn,0.0073,892,1
European Golden-Plover,55.87838,-3.06047,7.5,Autumn,0.0092,1429,15
European Golden-Plover,55.87838,-2.81564,7.5,Autumn,0.012,104,1
European Golden-Plover,55.87838,-2.5708,7.5,Autumn,0.0133,13,1
European Golden-Plover,55.87838,-2.32596,7.5,Autumn,0.0055,105,6
European Golden-Plover,56.01351,-6.24337,7.5,Autumn,0.0587,25,6
European Golden-Plover,56.01351,-5.75369,7.5,Autumn,0.0328,10,1
European Golden-Plover,56.01351,-5.26402,7.5,Autumn,0.0144,7,1
European Golden-Plover,56.01351,-5.01918,7.5,Autumn,0.0132,72,1
European Golden-Plover,56.01351,-3.79499,7.5,Autumn,0.0151,285,17
European Golden-Plover,56.01351,-3.55015,7.5,Autumn,0.0289,300,33
European Golden-Plover,56.01351,-3.30531,7.5,Autumn,0.0265,1675,11
European Golden-Plover,56.01351,-3.06047,7.5,Autumn,0.0252,1856,37
European Golden-Plover,56.01351,-2.81564,7.5,Autumn,0.0928,652,62
European Golden-Plover,56.01351,-2.5708,7.5,Autumn,0.1132,447,22
European Golden-Plover,56.01351,-2.32596,7.5,Autumn,0.027,379,32
European Golden-Plover,56.14865,-3.79499,7.5,Autumn,0.01,274,2
European Golden-Plover,56.14865,-3.30531,7.5,Autumn,0.0115,374,2
European Golden-Plover,56.14865,-3.06047,7.5,Autumn,0.0117,103,1
European Golden-Plover,56.14865,-2.81564,7.5,Autumn,0.0797,81,10
European Golden-Plover,56.28378,-6.48821,7.5,Autumn,0.061,55,1
European Golden-Plover,56.28378,-6.24337,7.5,Autumn,0.0515,22,2
European Golden-Plover,56.28378,-3.79499,7.5,Autumn,0.01,75,1
European Golden-Plover,56.28378,-3.06047,7.5,Autumn,0.0112,309,1
European Golden-Plover,56.28378,-2.81564,7.5,Autumn,0.0517,885,9
European Golden-Plover,56.28378,-2.5708,7.5,Autumn,0.0639,604,59
European Golden-Plover,56.41892,-5.99853,7.5,Autumn,0.0329,72,5
European Golden-Plover,56.41892,-5.75369,7.5,Autumn,0.0279,123,2
European Golden-Plover,56.41892,-3.30531,7.5,Autumn,0.0103,131,6
European Golden-Plover,56.41892,-3.06047,7.5,Autumn,0.0103,363,1
European Golden-Plover,56.41892,-2.81564,7.5,Autumn,0.0328,548,48
European Golden-Plover,56.55405,-6.97788,7.5,Autumn,0.1229,27,7
European Golden-Plover,56.55405,-6.73304,7.5,Autumn,0.0664,6,3
European Golden-Plover,56.55405,-6.24337,7.5,Autumn,0.0347,64,1
European Golden-Plover,56.55405,-5.99853,7.5,Autumn,0.0264,81,2
European Golden-Plover,56.55405,-5.75369,7.5,Autumn,0.0238,70,4
European Golden-Plover,56.55405,-4.77434,7.5,Autumn,0.0101,28,1
European Golden-Plover,56.55405,-2.5708,7.5,Autumn,0.0453,60,1
European Golden-Plover,56.68919,-6.24337,7.5,Autumn,0.0343,44,2
European Golden-Plover,56.68919,-3.06047,7.5,Autumn,0.0097,95,2
European Golden-Plover,56.68919,-2.5708,7.5,Autumn,0.0456,265,24
European Golden-Plover,56.82432,-5.26402,7.5,Autumn,0.0104,9,1
European Golden-Plover,56.82432,-2.5708,7.5,Autumn,0.0336,79,11
European Golden-Plover,56.82432,-2.32596,7.5,Autumn,0.0118,51,1
European Golden-Plover,56.95946,-7.46756,7.5,Autumn,0.2335,26,3
European Golden-Plover,56.95946,-6.24337,7.5,Autumn,0.0356,68,10
European Golden-Plover,56.95946,-5.75369,7.5,Autumn,0.0232,105,13
European Golden-Plover,57.09459,-7.46756,7.5,Autumn,0.2332,14,2
European Golden-Plover,57.09459,-7.22272,7.5,Autumn,0.1559,13,1
European Golden-Plover,57.09459,-6.24337,7.5,Autumn,0.0324,5,2
European Golden-Plover,57.09459,-5.99853,7.5,Autumn,0.0258,37,2
European Golden-Plover,57.09459,-2.08112,7.5,Autumn,0.0053,1071,18
European Golden-Plover,57.22973,-7.46756,7.5,Autumn,0.2344,56,15
European Golden-Plover,57.22973,-5.75369,7.5,Autumn,0.0212,61,2
European Golden-Plover,57.22973,-4.03983,7.5,Autumn,0.0095,90,3
European Golden-Plover,57.22973,-3.79499,7.5,Autumn,0.0089,655,1
European Golden-Plover,57.22973,-2.08112,7.5,Autumn,0.0046,282,1
European Golden-Plover,57.36486,-7.46756,7.5,Autumn,0.2529,73,19
European Golden-Plover,57.36486,-6.24337,7.5,Autumn,0.0232,155,1
European Golden-Plover,57.36486,-5.75369,7.5,Autumn,0.0204,43,1
European Golden-Plover,57.36486,-3.30531,7.5,Autumn,0.0092,10,1
European Golden-Plover,57.36486,-2.32596,7.5,Autumn,0.017,10,1
European Golden-Plover,57.36486,-2.08112,7.5,Autumn,0.0158,200,55
European Golden-Plover,57.36486,-1.83628,7.5,Autumn,0.0558,66,1
European Golden-Plover,57.5,-7.46756,7.5,Autumn,0.2249,50,11
European Golden-Plover,57.5,-7.22272,7.5,Autumn,0.1199,14,2
European Golden-Plover,57.5,-6.73304,7.5,Autumn,0.0288,244,7
European Golden-Plover,57.5,-4.28466,7.5,Autumn,0.008,562,4
European Golden-Plover,57.5,-4.03983,7.5,Autumn,0.016,423,20
European Golden-Plover,57.5,-3.06047,7.5,Autumn,0.0113,14,1
European Golden-Plover,57.5,-1.83628,7.5,Autumn,0.0604,45,4
European Golden-Plover,57.63514,-7.46756,7.5,Autumn,0.2387,72,20
European Golden-Plover,57.63514,-7.22272,7.5,Autumn,0.181,32,5
European Golden-Plover,57.63514,-5.75369,7.5,Autumn,0.0274,3,1
European Golden-Plover,57.63514,-4.28466,7.5,Autumn,0.0153,93,4
European Golden-Plover,57.63514,-4.03983,7.5,Autumn,0.029,581,34
European Golden-Plover,57.63514,-3.55015,7.5,Autumn,0.017,283,29
European Golden-Plover,57.63514,-3.06047,7.5,Autumn,0.0165,109,1
European Golden-Plover,57.63514,-2.5708,7.5,Autumn,0.0337,29,2
European Golden-Plover,57.63514,-2.08112,7.5,Autumn,0.0285,39,1
European Golden-Plover,57.63514,-1.83628,7.5,Autumn,0.111,165,28
European Golden-Plover,57.77027,-8.69175,7.5,Autumn,0.1083,2,1
European Golden-Plover,57.77027,-7.22272,7.5,Autumn,0.1733,18,6
European Golden-Plover,57.77027,-4.03983,7.5,Autumn,0.052,104,14
European Golden-Plover,57.77027,-3.79499,7.5,Autumn,0.0865,172,11
European Golden-Plover,57.77027,-3.30531,7.5,Autumn,0.05,202,4
European Golden-Plover,57.90541,-5.26402,7.5,Autumn,0.015,101,2
European Golden-Plover,57.90541,-4.28466,7.5,Autumn,0.0181,86,2
European Golden-Plover,57.90541,-4.03983,7.5,Autumn,0.0305,167,1
European Golden-Plover,57.90541,-3.79499,7.5,Autumn,0.0477,76,21
European Golden-Plover,58.17568,-7.22272,7.5,Autumn,0.1895,4,1
European Golden-Plover,58.17568,-6.97788,7.5,Autumn,0.1087,67,12
European Golden-Plover,58.17568,-6.73304,7.5,Autumn,0.0633,14,1
European Golden-Plover,58.17568,-6.24337,7.5,Autumn,0.0606,72,8
European Golden-Plover,58.17568,-5.50885,7.5,Autumn,0.0231,8,2
European Golden-Plover,58.31081,-6.73304,7.5,Autumn,0.0885,87,18
European Golden-Plover,58.31081,-6.48821,7.5,Autumn,0.1222,22,2
European Golden-Plover,58.31081,-6.24337,7.5,Autumn,0.152,117,6
European Golden-Plover,58.44595,-6.48821,7.5,Autumn,0.2426,12,1
European Golden-Plover,58.44595,-6.24337,7.5,Autumn,0.2773,109,39
European Golden-Plover,58.44595,-3.55015,7.5,Autumn,0.1026,4,3
European Golden-Plover,58.44595,-3.30531,7.5,Autumn,0.1296,3,1
European Golden-Plover,58.44595,-3.06047,7.5,Autumn,0.1073,54,6
European Golden-Plover,58.58108,-6.24337,7.5,Autumn,0.283,58,13
European Golden-Plover,58.58108,-4.77434,7.5,Autumn,0.0581,66,5
European Golden-Plover,58.58108,-4.03983,7.5,Autumn,0.0767,21,1
European Golden-Plover,58.58108,-3.55015,7.5,Autumn,0.0988,31,1
European Golden-Plover,58.58108,-3.06047,7.5,Autumn,0.1238,95,5
European Golden-Plover,58.71622,-3.06047,7.5,Autumn,0.1198,35,6
European Golden-Plover,58.71622,-2.81564,7.5,Autumn,0.2103,5,2
European Golden-Plover,58.85135,-3.06047,7.5,Autumn,0.1295,54,4
European Golden-Plover,58.85135,-2.81564,7.5,Autumn,0.2374,100,18
European Golden-Plover,58.98649,-3.30531,7.5,Autumn,0.1598,157,29
European Golden-Plover,58.98649,-3.06047,7.5,Autumn,0.1171,134,2
European Golden-Plover,58.98649,-2.81564,7.5,Autumn,0.2408,98,24
European Golden-Plover,59.12162,-3.30531,7.5,Autumn,0.2522,100,28
European Golden-Plover,59.12162,-3.06047,7.5,Autumn,0.1672,80,4
European Golden-Plover,59.12162,-2.5708,7.5,Autumn,0.3147,41,11
European Golden-Plover,59.25676,-2.5708,7.5,Autumn,0.3133,8,3
European Golden-Plover,59.25676,-2.32596,7.5,Autumn,0.2296,3,2
European Golden-Plover,59.39189,-3.06047,7.5,Autumn,0.1638,1,1
European Golden-Plover,59.39189,-2.81564,7.5,Autumn,0.2232,11,5
European Golden-Plover,59.39189,-2.32596,7.5,Autumn,0.2109,327,214
European Golden-Plover,59.52703,-1.59145,7.5,Autumn,0.2815,323,157
European Golden-Plover,59.7973,-1.34661,7.5,Autumn,0.0979,168,5
European Golden-Plover,59.93243,-1.34661,7.5,Autumn,0.2082,2628,214
European Golden-Plover,59.93243,-1.10177,7.5,Autumn,0.1793,77,23
European Golden-Plover,60.06757,-2.08112,7.5,Autumn,0.1993,16,5
European Golden-Plover,60.06757,-1.34661,7.5,Autumn,0.1765,907,119
European Golden-Plover,60.06757,-1.10177,7.5,Autumn,0.1662,253,23
European Golden-Plover,60.2027,-1.59145,7.5,Autumn,0.2676,63,11
European Golden-Plover,60.2027,-1.34661,7.5,Autumn,0.1557,500,30
European Golden-Plover,60.2027,-1.10177,7.5,Autumn,0.222,824,51
European Golden-Plover,60.33784,-1.59145,7.5,Autumn,0.2232,107,16
European Golden-Plover,60.33784,-1.34661,7.5,Autumn,0.1376,397,17
European Golden-Plover,60.33784,-1.10177,7.5,Autumn,0.2529,219,20
European Golden-Plover,60.33784,-0.85693,7.5,Autumn,0.2981,31,9
European Golden-Plover,60.47297,-1.59145,7.5,Autumn,0.3395,176,84
European Golden-Plover,60.47297,-1.34661,7.5,Autumn,0.2467,240,29
European Golden-Plover,60.47297,-1.10177,7.5,Autumn,0.2746,149,15
European Golden-Plover,60.47297,-0.85693,7.5,Autumn,0.3259,36,5
European Golden-Plover,60.60811,-1.34661,7.5,Autumn,0.2812,63,27
European Golden-Plover,60.60811,-1.10177,7.5,Autumn,0.3192,106,11
European Golden-Plover,60.60811,-0.85693,7.5,Autumn,0.3853,32,4
European Golden-Plover,60.74324,-1.10177,7.5,Autumn,0.3587,54,16
European Golden-Plover,60.74324,-0.85693,7.5,Autumn,0.4432,798,177
European Golden-Plover,60.87838,-0.85693,7.5,Autumn,0.1136,125,23
European Golden-Plover,54.66216,-4.77434,7.5,Spring,0.0084,75,1
European Golden-Plover,54.66216,-4.28466,7.5,Spring,0.011,9,1
European Golden-Plover,54.7973,-4.5295,7.5,Spring,0.0137,51,5
European Golden-Plover,54.93243,-5.01918,7.5,Spring,0.0072,134,1
European Golden-Plover,54.93243,-4.5295,7.5,Spring,0.0091,64,4
European Golden-Plover,54.93243,-3.79499,7.5,Spring,0.0079,108,1
European Golden-Plover,54.93243,-3.55015,7.5,Spring,0.0127,256,38
European Golden-Plover,54.93243,-3.06047,7.5,Spring,0.0128,53,1
European Golden-Plover,55.06757,-3.30531,7.5,Spring,0.0084,79,1
European Golden-Plover,55.2027,-3.55015,7.5,Spring,0.0087,7,2
European Golden-Plover,55.2027,-3.06047,7.5,Spring,0.0093,49,2
European Golden-Plover,55.33784,-4.03983,7.5,Spring,0.0091,11,2
European Golden-Plover,55.33784,-3.79499,7.5,Spring,0.0089,69,1
European Golden-Plover,55.33784,-3.55015,7.5,Spring,0.0091,100,1
European Golden-Plover,55.47297,-5.75369,7.5,Spring,0.0126,50,1
European Golden-Plover,55.47297,-4.77434,7.5,Spring,0.008,561,6
European Golden-Plover,55.47297,-4.5295,7.5,Spring,0.011,1120,28
European Golden-Plover,55.47297,-4.28466,7.5,Spring,0.0102,36,1
European Golden-Plover,55.47297,-4.03983,7.5,Spring,0.0098,6,1
European Golden-Plover,55.60811,-6.24337,7.5,Spring,0.0139,237,13
European Golden-Plover,55.60811,-5.26402,7.5,Spring,0.0066,166,2
European Golden-Plover,55.60811,-4.77434,7.5,Spring,0.005,3607,6
European Golden-Plover,55.60811,-4.5295,7.5,Spring,0.0046,21683,2
European Golden-Plover,55.74324,-6.48821,7.5,Spring,0.025,81,4
European Golden-Plover,55.74324,-6.24337,7.5,Spring,0.0124,131,1
European Golden-Plover,55.74324,-5.75369,7.5,Spring,0.0083,3418,1
European Golden-Plover,55.74324,-5.01918,7.5,Spring,0.0052,108,1
European Golden-Plover,55.74324,-4.77434,7.5,Spring,0.005,124,3
European Golden-Plover,55.74324,-3.79499,7.5,Spring,0.0048,52,1
European Golden-Plover,55.74324,-3.06047,7.5,Spring,0.0081,398,5
European Golden-Plover,55.74324,-2.5708,7.5,Spring,0.0075,11,1
European Golden-Plover,55.87838,-6.24337,7.5,Spring,0.016,110,11
European Golden-Plover,55.87838,-4.77434,7.5,Spring,0.005,59,1
European Golden-Plover,55.87838,-3.55015,7.5,Spring,0.0054,219,1
European Golden-Plover,55.87838,-3.30531,7.5,Spring,0.006,2071,10
European Golden-Plover,55.87838,-3.06047,7.5,Spring,0.009,2165,18
European Golden-Plover,55.87838,-2.81564,7.5,Spring,0.0101,239,4
European Golden-Plover,55.87838,-2.5708,7.5,Spring,0.0087,232,6
European Golden-Plover,55.87838,-2.32596,7.5,Spring,0.0061,169,2
European Golden-Plover,56.01351,-6.24337,7.5,Spring,0.0183,34,2
European Golden-Plover,56.01351,-5.99853,7.5,Spring,0.0129,11,1
European Golden-Plover,56.01351,-3.79499,7.5,Spring,0.0045,421,1
European Golden-Plover,56.01351,-3.55015,7.5,Spring,0.0046,493,1
European Golden-Plover,56.01351,-3.30531,7.5,Spring,0.0046,2906,1
European Golden-Plover,56.01351,-3.06047,7.5,Spring,0.0057,2432,8
European Golden-Plover,56.01351,-2.81564,7.5,Spring,0.0087,928,10
European Golden-Plover,56.01351,-2.5708,7.5,Spring,0.0091,754,8
European Golden-Plover,56.01351,-2.32596,7.5,Spring,0.0075,300,6
European Golden-Plover,56.14865,-4.28466,7.5,Spring,0.0043,180,2
European Golden-Plover,56.14865,-2.81564,7.5,Spring,0.0062,399,1
European Golden-Plover,56.14865,-2.5708,7.5,Spring,0.0071,243,1
European Golden-Plover,56.28378,-6.48821,7.5,Spring,0.0427,342,12
European Golden-Plover,56.28378,-6.24337,7.5,Spring,0.0167,133,3
European Golden-Plover,56.28378,-5.75369,7.5,Spring,0.0105,17,3
European Golden-Plover,56.28378,-3.55015,7.5,Spring,0.0045,32,1
European Golden-Plover,56.28378,-3.30531,7.5,Spring,0.0046,146,4
European Golden-Plover,56.28378,-3.06047,7.5,Spring,0.0053,546,2
European Golden-Plover,56.28378,-2.81564,7.5,Spring,0.0058,1514,2
European Golden-Plover,56.28378,-2.5708,7.5,Spring,0.0074,559,10
European Golden-Plover,56.41892,-6.97788,7.5,Spring,0.0591,28,2
European Golden-Plover,56.41892,-6.24337,7.5,Spring,0.014,177,2
European Golden-Plover,56.41892,-5.99853,7.5,Spring,0.0164,401,14
European Golden-Plover,56.41892,-5.75369,7.5,Spring,0.0123,385,6
European Golden-Plover,56.41892,-4.03983,7.5,Spring,0.0051,122,4
European Golden-Plover,56.41892,-3.06047,7.5,Spring,0.0054,540,1
European Golden-Plover,56.41892,-2.81564,7.5,Spring,0.0057,655,1
European Golden-Plover,56.55405,-6.97788,7.5,Spring,0.1369,33,5
European Golden-Plover,56.55405,-6.73304,7.5,Spring,0.0537,34,2
European Golden-Plover,56.55405,-6.24337,7.5,Spring,0.0119,182,2
European Golden-Plover,56.55405,-5.99853,7.5,Spring,0.0124,283,5
European Golden-Plover,56.55405,-5.75369,7.5,Spring,0.0111,158,1
European Golden-Plover,56.55405,-4.03983,7.5,Spring,0.0056,55,2
European Golden-Plover,56.55405,-3.79499,7.5,Spring,0.0048,74,1
European Golden-Plover,56.55405,-2.5708,7.5,Spring,0.0075,109,1
European Golden-Plover,56.68919,-6.48821,7.5,Spring,0.0453,42,3
European Golden-Plover,56.68919,-5.99853,7.5,Spring,0.013,205,1
European Golden-Plover,56.68919,-5.75369,7.5,Spring,0.0118,96,1
European Golden-Plover,56.68919,-5.50885,7.5,Spring,0.0097,74,4
European Golden-Plover,56.68919,-5.26402,7.5,Spring,0.0104,113,4
European Golden-Plover,56.68919,-4.5295,7.5,Spring,0.006,10,1
European Golden-Plover,56.68919,-2.5708,7.5,Spring,0.0074,253,1
European Golden-Plover,56.82432,-7.7124,7.5,Spring,0.0756,11,2
European Golden-Plover,56.82432,-5.26402,7.5,Spring,0.0105,28,4
European Golden-Plover,56.82432,-4.28466,7.5,Spring,0.0066,17,1
European Golden-Plover,56.82432,-3.30531,7.5,Spring,0.0054,111,4
European Golden-Plover,56.82432,-3.06047,7.5,Spring,0.006,25,2
European Golden-Plover,56.82432,-2.5708,7.5,Spring,0.0089,127,7
European Golden-Plover,56.82432,-2.32596,7.5,Spring,0.0075,78,1
European Golden-Plover,56.95946,-7.46756,7.5,Spring,0.1754,82,9
European Golden-Plover,56.95946,-6.24337,7.5,Spring,0.0141,108,11
European Golden-Plover,56.95946,-4.28466,7.5,Spring,0.0082,91,7
European Golden-Plover,56.95946,-4.03983,7.5,Spring,0.0082,3,1
European Golden-Plover,56.95946,-3.55015,7.5,Spring,0.0063,57,1
European Golden-Plover,56.95946,-3.30531,7.5,Spring,0.0064,107,3
European Golden-Plover,56.95946,-2.81564,7.5,Spring,0.0065,10,3
European Golden-Plover,56.95946,-2.08112,7.5,Spring,0.0036,269,1
European Golden-Plover,57.09459,-7.46756,7.5,Spring,0.2229,60,7
European Golden-Plover,57.09459,-7.22272,7.5,Spring,0.1924,65,10
European Golden-Plover,57.09459,-5.99853,7.5,Spring,0.0131,100,2
European Golden-Plover,57.09459,-4.5295,7.5,Spring,0.007,8,1
European Golden-Plover,57.09459,-4.03983,7.5,Spring,0.0072,709,6
European Golden-Plover,57.09459,-3.79499,7.5,Spring,0.0054,375,4
European Golden-Plover,57.09459,-3.55015,7.5,Spring,0.0053,433,1
European Golden-Plover,57.09459,-2.08112,7.5,Spring,0.0034,1560,1
European Golden-Plover,57.22973,-7.46756,7.5,Spring,0.2023,214,40
European Golden-Plover,57.22973,-6.48821,7.5,Spring,0.0338,23,1
European Golden-Plover,57.22973,-6.24337,7.5,Spring,0.0126,115,1
European Golden-Plover,57.22973,-5.99853,7.5,Spring,0.0122,315,6
European Golden-Plover,57.22973,-5.75369,7.5,Spring,0.0114,159,3
European Golden-Plover,57.22973,-5.50885,7.5,Spring,0.0094,128,1
European Golden-Plover,57.22973,-4.28466,7.5,Spring,0.0079,11,2
European Golden-Plover,57.22973,-4.03983,7.5,Spring,0.0078,252,49
European Golden-Plover,57.22973,-3.79499,7.5,Spring,0.0054,2240,21
European Golden-Plover,57.22973,-3.55015,7.5,Spring,0.0053,560,1
European Golden-Plover,57.22973,-3.30531,7.5,Spring,0.0056,123,3
European Golden-Plover,57.36486,-7.46756,7.5,Spring,0.2146,199,27
European Golden-Plover,57.36486,-7.22272,7.5,Spring,0.1565,119,3
European Golden-Plover,57.36486,-5.99853,7.5,Spring,0.0185,41,3
European Golden-Plover,57.36486,-5.75369,7.5,Spring,0.0227,69,4
European Golden-Plover,57.36486,-5.01918,7.5,Spring,0.0134,15,1
European Golden-Plover,57.36486,-4.28466,7.5,Spring,0.0111,333,5
European Golden-Plover,57.36486,-4.03983,7.5,Spring,0.0153,118,2
European Golden-Plover,57.36486,-3.79499,7.5,Spring,0.0093,407,12
European Golden-Plover,57.36486,-3.55015,7.5,Spring,0.0075,445,1
European Golden-Plover,57.36486,-3.30531,7.5,Spring,0.0077,43,2
European Golden-Plover,57.36486,-2.08112,7.5,Spring,0.008,274,10
European Golden-Plover,57.5,-7.46756,7.5,Spring,0.1994,266,12
European Golden-Plover,57.5,-7.22272,7.5,Spring,0.1282,151,5
European Golden-Plover,57.5,-6.73304,7.5,Spring,0.0232,445,8
European Golden-Plover,57.5,-6.48821,7.5,Spring,0.0185,129,1
European Golden-Plover,57.5,-6.24337,7.5,Spring,0.0162,165,1
European Golden-Plover,57.5,-5.75369,7.5,Spring,0.0282,47,2
European Golden-Plover,57.5,-5.50885,7.5,Spring,0.0211,38,6
European Golden-Plover,57.5,-5.26402,7.5,Spring,0.0219,21,1
European Golden-Plover,57.5,-5.01918,7.5,Spring,0.0165,14,2
European Golden-Plover,57.5,-4.5295,7.5,Spring,0.0113,192,1
European Golden-Plover,57.5,-4.28466,7.5,Spring,0.0115,915,7
European Golden-Plover,57.5,-4.03983,7.5,Spring,0.0154,691,7
European Golden-Plover,57.5,-3.79499,7.5,Spring,0.01,39,3
European Golden-Plover,57.5,-3.55015,7.5,Spring,0.0082,26,1
European Golden-Plover,57.63514,-7.46756,7.5,Spring,0.1896,489,28
European Golden-Plover,57.63514,-7.22272,7.5,Spring,0.1583,123,2
European Golden-Plover,57.63514,-6.24337,7.5,Spring,0.0202,360,2
European Golden-Plover,57.63514,-5.75369,7.5,Spring,0.0288,56,5
European Golden-Plover,57.63514,-5.01918,7.5,Spring,0.0177,22,1
European Golden-Plover,57.63514,-4.28466,7.5,Spring,0.0136,160,1
European Golden-Plover,57.63514,-3.55015,7.5,Spring,0.0086,328,2
European Golden-Plover,57.63514,-3.30531,7.5,Spring,0.0088,232,1
European Golden-Plover,57.63514,-2.81564,7.5,Spring,0.0076,87,1
European Golden-Plover,57.63514,-1.83628,7.5,Spring,0.0876,232,13
European Golden-Plover,57.77027,-8.69175,7.5,Spring,0.0613,65,3
European Golden-Plover,57.77027,-8.44691,7.5,Spring,0.0815,23,1
European Golden-Plover,57.77027,-7.22272,7.5,Spring,0.2232,66,9
European Golden-Plover,57.77027,-6.97788,7.5,Spring,0.1912,68,4
European Golden-Plover,57.77027,-5.75369,7.5,Spring,0.0428,131,6
European Golden-Plover,57.77027,-5.01918,7.5,Spring,0.0264,49,1
European Golden-Plover,57.77027,-4.5295,7.5,Spring,0.0242,3,1
European Golden-Plover,57.77027,-4.28466,7.5,Spring,0.0235,40,2
European Golden-Plover,57.77027,-4.03983,7.5,Spring,0.0233,201,3
European Golden-Plover,57.77027,-3.30531,7.5,Spring,0.0135,165,1
European Golden-Plover,57.90541,-6.97788,7.5,Spring,0.26,91,19
European Golden-Plover,57.90541,-6.73304,7.5,Spring,0.0616,58,3
European Golden-Plover,57.90541,-5.75369,7.5,Spring,0.0485,31,3
European Golden-Plover,57.90541,-5.50885,7.5,Spring,0.0385,117,6
European Golden-Plover,57.90541,-5.26402,7.5,Spring,0.0437,130,7
European Golden-Plover,57.90541,-4.28466,7.5,Spring,0.0396,115,7
European Golden-Plover,57.90541,-4.03983,7.5,Spring,0.0363,326,13
European Golden-Plover,57.90541,-3.79499,7.5,Spring,0.0319,70,8
European Golden-Plover,58.04054,-7.22272,7.5,Spring,0.2557,4,3
European Golden-Plover,58.04054,-6.97788,7.5,Spring,0.2479,23,5
European Golden-Plover,58.04054,-6.73304,7.5,Spring,0.0627,42,3
European Golden-Plover,58.04054,-6.48821,7.5,Spring,0.0427,31,3
European Golden-Plover,58.04054,-5.26402,7.5,Spring,0.0468,24,1
European Golden-Plover,58.04054,-5.01918,7.5,Spring,0.0457,23,1
European Golden-Plover,58.04054,-4.5295,7.5,Spring,0.0485,61,3
European Golden-Plover,58.04054,-4.28466,7.5,Spring,0.045,55,3
European Golden-Plover,58.04054,-4.03983,7.5,Spring,0.041,61,1
European Golden-Plover,58.17568,-7.22272,7.5,Spring,0.2062,1,1
European Golden-Plover,58.17568,-6.97788,7.5,Spring,0.1979,41,6
European Golden-Plover,58.17568,-6.73304,7.5,Spring,0.0649,86,5
European Golden-Plover,58.17568,-6.24337,7.5,Spring,0.0486,77,4
European Golden-Plover,58.17568,-5.26402,7.5,Spring,0.0489,130,4
European Golden-Plover,58.17568,-4.5295,7.5,Spring,0.0554,9,6
European Golden-Plover,58.17568,-3.79499,7.5,Spring,0.036,13,1
European Golden-Plover,58.31081,-6.73304,7.5,Spring,0.0539,84,10
European Golden-Plover,58.31081,-6.48821,7.5,Spring,0.0862,58,17
European Golden-Plover,58.31081,-6.24337,7.5,Spring,0.0947,135,3
European Golden-Plover,58.31081,-5.01918,7.5,Spring,0.0698,43,4
European Golden-Plover,58.31081,-3.79499,7.5,Spring,0.0478,31,3
European Golden-Plover,58.31081,-3.55015,7.5,Spring,0.0386,14,1
European Golden-Plover,58.31081,-3.30531,7.5,Spring,0.0206,19,2
European Golden-Plover,58.44595,-6.48821,7.5,Spring,0.219,12,3
European Golden-Plover,58.44595,-6.24337,7.5,Spring,0.1785,106,13
European Golden-Plover,58.44595,-5.26402,7.5,Spring,0.0674,89,1
European Golden-Plover,58.58108,-6.24337,7.5,Spring,0.0916,71,2
European Golden-Plover,58.58108,-5.01918,7.5,Spring,0.0848,3,1
European Golden-Plover,58.58108,-4.77434,7.5,Spring,0.0871,149,13
European Golden-Plover,58.58108,-4.03983,7.5,Spring,0.0636,19,3
European Golden-Plover,58.58108,-3.79499,7.5,Spring,0.0459,34,2
European Golden-Plover,58.58108,-3.55015,7.5,Spring,0.0383,95,3
European Golden-Plover,58.58108,-3.30531,7.5,Spring,0.0192,100,3
European Golden-Plover,58.85135,-3.06047,7.5,Spring,0.0112,66,3
European Golden-Plover,58.85135,-2.81564,7.5,Spring,0.0196,115,2
European Golden-Plover,58.98649,-3.30531,7.5,Spring,0.015,299,4
European Golden-Plover,58.98649,-3.06047,7.5,Spring,0.0117,323,2
European Golden-Plover,58.98649,-2.81564,7.5,Spring,0.024,106,5
European Golden-Plover,59.12162,-3.30531,7.5,Spring,0.0293,228,4
European Golden-Plover,59.12162,-3.06047,7.5,Spring,0.0237,182,5
European Golden-Plover,59.25676,-3.06047,7.5,Spring,0.0397,27,4
European Golden-Plover,59.25676,-2.81564,7.5,Spring,0.0408,23,1
European Golden-Plover,59.39189,-2.81564,7.5,Spring,0.0535,24,3
European Golden-Plover,59.39189,-2.32596,7.5,Spring,0.1384,344,93
European Golden-Plover,59.52703,-1.59145,7.5,Spring,0.1271,456,204
European Golden-Plover,59.7973,-1.34661,7.5,Spring,0.0349,175,1
European Golden-Plover,59.93243,-1.34661,7.5,Spring,0.0822,1629,84
European Golden-Plover,59.93243,-1.10177,7.5,Spring,0.0931,131,9
European Golden-Plover,60.06757,-2.08112,7.5,Spring,0.1251,22,3
European Golden-Plover,60.06757,-1.34661,7.5,Spring,0.0802,437,56
European Golden-Plover,60.06757,-1.10177,7.5,Spring,0.0934,123,1
European Golden-Plover,60.2027,-1.59145,7.5,Spring,0.1239,49,6
European Golden-Plover,60.2027,-1.34661,7.5,Spring,0.0743,134,2
European Golden-Plover,60.2027,-1.10177,7.5,Spring,0.0915,488,22
European Golden-Plover,60.33784,-1.59145,7.5,Spring,0.1159,34,1
European Golden-Plover,60.33784,-1.34661,7.5,Spring,0.0763,70,3
European Golden-Plover,60.33784,-1.10177,7.5,Spring,0.1186,26,2
European Golden-Plover,60.33784,-0.85693,7.5,Spring,0.1445,5,1
European Golden-Plover,60.47297,-1.59145,7.5,Spring,0.1531,71,5
European Golden-Plover,60.47297,-1.34661,7.5,Spring,0.1434,52,10
European Golden-Plover,60.47297,-1.10177,7.5,Spring,0.1444,58,6
European Golden-Plover,60.47297,-0.85693,7.5,Spring,0.1826,26,3
European Golden-Plover,60.60811,-1.34661,7.5,Spring,0.238,24,5
European Golden-Plover,60.60811,-1.10177,7.5,Spring,0.2554,33,5
European Golden-Plover,60.60811,-0.85693,7.5,Spring,0.3258,78,15
European Golden-Plover,60.74324,-1.10177,7.5,Spring,0.2866,20,1
European Golden-Plover,60.74324,-0.85693,7.5,Spring,0.3736,385,64
European Golden-Plover,60.87838,-0.85693,7.5,Spring,0.1547,114,17
European Golden-Plover,54.7973,-4.77434,7.5,Summer,0.008,8,4
European Golden-Plover,54.7973,-4.28466,7.5,Summer,0.0078,27,2
European Golden-Plover,54.93243,-5.01918,7.5,Summer,0.0048,74,1
European Golden-Plover,54.93243,-3.55015,7.5,Summer,0.0085,171,5
European Golden-Plover,54.93243,-3.30531,7.5,Summer,0.0103,22,1
European Golden-Plover,54.93243,-3.06047,7.5,Summer,0.0157,41,6
European Golden-Plover,55.33784,-4.77434,7.5,Summer,0.0042,137,1
European Golden-Plover,55.60811,-4.77434,7.5,Summer,0.0039,3125,13
European Golden-Plover,55.60811,-4.5295,7.5,Summer,0.0035,27860,1
European Golden-Plover,55.74324,-3.55015,7.5,Summer,0.0049,24,3
European Golden-Plover,55.74324,-3.06047,7.5,Summer,0.0069,133,2
European Golden-Plover,55.74324,-2.5708,7.5,Summer,0.0105,14,1
European Golden-Plover,55.87838,-6.24337,7.5,Summer,0.007,94,2
European Golden-Plover,55.87838,-5.26402,7.5,Summer,0.0041,24,1
European Golden-Plover,55.87838,-4.28466,7.5,Summer,0.0035,1378,1
European Golden-Plover,55.87838,-3.06047,7.5,Summer,0.0058,1626,3
European Golden-Plover,55.87838,-2.5708,7.5,Summer,0.0117,109,6
European Golden-Plover,55.87838,-2.32596,7.5,Summer,0.0083,75,3
European Golden-Plover,56.01351,-3.79499,7.5,Summer,0.004,365,2
European Golden-Plover,56.01351,-3.55015,7.5,Summer,0.0041,266,1
European Golden-Plover,56.01351,-3.30531,7.5,Summer,0.0039,2181,1
European Golden-Plover,56.01351,-3.06047,7.5,Summer,0.0053,2396,11
European Golden-Plover,56.01351,-2.81564,7.5,Summer,0.0124,786,21
European Golden-Plover,56.01351,-2.5708,7.5,Summer,0.0128,613,7
European Golden-Plover,56.01351,-2.32596,7.5,Summer,0.0092,130,3
European Golden-Plover,56.14865,-3.30531,7.5,Summer,0.0037,405,1
European Golden-Plover,56.14865,-2.81564,7.5,Summer,0.0084,174,1
European Golden-Plover,56.14865,-2.5708,7.5,Summer,0.0096,245,1
European Golden-Plover,56.28378,-6.48821,7.5,Summer,0.0065,238,3
European Golden-Plover,56.28378,-6.24337,7.5,Summer,0.0071,89,2
European Golden-Plover,56.28378,-2.81564,7.5,Summer,0.007,1122,1
European Golden-Plover,56.28378,-2.5708,7.5,Summer,0.0078,524,24
European Golden-Plover,56.41892,-6.24337,7.5,Summer,0.0066,224,2
European Golden-Plover,56.41892,-5.99853,7.5,Summer,0.0112,294,10
European Golden-Plover,56.41892,-5.75369,7.5,Summer,0.0105,361,9
European Golden-Plover,56.41892,-2.81564,7.5,Summer,0.0082,590,9
European Golden-Plover,56.55405,-5.99853,7.5,Summer,0.0079,274,12
European Golden-Plover,56.55405,-5.75369,7.5,Summer,0.0085,81,7
European Golden-Plover,56.55405,-4.77434,7.5,Summer,0.0053,50,1
European Golden-Plover,56.55405,-3.55015,7.5,Summer,0.0047,287,2
European Golden-Plover,56.68919,-6.48821,7.5,Summer,0.0065,30,1
European Golden-Plover,56.68919,-5.01918,7.5,Summer,0.0063,304,1
European Golden-Plover,56.68919,-4.28466,7.5,Summer,0.0057,18,3
European Golden-Plover,56.68919,-2.5708,7.5,Summer,0.0076,238,2
European Golden-Plover,56.82432,-6.24337,7.5,Summer,0.0067,21,1
European Golden-Plover,56.82432,-5.26402,7.5,Summer,0.008,33,5
European Golden-Plover,56.82432,-4.28466,7.5,Summer,0.0068,15,1
European Golden-Plover,56.82432,-3.55015,7.5,Summer,0.0055,25,1
European Golden-Plover,56.82432,-3.30531,7.5,Summer,0.0054,104,2
European Golden-Plover,56.82432,-3.06047,7.5,Summer,0.0061,27,1
European Golden-Plover,56.95946,-7.46756,7.5,Summer,0.1158,118,8
European Golden-Plover,56.95946,-6.24337,7.5,Summer,0.007,43,1
European Golden-Plover,56.95946,-4.28466,7.5,Summer,0.0073,75,2
European Golden-Plover,56.95946,-3.30531,7.5,Summer,0.0061,105,3
European Golden-Plover,56.95946,-2.81564,7.5,Summer,0.0078,64,3
European Golden-Plover,57.09459,-6.48821,7.5,Summer,0.0058,39,1
European Golden-Plover,57.09459,-5.75369,7.5,Summer,0.0095,94,1
European Golden-Plover,57.09459,-4.03983,7.5,Summer,0.0066,526,1
European Golden-Plover,57.09459,-3.79499,7.5,Summer,0.006,311,10
European Golden-Plover,57.09459,-3.55015,7.5,Summer,0.0056,315,1
European Golden-Plover,57.09459,-3.06047,7.5,Summer,0.0057,80,1
European Golden-Plover,57.09459,-2.08112,7.5,Summer,0.0034,1194,5
European Golden-Plover,57.22973,-7.46756,7.5,Summer,0.1086,112,9
European Golden-Plover,57.22973,-6.24337,7.5,Summer,0.0062,148,3
European Golden-Plover,57.22973,-5.99853,7.5,Summer,0.0083,364,6
European Golden-Plover,57.22973,-5.75369,7.5,Summer,0.0095,148,3
European Golden-Plover,57.22973,-5.26402,7.5,Summer,0.0078,9,1
European Golden-Plover,57.22973,-4.28466,7.5,Summer,0.0065,4,1
European Golden-Plover,57.22973,-4.03983,7.5,Summer,0.0065,133,2
European Golden-Plover,57.22973,-3.79499,7.5,Summer,0.0058,1932,20
European Golden-Plover,57.22973,-3.55015,7.5,Summer,0.0053,441,2
European Golden-Plover,57.22973,-3.30531,7.5,Summer,0.0053,128,1
European Golden-Plover,57.36486,-7.46756,7.5,Summer,0.1869,123,15
European Golden-Plover,57.36486,-7.22272,7.5,Summer,0.1001,80,6
European Golden-Plover,57.36486,-6.48821,7.5,Summer,0.0057,93,1
European Golden-Plover,57.36486,-5.99853,7.5,Summer,0.0098,33,1
European Golden-Plover,57.36486,-5.75369,7.5,Summer,0.0134,65,6
European Golden-Plover,57.36486,-5.01918,7.5,Summer,0.0076,3,1
European Golden-Plover,57.36486,-4.03983,7.5,Summer,0.0074,86,1
European Golden-Plover,57.36486,-3.79499,7.5,Summer,0.0065,308,16
European Golden-Plover,57.36486,-3.55015,7.5,Summer,0.0058,381,1
European Golden-Plover,57.36486,-2.81564,7.5,Summer,0.0065,7,1
European Golden-Plover,57.36486,-2.08112,7.5,Summer,0.0058,330,18
European Golden-Plover,57.36486,-1.83628,7.5,Summer,0.0131,74,1
European Golden-Plover,57.5,-7.46756,7.5,Summer,0.1647,165,12
European Golden-Plover,57.5,-7.22272,7.5,Summer,0.0822,111,10
European Golden-Plover,57.5,-6.73304,7.5,Summer,0.0072,402,4
European Golden-Plover,57.5,-6.24337,7.5,Summer,0.0063,189,1
European Golden-Plover,57.5,-5.50885,7.5,Summer,0.0084,59,1
European Golden-Plover,57.5,-5.26402,7.5,Summer,0.0089,15,1
European Golden-Plover,57.5,-4.28466,7.5,Summer,0.0063,814,2
European Golden-Plover,57.5,-4.03983,7.5,Summer,0.0075,626,3
European Golden-Plover,57.63514,-7.46756,7.5,Summer,0.2022,350,32
European Golden-Plover,57.63514,-7.22272,7.5,Summer,0.1493,116,3
European Golden-Plover,57.63514,-5.75369,7.5,Summer,0.0177,46,3
European Golden-Plover,57.63514,-5.26402,7.5,Summer,0.0122,100,1
European Golden-Plover,57.63514,-4.28466,7.5,Summer,0.0108,189,1
European Golden-Plover,57.63514,-4.03983,7.5,Summer,0.012,742,9
European Golden-Plover,57.63514,-3.79499,7.5,Summer,0.0107,187,1
European Golden-Plover,57.63514,-3.55015,7.5,Summer,0.0103,190,5
European Golden-Plover,57.63514,-3.06047,7.5,Summer,0.0096,170,5
European Golden-Plover,57.63514,-1.83628,7.5,Summer,0.024,145,2
European Golden-Plover,57.77027,-8.69175,7.5,Summer,0.1342,36,3
European Golden-Plover,57.77027,-7.22272,7.5,Summer,0.1866,64,4
European Golden-Plover,57.77027,-6.97788,7.5,Summer,0.0946,108,4
European Golden-Plover,57.77027,-5.75369,7.5,Summer,0.0242,159,2
European Golden-Plover,57.77027,-3.79499,7.5,Summer,0.0143,180,1
European Golden-Plover,57.77027,-3.55015,7.5,Summer,0.0136,104,6
European Golden-Plover,57.77027,-3.30531,7.5,Summer,0.0123,140,3
European Golden-Plover,57.77027,-1.83628,7.5,Summer,0.0283,2,1
European Golden-Plover,57.90541,-6.97788,7.5,Summer,0.1282,77,7
European Golden-Plover,57.90541,-6.73304,7.5,Summer,0.0466,63,7
European Golden-Plover,57.90541,-5.75369,7.5,Summer,0.0277,41,1
European Golden-Plover,57.90541,-5.26402,7.5,Summer,0.0193,175,2
European Golden-Plover,57.90541,-4.28466,7.5,Summer,0.0245,66,3
European Golden-Plover,57.90541,-4.03983,7.5,Summer,0.023,246,2
European Golden-Plover,58.04054,-4.77434,7.5,Summer,0.0241,10,3
European Golden-Plover,58.04054,-4.5295,7.5,Summer,0.0294,45,1
European Golden-Plover,58.04054,-3.79499,7.5,Summer,0.0215,81,2
European Golden-Plover,58.17568,-7.22272,7.5,Summer,0.1485,2,1
European Golden-Plover,58.17568,-6.97788,7.5,Summer,0.1034,82,4
European Golden-Plover,58.17568,-6.73304,7.5,Summer,0.0528,84,7
European Golden-Plover,58.17568,-6.24337,7.5,Summer,0.0331,101,3
European Golden-Plover,58.17568,-5.50885,7.5,Summer,0.0198,27,1
European Golden-Plover,58.17568,-5.26402,7.5,Summer,0.0198,123,3
European Golden-Plover,58.17568,-5.01918,7.5,Summer,0.021,52,1
European Golden-Plover,58.17568,-4.5295,7.5,Summer,0.0291,7,1
European Golden-Plover,58.17568,-3.30531,7.5,Summer,0.0152,48,1
European Golden-Plover,58.31081,-6.73304,7.5,Summer,0.0477,126,5
European Golden-Plover,58.31081,-6.48821,7.5,Summer,0.0877,64,14
European Golden-Plover,58.31081,-6.24337,7.5,Summer,0.1043,163,5
European Golden-Plover,58.31081,-5.01918,7.5,Summer,0.0264,40,2
European Golden-Plover,58.31081,-4.03983,7.5,Summer,0.0416,14,2
European Golden-Plover,58.31081,-3.79499,7.5,Summer,0.0304,47,5
European Golden-Plover,58.31081,-3.30531,7.5,Summer,0.0175,52,1
European Golden-Plover,58.44595,-6.48821,7.5,Summer,0.1599,19,1
European Golden-Plover,58.44595,-6.24337,7.5,Summer,0.1555,130,10
European Golden-Plover,58.44595,-5.01918,7.5,Summer,0.0235,54,3
European Golden-Plover,58.44595,-4.5295,7.5,Summer,0.0336,33,1
European Golden-Plover,58.44595,-4.28466,7.5,Summer,0.0351,27,2
European Golden-Plover,58.44595,-3.79499,7.5,Summer,0.0293,16,2
European Golden-Plover,58.58108,-6.24337,7.5,Summer,0.0867,87,6
European Golden-Plover,58.58108,-4.77434,7.5,Summer,0.0168,110,1
European Golden-Plover,58.58108,-4.5295,7.5,Summer,0.0215,26,1
European Golden-Plover,58.58108,-4.03983,7.5,Summer,0.022,37,4
European Golden-Plover,58.58108,-3.06047,7.5,Summer,0.0094,174,1
European Golden-Plover,58.71622,-3.30531,7.5,Summer,0.0103,103,1
European Golden-Plover,58.85135,-3.06047,7.5,Summer,0.0088,70,2
European Golden-Plover,58.85135,-2.81564,7.5,Summer,0.0126,183,2
European Golden-Plover,58.98649,-3.06047,7.5,Summer,0.0079,416,2
European Golden-Plover,58.98649,-2.81564,7.5,Summer,0.0142,119,2
European Golden-Plover,59.12162,-3.30531,7.5,Summer,0.0313,447,9
European Golden-Plover,59.12162,-3.06047,7.5,Summer,0.026,316,15
European Golden-Plover,59.25676,-3.06047,7.5,Summer,0.0428,56,1
European Golden-Plover,59.25676,-2.81564,7.5,Summer,0.0471,63,4
European Golden-Plover,59.25676,-2.5708,7.5,Summer,0.1011,15,3
European Golden-Plover,59.25676,-2.32596,7.5,Summer,0.1015,5,2
European Golden-Plover,59.39189,-3.06047,7.5,Summer,0.0478,41,1
European Golden-Plover,59.39189,-2.81564,7.5,Summer,0.0598,16,2
European Golden-Plover,59.39189,-2.32596,7.5,Summer,0.1066,184,105
European Golden-Plover,59.52703,-1.59145,7.5,Summer,0.0793,354,88
European Golden-Plover,59.7973,-1.34661,7.5,Summer,0.0402,226,2
European Golden-Plover,59.93243,-1.34661,7.5,Summer,0.0425,1489,45
European Golden-Plover,59.93243,-1.10177,7.5,Summer,0.046,126,4
European Golden-Plover,60.06757,-1.34661,7.5,Summer,0.0399,208,5
European Golden-Plover,60.06757,-1.10177,7.5,Summer,0.0499,75,2
European Golden-Plover,60.2027,-1.59145,7.5,Summer,0.0968,33,5
European Golden-Plover,60.2027,-1.34661,7.5,Summer,0.0498,126,8
European Golden-Plover,60.2027,-1.10177,7.5,Summer,0.0564,394,22
European Golden-Plover,60.33784,-1.59145,7.5,Summer,0.1118,54,2
European Golden-Plover,60.33784,-1.34661,7.5,Summer,0.0563,85,1
European Golden-Plover,60.33784,-1.10177,7.5,Summer,0.0679,45,1
European Golden-Plover,60.47297,-1.59145,7.5,Summer,0.1335,123,10
European Golden-Plover,60.47297,-1.34661,7.5,Summer,0.0904,54,8
European Golden-Plover,60.47297,-1.10177,7.5,Summer,0.093,77,2
European Golden-Plover,60.60811,-1.34661,7.5,Summer,0.2304,30,7
European Golden-Plover,60.60811,-1.10177,7.5,Summer,0.2837,58,6
European Golden-Plover,60.60811,-0.85693,7.5,Summer,0.3238,218,52
European Golden-Plover,60.74324,-1.10177,7.5,Summer,0.2761,31,1
European Golden-Plover,60.74324,-0.85693,7.5,Summer,0.3357,401,69
European Golden-Plover,60.87838,-0.85693,7.5,Summer,0.1305,127,32
European Golden-Plover,54.7973,-5.01918,7.5,Winter,0.0506,27,2
European Golden-Plover,54.7973,-4.77434,7.5,Winter,0.0704,8,1
European Golden-Plover,54.7973,-4.5295,7.5,Winter,0.0658,47,10
European Golden-Plover,54.7973,-4.28466,7.5,Winter,0.0589,16,3
European Golden-Plover,54.93243,-5.01918,7.5,Winter,0.0415,90,3
European Golden-Plover,54.93243,-3.79499,7.5,Winter,0.0254,69,5
European Golden-Plover,54.93243,-3.55015,7.5,Winter,0.0372,289,67
European Golden-Plover,54.93243,-3.30531,7.5,Winter,0.0331,29,1
European Golden-Plover,54.93243,-3.06047,7.5,Winter,0.0323,29,3
European Golden-Plover,55.06757,-5.26402,7.5,Winter,0.0589,3,1
European Golden-Plover,55.06757,-3.55015,7.5,Winter,0.0098,173,2
European Golden-Plover,55.33784,-4.77434,7.5,Winter,0.0559,114,5
European Golden-Plover,55.33784,-3.55015,7.5,Winter,0.0101,23,1
European Golden-Plover,55.47297,-5.75369,7.5,Winter,0.0886,36,9
European Golden-Plover,55.47297,-4.77434,7.5,Winter,0.0635,596,24
European Golden-Plover,55.47297,-4.5295,7.5,Winter,0.0093,1316,7
European Golden-Plover,55.60811,-6.24337,7.5,Winter,0.0267,95,1
European Golden-Plover,55.60811,-5.75369,7.5,Winter,0.0179,25,1
European Golden-Plover,55.60811,-4.77434,7.5,Winter,0.0114,4222,102
European Golden-Plover,55.60811,-4.5295,7.5,Winter,0.0049,17240,10
European Golden-Plover,55.74324,-6.48821,7.5,Winter,0.0239,93,4
European Golden-Plover,55.74324,-6.24337,7.5,Winter,0.0282,265,8
European Golden-Plover,55.74324,-5.75369,7.5,Winter,0.0153,761,2
European Golden-Plover,55.74324,-4.77434,7.5,Winter,0.01,99,1
European Golden-Plover,55.74324,-3.55015,7.5,Winter,0.0059,34,1
European Golden-Plover,55.74324,-3.06047,7.5,Winter,0.0093,248,8
European Golden-Plover,55.87838,-6.48821,7.5,Winter,0.0486,23,3
European Golden-Plover,55.87838,-6.24337,7.5,Winter,0.023,204,84
European Golden-Plover,55.87838,-3.55015,7.5,Winter,0.0053,227,2
European Golden-Plover,55.87838,-3.30531,7.5,Winter,0.0052,1796,5
European Golden-Plover,55.87838,-3.06047,7.5,Winter,0.0089,1773,10
European Golden-Plover,55.87838,-2.81564,7.5,Winter,0.013,163,7
European Golden-Plover,55.87838,-2.32596,7.5,Winter,0.008,71,1
European Golden-Plover,56.01351,-4.03983,7.5,Winter,0.0062,24,1
European Golden-Plover,56.01351,-3.79499,7.5,Winter,0.0063,358,2
European Golden-Plover,56.01351,-3.55015,7.5,Winter,0.0066,507,10
European Golden-Plover,56.01351,-3.30531,7.5,Winter,0.0063,2000,1
European Golden-Plover,56.01351,-3.06047,7.5,Winter,0.0093,1585,23
European Golden-Plover,56.01351,-2.81564,7.5,Winter,0.0329,874,38
European Golden-Plover,56.01351,-2.5708,7.5,Winter,0.0344,643,20
European Golden-Plover,56.01351,-2.32596,7.5,Winter,0.0178,144,16
European Golden-Plover,56.14865,-3.06047,7.5,Winter,0.0075,302,1
European Golden-Plover,56.14865,-2.81564,7.5,Winter,0.0232,219,9
European Golden-Plover,56.28378,-6.24337,7.5,Winter,0.0163,4,2
European Golden-Plover,56.28378,-3.79499,7.5,Winter,0.0052,54,1
European Golden-Plover,56.28378,-2.81564,7.5,Winter,0.0145,1177,2
European Golden-Plover,56.28378,-2.5708,7.5,Winter,0.0201,333,11
European Golden-Plover,56.41892,-6.24337,7.5,Winter,0.0135,2,2
European Golden-Plover,56.41892,-3.30531,7.5,Winter,0.0054,176,4
European Golden-Plover,56.41892,-2.81564,7.5,Winter,0.0138,524,10
European Golden-Plover,56.68919,-3.79499,7.5,Winter,0.0056,70,1
European Golden-Plover,56.68919,-2.5708,7.5,Winter,0.0198,202,10
European Golden-Plover,56.82432,-2.5708,7.5,Winter,0.017,130,14
European Golden-Plover,56.82432,-2.32596,7.5,Winter,0.0118,83,3
European Golden-Plover,56.95946,-6.24337,7.5,Winter,0.0117,45,2
European Golden-Plover,57.09459,-4.03983,7.5,Winter,0.0065,301,2
European Golden-Plover,57.22973,-7.46756,7.5,Winter,0.1198,35,8
European Golden-Plover,57.22973,-4.03983,7.5,Winter,0.0067,69,5
European Golden-Plover,57.22973,-3.55015,7.5,Winter,0.0057,232,1
European Golden-Plover,57.36486,-7.46756,7.5,Winter,0.124,8,2
European Golden-Plover,57.36486,-6.24337,7.5,Winter,0.0116,51,2
European Golden-Plover,57.36486,-2.08112,7.5,Winter,0.0115,95,24
European Golden-Plover,57.5,-7.46756,7.5,Winter,0.103,6,1
European Golden-Plover,57.5,-6.73304,7.5,Winter,0.0112,244,3
European Golden-Plover,57.5,-6.48821,7.5,Winter,0.0088,32,4
European Golden-Plover,57.5,-4.28466,7.5,Winter,0.0094,622,5
European Golden-Plover,57.5,-4.03983,7.5,Winter,0.0158,511,23
European Golden-Plover,57.5,-1.83628,7.5,Winter,0.1442,27,9
European Golden-Plover,57.63514,-7.46756,7.5,Winter,0.1206,7,2
European Golden-Plover,57.63514,-6.24337,7.5,Winter,0.0146,95,2
European Golden-Plover,57.63514,-4.03983,7.5,Winter,0.0143,354,3
European Golden-Plover,57.63514,-3.55015,7.5,Winter,0.0113,318,9
European Golden-Plover,57.63514,-3.06047,7.5,Winter,0.0114,52,1
European Golden-Plover,57.63514,-2.08112,7.5,Winter,0.0171,57,1
European Golden-Plover,57.63514,-1.83628,7.5,Winter,0.1996,140,46
European Golden-Plover,57.77027,-7.22272,7.5,Winter,0.1408,6,2
European Golden-Plover,57.77027,-6.97788,7.5,Winter,0.0971,5,2
European Golden-Plover,57.77027,-4.03983,7.5,Winter,0.0203,88,2
European Golden-Plover,57.77027,-3.79499,7.5,Winter,0.0231,153,2
European Golden-Plover,57.77027,-3.30531,7.5,Winter,0.0179,185,3
European Golden-Plover,57.90541,-3.79499,7.5,Winter,0.0267,17,3
European Golden-Plover,58.04054,-4.5295,7.5,Winter,0.0216,9,1
European Golden-Plover,58.04054,-3.79499,7.5,Winter,0.0293,38,2
European Golden-Plover,58.17568,-6.97788,7.5,Winter,0.0913,3,1
European Golden-Plover,58.17568,-6.24337,7.5,Winter,0.0307,54,1
European Golden-Plover,58.31081,-6.73304,7.5,Winter,0.0468,11,3
European Golden-Plover,58.31081,-6.48821,7.5,Winter,0.0687,3,2
European Golden-Plover,58.31081,-3.79499,7.5,Winter,0.0619,9,4
European Golden-Plover,58.31081,-3.55015,7.5,Winter,0.0523,1,1
European Golden-Plover,58.31081,-3.30531,7.5,Winter,0.0427,8,2
European Golden-Plover,58.44595,-6.24337,7.5,Winter,0.1995,13,5
European Golden-Plover,58.58108,-6.24337,7.5,Winter,0.132,9,1
European Golden-Plover,58.58108,-4.77434,7.5,Winter,0.0708,27,2
European Golden-Plover,58.85135,-3.06047,7.5,Winter,0.042,16,1
European Golden-Plover,58.85135,-2.81564,7.5,Winter,0.0578,28,4
European Golden-Plover,58.98649,-3.30531,7.5,Winter,0.0639,20,5
European Golden-Plover,58.98649,-2.81564,7.5,Winter,0.0661,12,2
European Golden-Plover,59.12162,-3.30531,7.5,Winter,0.1132,15,1
European Golden-Plover,59.12162,-3.06047,7.5,Winter,0.0891,28,4
European Golden-Plover,59.25676,-3.06047,7.5,Winter,0.1347,5,1
European Golden-Plover,59.25676,-2.5708,7.5,Winter,0.1837,15,1
European Golden-Plover,59.25676,-2.32596,7.5,Winter,0.1485,5,1
European Golden-Plover,59.39189,-2.32596,7.5,Winter,0.1431,15,5
European Golden-Plover,59.52703,-1.59145,7.5,Winter,0.1688,87,6
European Golden-Plover,59.93243,-1.34661,7.5,Winter,0.1484,905,71
European Golden-Plover,59.93243,-1.10177,7.5,Winter,0.1067,48,21
European Golden-Plover,60.06757,-1.34661,7.5,Winter,0.0706,290,69
European Golden-Plover,60.06757,-1.10177,7.5,Winter,0.0695,96,1
European Golden-Plover,60.2027,-1.10177,7.5,Winter,0.0707,254,13
European Golden-Plover,60.33784,-1.34661,7.5,Winter,0.0662,23,1
European Golden-Plover,60.33784,-0.85693,7.5,Winter,0.1184,3,1
European Golden-Plover,60.47297,-1.34661,7.5,Winter,0.1173,17,1
European Golden-Plover,60.60811,-1.34661,7.5,Winter,0.2006,4,1
European Golden-Plover,60.60811,-1.10177,7.5,Winter,0.2195,50,7
European Golden-Plover,60.60811,-0.85693,7.5,Winter,0.2373,4,2
European Golden-Plover,60.74324,-1.10177,7.5,Winter,0.1964,15,5
European Golden-Plover,60.74324,-0.85693,7.5,Winter,0.2227,280,36
Long-tailed Tit,54.66216,-5.01918,7.5,Autumn,0.0146,21,1
Long-tailed Tit,54.7973,-5.01918,7.5,Autumn,0.0147,38,1
Long-tailed Tit,54.7973,-4.77434,7.5,Autumn,0.0206,7,1
Long-tailed Tit,54.7973,-4.5295,7.5,Autumn,0.1219,46,6
Long-tailed Tit,54.7973,-3.79499,7.5,Autumn,0.1622,7,1
Long-tailed Tit,54.93243,-5.01918,7.5,Autumn,0.0144,93,1
Long-tailed Tit,54.93243,-4.77434,7.5,Autumn,0.0216,2,1
Long-tailed Tit,54.93243,-4.5295,7.5,Autumn,0.2239,19,5
Long-tailed Tit,54.93243,-4.28466,7.5,Autumn,0.2603,30,6
Long-tailed Tit,54.93243,-4.03983,7.5,Autumn,0.2769,53,20
Long-tailed Tit,54.93243,-3.79499,7.5,Autumn,0.2749,92,27
Long-tailed Tit,54.93243,-3.55015,7.5,Autumn,0.277,239,49
Long-tailed Tit,54.93243,-3.30531,7.5,Autumn,0.2666,26,1
Long-tailed Tit,54.93243,-3.06047,7.5,Autumn,0.2623,46,2
Long-tailed Tit,55.06757,-5.01918,7.5,Autumn,0.0144,27,1
Long-tailed Tit,55.06757,-4.77434,7.5,Autumn,0.0219,7,2
Long-tailed Tit,55.06757,-4.5295,7.5,Autumn,0.2526,13,5
Long-tailed Tit,55.06757,-4.28466,7.5,Autumn,0.2823,13,1
Long-tailed Tit,55.06757,-4.03983,7.5,Autumn,0.2971,42,18
Long-tailed Tit,55.06757,-3.79499,7.5,Autumn,0.2968,21,2
Long-tailed Tit,55.06757,-3.55015,7.5,Autumn,0.3052,165,26
Long-tailed Tit,55.06757,-3.30531,7.5,Autumn,0.3017,30,7
Long-tailed Tit,55.06757,-3.06047,7.5,Autumn,0.2967,13,1
Long-tailed Tit,55.2027,-4.03983,7.5,Autumn,0.2875,11,2
Long-tailed Tit,55.2027,-3.79499,7.5,Autumn,0.2864,13,3
Long-tailed Tit,55.2027,-3.30531,7.5,Autumn,0.2952,21,4
Long-tailed Tit,55.2027,-3.06047,7.5,Autumn,0.2938,2,1
Long-tailed Tit,55.33784,-4.77434,7.5,Autumn,0.0253,125,2
Long-tailed Tit,55.33784,-3.79499,7.5,Autumn,0.2764,15,2
Long-tailed Tit,55.33784,-2.81564,7.5,Autumn,0.3033,11,3
Long-tailed Tit,55.47297,-5.01918,7.5,Autumn,0.037,41,5
Long-tailed Tit,55.47297,-4.77434,7.5,Autumn,0.0336,581,5
Long-tailed Tit,55.47297,-4.5295,7.5,Autumn,0.2433,1154,73
Long-tailed Tit,55.47297,-3.30531,7.5,Autumn,0.2782,22,2
Long-tailed Tit,55.47297,-2.81564,7.5,Autumn,0.2992,43,8
Long-tailed Tit,55.47297,-2.5708,7.5,Autumn,0.2274,31,5
Long-tailed Tit,55.60811,-6.24337,7.5,Autumn,0.0732,96,5
Long-tailed Tit,55.60811,-5.99853,7.5,Autumn,0.0752,6,1
Long-tailed Tit,55.60811,-5.50885,7.5,Autumn,0.106,5,1
Long-tailed Tit,55.60811,-5.26402,7.5,Autumn,0.1646,81,5
Long-tailed Tit,55.60811,-5.01918,7.5,Autumn,0.1698,20,2
Long-tailed Tit,55.60811,-4.77434,7.5,Autumn,0.1422,3758,35
Long-tailed Tit,55.60811,-4.5295,7.5,Autumn,0.3162,21393,146
Long-tailed Tit,55.60811,-4.28466,7.5,Autumn,0.336,7,1
Long-tailed Tit,55.60811,-3.79499,7.5,Autumn,0.3418,26,1
Long-tailed Tit,55.60811,-3.55015,7.5,Autumn,0.3425,48,4
Long-tailed Tit,55.60811,-3.30531,7.5,Autumn,0.3489,58,14
Long-tailed Tit,55.60811,-3.06047,7.5,Autumn,0.3482,31,3
Long-tailed Tit,55.60811,-2.81564,7.5,Autumn,0.3618,83,37
Long-tailed Tit,55.60811,-2.5708,7.5,Autumn,0.2441,19,5
Long-tailed Tit,55.60811,-2.32596,7.5,Autumn,0.228,28,13
Long-tailed Tit,55.74324,-6.24337,7.5,Autumn,0.0545,173,9
Long-tailed Tit,55.74324,-5.50885,7.5,Autumn,0.0922,28,1
Long-tailed Tit,55.74324,-5.26402,7.5,Autumn,0.1592,34,1
Long-tailed Tit,55.74324,-5.01918,7.5,Autumn,0.1786,76,4
Long-tailed Tit,55.74324,-4.77434,7.5,Autumn,0.1528,71,3
Long-tailed Tit,55.74324,-4.5295,7.5,Autumn,0.2838,278,56
Long-tailed Tit,55.74324,-4.28466,7.5,Autumn,0.3053,566,30
Long-tailed Tit,55.74324,-4.03983,7.5,Autumn,0.3231,208,91
Long-tailed Tit,55.74324,-3.79499,7.5,Autumn,0.3219,18,2
Long-tailed Tit,55.74324,-3.55015,7.5,Autumn,0.3239,38,5
Long-tailed Tit,55.74324,-3.30531,7.5,Autumn,0.3286,26,6
Long-tailed Tit,55.74324,-3.06047,7.5,Autumn,0.3261,165,30
Long-tailed Tit,55.74324,-2.81564,7.5,Autumn,0.3328,10,4
Long-tailed Tit,55.74324,-2.5708,7.5,Autumn,0.2241,3,1
Long-tailed Tit,55.74324,-2.32596,7.5,Autumn,0.2137,14,4
Long-tailed Tit,55.74324,-2.08112,7.5,Autumn,0.1979,9,2
Long-tailed Tit,55.87838,-6.24337,7.5,Autumn,0.0588,142,1
Long-tailed Tit,55.87838,-5.50885,7.5,Autumn,0.0916,16,1
Long-tailed Tit,55.87838,-5.26402,7.5,Autumn,0.1629,14,4
Long-tailed Tit,55.87838,-5.01918,7.5,Autumn,0.1927,16,2
Long-tailed Tit,55.87838,-4.77434,7.5,Autumn,0.162,36,2
Long-tailed Tit,55.87838,-4.5295,7.5,Autumn,0.3351,297,73
Long-tailed Tit,55.87838,-4.28466,7.5,Autumn,0.3876,1614,337
Long-tailed Tit,55.87838,-4.03983,7.5,Autumn,0.3867,110,16
Long-tailed Tit,55.87838,-3.79499,7.5,Autumn,0.385,50,11
Long-tailed Tit,55.87838,-3.55015,7.5,Autumn,0.3851,74,20
Long-tailed Tit,55.87838,-3.30531,7.5,Autumn,0.3907,892,233
Long-tailed Tit,55.87838,-3.06047,7.5,Autumn,0.3819,1429,570
Long-tailed Tit,55.87838,-2.81564,7.5,Autumn,0.383,104,35
Long-tailed Tit,55.87838,-2.32596,7.5,Autumn,0.1431,105,17
Long-tailed Tit,55.87838,-2.08112,7.5,Autumn,0.1284,169,14
Long-tailed Tit,56.01351,-6.24337,7.5,Autumn,0.068,25,3
Long-tailed Tit,56.01351,-5.75369,7.5,Autumn,0.0754,10,1
Long-tailed Tit,56.01351,-5.50885,7.5,Autumn,0.1092,48,8
Long-tailed Tit,56.01351,-5.01918,7.5,Autumn,0.2455,72,31
Long-tailed Tit,56.01351,-4.77434,7.5,Autumn,0.2078,77,7
Long-tailed Tit,56.01351,-4.5295,7.5,Autumn,0.3214,132,30
Long-tailed Tit,56.01351,-4.28466,7.5,Autumn,0.3452,26,6
Long-tailed Tit,56.01351,-4.03983,7.5,Autumn,0.3432,27,6
Long-tailed Tit,56.01351,-3.79499,7.5,Autumn,0.342,285,56
Long-tailed Tit,56.01351,-3.55015,7.5,Autumn,0.3414,300,74
Long-tailed Tit,56.01351,-3.30531,7.5,Autumn,0.3402,1675,516
Long-tailed Tit,56.01351,-3.06047,7.5,Autumn,0.3203,1856,367
Long-tailed Tit,56.01351,-2.81564,7.5,Autumn,0.329,652,97
Long-tailed Tit,56.01351,-2.5708,7.5,Autumn,0.1903,447,63
Long-tailed Tit,56.01351,-2.32596,7.5,Autumn,0.1047,379,27
Long-tailed Tit,56.14865,-5.50885,7.5,Autumn,0.1076,29,4
Long-tailed Tit,56.14865,-5.01918,7.5,Autumn,0.2449,7,2
Long-tailed Tit,56.14865,-4.77434,7.5,Autumn,0.2139,53,7
Long-tailed Tit,56.14865,-4.5295,7.5,Autumn,0.326,103,10
Long-tailed Tit,56.14865,-4.28466,7.5,Autumn,0.3494,31,6
Long-tailed Tit,56.14865,-4.03983,7.5,Autumn,0.3473,176,52
Long-tailed Tit,56.14865,-3.79499,7.5,Autumn,0.346,274,70
Long-tailed Tit,56.14865,-3.55015,7.5,Autumn,0.3455,52,9
Long-tailed Tit,56.14865,-3.30531,7.5,Autumn,0.3441,374,84
Long-tailed Tit,56.14865,-3.06047,7.5,Autumn,0.3225,103,9
Long-tailed Tit,56.14865,-2.81564,7.5,Autumn,0.3272,81,5
Long-tailed Tit,56.14865,-2.5708,7.5,Autumn,0.0993,22,2
Long-tailed Tit,56.28378,-6.24337,7.5,Autumn,0.0628,22,2
Long-tailed Tit,56.28378,-5.26402,7.5,Autumn,0.1841,2,1
Long-tailed Tit,56.28378,-5.01918,7.5,Autumn,0.2431,23,7
Long-tailed Tit,56.28378,-4.77434,7.5,Autumn,0.2194,22,5
Long-tailed Tit,56.28378,-4.5295,7.5,Autumn,0.317,7,3
Long-tailed Tit,56.28378,-4.28466,7.5,Autumn,0.341,38,7
Long-tailed Tit,56.28378,-3.79499,7.5,Autumn,0.3382,75,11
Long-tailed Tit,56.28378,-3.55015,7.5,Autumn,0.3375,13,1
Long-tailed Tit,56.28378,-3.30531,7.5,Autumn,0.3375,77,18
Long-tailed Tit,56.28378,-3.06047,7.5,Autumn,0.3237,309,72
Long-tailed Tit,56.28378,-2.81564,7.5,Autumn,0.3312,885,131
Long-tailed Tit,56.28378,-2.5708,7.5,Autumn,0.0989,604,43
Long-tailed Tit,56.41892,-5.99853,7.5,Autumn,0.0677,72,1
Long-tailed Tit,56.41892,-5.75369,7.5,Autumn,0.0806,123,6
Long-tailed Tit,56.41892,-5.50885,7.5,Autumn,0.0949,147,5
Long-tailed Tit,56.41892,-5.26402,7.5,Autumn,0.1703,5,1
Long-tailed Tit,56.41892,-5.01918,7.5,Autumn,0.2287,16,5
Long-tailed Tit,56.41892,-4.77434,7.5,Autumn,0.2119,25,1
Long-tailed Tit,56.41892,-4.5295,7.5,Autumn,0.2933,10,1
Long-tailed Tit,56.41892,-4.28466,7.5,Autumn,0.3152,69,30
Long-tailed Tit,56.41892,-4.03983,7.5,Autumn,0.313,23,5
Long-tailed Tit,56.41892,-3.79499,7.5,Autumn,0.3133,24,6
Long-tailed Tit,56.41892,-3.55015,7.5,Autumn,0.3137,96,15
Long-tailed Tit,56.41892,-3.30531,7.5,Autumn,0.3157,131,44
Long-tailed Tit,56.41892,-3.06047,7.5,Autumn,0.2975,363,44
Long-tailed Tit,56.41892,-2.81564,7.5,Autumn,0.2567,548,56
Long-tailed Tit,56.55405,-6.24337,7.5,Autumn,0.0679,64,7
Long-tailed Tit,56.55405,-5.99853,7.5,Autumn,0.0951,81,9
Long-tailed Tit,56.55405,-5.75369,7.5,Autumn,0.1063,70,4
Long-tailed Tit,56.55405,-5.50885,7.5,Autumn,0.1229,22,5
Long-tailed Tit,56.55405,-5.26402,7.5,Autumn,0.1864,16,2
Long-tailed Tit,56.55405,-4.77434,7.5,Autumn,0.2158,28,5
Long-tailed Tit,56.55405,-4.28466,7.5,Autumn,0.2899,12,1
Long-tailed Tit,56.55405,-4.03983,7.5,Autumn,0.2842,32,8
Long-tailed Tit,56.55405,-3.79499,7.5,Autumn,0.2848,16,4
Long-tailed Tit,56.55405,-3.55015,7.5,Autumn,0.2838,128,25
Long-tailed Tit,56.55405,-3.30531,7.5,Autumn,0.2869,23,2
Long-tailed Tit,56.55405,-3.06047,7.5,Autumn,0.2726,12,1
Long-tailed Tit,56.55405,-2.81564,7.5,Autumn,0.2415,26,4
Long-tailed Tit,56.55405,-2.5708,7.5,Autumn,0.14,60,2
Long-tailed Tit,56.68919,-6.24337,7.5,Autumn,0.0693,44,8
Long-tailed Tit,56.68919,-5.99853,7.5,Autumn,0.0978,45,3
Long-tailed Tit,56.68919,-5.75369,7.5,Autumn,0.1075,30,4
Long-tailed Tit,56.68919,-5.50885,7.5,Autumn,0.1246,20,5
Long-tailed Tit,56.68919,-5.26402,7.5,Autumn,0.1865,49,3
Long-tailed Tit,56.68919,-5.01918,7.5,Autumn,0.2375,142,20
Long-tailed Tit,56.68919,-4.28466,7.5,Autumn,0.2688,10,4
Long-tailed Tit,56.68919,-4.03983,7.5,Autumn,0.2599,22,2
Long-tailed Tit,56.68919,-3.79499,7.5,Autumn,0.2632,146,36
Long-tailed Tit,56.68919,-3.30531,7.5,Autumn,0.2655,28,5
Long-tailed Tit,56.68919,-3.06047,7.5,Autumn,0.2547,95,32
Long-tailed Tit,56.68919,-2.81564,7.5,Autumn,0.2277,37,5
Long-tailed Tit,56.68919,-2.5708,7.5,Autumn,0.1666,265,29
Long-tailed Tit,56.68919,-2.32596,7.5,Autumn,0.1587,26,2
Long-tailed Tit,56.82432,-5.75369,7.5,Autumn,0.0958,36,8
Long-tailed Tit,56.82432,-5.50885,7.5,Autumn,0.113,63,8
Long-tailed Tit,56.82432,-5.26402,7.5,Autumn,0.1647,9,1
Long-tailed Tit,56.82432,-5.01918,7.5,Autumn,0.2156,127,14
Long-tailed Tit,56.82432,-4.5295,7.5,Autumn,0.2323,1,1
Long-tailed Tit,56.82432,-4.03983,7.5,Autumn,0.2218,8,1
Long-tailed Tit,56.82432,-3.79499,7.5,Autumn,0.2251,22,5
Long-tailed Tit,56.82432,-3.30531,7.5,Autumn,0.2372,52,3
Long-tailed Tit,56.82432,-2.81564,7.5,Autumn,0.2145,7,1
Long-tailed Tit,56.82432,-2.5708,7.5,Autumn,0.1801,79,9
Long-tailed Tit,56.82432,-2.32596,7.5,Autumn,0.1715,51,4
Long-tailed Tit,56.95946,-6.24337,7.5,Autumn,0.0657,68,5
Long-tailed Tit,56.95946,-5.75369,7.5,Autumn,0.0884,105,6
Long-tailed Tit,56.95946,-5.50885,7.5,Autumn,0.1055,2,1
Long-tailed Tit,56.95946,-5.01918,7.5,Autumn,0.2084,16,2
Long-tailed Tit,56.95946,-4.77434,7.5,Autumn,0.201,9,1
Long-tailed Tit,56.95946,-4.5295,7.5,Autumn,0.2315,23,9
Long-tailed Tit,56.95946,-4.28466,7.5,Autumn,0.2316,18,2
Long-tailed Tit,56.95946,-3.55015,7.5,Autumn,0.2211,22,6
Long-tailed Tit,56.95946,-3.30531,7.5,Autumn,0.23,46,8
Long-tailed Tit,56.95946,-2.5708,7.5,Autumn,0.1722,12,3
Long-tailed Tit,56.95946,-2.32596,7.5,Autumn,0.166,29,2
Long-tailed Tit,56.95946,-2.08112,7.5,Autumn,0.1514,92,5
Long-tailed Tit,57.09459,-5.99853,7.5,Autumn,0.0854,37,6
Long-tailed Tit,57.09459,-5.75369,7.5,Autumn,0.0916,33,2
Long-tailed Tit,57.09459,-4.77434,7.5,Autumn,0.2039,37,2
Long-tailed Tit,57.09459,-4.03983,7.5,Autumn,0.2228,242,48
Long-tailed Tit,57.09459,-3.79499,7.5,Autumn,0.2259,105,20
Long-tailed Tit,57.09459,-3.06047,7.5,Autumn,0.2338,41,5
Long-tailed Tit,57.09459,-2.81564,7.5,Autumn,0.2161,64,18
Long-tailed Tit,57.09459,-2.5708,7.5,Autumn,0.1908,23,1
Long-tailed Tit,57.09459,-2.32596,7.5,Autumn,0.1877,56,14
Long-tailed Tit,57.09459,-2.08112,7.5,Autumn,0.1803,1071,107
Long-tailed Tit,57.22973,-7.22272,7.5,Autumn,0.0167,11,1
Long-tailed Tit,57.22973,-5.99853,7.5,Autumn,0.0799,170,7
Long-tailed Tit,57.22973,-5.75369,7.5,Autumn,0.0843,61,8
Long-tailed Tit,57.22973,-5.50885,7.5,Autumn,0.1065,94,5
Long-tailed Tit,57.22973,-5.01918,7.5,Autumn,0.1986,6,1
Long-tailed Tit,57.22973,-4.77434,7.5,Autumn,0.1905,8,4
Long-tailed Tit,57.22973,-4.5295,7.5,Autumn,0.2048,23,5
Long-tailed Tit,57.22973,-4.03983,7.5,Autumn,0.19,90,11
Long-tailed Tit,57.22973,-3.79499,7.5,Autumn,0.1965,655,97
Long-tailed Tit,57.22973,-3.55015,7.5,Autumn,0.2003,169,33
Long-tailed Tit,57.22973,-3.30531,7.5,Autumn,0.2121,35,2
Long-tailed Tit,57.22973,-3.06047,7.5,Autumn,0.2065,4,1
Long-tailed Tit,57.22973,-2.81564,7.5,Autumn,0.1923,21,4
Long-tailed Tit,57.22973,-2.5708,7.5,Autumn,0.1736,12,3
Long-tailed Tit,57.22973,-2.32596,7.5,Autumn,0.1671,8,2
Long-tailed Tit,57.22973,-2.08112,7.5,Autumn,0.1455,282,31
Long-tailed Tit,57.36486,-6.73304,7.5,Autumn,0.0355,40,1
Long-tailed Tit,57.36486,-6.24337,7.5,Autumn,0.0639,155,9
Long-tailed Tit,57.36486,-5.75369,7.5,Autumn,0.0614,43,1
Long-tailed Tit,57.36486,-5.50885,7.5,Autumn,0.0736,30,3
Long-tailed Tit,57.36486,-4.77434,7.5,Autumn,0.1471,26,4
Long-tailed Tit,57.36486,-4.5295,7.5,Autumn,0.1955,158,25
Long-tailed Tit,57.36486,-4.28466,7.5,Autumn,0.1932,108,24
Long-tailed Tit,57.36486,-3.79499,7.5,Autumn,0.1732,98,4
Long-tailed Tit,57.36486,-3.55015,7.5,Autumn,0.1771,167,30
Long-tailed Tit,57.36486,-3.06047,7.5,Autumn,0.1905,5,1
Long-tailed Tit,57.36486,-2.5708,7.5,Autumn,0.1539,46,7
Long-tailed Tit,57.36486,-2.32596,7.5,Autumn,0.1479,10,1
Long-tailed Tit,57.36486,-2.08112,7.5,Autumn,0.1266,200,7
Long-tailed Tit,57.36486,-1.83628,7.5,Autumn,0.0129,66,1
Long-tailed Tit,57.5,-6.73304,7.5,Autumn,0.0225,244,18
Long-tailed Tit,57.5,-6.48821,7.5,Autumn,0.0335,64,5
Long-tailed Tit,57.5,-6.24337,7.5,Autumn,0.0344,77,5
Long-tailed Tit,57.5,-4.5295,7.5,Autumn,0.1814,80,18
Long-tailed Tit,57.5,-4.28466,7.5,Autumn,0.1764,562,97
Long-tailed Tit,57.5,-4.03983,7.5,Autumn,0.1456,423,24
Long-tailed Tit,57.5,-3.79499,7.5,Autumn,0.1568,17,2
Long-tailed Tit,57.5,-3.30531,7.5,Autumn,0.1794,33,4
Long-tailed Tit,57.5,-3.06047,7.5,Autumn,0.1733,14,1
Long-tailed Tit,57.5,-2.08112,7.5,Autumn,0.1089,32,8
Long-tailed Tit,57.63514,-6.48821,7.5,Autumn,0.0196,42,1
Long-tailed Tit,57.63514,-6.24337,7.5,Autumn,0.02,184,4
Long-tailed Tit,57.63514,-5.50885,7.5,Autumn,0.0408,11,1
Long-tailed Tit,57.63514,-5.26402,7.5,Autumn,0.0824,23,3
Long-tailed Tit,57.63514,-5.01918,7.5,Autumn,0.1278,9,1
Long-tailed Tit,57.63514,-4.77434,7.5,Autumn,0.123,9,3
Long-tailed Tit,57.63514,-4.5295,7.5,Autumn,0.1742,83,19
Long-tailed Tit,57.63514,-4.28466,7.5,Autumn,0.169,93,11
Long-tailed Tit,57.63514,-4.03983,7.5,Autumn,0.1504,581,21
Long-tailed Tit,57.63514,-3.79499,7.5,Autumn,0.1633,202,34
Long-tailed Tit,57.63514,-3.55015,7.5,Autumn,0.168,283,41
Long-tailed Tit,57.63514,-3.30531,7.5,Autumn,0.1865,151,35
Long-tailed Tit,57.63514,-3.06047,7.5,Autumn,0.1725,109,11
Long-tailed Tit,57.63514,-2.81564,7.5,Autumn,0.1602,40,1
Long-tailed Tit,57.63514,-2.5708,7.5,Autumn,0.1194,29,2
Long-tailed Tit,57.63514,-2.32596,7.5,Autumn,0.1117,32,1
Long-tailed Tit,57.63514,-1.83628,7.5,Autumn,0.0135,165,17
Long-tailed Tit,57.77027,-5.50885,7.5,Autumn,0.0392,25,1
Long-tailed Tit,57.77027,-5.01918,7.5,Autumn,0.1176,22,5
Long-tailed Tit,57.77027,-4.03983,7.5,Autumn,0.0775,104,14
Long-tailed Tit,57.77027,-3.79499,7.5,Autumn,0.0383,172,5
Long-tailed Tit,57.77027,-3.30531,7.5,Autumn,0.0343,202,8
Long-tailed Tit,57.90541,-5.50885,7.5,Autumn,0.0203,58,2
Long-tailed Tit,57.90541,-5.26402,7.5,Autumn,0.0309,101,5
Long-tailed Tit,57.90541,-5.01918,7.5,Autumn,0.0575,5,4
Long-tailed Tit,57.90541,-4.5295,7.5,Autumn,0.0442,32,2
Long-tailed Tit,57.90541,-4.28466,7.5,Autumn,0.0316,86,11
Long-tailed Tit,57.90541,-4.03983,7.5,Autumn,0.018,167,5
Long-tailed Tit,57.90541,-3.79499,7.5,Autumn,0.0182,76,5
Long-tailed Tit,58.04054,-4.03983,7.5,Autumn,0.016,14,1
Long-tailed Tit,58.17568,-6.48821,7.5,Autumn,0.0119,64,5
Long-tailed Tit,58.17568,-3.55015,7.5,Autumn,0.0107,13,1
Long-tailed Tit,58.44595,-4.5295,7.5,Autumn,0.0214,8,1
Long-tailed Tit,58.58108,-4.77434,7.5,Autumn,0.0221,66,6
Long-tailed Tit,58.98649,-3.06047,7.5,Autumn,0.0053,134,1
Long-tailed Tit,59.12162,-3.30531,7.5,Autumn,0.0057,100,1
Long-tailed Tit,60.2027,-1.34661,7.5,Autumn,0.0051,500,3
Long-tailed Tit,60.47297,-1.10177,7.5,Autumn,0.0048,149,1
Long-tailed Tit,60.74324,-0.85693,7.5,Autumn,0.0048,798,1
Long-tailed Tit,54.66216,-4.77434,7.5,Spring,0.0243,75,1
Long-tailed Tit,54.7973,-5.01918,7.5,Spring,0.0184,84,1
Long-tailed Tit,54.7973,-4.5295,7.5,Spring,0.0875,51,2
Long-tailed Tit,54.7973,-4.28466,7.5,Spring,0.0983,23,1
Long-tailed Tit,54.7973,-4.03983,7.5,Spring,0.1031,114,3
Long-tailed Tit,54.7973,-3.79499,7.5,Spring,0.1136,19,2
Long-tailed Tit,54.93243,-5.01918,7.5,Spring,0.0183,134,1
Long-tailed Tit,54.93243,-4.77434,7.5,Spring,0.0268,32,1
Long-tailed Tit,54.93243,-4.5295,7.5,Spring,0.1847,64,6
Long-tailed Tit,54.93243,-4.28466,7.5,Spring,0.2079,37,4
Long-tailed Tit,54.93243,-4.03983,7.5,Spring,0.2193,118,15
Long-tailed Tit,54.93243,-3.79499,7.5,Spring,0.2183,108,7
Long-tailed Tit,54.93243,-3.55015,7.5,Spring,0.2242,256,32
Long-tailed Tit,54.93243,-3.06047,7.5,Spring,0.2227,53,1
Long-tailed Tit,55.06757,-4.5295,7.5,Spring,0.2165,70,15
Long-tailed Tit,55.06757,-4.28466,7.5,Spring,0.2383,28,2
Long-tailed Tit,55.06757,-4.03983,7.5,Spring,0.2477,73,17
Long-tailed Tit,55.06757,-3.55015,7.5,Spring,0.2586,243,35
Long-tailed Tit,55.06757,-3.30531,7.5,Spring,0.2612,79,21
Long-tailed Tit,55.06757,-3.06047,7.5,Spring,0.2683,32,2
Long-tailed Tit,55.06757,-2.81564,7.5,Spring,0.2808,8,5
Long-tailed Tit,55.2027,-4.77434,7.5,Spring,0.0279,32,2
Long-tailed Tit,55.2027,-4.03983,7.5,Spring,0.2398,25,1
Long-tailed Tit,55.2027,-3.79499,7.5,Spring,0.238,36,3
Long-tailed Tit,55.2027,-3.55015,7.5,Spring,0.2484,7,1
Long-tailed Tit,55.2027,-3.30531,7.5,Spring,0.2516,75,4
Long-tailed Tit,55.2027,-3.06047,7.5,Spring,0.2643,49,8
Long-tailed Tit,55.2027,-2.81564,7.5,Spring,0.2754,29,10
Long-tailed Tit,55.33784,-4.77434,7.5,Spring,0.0359,92,6
Long-tailed Tit,55.33784,-4.5295,7.5,Spring,0.2171,62,3
Long-tailed Tit,55.33784,-4.28466,7.5,Spring,0.2303,147,17
Long-tailed Tit,55.33784,-3.79499,7.5,Spring,0.2353,69,2
Long-tailed Tit,55.33784,-3.55015,7.5,Spring,0.2453,100,2
Long-tailed Tit,55.33784,-3.30531,7.5,Spring,0.2486,18,5
Long-tailed Tit,55.33784,-2.81564,7.5,Spring,0.2719,9,1
Long-tailed Tit,55.47297,-5.26402,7.5,Spring,0.056,53,5
Long-tailed Tit,55.47297,-5.01918,7.5,Spring,0.0506,71,8
Long-tailed Tit,55.47297,-4.77434,7.5,Spring,0.0448,561,2
Long-tailed Tit,55.47297,-4.5295,7.5,Spring,0.2152,1120,67
Long-tailed Tit,55.47297,-4.28466,7.5,Spring,0.2231,36,5
Long-tailed Tit,55.47297,-3.30531,7.5,Spring,0.2384,66,5
Long-tailed Tit,55.47297,-2.81564,7.5,Spring,0.2643,51,1
Long-tailed Tit,55.47297,-2.5708,7.5,Spring,0.1752,52,13
Long-tailed Tit,55.47297,-2.32596,7.5,Spring,0.1652,5,2
Long-tailed Tit,55.60811,-6.24337,7.5,Spring,0.0188,237,1
Long-tailed Tit,55.60811,-5.99853,7.5,Spring,0.0267,16,1
Long-tailed Tit,55.60811,-5.50885,7.5,Spring,0.0689,16,2
Long-tailed Tit,55.60811,-5.26402,7.5,Spring,0.1451,166,9
Long-tailed Tit,55.60811,-4.77434,7.5,Spring,0.1207,3607,70
Long-tailed Tit,55.60811,-4.5295,7.5,Spring,0.271,21683,109
Long-tailed Tit,55.60811,-4.28466,7.5,Spring,0.2865,65,4
Long-tailed Tit,55.60811,-4.03983,7.5,Spring,0.2942,18,1
Long-tailed Tit,55.60811,-3.79499,7.5,Spring,0.2935,38,4
Long-tailed Tit,55.60811,-3.55015,7.5,Spring,0.2948,77,1
Long-tailed Tit,55.60811,-3.30531,7.5,Spring,0.2998,97,12
Long-tailed Tit,55.60811,-3.06047,7.5,Spring,0.3146,58,12
Long-tailed Tit,55.60811,-2.81564,7.5,Spring,0.3247,127,36
Long-tailed Tit,55.60811,-2.5708,7.5,Spring,0.1867,64,10
Long-tailed Tit,55.60811,-2.32596,7.5,Spring,0.1824,44,3
Long-tailed Tit,55.74324,-6.24337,7.5,Spring,0.0179,131,4
Long-tailed Tit,55.74324,-5.75369,7.5,Spring,0.0324,3418,3
Long-tailed Tit,55.74324,-5.50885,7.5,Spring,0.0632,40,1
Long-tailed Tit,55.74324,-5.26402,7.5,Spring,0.1484,38,2
Long-tailed Tit,55.74324,-5.01918,7.5,Spring,0.1524,108,4
Long-tailed Tit,55.74324,-4.77434,7.5,Spring,0.1343,124,11
Long-tailed Tit,55.74324,-4.5295,7.5,Spring,0.2521,468,88
Long-tailed Tit,55.74324,-4.28466,7.5,Spring,0.2685,998,38
Long-tailed Tit,55.74324,-4.03983,7.5,Spring,0.2886,315,111
Long-tailed Tit,55.74324,-3.79499,7.5,Spring,0.2892,52,14
Long-tailed Tit,55.74324,-3.55015,7.5,Spring,0.2886,38,1
Long-tailed Tit,55.74324,-3.30531,7.5,Spring,0.2925,64,4
Long-tailed Tit,55.74324,-3.06047,7.5,Spring,0.3055,398,41
Long-tailed Tit,55.74324,-2.81564,7.5,Spring,0.3102,30,1
Long-tailed Tit,55.74324,-2.5708,7.5,Spring,0.1822,11,1
Long-tailed Tit,55.74324,-2.32596,7.5,Spring,0.1835,14,4
Long-tailed Tit,55.74324,-2.08112,7.5,Spring,0.1688,42,8
Long-tailed Tit,55.87838,-5.99853,7.5,Spring,0.0274,48,3
Long-tailed Tit,55.87838,-5.50885,7.5,Spring,0.0669,30,1
Long-tailed Tit,55.87838,-5.26402,7.5,Spring,0.1601,41,10
Long-tailed Tit,55.87838,-5.01918,7.5,Spring,0.1691,56,4
Long-tailed Tit,55.87838,-4.77434,7.5,Spring,0.1447,59,3
Long-tailed Tit,55.87838,-4.5295,7.5,Spring,0.3048,458,80
Long-tailed Tit,55.87838,-4.28466,7.5,Spring,0.3541,2168,472
Long-tailed Tit,55.87838,-4.03983,7.5,Spring,0.3522,258,52
Long-tailed Tit,55.87838,-3.79499,7.5,Spring,0.351,47,2
Long-tailed Tit,55.87838,-3.55015,7.5,Spring,0.3512,219,42
Long-tailed Tit,55.87838,-3.30531,7.5,Spring,0.3553,2071,511
Long-tailed Tit,55.87838,-3.06047,7.5,Spring,0.3643,2165,742
Long-tailed Tit,55.87838,-2.81564,7.5,Spring,0.3644,239,63
Long-tailed Tit,55.87838,-2.5708,7.5,Spring,0.1583,232,4
Long-tailed Tit,55.87838,-2.32596,7.5,Spring,0.1315,169,27
Long-tailed Tit,55.87838,-2.08112,7.5,Spring,0.1123,288,12
Long-tailed Tit,56.01351,-6.24337,7.5,Spring,0.0207,34,2
Long-tailed Tit,56.01351,-5.50885,7.5,Spring,0.0758,97,5
Long-tailed Tit,56.01351,-5.26402,7.5,Spring,0.1762,45,7
Long-tailed Tit,56.01351,-5.01918,7.5,Spring,0.1978,167,66
Long-tailed Tit,56.01351,-4.77434,7.5,Spring,0.168,189,14
Long-tailed Tit,56.01351,-4.5295,7.5,Spring,0.3014,435,96
Long-tailed Tit,56.01351,-4.28466,7.5,Spring,0.3225,175,34
Long-tailed Tit,56.01351,-4.03983,7.5,Spring,0.3206,39,9
Long-tailed Tit,56.01351,-3.79499,7.5,Spring,0.3189,421,69
Long-tailed Tit,56.01351,-3.55015,7.5,Spring,0.3188,493,113
Long-tailed Tit,56.01351,-3.30531,7.5,Spring,0.3173,2906,631
Long-tailed Tit,56.01351,-3.06047,7.5,Spring,0.3163,2432,515
Long-tailed Tit,56.01351,-2.81564,7.5,Spring,0.3258,928,130
Long-tailed Tit,56.01351,-2.5708,7.5,Spring,0.1585,754,124
Long-tailed Tit,56.01351,-2.32596,7.5,Spring,0.0955,300,12
Long-tailed Tit,56.14865,-5.50885,7.5,Spring,0.0727,78,2
Long-tailed Tit,56.14865,-5.26402,7.5,Spring,0.1705,28,4
Long-tailed Tit,56.14865,-5.01918,7.5,Spring,0.1938,25,3
Long-tailed Tit,56.14865,-4.77434,7.5,Spring,0.1693,77,5
Long-tailed Tit,56.14865,-4.5295,7.5,Spring,0.3034,234,43
Long-tailed Tit,56.14865,-4.28466,7.5,Spring,0.3246,180,17
Long-tailed Tit,56.14865,-4.03983,7.5,Spring,0.3228,535,145
Long-tailed Tit,56.14865,-3.79499,7.5,Spring,0.3211,695,177
Long-tailed Tit,56.14865,-3.55015,7.5,Spring,0.321,219,20
Long-tailed Tit,56.14865,-3.30531,7.5,Spring,0.3194,652,122
Long-tailed Tit,56.14865,-3.06047,7.5,Spring,0.3176,422,36
Long-tailed Tit,56.14865,-2.81564,7.5,Spring,0.3225,399,20
Long-tailed Tit,56.28378,-6.24337,7.5,Spring,0.0186,133,1
Long-tailed Tit,56.28378,-5.99853,7.5,Spring,0.0267,21,1
Long-tailed Tit,56.28378,-5.50885,7.5,Spring,0.063,44,3
Long-tailed Tit,56.28378,-5.26402,7.5,Spring,0.1469,4,2
Long-tailed Tit,56.28378,-5.01918,7.5,Spring,0.166,58,3
Long-tailed Tit,56.28378,-4.77434,7.5,Spring,0.1489,86,16
Long-tailed Tit,56.28378,-4.5295,7.5,Spring,0.2951,56,4
Long-tailed Tit,56.28378,-4.28466,7.5,Spring,0.3203,269,50
Long-tailed Tit,56.28378,-4.03983,7.5,Spring,0.3187,43,5
Long-tailed Tit,56.28378,-3.79499,7.5,Spring,0.3173,106,22
Long-tailed Tit,56.28378,-3.55015,7.5,Spring,0.3174,32,1
Long-tailed Tit,56.28378,-3.30531,7.5,Spring,0.3173,146,23
Long-tailed Tit,56.28378,-3.06047,7.5,Spring,0.3204,546,85
Long-tailed Tit,56.28378,-2.81564,7.5,Spring,0.3293,1514,246
Long-tailed Tit,56.28378,-2.5708,7.5,Spring,0.0486,559,9
Long-tailed Tit,56.41892,-6.24337,7.5,Spring,0.0157,177,4
Long-tailed Tit,56.41892,-5.99853,7.5,Spring,0.0238,401,3
Long-tailed Tit,56.41892,-5.75369,7.5,Spring,0.0394,385,13
Long-tailed Tit,56.41892,-5.50885,7.5,Spring,0.0483,396,9
Long-tailed Tit,56.41892,-5.26402,7.5,Spring,0.1183,39,3
Long-tailed Tit,56.41892,-5.01918,7.5,Spring,0.1274,73,1
Long-tailed Tit,56.41892,-4.77434,7.5,Spring,0.1181,54,7
Long-tailed Tit,56.41892,-4.5295,7.5,Spring,0.2497,40,5
Long-tailed Tit,56.41892,-4.28466,7.5,Spring,0.2691,86,13
Long-tailed Tit,56.41892,-4.03983,7.5,Spring,0.2681,122,12
Long-tailed Tit,56.41892,-3.79499,7.5,Spring,0.2667,80,6
Long-tailed Tit,56.41892,-3.55015,7.5,Spring,0.2729,238,40
Long-tailed Tit,56.41892,-3.30531,7.5,Spring,0.2749,261,74
Long-tailed Tit,56.41892,-3.06047,7.5,Spring,0.2701,540,71
Long-tailed Tit,56.41892,-2.81564,7.5,Spring,0.2375,655,79
Long-tailed Tit,56.55405,-6.24337,7.5,Spring,0.0167,182,4
Long-tailed Tit,56.55405,-5.99853,7.5,Spring,0.0299,283,11
Long-tailed Tit,56.55405,-5.75369,7.5,Spring,0.0527,158,9
Long-tailed Tit,56.55405,-5.50885,7.5,Spring,0.0617,85,8
Long-tailed Tit,56.55405,-5.26402,7.5,Spring,0.128,50,8
Long-tailed Tit,56.55405,-4.5295,7.5,Spring,0.2157,2,1
Long-tailed Tit,56.55405,-4.28466,7.5,Spring,0.2248,17,1
Long-tailed Tit,56.55405,-4.03983,7.5,Spring,0.2246,55,3
Long-tailed Tit,56.55405,-3.79499,7.5,Spring,0.2239,74,5
Long-tailed Tit,56.55405,-3.55015,7.5,Spring,0.2288,294,29
Long-tailed Tit,56.55405,-3.30531,7.5,Spring,0.2344,54,11
Long-tailed Tit,56.55405,-3.06047,7.5,Spring,0.2328,50,9
Long-tailed Tit,56.55405,-2.81564,7.5,Spring,0.213,55,6
Long-tailed Tit,56.55405,-2.5708,7.5,Spring,0.0823,109,3
Long-tailed Tit,56.68919,-6.24337,7.5,Spring,0.018,84,1
Long-tailed Tit,56.68919,-5.99853,7.5,Spring,0.0339,205,7
Long-tailed Tit,56.68919,-5.75369,7.5,Spring,0.0556,96,5
Long-tailed Tit,56.68919,-5.50885,7.5,Spring,0.0632,74,6
Long-tailed Tit,56.68919,-5.26402,7.5,Spring,0.1202,113,8
Long-tailed Tit,56.68919,-5.01918,7.5,Spring,0.1261,215,11
Long-tailed Tit,56.68919,-4.28466,7.5,Spring,0.1696,19,1
Long-tailed Tit,56.68919,-4.03983,7.5,Spring,0.1682,46,1
Long-tailed Tit,56.68919,-3.79499,7.5,Spring,0.1674,290,45
Long-tailed Tit,56.68919,-3.55015,7.5,Spring,0.1697,26,3
Long-tailed Tit,56.68919,-3.30531,7.5,Spring,0.1734,83,15
Long-tailed Tit,56.68919,-3.06047,7.5,Spring,0.1739,181,30
Long-tailed Tit,56.68919,-2.81564,7.5,Spring,0.1593,111,25
Long-tailed Tit,56.68919,-2.5708,7.5,Spring,0.0887,253,11
Long-tailed Tit,56.68919,-2.32596,7.5,Spring,0.0919,22,1
Long-tailed Tit,56.82432,-5.75369,7.5,Spring,0.0536,83,12
Long-tailed Tit,56.82432,-5.50885,7.5,Spring,0.0601,86,4
Long-tailed Tit,56.82432,-5.26402,7.5,Spring,0.1115,28,1
Long-tailed Tit,56.82432,-5.01918,7.5,Spring,0.1191,256,17
Long-tailed Tit,56.82432,-4.03983,7.5,Spring,0.1466,45,3
Long-tailed Tit,56.82432,-3.79499,7.5,Spring,0.1453,59,2
Long-tailed Tit,56.82432,-3.30531,7.5,Spring,0.1599,111,2
Long-tailed Tit,56.82432,-3.06047,7.5,Spring,0.1627,25,1
Long-tailed Tit,56.82432,-2.81564,7.5,Spring,0.1543,10,2
Long-tailed Tit,56.82432,-2.5708,7.5,Spring,0.1023,127,9
Long-tailed Tit,56.82432,-2.32596,7.5,Spring,0.1052,78,1
Long-tailed Tit,56.95946,-6.24337,7.5,Spring,0.0187,108,10
Long-tailed Tit,56.95946,-5.75369,7.5,Spring,0.0527,175,3
Long-tailed Tit,56.95946,-5.01918,7.5,Spring,0.1145,46,3
Long-tailed Tit,56.95946,-4.77434,7.5,Spring,0.1079,11,2
Long-tailed Tit,56.95946,-4.5295,7.5,Spring,0.1538,55,5
Long-tailed Tit,56.95946,-4.28466,7.5,Spring,0.1481,91,4
Long-tailed Tit,56.95946,-3.79499,7.5,Spring,0.1433,7,1
Long-tailed Tit,56.95946,-3.55015,7.5,Spring,0.1433,57,1
Long-tailed Tit,56.95946,-3.30531,7.5,Spring,0.1554,107,3
Long-tailed Tit,56.95946,-2.81564,7.5,Spring,0.1484,10,1
Long-tailed Tit,56.95946,-2.5708,7.5,Spring,0.0997,21,1
Long-tailed Tit,56.95946,-2.32596,7.5,Spring,0.104,74,4
Long-tailed Tit,57.09459,-5.99853,7.5,Spring,0.032,100,4
Long-tailed Tit,57.09459,-4.77434,7.5,Spring,0.1063,114,12
Long-tailed Tit,57.09459,-4.28466,7.5,Spring,0.1604,5,1
Long-tailed Tit,57.09459,-4.03983,7.5,Spring,0.1573,709,94
Long-tailed Tit,57.09459,-3.79499,7.5,Spring,0.1553,375,34
Long-tailed Tit,57.09459,-3.55015,7.5,Spring,0.1566,433,1
Long-tailed Tit,57.09459,-3.30531,7.5,Spring,0.1734,78,14
Long-tailed Tit,57.09459,-3.06047,7.5,Spring,0.1776,69,4
Long-tailed Tit,57.09459,-2.81564,7.5,Spring,0.1708,188,34
Long-tailed Tit,57.09459,-2.5708,7.5,Spring,0.1318,64,5
Long-tailed Tit,57.09459,-2.32596,7.5,Spring,0.1437,89,11
Long-tailed Tit,57.09459,-2.08112,7.5,Spring,0.1405,1560,110
Long-tailed Tit,57.22973,-7.22272,7.5,Spring,0.0075,50,2
Long-tailed Tit,57.22973,-5.99853,7.5,Spring,0.0283,315,3
Long-tailed Tit,57.22973,-5.75369,7.5,Spring,0.0422,159,9
Long-tailed Tit,57.22973,-5.50885,7.5,Spring,0.0521,128,4
Long-tailed Tit,57.22973,-5.01918,7.5,Spring,0.0945,41,10
Long-tailed Tit,57.22973,-4.77434,7.5,Spring,0.0894,34,2
Long-tailed Tit,57.22973,-4.5295,7.5,Spring,0.1335,45,4
Long-tailed Tit,57.22973,-4.03983,7.5,Spring,0.1198,252,7
Long-tailed Tit,57.22973,-3.79499,7.5,Spring,0.1191,2240,185
Long-tailed Tit,57.22973,-3.55015,7.5,Spring,0.1251,560,60
Long-tailed Tit,57.22973,-3.30531,7.5,Spring,0.1384,123,3
Long-tailed Tit,57.22973,-2.81564,7.5,Spring,0.1338,24,2
Long-tailed Tit,57.22973,-2.5708,7.5,Spring,0.102,20,2
Long-tailed Tit,57.22973,-2.32596,7.5,Spring,0.1073,52,6
Long-tailed Tit,57.22973,-2.08112,7.5,Spring,0.0968,488,43
Long-tailed Tit,57.36486,-6.48821,7.5,Spring,0.0092,77,1
Long-tailed Tit,57.36486,-6.24337,7.5,Spring,0.0135,242,4
Long-tailed Tit,57.36486,-5.75369,7.5,Spring,0.0261,69,2
Long-tailed Tit,57.36486,-5.50885,7.5,Spring,0.0353,59,1
Long-tailed Tit,57.36486,-4.77434,7.5,Spring,0.0733,86,15
Long-tailed Tit,57.36486,-4.5295,7.5,Spring,0.1405,272,29
Long-tailed Tit,57.36486,-4.28466,7.5,Spring,0.1332,333,21
Long-tailed Tit,57.36486,-4.03983,7.5,Spring,0.1141,118,7
Long-tailed Tit,57.36486,-3.79499,7.5,Spring,0.1126,407,3
Long-tailed Tit,57.36486,-3.55015,7.5,Spring,0.1237,445,36
Long-tailed Tit,57.36486,-3.30531,7.5,Spring,0.139,43,3
Long-tailed Tit,57.36486,-2.81564,7.5,Spring,0.1357,14,2
Long-tailed Tit,57.36486,-2.08112,7.5,Spring,0.0944,274,1
Long-tailed Tit,57.5,-6.73304,7.5,Spring,0.0067,445,8
Long-tailed Tit,57.5,-6.48821,7.5,Spring,0.0097,129,2
Long-tailed Tit,57.5,-6.24337,7.5,Spring,0.0116,165,5
Long-tailed Tit,57.5,-5.75369,7.5,Spring,0.0204,47,1
Long-tailed Tit,57.5,-5.50885,7.5,Spring,0.0294,38,1
Long-tailed Tit,57.5,-5.26402,7.5,Spring,0.0687,21,1
Long-tailed Tit,57.5,-4.5295,7.5,Spring,0.1428,192,29
Long-tailed Tit,57.5,-4.28466,7.5,Spring,0.1335,915,86
Long-tailed Tit,57.5,-4.03983,7.5,Spring,0.1124,691,29
Long-tailed Tit,57.5,-3.79499,7.5,Spring,0.1137,39,1
Long-tailed Tit,57.5,-3.55015,7.5,Spring,0.1253,26,2
Long-tailed Tit,57.5,-3.30531,7.5,Spring,0.1426,49,5
Long-tailed Tit,57.5,-3.06047,7.5,Spring,0.1407,32,3
Long-tailed Tit,57.5,-2.81564,7.5,Spring,0.1371,26,1
Long-tailed Tit,57.5,-2.32596,7.5,Spring,0.0991,43,6
Long-tailed Tit,57.5,-2.08112,7.5,Spring,0.0913,46,4
Long-tailed Tit,57.63514,-6.48821,7.5,Spring,0.0084,131,1
Long-tailed Tit,57.63514,-6.24337,7.5,Spring,0.0099,360,1
Long-tailed Tit,57.63514,-5.26402,7.5,Spring,0.0659,54,6
Long-tailed Tit,57.63514,-4.77434,7.5,Spring,0.0658,38,3
Long-tailed Tit,57.63514,-4.5295,7.5,Spring,0.1332,168,17
Long-tailed Tit,57.63514,-4.28466,7.5,Spring,0.1243,160,6
Long-tailed Tit,57.63514,-4.03983,7.5,Spring,0.1132,569,25
Long-tailed Tit,57.63514,-3.79499,7.5,Spring,0.114,223,25
Long-tailed Tit,57.63514,-3.55015,7.5,Spring,0.1256,328,41
Long-tailed Tit,57.63514,-3.30531,7.5,Spring,0.1439,232,43
Long-tailed Tit,57.63514,-3.06047,7.5,Spring,0.1318,167,4
Long-tailed Tit,57.63514,-2.81564,7.5,Spring,0.1279,87,3
Long-tailed Tit,57.63514,-1.83628,7.5,Spring,0.0093,232,7
Long-tailed Tit,57.77027,-5.75369,7.5,Spring,0.0115,131,2
Long-tailed Tit,57.77027,-5.01918,7.5,Spring,0.0533,49,1
Long-tailed Tit,57.77027,-4.28466,7.5,Spring,0.0624,40,2
Long-tailed Tit,57.77027,-4.03983,7.5,Spring,0.0504,201,19
Long-tailed Tit,57.77027,-3.30531,7.5,Spring,0.022,165,4
Long-tailed Tit,57.90541,-5.26402,7.5,Spring,0.0316,130,3
Long-tailed Tit,57.90541,-4.28466,7.5,Spring,0.0333,115,8
Long-tailed Tit,57.90541,-4.03983,7.5,Spring,0.0182,326,6
Long-tailed Tit,58.04054,-4.5295,7.5,Spring,0.0468,61,4
Long-tailed Tit,58.04054,-4.03983,7.5,Spring,0.0269,61,8
Long-tailed Tit,58.17568,-6.48821,7.5,Spring,0.0078,169,10
Long-tailed Tit,58.17568,-5.50885,7.5,Spring,0.0156,17,1
Long-tailed Tit,58.17568,-5.26402,7.5,Spring,0.0269,130,13
Long-tailed Tit,58.31081,-4.5295,7.5,Spring,0.0328,14,2
Long-tailed Tit,58.31081,-3.55015,7.5,Spring,0.0078,14,1
Long-tailed Tit,58.31081,-3.30531,7.5,Spring,0.0076,19,1
Long-tailed Tit,58.44595,-4.5295,7.5,Spring,0.035,28,2
Long-tailed Tit,58.44595,-4.28466,7.5,Spring,0.0276,8,1
Long-tailed Tit,58.44595,-4.03983,7.5,Spring,0.0198,1,1
Long-tailed Tit,58.44595,-3.06047,7.5,Spring,0.0077,87,1
Long-tailed Tit,58.58108,-4.03983,7.5,Spring,0.01,19,2
Long-tailed Tit,58.98649,-3.06047,7.5,Spring,0.0052,323,1
Long-tailed Tit,54.7973,-5.01918,7.5,Summer,0.0164,55,1
Long-tailed Tit,54.7973,-4.03983,7.5,Summer,0.0523,46,1
Long-tailed Tit,54.7973,-3.79499,7.5,Summer,0.0509,22,2
Long-tailed Tit,54.93243,-5.01918,7.5,Summer,0.0154,74,1
Long-tailed Tit,54.93243,-4.77434,7.5,Summer,0.0181,13,1
Long-tailed Tit,54.93243,-4.5295,7.5,Summer,0.1163,52,9
Long-tailed Tit,54.93243,-4.28466,7.5,Summer,0.094,35,1
Long-tailed Tit,54.93243,-4.03983,7.5,Summer,0.0946,106,8
Long-tailed Tit,54.93243,-3.79499,7.5,Summer,0.0919,76,3
Long-tailed Tit,54.93243,-3.55015,7.5,Summer,0.0917,171,9
Long-tailed Tit,54.93243,-3.30531,7.5,Summer,0.0922,22,2
Long-tailed Tit,54.93243,-3.06047,7.5,Summer,0.0943,41,1
Long-tailed Tit,55.06757,-5.01918,7.5,Summer,0.0153,12,1
Long-tailed Tit,55.06757,-4.5295,7.5,Summer,0.186,44,13
Long-tailed Tit,55.06757,-4.28466,7.5,Summer,0.1559,16,2
Long-tailed Tit,55.06757,-4.03983,7.5,Summer,0.1516,63,9
Long-tailed Tit,55.06757,-3.79499,7.5,Summer,0.1471,17,1
Long-tailed Tit,55.06757,-3.55015,7.5,Summer,0.1393,192,16
Long-tailed Tit,55.06757,-3.30531,7.5,Summer,0.1364,52,1
Long-tailed Tit,55.06757,-3.06047,7.5,Summer,0.1318,13,1
Long-tailed Tit,55.2027,-4.03983,7.5,Summer,0.1462,23,1
Long-tailed Tit,55.2027,-3.79499,7.5,Summer,0.1425,14,2
Long-tailed Tit,55.2027,-3.55015,7.5,Summer,0.1374,9,1
Long-tailed Tit,55.2027,-3.30531,7.5,Summer,0.1343,58,1
Long-tailed Tit,55.2027,-3.06047,7.5,Summer,0.1291,22,1
Long-tailed Tit,55.2027,-2.81564,7.5,Summer,0.1477,13,1
Long-tailed Tit,55.33784,-4.77434,7.5,Summer,0.0179,137,2
Long-tailed Tit,55.33784,-4.5295,7.5,Summer,0.1798,7,1
Long-tailed Tit,55.33784,-4.28466,7.5,Summer,0.1528,47,4
Long-tailed Tit,55.33784,-3.55015,7.5,Summer,0.1401,45,2
Long-tailed Tit,55.33784,-3.30531,7.5,Summer,0.1373,14,3
Long-tailed Tit,55.33784,-2.5708,7.5,Summer,0.1447,8,1
Long-tailed Tit,55.47297,-5.75369,7.5,Summer,0.0198,39,2
Long-tailed Tit,55.47297,-5.26402,7.5,Summer,0.0286,20,1
Long-tailed Tit,55.47297,-5.01918,7.5,Summer,0.0239,38,2
Long-tailed Tit,55.47297,-4.5295,7.5,Summer,0.1864,794,42
Long-tailed Tit,55.47297,-4.28466,7.5,Summer,0.1566,34,8
Long-tailed Tit,55.47297,-3.79499,7.5,Summer,0.1486,96,1
Long-tailed Tit,55.47297,-3.30531,7.5,Summer,0.1426,63,4
Long-tailed Tit,55.47297,-2.81564,7.5,Summer,0.1555,11,2
Long-tailed Tit,55.47297,-2.5708,7.5,Summer,0.1481,29,3
Long-tailed Tit,55.60811,-6.24337,7.5,Summer,0.0223,83,1
Long-tailed Tit,55.60811,-5.50885,7.5,Summer,0.05,12,1
Long-tailed Tit,55.60811,-5.26402,7.5,Summer,0.0744,104,7
Long-tailed Tit,55.60811,-4.77434,7.5,Summer,0.0637,3125,14
Long-tailed Tit,55.60811,-4.5295,7.5,Summer,0.1995,27860,64
Long-tailed Tit,55.60811,-4.28466,7.5,Summer,0.1916,20,3
Long-tailed Tit,55.60811,-3.79499,7.5,Summer,0.185,38,2
Long-tailed Tit,55.60811,-3.55015,7.5,Summer,0.1799,78,2
Long-tailed Tit,55.60811,-3.30531,7.5,Summer,0.1817,49,1
Long-tailed Tit,55.60811,-3.06047,7.5,Summer,0.188,83,5
Long-tailed Tit,55.60811,-2.81564,7.5,Summer,0.2066,109,15
Long-tailed Tit,55.60811,-2.5708,7.5,Summer,0.189,41,3
Long-tailed Tit,55.60811,-2.32596,7.5,Summer,0.1761,20,5
Long-tailed Tit,55.74324,-6.24337,7.5,Summer,0.0224,63,3
Long-tailed Tit,55.74324,-5.01918,7.5,Summer,0.0871,93,6
Long-tailed Tit,55.74324,-4.77434,7.5,Summer,0.0666,62,1
Long-tailed Tit,55.74324,-4.5295,7.5,Summer,0.1944,277,31
Long-tailed Tit,55.74324,-4.28466,7.5,Summer,0.1876,507,15
Long-tailed Tit,55.74324,-4.03983,7.5,Summer,0.1907,219,49
Long-tailed Tit,55.74324,-3.79499,7.5,Summer,0.1841,20,3
Long-tailed Tit,55.74324,-3.06047,7.5,Summer,0.1918,133,18
Long-tailed Tit,55.74324,-2.81564,7.5,Summer,0.2017,18,1
Long-tailed Tit,55.74324,-2.32596,7.5,Summer,0.1554,10,1
Long-tailed Tit,55.74324,-2.08112,7.5,Summer,0.121,40,2
Long-tailed Tit,55.87838,-5.99853,7.5,Summer,0.0298,21,2
Long-tailed Tit,55.87838,-5.26402,7.5,Summer,0.0854,24,2
Long-tailed Tit,55.87838,-5.01918,7.5,Summer,0.1015,15,1
Long-tailed Tit,55.87838,-4.77434,7.5,Summer,0.0757,45,1
Long-tailed Tit,55.87838,-4.5295,7.5,Summer,0.206,292,26
Long-tailed Tit,55.87838,-4.28466,7.5,Summer,0.2161,1378,140
Long-tailed Tit,55.87838,-4.03983,7.5,Summer,0.213,131,16
Long-tailed Tit,55.87838,-3.79499,7.5,Summer,0.2067,42,2
Long-tailed Tit,55.87838,-3.55015,7.5,Summer,0.2035,134,9
Long-tailed Tit,55.87838,-3.30531,7.5,Summer,0.2082,1184,174
Long-tailed Tit,55.87838,-3.06047,7.5,Summer,0.2368,1626,346
Long-tailed Tit,55.87838,-2.81564,7.5,Summer,0.2392,98,22
Long-tailed Tit,55.87838,-2.5708,7.5,Summer,0.1729,109,1
Long-tailed Tit,55.87838,-2.32596,7.5,Summer,0.1385,75,3
Long-tailed Tit,55.87838,-2.08112,7.5,Summer,0.1069,295,14
Long-tailed Tit,56.01351,-5.75369,7.5,Summer,0.0379,13,1
Long-tailed Tit,56.01351,-5.50885,7.5,Summer,0.0801,37,3
Long-tailed Tit,56.01351,-5.26402,7.5,Summer,0.1187,22,1
Long-tailed Tit,56.01351,-5.01918,7.5,Summer,0.1359,85,16
Long-tailed Tit,56.01351,-4.77434,7.5,Summer,0.0932,128,5
Long-tailed Tit,56.01351,-4.5295,7.5,Summer,0.1428,279,45
Long-tailed Tit,56.01351,-4.28466,7.5,Summer,0.1381,90,10
Long-tailed Tit,56.01351,-4.03983,7.5,Summer,0.134,53,4
Long-tailed Tit,56.01351,-3.79499,7.5,Summer,0.1266,365,33
Long-tailed Tit,56.01351,-3.55015,7.5,Summer,0.1287,266,24
Long-tailed Tit,56.01351,-3.30531,7.5,Summer,0.1263,2181,274
Long-tailed Tit,56.01351,-3.06047,7.5,Summer,0.1223,2396,231
Long-tailed Tit,56.01351,-2.81564,7.5,Summer,0.1245,786,41
Long-tailed Tit,56.01351,-2.5708,7.5,Summer,0.0966,613,51
Long-tailed Tit,56.14865,-6.24337,7.5,Summer,0.0283,6,1
Long-tailed Tit,56.14865,-5.50885,7.5,Summer,0.0811,74,4
Long-tailed Tit,56.14865,-5.26402,7.5,Summer,0.1196,28,2
Long-tailed Tit,56.14865,-5.01918,7.5,Summer,0.1362,10,1
Long-tailed Tit,56.14865,-4.77434,7.5,Summer,0.0952,98,2
Long-tailed Tit,56.14865,-4.5295,7.5,Summer,0.1671,225,17
Long-tailed Tit,56.14865,-4.28466,7.5,Summer,0.1581,111,12
Long-tailed Tit,56.14865,-4.03983,7.5,Summer,0.154,349,26
Long-tailed Tit,56.14865,-3.79499,7.5,Summer,0.1421,328,27
Long-tailed Tit,56.14865,-3.55015,7.5,Summer,0.1432,114,4
Long-tailed Tit,56.14865,-3.30531,7.5,Summer,0.1408,405,39
Long-tailed Tit,56.14865,-3.06047,7.5,Summer,0.1304,158,5
Long-tailed Tit,56.14865,-2.5708,7.5,Summer,0.0305,245,1
Long-tailed Tit,56.28378,-6.48821,7.5,Summer,0.0203,238,1
Long-tailed Tit,56.28378,-6.24337,7.5,Summer,0.0272,89,1
Long-tailed Tit,56.28378,-5.50885,7.5,Summer,0.0808,51,7
Long-tailed Tit,56.28378,-5.26402,7.5,Summer,0.1184,19,1
Long-tailed Tit,56.28378,-5.01918,7.5,Summer,0.1321,74,2
Long-tailed Tit,56.28378,-4.77434,7.5,Summer,0.0957,90,5
Long-tailed Tit,56.28378,-4.5295,7.5,Summer,0.1681,49,2
Long-tailed Tit,56.28378,-4.28466,7.5,Summer,0.1601,205,28
Long-tailed Tit,56.28378,-4.03983,7.5,Summer,0.1562,8,2
Long-tailed Tit,56.28378,-3.79499,7.5,Summer,0.1449,77,2
Long-tailed Tit,56.28378,-3.30531,7.5,Summer,0.1443,90,9
Long-tailed Tit,56.28378,-3.06047,7.5,Summer,0.1427,322,31
Long-tailed Tit,56.28378,-2.81564,7.5,Summer,0.1245,1122,64
Long-tailed Tit,56.28378,-2.5708,7.5,Summer,0.03,524,1
Long-tailed Tit,56.41892,-6.24337,7.5,Summer,0.0177,224,3
Long-tailed Tit,56.41892,-5.99853,7.5,Summer,0.0228,294,2
Long-tailed Tit,56.41892,-5.75369,7.5,Summer,0.0261,361,6
Long-tailed Tit,56.41892,-5.50885,7.5,Summer,0.0475,433,7
Long-tailed Tit,56.41892,-5.26402,7.5,Summer,0.0876,25,1
Long-tailed Tit,56.41892,-5.01918,7.5,Summer,0.103,33,1
Long-tailed Tit,56.41892,-4.77434,7.5,Summer,0.0753,64,2
Long-tailed Tit,56.41892,-4.5295,7.5,Summer,0.1479,45,4
Long-tailed Tit,56.41892,-4.28466,7.5,Summer,0.1403,97,8
Long-tailed Tit,56.41892,-4.03983,7.5,Summer,0.1383,50,1
Long-tailed Tit,56.41892,-3.79499,7.5,Summer,0.1317,78,4
Long-tailed Tit,56.41892,-3.55015,7.5,Summer,0.1357,110,5
Long-tailed Tit,56.41892,-3.30531,7.5,Summer,0.1341,198,16
Long-tailed Tit,56.41892,-3.06047,7.5,Summer,0.1328,357,23
Long-tailed Tit,56.41892,-2.81564,7.5,Summer,0.1076,590,39
Long-tailed Tit,56.55405,-6.24337,7.5,Summer,0.0202,192,6
Long-tailed Tit,56.55405,-5.99853,7.5,Summer,0.0377,274,16
Long-tailed Tit,56.55405,-5.75369,7.5,Summer,0.041,81,3
Long-tailed Tit,56.55405,-5.50885,7.5,Summer,0.0656,37,5
Long-tailed Tit,56.55405,-4.77434,7.5,Summer,0.0829,50,1
Long-tailed Tit,56.55405,-4.28466,7.5,Summer,0.1335,36,2
Long-tailed Tit,56.55405,-4.03983,7.5,Summer,0.1322,49,7
Long-tailed Tit,56.55405,-3.79499,7.5,Summer,0.1278,45,2
Long-tailed Tit,56.55405,-3.55015,7.5,Summer,0.1321,287,28
Long-tailed Tit,56.55405,-3.30531,7.5,Summer,0.1297,47,3
Long-tailed Tit,56.55405,-3.06047,7.5,Summer,0.1273,31,2
Long-tailed Tit,56.55405,-2.81564,7.5,Summer,0.1059,30,2
Long-tailed Tit,56.55405,-2.5708,7.5,Summer,0.0478,98,2
Long-tailed Tit,56.68919,-5.99853,7.5,Summer,0.0373,168,4
Long-tailed Tit,56.68919,-5.75369,7.5,Summer,0.0412,30,1
Long-tailed Tit,56.68919,-5.50885,7.5,Summer,0.0688,44,7
Long-tailed Tit,56.68919,-5.26402,7.5,Summer,0.1005,139,2
Long-tailed Tit,56.68919,-5.01918,7.5,Summer,0.1121,304,22
Long-tailed Tit,56.68919,-4.5295,7.5,Summer,0.1188,12,1
Long-tailed Tit,56.68919,-4.28466,7.5,Summer,0.1102,18,2
Long-tailed Tit,56.68919,-3.79499,7.5,Summer,0.1027,268,23
Long-tailed Tit,56.68919,-3.30531,7.5,Summer,0.1022,40,1
Long-tailed Tit,56.68919,-3.06047,7.5,Summer,0.1052,142,21
Long-tailed Tit,56.68919,-2.81564,7.5,Summer,0.089,56,4
Long-tailed Tit,56.68919,-2.5708,7.5,Summer,0.0538,238,7
Long-tailed Tit,56.68919,-2.32596,7.5,Summer,0.0472,30,1
Long-tailed Tit,56.82432,-5.75369,7.5,Summer,0.039,93,1
Long-tailed Tit,56.82432,-5.50885,7.5,Summer,0.0642,78,12
Long-tailed Tit,56.82432,-5.26402,7.5,Summer,0.0968,33,2
Long-tailed Tit,56.82432,-5.01918,7.5,Summer,0.1079,276,18
Long-tailed Tit,56.82432,-4.03983,7.5,Summer,0.102,25,2
Long-tailed Tit,56.82432,-3.55015,7.5,Summer,0.1022,25,2
Long-tailed Tit,56.82432,-3.30531,7.5,Summer,0.0972,104,3
Long-tailed Tit,56.82432,-2.5708,7.5,Summer,0.0558,78,3
Long-tailed Tit,56.95946,-6.24337,7.5,Summer,0.0187,43,2
Long-tailed Tit,56.95946,-5.75369,7.5,Summer,0.0384,122,2
Long-tailed Tit,56.95946,-5.26402,7.5,Summer,0.0918,6,1
Long-tailed Tit,56.95946,-5.01918,7.5,Summer,0.1025,48,7
Long-tailed Tit,56.95946,-4.77434,7.5,Summer,0.0782,11,1
Long-tailed Tit,56.95946,-4.5295,7.5,Summer,0.119,28,4
Long-tailed Tit,56.95946,-4.28466,7.5,Summer,0.1082,75,3
Long-tailed Tit,56.95946,-3.55015,7.5,Summer,0.1041,70,4
Long-tailed Tit,56.95946,-3.30531,7.5,Summer,0.0982,105,1
Long-tailed Tit,56.95946,-2.81564,7.5,Summer,0.0836,64,1
Long-tailed Tit,56.95946,-2.5708,7.5,Summer,0.0558,21,3
Long-tailed Tit,56.95946,-2.08112,7.5,Summer,0.0461,272,1
Long-tailed Tit,57.09459,-5.99853,7.5,Summer,0.0352,105,5
Long-tailed Tit,57.09459,-5.75369,7.5,Summer,0.0377,94,3
Long-tailed Tit,57.09459,-4.77434,7.5,Summer,0.0763,136,4
Long-tailed Tit,57.09459,-4.03983,7.5,Summer,0.1006,526,47
Long-tailed Tit,57.09459,-3.79499,7.5,Summer,0.0973,311,27
Long-tailed Tit,57.09459,-3.55015,7.5,Summer,0.1038,315,1
Long-tailed Tit,57.09459,-3.30531,7.5,Summer,0.1012,90,6
Long-tailed Tit,57.09459,-3.06047,7.5,Summer,0.1002,80,4
Long-tailed Tit,57.09459,-2.81564,7.5,Summer,0.0904,84,6
Long-tailed Tit,57.09459,-2.32596,7.5,Summer,0.097,68,7
Long-tailed Tit,57.09459,-2.08112,7.5,Summer,0.0898,1194,35
Long-tailed Tit,57.22973,-5.99853,7.5,Summer,0.0323,364,4
Long-tailed Tit,57.22973,-5.75369,7.5,Summer,0.0335,148,8
Long-tailed Tit,57.22973,-5.50885,7.5,Summer,0.0528,171,1
Long-tailed Tit,57.22973,-5.01918,7.5,Summer,0.096,28,2
Long-tailed Tit,57.22973,-4.77434,7.5,Summer,0.0739,35,2
Long-tailed Tit,57.22973,-4.5295,7.5,Summer,0.1123,77,3
Long-tailed Tit,57.22973,-4.03983,7.5,Summer,0.1001,133,3
Long-tailed Tit,57.22973,-3.79499,7.5,Summer,0.1002,1932,128
Long-tailed Tit,57.22973,-3.55015,7.5,Summer,0.111,441,44
Long-tailed Tit,57.22973,-3.30531,7.5,Summer,0.107,128,2
Long-tailed Tit,57.22973,-2.5708,7.5,Summer,0.092,23,5
Long-tailed Tit,57.22973,-2.32596,7.5,Summer,0.103,9,2
Long-tailed Tit,57.22973,-2.08112,7.5,Summer,0.0869,267,10
Long-tailed Tit,57.36486,-6.24337,7.5,Summer,0.0162,292,9
Long-tailed Tit,57.36486,-5.99853,7.5,Summer,0.0258,33,1
Long-tailed Tit,57.36486,-5.75369,7.5,Summer,0.0247,65,4
Long-tailed Tit,57.36486,-4.77434,7.5,Summer,0.0688,58,6
Long-tailed Tit,57.36486,-4.5295,7.5,Summer,0.0883,222,7
Long-tailed Tit,57.36486,-4.28466,7.5,Summer,0.0722,264,23
Long-tailed Tit,57.36486,-4.03983,7.5,Summer,0.0512,86,2
Long-tailed Tit,57.36486,-3.79499,7.5,Summer,0.0512,308,1
Long-tailed Tit,57.36486,-3.55015,7.5,Summer,0.0619,381,35
Long-tailed Tit,57.36486,-3.30531,7.5,Summer,0.0637,71,9
Long-tailed Tit,57.36486,-2.81564,7.5,Summer,0.0515,7,1
Long-tailed Tit,57.36486,-2.5708,7.5,Summer,0.0495,84,7
Long-tailed Tit,57.36486,-2.08112,7.5,Summer,0.0471,330,4
Long-tailed Tit,57.36486,-1.83628,7.5,Summer,0.0077,74,1
Long-tailed Tit,57.5,-6.73304,7.5,Summer,0.0068,402,10
Long-tailed Tit,57.5,-6.48821,7.5,Summer,0.0123,157,3
Long-tailed Tit,57.5,-6.24337,7.5,Summer,0.0147,189,3
Long-tailed Tit,57.5,-5.99853,7.5,Summer,0.0225,4,2
Long-tailed Tit,57.5,-5.75369,7.5,Summer,0.0209,62,1
Long-tailed Tit,57.5,-5.26402,7.5,Summer,0.0776,15,1
Long-tailed Tit,57.5,-4.77434,7.5,Summer,0.0685,6,2
Long-tailed Tit,57.5,-4.5295,7.5,Summer,0.074,186,11
Long-tailed Tit,57.5,-4.28466,7.5,Summer,0.0585,814,52
Long-tailed Tit,57.5,-4.03983,7.5,Summer,0.0361,626,5
Long-tailed Tit,57.5,-3.79499,7.5,Summer,0.0373,60,2
Long-tailed Tit,57.5,-3.55015,7.5,Summer,0.048,9,1
Long-tailed Tit,57.5,-3.30531,7.5,Summer,0.0505,48,3
Long-tailed Tit,57.5,-1.83628,7.5,Summer,0.0075,107,1
Long-tailed Tit,57.63514,-6.24337,7.5,Summer,0.0167,443,4
Long-tailed Tit,57.63514,-5.75369,7.5,Summer,0.0235,46,4
Long-tailed Tit,57.63514,-5.50885,7.5,Summer,0.0397,49,1
Long-tailed Tit,57.63514,-5.26402,7.5,Summer,0.0992,100,14
Long-tailed Tit,57.63514,-5.01918,7.5,Summer,0.1096,27,1
Long-tailed Tit,57.63514,-4.5295,7.5,Summer,0.0737,173,11
Long-tailed Tit,57.63514,-4.28466,7.5,Summer,0.0619,189,4
Long-tailed Tit,57.63514,-4.03983,7.5,Summer,0.0457,742,14
Long-tailed Tit,57.63514,-3.79499,7.5,Summer,0.0466,187,8
Long-tailed Tit,57.63514,-3.55015,7.5,Summer,0.0596,190,13
Long-tailed Tit,57.63514,-3.30531,7.5,Summer,0.0627,127,14
Long-tailed Tit,57.63514,-3.06047,7.5,Summer,0.0445,170,2
Long-tailed Tit,57.63514,-2.81564,7.5,Summer,0.0412,26,1
Long-tailed Tit,57.63514,-1.83628,7.5,Summer,0.0086,145,3
Long-tailed Tit,57.77027,-5.50885,7.5,Summer,0.0409,82,6
Long-tailed Tit,57.77027,-5.01918,7.5,Summer,0.1068,41,8
Long-tailed Tit,57.77027,-4.28466,7.5,Summer,0.0488,33,2
Long-tailed Tit,57.77027,-4.03983,7.5,Summer,0.0188,134,2
Long-tailed Tit,57.77027,-3.30531,7.5,Summer,0.0137,140,1
Long-tailed Tit,57.90541,-5.50885,7.5,Summer,0.0194,122,5
Long-tailed Tit,57.90541,-5.26402,7.5,Summer,0.042,175,4
Long-tailed Tit,57.90541,-5.01918,7.5,Summer,0.0506,18,1
Long-tailed Tit,57.90541,-4.77434,7.5,Summer,0.0396,11,1
Long-tailed Tit,57.90541,-4.5295,7.5,Summer,0.0323,28,4
Long-tailed Tit,57.90541,-4.28466,7.5,Summer,0.029,66,4
Long-tailed Tit,57.90541,-4.03983,7.5,Summer,0.0096,246,2
Long-tailed Tit,58.04054,-4.5295,7.5,Summer,0.0232,45,1
Long-tailed Tit,58.04054,-4.28466,7.5,Summer,0.0223,26,3
Long-tailed Tit,58.04054,-4.03983,7.5,Summer,0.0102,57,1
Long-tailed Tit,58.17568,-6.48821,7.5,Summer,0.0076,142,4
Long-tailed Tit,58.17568,-5.26402,7.5,Summer,0.0347,123,3
Long-tailed Tit,58.17568,-5.01918,7.5,Summer,0.0419,52,2
Long-tailed Tit,58.31081,-3.30531,7.5,Summer,0.0072,52,2
Long-tailed Tit,58.44595,-4.5295,7.5,Summer,0.0144,33,2
Long-tailed Tit,58.44595,-4.28466,7.5,Summer,0.0147,27,4
Long-tailed Tit,54.7973,-4.77434,7.5,Winter,0.0152,8,1
Long-tailed Tit,54.7973,-4.5295,7.5,Winter,0.1023,47,2
Long-tailed Tit,54.7973,-3.79499,7.5,Winter,0.1501,14,6
Long-tailed Tit,54.93243,-5.01918,7.5,Winter,0.0119,90,2
Long-tailed Tit,54.93243,-4.5295,7.5,Winter,0.1706,25,1
Long-tailed Tit,54.93243,-4.28466,7.5,Winter,0.2022,45,3
Long-tailed Tit,54.93243,-4.03983,7.5,Winter,0.2219,59,8
Long-tailed Tit,54.93243,-3.79499,7.5,Winter,0.2251,69,16
Long-tailed Tit,54.93243,-3.55015,7.5,Winter,0.2226,289,30
Long-tailed Tit,54.93243,-3.30531,7.5,Winter,0.2254,29,1
Long-tailed Tit,54.93243,-3.06047,7.5,Winter,0.2223,29,5
Long-tailed Tit,55.06757,-4.5295,7.5,Winter,0.2094,5,1
Long-tailed Tit,55.06757,-4.03983,7.5,Winter,0.2546,37,12
Long-tailed Tit,55.06757,-3.79499,7.5,Winter,0.2565,26,3
Long-tailed Tit,55.06757,-3.55015,7.5,Winter,0.2616,173,28
Long-tailed Tit,55.06757,-3.30531,7.5,Winter,0.2696,37,11
Long-tailed Tit,55.06757,-3.06047,7.5,Winter,0.2641,10,1
Long-tailed Tit,55.2027,-4.28466,7.5,Winter,0.2339,6,1
Long-tailed Tit,55.2027,-4.03983,7.5,Winter,0.2459,7,1
Long-tailed Tit,55.2027,-3.79499,7.5,Winter,0.2472,8,1
Long-tailed Tit,55.2027,-3.06047,7.5,Winter,0.2588,5,1
Long-tailed Tit,55.33784,-5.50885,7.5,Winter,0.0128,3,1
Long-tailed Tit,55.33784,-4.5295,7.5,Winter,0.2131,24,3
Long-tailed Tit,55.33784,-4.28466,7.5,Winter,0.2343,67,6
Long-tailed Tit,55.33784,-3.55015,7.5,Winter,0.2503,23,2
Long-tailed Tit,55.33784,-3.30531,7.5,Winter,0.2586,5,1
Long-tailed Tit,55.47297,-5.26402,7.5,Winter,0.0288,10,1
Long-tailed Tit,55.47297,-5.01918,7.5,Winter,0.0304,8,2
Long-tailed Tit,55.47297,-4.77434,7.5,Winter,0.0244,596,6
Long-tailed Tit,55.47297,-4.5295,7.5,Winter,0.2157,1316,158
Long-tailed Tit,55.47297,-3.55015,7.5,Winter,0.2449,34,1
Long-tailed Tit,55.47297,-3.30531,7.5,Winter,0.2536,14,2
Long-tailed Tit,55.47297,-2.81564,7.5,Winter,0.2803,75,26
Long-tailed Tit,55.47297,-2.5708,7.5,Winter,0.2163,52,10
Long-tailed Tit,55.60811,-5.75369,7.5,Winter,0.0352,25,1
Long-tailed Tit,55.60811,-5.50885,7.5,Winter,0.057,7,2
Long-tailed Tit,55.60811,-5.26402,7.5,Winter,0.11,26,1
Long-tailed Tit,55.60811,-4.77434,7.5,Winter,0.0963,4222,39
Long-tailed Tit,55.60811,-4.5295,7.5,Winter,0.3184,17240,142
Long-tailed Tit,55.60811,-3.79499,7.5,Winter,0.3441,26,3
Long-tailed Tit,55.60811,-3.55015,7.5,Winter,0.3433,36,1
Long-tailed Tit,55.60811,-3.30531,7.5,Winter,0.3505,25,4
Long-tailed Tit,55.60811,-3.06047,7.5,Winter,0.3414,23,5
Long-tailed Tit,55.60811,-2.81564,7.5,Winter,0.3572,95,37
Long-tailed Tit,55.60811,-2.5708,7.5,Winter,0.2428,20,11
Long-tailed Tit,55.60811,-2.32596,7.5,Winter,0.2251,53,22
Long-tailed Tit,55.74324,-6.48821,7.5,Winter,0.0174,93,1
Long-tailed Tit,55.74324,-6.24337,7.5,Winter,0.0299,265,11
Long-tailed Tit,55.74324,-5.75369,7.5,Winter,0.0377,761,8
Long-tailed Tit,55.74324,-5.50885,7.5,Winter,0.061,43,1
Long-tailed Tit,55.74324,-5.26402,7.5,Winter,0.1355,9,2
Long-tailed Tit,55.74324,-5.01918,7.5,Winter,0.1471,103,7
Long-tailed Tit,55.74324,-4.77434,7.5,Winter,0.1345,99,9
Long-tailed Tit,55.74324,-4.5295,7.5,Winter,0.2931,329,76
Long-tailed Tit,55.74324,-4.28466,7.5,Winter,0.3188,631,25
Long-tailed Tit,55.74324,-4.03983,7.5,Winter,0.3349,253,86
Long-tailed Tit,55.74324,-3.79499,7.5,Winter,0.3343,44,19
Long-tailed Tit,55.74324,-3.55015,7.5,Winter,0.3346,34,2
Long-tailed Tit,55.74324,-3.30531,7.5,Winter,0.3411,43,4
Long-tailed Tit,55.74324,-3.06047,7.5,Winter,0.3289,248,15
Long-tailed Tit,55.74324,-2.81564,7.5,Winter,0.3381,26,2
Long-tailed Tit,55.74324,-2.32596,7.5,Winter,0.2103,4,1
Long-tailed Tit,55.74324,-2.08112,7.5,Winter,0.1928,13,3
Long-tailed Tit,55.87838,-6.24337,7.5,Winter,0.0333,204,4
Long-tailed Tit,55.87838,-5.50885,7.5,Winter,0.0602,28,3
Long-tailed Tit,55.87838,-4.77434,7.5,Winter,0.1426,20,1
Long-tailed Tit,55.87838,-4.5295,7.5,Winter,0.3369,384,103
Long-tailed Tit,55.87838,-4.28466,7.5,Winter,0.3991,1701,436
Long-tailed Tit,55.87838,-4.03983,7.5,Winter,0.3972,209,57
Long-tailed Tit,55.87838,-3.79499,7.5,Winter,0.3952,88,4
Long-tailed Tit,55.87838,-3.55015,7.5,Winter,0.3945,227,42
Long-tailed Tit,55.87838,-3.30531,7.5,Winter,0.4035,1796,548
Long-tailed Tit,55.87838,-3.06047,7.5,Winter,0.387,1773,649
Long-tailed Tit,55.87838,-2.81564,7.5,Winter,0.3845,163,58
Long-tailed Tit,55.87838,-2.5708,7.5,Winter,0.2143,32,1
Long-tailed Tit,55.87838,-2.32596,7.5,Winter,0.1429,71,7
Long-tailed Tit,55.87838,-2.08112,7.5,Winter,0.127,65,5
Long-tailed Tit,56.01351,-5.26402,7.5,Winter,0.1564,33,2
Long-tailed Tit,56.01351,-5.01918,7.5,Winter,0.1909,105,31
Long-tailed Tit,56.01351,-4.77434,7.5,Winter,0.1707,80,7
Long-tailed Tit,56.01351,-4.5295,7.5,Winter,0.3227,162,46
Long-tailed Tit,56.01351,-4.28466,7.5,Winter,0.3511,55,6
Long-tailed Tit,56.01351,-4.03983,7.5,Winter,0.3491,24,2
Long-tailed Tit,56.01351,-3.79499,7.5,Winter,0.3464,358,80
Long-tailed Tit,56.01351,-3.55015,7.5,Winter,0.3437,507,105
Long-tailed Tit,56.01351,-3.30531,7.5,Winter,0.3457,2000,653
Long-tailed Tit,56.01351,-3.06047,7.5,Winter,0.3105,1585,308
Long-tailed Tit,56.01351,-2.81564,7.5,Winter,0.3188,874,122
Long-tailed Tit,56.01351,-2.5708,7.5,Winter,0.1885,643,131
Long-tailed Tit,56.01351,-2.32596,7.5,Winter,0.0931,144,1
Long-tailed Tit,56.14865,-4.77434,7.5,Winter,0.164,38,5
Long-tailed Tit,56.14865,-4.5295,7.5,Winter,0.3317,46,10
Long-tailed Tit,56.14865,-4.28466,7.5,Winter,0.3607,34,3
Long-tailed Tit,56.14865,-4.03983,7.5,Winter,0.359,363,128
Long-tailed Tit,56.14865,-3.79499,7.5,Winter,0.3563,490,142
Long-tailed Tit,56.14865,-3.55015,7.5,Winter,0.354,196,23
Long-tailed Tit,56.14865,-3.30531,7.5,Winter,0.3558,535,158
Long-tailed Tit,56.14865,-3.06047,7.5,Winter,0.3191,302,26
Long-tailed Tit,56.14865,-2.81564,7.5,Winter,0.3253,219,13
Long-tailed Tit,56.28378,-5.50885,7.5,Winter,0.0599,14,1
Long-tailed Tit,56.28378,-5.26402,7.5,Winter,0.1405,11,1
Long-tailed Tit,56.28378,-4.77434,7.5,Winter,0.155,19,7
Long-tailed Tit,56.28378,-4.5295,7.5,Winter,0.3216,4,2
Long-tailed Tit,56.28378,-4.28466,7.5,Winter,0.3531,56,13
Long-tailed Tit,56.28378,-3.79499,7.5,Winter,0.3483,54,11
Long-tailed Tit,56.28378,-3.55015,7.5,Winter,0.3481,18,1
Long-tailed Tit,56.28378,-3.30531,7.5,Winter,0.3519,81,13
Long-tailed Tit,56.28378,-3.06047,7.5,Winter,0.3236,327,64
Long-tailed Tit,56.28378,-2.81564,7.5,Winter,0.3329,1177,212
Long-tailed Tit,56.28378,-2.5708,7.5,Winter,0.0839,333,12
Long-tailed Tit,56.41892,-5.75369,7.5,Winter,0.0381,18,1
Long-tailed Tit,56.41892,-5.50885,7.5,Winter,0.0467,66,2
Long-tailed Tit,56.41892,-5.26402,7.5,Winter,0.1153,12,2
Long-tailed Tit,56.41892,-4.28466,7.5,Winter,0.3113,48,13
Long-tailed Tit,56.41892,-4.03983,7.5,Winter,0.308,50,4
Long-tailed Tit,56.41892,-3.79499,7.5,Winter,0.3066,27,1
Long-tailed Tit,56.41892,-3.55015,7.5,Winter,0.3128,90,30
Long-tailed Tit,56.41892,-3.30531,7.5,Winter,0.3172,176,51
Long-tailed Tit,56.41892,-3.06047,7.5,Winter,0.2889,316,58
Long-tailed Tit,56.41892,-2.81564,7.5,Winter,0.2465,524,58
Long-tailed Tit,56.55405,-5.50885,7.5,Winter,0.0631,5,1
Long-tailed Tit,56.55405,-5.26402,7.5,Winter,0.1331,6,1
Long-tailed Tit,56.55405,-4.28466,7.5,Winter,0.2808,36,1
Long-tailed Tit,56.55405,-4.03983,7.5,Winter,0.2761,14,2
Long-tailed Tit,56.55405,-3.79499,7.5,Winter,0.2738,15,5
Long-tailed Tit,56.55405,-3.55015,7.5,Winter,0.279,81,20
Long-tailed Tit,56.55405,-3.30531,7.5,Winter,0.2863,24,3
Long-tailed Tit,56.55405,-3.06047,7.5,Winter,0.2645,29,2
Long-tailed Tit,56.55405,-2.81564,7.5,Winter,0.2376,28,8
Long-tailed Tit,56.55405,-2.5708,7.5,Winter,0.1266,56,2
Long-tailed Tit,56.68919,-6.24337,7.5,Winter,0.0278,13,1
Long-tailed Tit,56.68919,-5.99853,7.5,Winter,0.041,5,1
Long-tailed Tit,56.68919,-5.75369,7.5,Winter,0.0539,16,1
Long-tailed Tit,56.68919,-5.50885,7.5,Winter,0.0629,9,3
Long-tailed Tit,56.68919,-5.01918,7.5,Winter,0.1337,14,1
Long-tailed Tit,56.68919,-4.5295,7.5,Winter,0.2343,12,1
Long-tailed Tit,56.68919,-4.28466,7.5,Winter,0.2422,4,2
Long-tailed Tit,56.68919,-4.03983,7.5,Winter,0.2361,5,1
Long-tailed Tit,56.68919,-3.79499,7.5,Winter,0.2326,70,15
Long-tailed Tit,56.68919,-3.30531,7.5,Winter,0.2432,15,5
Long-tailed Tit,56.68919,-3.06047,7.5,Winter,0.2291,60,19
Long-tailed Tit,56.68919,-2.81564,7.5,Winter,0.2067,35,15
Long-tailed Tit,56.68919,-2.5708,7.5,Winter,0.1378,202,21
Long-tailed Tit,56.68919,-2.32596,7.5,Winter,0.1343,13,2
Long-tailed Tit,56.82432,-5.75369,7.5,Winter,0.053,29,2
Long-tailed Tit,56.82432,-5.26402,7.5,Winter,0.1145,2,2
Long-tailed Tit,56.82432,-5.01918,7.5,Winter,0.1249,42,2
Long-tailed Tit,56.82432,-4.77434,7.5,Winter,0.1183,7,2
Long-tailed Tit,56.82432,-4.03983,7.5,Winter,0.2169,11,3
Long-tailed Tit,56.82432,-2.5708,7.5,Winter,0.1529,130,4
Long-tailed Tit,56.82432,-2.32596,7.5,Winter,0.1512,83,8
Long-tailed Tit,56.95946,-6.24337,7.5,Winter,0.0293,45,11
Long-tailed Tit,56.95946,-5.26402,7.5,Winter,0.1109,1,1
Long-tailed Tit,56.95946,-4.5295,7.5,Winter,0.2234,15,3
Long-tailed Tit,56.95946,-3.79499,7.5,Winter,0.2158,3,1
Long-tailed Tit,56.95946,-3.30531,7.5,Winter,0.2336,33,2
Long-tailed Tit,56.95946,-3.06047,7.5,Winter,0.2205,4,1
Long-tailed Tit,56.95946,-2.81564,7.5,Winter,0.2003,2,1
Long-tailed Tit,56.95946,-2.32596,7.5,Winter,0.1511,21,1
Long-tailed Tit,56.95946,-2.08112,7.5,Winter,0.1467,42,2
Long-tailed Tit,57.09459,-5.99853,7.5,Winter,0.0399,8,2
Long-tailed Tit,57.09459,-4.77434,7.5,Winter,0.1161,13,3
Long-tailed Tit,57.09459,-4.03983,7.5,Winter,0.2211,301,55
Long-tailed Tit,57.09459,-3.79499,7.5,Winter,0.2193,97,9
Long-tailed Tit,57.09459,-3.55015,7.5,Winter,0.2231,126,2
Long-tailed Tit,57.09459,-3.30531,7.5,Winter,0.2371,25,7
Long-tailed Tit,57.09459,-2.81564,7.5,Winter,0.2063,32,9
Long-tailed Tit,57.09459,-2.5708,7.5,Winter,0.1667,33,3
Long-tailed Tit,57.09459,-2.32596,7.5,Winter,0.1662,110,31
Long-tailed Tit,57.09459,-2.08112,7.5,Winter,0.1677,1022,110
Long-tailed Tit,57.22973,-5.99853,7.5,Winter,0.0351,81,2
Long-tailed Tit,57.22973,-5.75369,7.5,Winter,0.0451,16,1
Long-tailed Tit,57.22973,-5.01918,7.5,Winter,0.1108,3,2
Long-tailed Tit,57.22973,-4.77434,7.5,Winter,0.1047,4,3
Long-tailed Tit,57.22973,-4.5295,7.5,Winter,0.1886,11,1
Long-tailed Tit,57.22973,-4.03983,7.5,Winter,0.178,69,2
Long-tailed Tit,57.22973,-3.79499,7.5,Winter,0.1795,583,63
Long-tailed Tit,57.22973,-3.55015,7.5,Winter,0.1857,232,42
Long-tailed Tit,57.22973,-3.30531,7.5,Winter,0.2012,38,1
Long-tailed Tit,57.22973,-2.81564,7.5,Winter,0.1761,9,1
Long-tailed Tit,57.22973,-2.5708,7.5,Winter,0.1446,31,6
Long-tailed Tit,57.22973,-2.32596,7.5,Winter,0.137,26,4
Long-tailed Tit,57.22973,-2.08112,7.5,Winter,0.1343,305,43
Long-tailed Tit,57.36486,-5.75369,7.5,Winter,0.0295,11,1
Long-tailed Tit,57.36486,-4.77434,7.5,Winter,0.0844,10,2
Long-tailed Tit,57.36486,-4.5295,7.5,Winter,0.1884,125,22
Long-tailed Tit,57.36486,-4.28466,7.5,Winter,0.1843,66,12
Long-tailed Tit,57.36486,-4.03983,7.5,Winter,0.1592,35,1
Long-tailed Tit,57.36486,-3.55015,7.5,Winter,0.1695,228,36
Long-tailed Tit,57.36486,-3.30531,7.5,Winter,0.1877,32,1
Long-tailed Tit,57.36486,-2.5708,7.5,Winter,0.1309,67,8
Long-tailed Tit,57.36486,-2.32596,7.5,Winter,0.1234,2,1
Long-tailed Tit,57.36486,-2.08112,7.5,Winter,0.1176,95,1
Long-tailed Tit,57.5,-6.73304,7.5,Winter,0.0105,244,6
Long-tailed Tit,57.5,-4.5295,7.5,Winter,0.1826,25,3
Long-tailed Tit,57.5,-4.28466,7.5,Winter,0.175,622,93
Long-tailed Tit,57.5,-4.03983,7.5,Winter,0.1473,511,37
Long-tailed Tit,57.5,-3.79499,7.5,Winter,0.1518,23,2
Long-tailed Tit,57.5,-3.55015,7.5,Winter,0.1621,4,1
Long-tailed Tit,57.5,-3.30531,7.5,Winter,0.186,6,1
Long-tailed Tit,57.5,-3.06047,7.5,Winter,0.1727,6,2
Long-tailed Tit,57.5,-2.08112,7.5,Winter,0.112,30,5
Long-tailed Tit,57.63514,-6.24337,7.5,Winter,0.0151,95,6
Long-tailed Tit,57.63514,-4.5295,7.5,Winter,0.1708,66,15
Long-tailed Tit,57.63514,-4.28466,7.5,Winter,0.1627,56,5
Long-tailed Tit,57.63514,-4.03983,7.5,Winter,0.1437,354,14
Long-tailed Tit,57.63514,-3.79499,7.5,Winter,0.1502,297,26
Long-tailed Tit,57.63514,-3.55015,7.5,Winter,0.1613,318,88
Long-tailed Tit,57.63514,-3.30531,7.5,Winter,0.1834,341,109
Long-tailed Tit,57.63514,-3.06047,7.5,Winter,0.1635,52,3
Long-tailed Tit,57.63514,-2.5708,7.5,Winter,0.1054,9,1
Long-tailed Tit,57.63514,-2.08112,7.5,Winter,0.0965,57,1
Long-tailed Tit,57.63514,-1.83628,7.5,Winter,0.013,140,11
Long-tailed Tit,57.77027,-5.75369,7.5,Winter,0.0178,31,5
Long-tailed Tit,57.77027,-4.28466,7.5,Winter,0.0868,3,1
Long-tailed Tit,57.77027,-4.03983,7.5,Winter,0.0641,88,8
Long-tailed Tit,57.77027,-3.79499,7.5,Winter,0.0336,153,2
Long-tailed Tit,57.77027,-3.55015,7.5,Winter,0.0255,140,1
Long-tailed Tit,57.77027,-3.30531,7.5,Winter,0.0255,185,6
Long-tailed Tit,57.90541,-5.50885,7.5,Winter,0.0201,41,2
Long-tailed Tit,57.90541,-5.26402,7.5,Winter,0.0317,35,1
Long-tailed Tit,57.90541,-5.01918,7.5,Winter,0.0393,36,5
Long-tailed Tit,57.90541,-4.5295,7.5,Winter,0.0614,10,3
Long-tailed Tit,57.90541,-4.03983,7.5,Winter,0.0177,192,7
Long-tailed Tit,57.90541,-3.79499,7.5,Winter,0.0161,17,1
Long-tailed Tit,58.04054,-3.79499,7.5,Winter,0.0124,38,1
Long-tailed Tit,58.17568,-6.48821,7.5,Winter,0.0112,51,3
Long-tailed Tit,58.85135,-3.06047,7.5,Winter,0.0055,16,1
Long-tailed Tit,60.2027,-1.34661,7.5,Winter,0.0071,47,1
Manx Shearwater,54.66216,-4.77434,7.5,Autumn,0.0123,22,3
Manx Shearwater,54.66216,-4.28466,7.5,Autumn,0.0045,8,1
Manx Shearwater,54.7973,-5.01918,7.5,Autumn,0.012,38,2
Manx Shearwater,55.06757,-5.26402,7.5,Autumn,0.0107,16,5
Manx Shearwater,55.06757,-5.01918,7.5,Autumn,0.0187,27,1
Manx Shearwater,55.33784,-5.50885,7.5,Autumn,0.0097,7,1
Manx Shearwater,55.33784,-4.77434,7.5,Autumn,0.0183,125,2
Manx Shearwater,55.47297,-5.75369,7.5,Autumn,0.0096,16,1
Manx Shearwater,55.47297,-5.01918,7.5,Autumn,0.0239,41,6
Manx Shearwater,55.47297,-4.77434,7.5,Autumn,0.0214,581,9
Manx Shearwater,55.60811,-5.99853,7.5,Autumn,0.0116,6,2
Manx Shearwater,55.60811,-5.26402,7.5,Autumn,0.0132,81,3
Manx Shearwater,55.60811,-5.01918,7.5,Autumn,0.0243,20,3
Manx Shearwater,55.60811,-4.77434,7.5,Autumn,0.0225,3758,101
Manx Shearwater,55.74324,-6.48821,7.5,Autumn,0.0123,54,1
Manx Shearwater,55.74324,-5.01918,7.5,Autumn,0.0089,76,2
Manx Shearwater,55.87838,-6.24337,7.5,Autumn,0.0134,142,2
Manx Shearwater,55.87838,-2.32596,7.5,Autumn,0.0037,105,3
Manx Shearwater,55.87838,-2.08112,7.5,Autumn,0.0068,169,25
Manx Shearwater,56.01351,-5.01918,7.5,Autumn,0.0061,72,1
Manx Shearwater,56.01351,-4.77434,7.5,Autumn,0.0051,77,1
Manx Shearwater,56.01351,-3.55015,7.5,Autumn,0.0017,300,1
Manx Shearwater,56.01351,-3.30531,7.5,Autumn,0.0017,1675,2
Manx Shearwater,56.01351,-3.06047,7.5,Autumn,0.004,1856,19
Manx Shearwater,56.01351,-2.81564,7.5,Autumn,0.0037,652,3
Manx Shearwater,56.01351,-2.5708,7.5,Autumn,0.0057,447,4
Manx Shearwater,56.01351,-2.32596,7.5,Autumn,0.0055,379,16
Manx Shearwater,56.14865,-6.24337,7.5,Autumn,0.0141,9,2
Manx Shearwater,56.14865,-2.5708,7.5,Autumn,0.0076,22,2
Manx Shearwater,56.28378,-6.73304,7.5,Autumn,0.0191,1,1
Manx Shearwater,56.28378,-5.99853,7.5,Autumn,0.017,9,2
Manx Shearwater,56.28378,-2.81564,7.5,Autumn,0.0027,885,3
Manx Shearwater,56.28378,-2.5708,7.5,Autumn,0.0056,604,158
Manx Shearwater,56.41892,-6.97788,7.5,Autumn,0.0244,2,1
Manx Shearwater,56.41892,-5.99853,7.5,Autumn,0.0188,72,1
Manx Shearwater,56.41892,-5.75369,7.5,Autumn,0.0075,123,1
Manx Shearwater,56.41892,-5.50885,7.5,Autumn,0.0052,147,3
Manx Shearwater,56.41892,-2.81564,7.5,Autumn,0.0027,548,1
Manx Shearwater,56.55405,-7.46756,7.5,Autumn,0.0449,1,1
Manx Shearwater,56.55405,-6.97788,7.5,Autumn,0.0452,27,1
Manx Shearwater,56.55405,-6.24337,7.5,Autumn,0.0424,64,1
Manx Shearwater,56.68919,-6.24337,7.5,Autumn,0.0525,44,7
Manx Shearwater,56.68919,-5.99853,7.5,Autumn,0.0466,45,2
Manx Shearwater,56.68919,-2.5708,7.5,Autumn,0.005,265,2
Manx Shearwater,56.68919,-2.32596,7.5,Autumn,0.0054,26,6
Manx Shearwater,56.82432,-7.22272,7.5,Autumn,0.0437,2,2
Manx Shearwater,56.82432,-5.99853,7.5,Autumn,0.0505,2,1
Manx Shearwater,56.95946,-7.46756,7.5,Autumn,0.0416,26,2
Manx Shearwater,56.95946,-5.75369,7.5,Autumn,0.0102,105,5
Manx Shearwater,56.95946,-2.08112,7.5,Autumn,0.005,92,4
Manx Shearwater,57.09459,-7.46756,7.5,Autumn,0.0363,14,1
Manx Shearwater,57.09459,-6.24337,7.5,Autumn,0.0416,5,1
Manx Shearwater,57.09459,-5.99853,7.5,Autumn,0.0414,37,1
Manx Shearwater,57.09459,-5.75369,7.5,Autumn,0.009,33,7
Manx Shearwater,57.09459,-2.08112,7.5,Autumn,0.004,1071,41
Manx Shearwater,57.22973,-7.46756,7.5,Autumn,0.0337,56,6
Manx Shearwater,57.22973,-5.99853,7.5,Autumn,0.0148,170,1
Manx Shearwater,57.22973,-2.08112,7.5,Autumn,0.0026,282,1
Manx Shearwater,57.36486,-6.73304,7.5,Autumn,0.0074,40,2
Manx Shearwater,57.36486,-5.99853,7.5,Autumn,0.0066,26,1
Manx Shearwater,57.36486,-1.83628,7.5,Autumn,0.003,66,2
Manx Shearwater,57.5,-6.73304,7.5,Autumn,0.0074,244,4
Manx Shearwater,57.5,-4.03983,7.5,Autumn,0.0018,423,1
Manx Shearwater,57.63514,-7.46756,7.5,Autumn,0.0107,72,2
Manx Shearwater,57.63514,-4.03983,7.5,Autumn,0.0129,581,9
Manx Shearwater,57.63514,-3.79499,7.5,Autumn,0.0108,202,1
Manx Shearwater,57.63514,-3.55015,7.5,Autumn,0.0096,283,1
Manx Shearwater,57.63514,-2.08112,7.5,Autumn,0.0035,39,1
Manx Shearwater,57.77027,-8.44691,7.5,Autumn,0.0192,1,1
Manx Shearwater,57.77027,-6.97788,7.5,Autumn,0.0083,28,2
Manx Shearwater,57.77027,-6.24337,7.5,Autumn,0.0086,1,1
Manx Shearwater,57.77027,-3.55015,7.5,Autumn,0.0107,162,2
Manx Shearwater,57.90541,-4.03983,7.5,Autumn,0.0094,167,2
Manx Shearwater,57.90541,-3.79499,7.5,Autumn,0.0111,76,6
Manx Shearwater,58.04054,-5.75369,7.5,Autumn,0.0041,3,3
Manx Shearwater,58.04054,-3.79499,7.5,Autumn,0.0111,34,4
Manx Shearwater,58.17568,-6.97788,7.5,Autumn,0.0084,67,5
Manx Shearwater,58.17568,-6.73304,7.5,Autumn,0.0087,14,2
Manx Shearwater,58.17568,-6.24337,7.5,Autumn,0.0107,72,2
Manx Shearwater,58.17568,-5.50885,7.5,Autumn,0.0039,8,1
Manx Shearwater,58.17568,-3.55015,7.5,Autumn,0.0094,13,2
Manx Shearwater,58.17568,-3.30531,7.5,Autumn,0.0052,14,2
Manx Shearwater,58.31081,-6.73304,7.5,Autumn,0.0105,87,6
Manx Shearwater,58.31081,-6.24337,7.5,Autumn,0.0124,117,1
Manx Shearwater,58.31081,-3.30531,7.5,Autumn,0.0051,14,1
Manx Shearwater,58.44595,-3.06047,7.5,Autumn,0.0049,54,4
Manx Shearwater,58.58108,-6.24337,7.5,Autumn,0.0186,58,16
Manx Shearwater,58.58108,-4.77434,7.5,Autumn,0.0057,66,1
Manx Shearwater,58.58108,-4.03983,7.5,Autumn,0.0097,21,7
Manx Shearwater,58.85135,-2.81564,7.5,Autumn,0.0029,100,2
Manx Shearwater,59.12162,-3.30531,7.5,Autumn,0.0029,100,2
Manx Shearwater,59.39189,-2.32596,7.5,Autumn,0.0093,327,26
Manx Shearwater,59.52703,-1.59145,7.5,Autumn,0.0042,323,4
Manx Shearwater,59.7973,-1.34661,7.5,Autumn,0.0047,168,11
Manx Shearwater,60.47297,-1.59145,7.5,Autumn,0.001,176,1
Manx Shearwater,54.66216,-4.77434,7.5,Spring,0.0205,75,2
Manx Shearwater,54.66216,-4.28466,7.5,Spring,0.0042,9,1
Manx Shearwater,54.93243,-5.26402,7.5,Spring,0.0096,4,1
Manx Shearwater,55.06757,-5.26402,7.5,Spring,0.0171,20,6
Manx Shearwater,55.06757,-5.01918,7.5,Spring,0.0304,15,1
Manx Shearwater,55.2027,-5.01918,7.5,Spring,0.0303,21,1
Manx Shearwater,55.33784,-4.77434,7.5,Spring,0.0468,92,8
Manx Shearwater,55.47297,-6.24337,7.5,Spring,0.0192,1,1
Manx Shearwater,55.47297,-5.75369,7.5,Spring,0.0158,50,1
Manx Shearwater,55.47297,-5.01918,7.5,Spring,0.0491,71,7
Manx Shearwater,55.47297,-4.77434,7.5,Spring,0.046,561,14
Manx Shearwater,55.60811,-6.24337,7.5,Spring,0.0144,237,2
Manx Shearwater,55.60811,-5.26402,7.5,Spring,0.0139,166,3
Manx Shearwater,55.60811,-5.01918,7.5,Spring,0.0168,34,4
Manx Shearwater,55.60811,-4.77434,7.5,Spring,0.0162,3607,102
Manx Shearwater,55.74324,-6.48821,7.5,Spring,0.0188,81,5
Manx Shearwater,55.74324,-5.99853,7.5,Spring,0.0086,27,1
Manx Shearwater,55.87838,-3.06047,7.5,Spring,0.002,2165,3
Manx Shearwater,55.87838,-2.32596,7.5,Spring,0.0043,169,1
Manx Shearwater,55.87838,-2.08112,7.5,Spring,0.0112,288,11
Manx Shearwater,56.01351,-5.99853,7.5,Spring,0.0123,11,1
Manx Shearwater,56.01351,-5.26402,7.5,Spring,0.0022,45,1
Manx Shearwater,56.01351,-3.06047,7.5,Spring,0.0026,2432,3
Manx Shearwater,56.01351,-2.5708,7.5,Spring,0.0029,754,1
Manx Shearwater,56.01351,-2.32596,7.5,Spring,0.0059,300,6
Manx Shearwater,56.14865,-6.73304,7.5,Spring,0.0287,1,1
Manx Shearwater,56.14865,-3.06047,7.5,Spring,0.0035,422,4
Manx Shearwater,56.14865,-2.81564,7.5,Spring,0.0023,399,6
Manx Shearwater,56.14865,-2.5708,7.5,Spring,0.0038,243,5
Manx Shearwater,56.28378,-6.48821,7.5,Spring,0.0352,342,5
Manx Shearwater,56.28378,-6.24337,7.5,Spring,0.0249,133,1
Manx Shearwater,56.28378,-2.81564,7.5,Spring,0.0018,1514,2
Manx Shearwater,56.28378,-2.5708,7.5,Spring,0.0035,559,68
Manx Shearwater,56.41892,-7.7124,7.5,Spring,0.0492,1,1
Manx Shearwater,56.41892,-6.97788,7.5,Spring,0.0582,28,1
Manx Shearwater,56.41892,-6.48821,7.5,Spring,0.0881,4,1
Manx Shearwater,56.41892,-6.24337,7.5,Spring,0.0663,177,10
Manx Shearwater,56.41892,-5.99853,7.5,Spring,0.0195,401,1
Manx Shearwater,56.41892,-5.75369,7.5,Spring,0.0034,385,1
Manx Shearwater,56.41892,-5.50885,7.5,Spring,0.0021,396,12
Manx Shearwater,56.41892,-2.81564,7.5,Spring,0.0019,655,2
Manx Shearwater,56.55405,-6.97788,7.5,Spring,0.117,33,6
Manx Shearwater,56.55405,-6.73304,7.5,Spring,0.1455,34,4
Manx Shearwater,56.55405,-6.48821,7.5,Spring,0.1727,149,14
Manx Shearwater,56.55405,-6.24337,7.5,Spring,0.1294,182,4
Manx Shearwater,56.55405,-5.99853,7.5,Spring,0.0474,283,3
Manx Shearwater,56.68919,-6.73304,7.5,Spring,0.1509,4,1
Manx Shearwater,56.68919,-6.48821,7.5,Spring,0.1803,42,11
Manx Shearwater,56.68919,-6.24337,7.5,Spring,0.1762,84,31
Manx Shearwater,56.68919,-5.99853,7.5,Spring,0.08,205,6
Manx Shearwater,56.82432,-6.48821,7.5,Spring,0.1715,1,1
Manx Shearwater,56.82432,-6.24337,7.5,Spring,0.1721,25,6
Manx Shearwater,56.82432,-5.99853,7.5,Spring,0.0993,17,7
Manx Shearwater,56.82432,-5.75369,7.5,Spring,0.0062,83,2
Manx Shearwater,56.82432,-2.5708,7.5,Spring,0.0029,127,1
Manx Shearwater,56.95946,-6.73304,7.5,Spring,0.1145,2,1
Manx Shearwater,56.95946,-6.24337,7.5,Spring,0.1402,108,12
Manx Shearwater,56.95946,-5.99853,7.5,Spring,0.0914,11,6
Manx Shearwater,56.95946,-5.75369,7.5,Spring,0.0061,175,8
Manx Shearwater,56.95946,-2.08112,7.5,Spring,0.0031,269,2
Manx Shearwater,57.09459,-7.22272,7.5,Spring,0.0375,65,1
Manx Shearwater,57.09459,-6.48821,7.5,Spring,0.0693,30,4
Manx Shearwater,57.09459,-6.24337,7.5,Spring,0.0648,5,1
Manx Shearwater,57.09459,-5.99853,7.5,Spring,0.0448,100,2
Manx Shearwater,57.09459,-2.08112,7.5,Spring,0.0028,1560,10
Manx Shearwater,57.22973,-7.46756,7.5,Spring,0.0368,214,7
Manx Shearwater,57.22973,-6.97788,7.5,Spring,0.0292,1,1
Manx Shearwater,57.22973,-6.73304,7.5,Spring,0.0295,1,1
Manx Shearwater,57.22973,-5.99853,7.5,Spring,0.017,315,1
Manx Shearwater,57.22973,-2.08112,7.5,Spring,0.0022,488,1
Manx Shearwater,57.22973,-1.83628,7.5,Spring,0.0037,6,1
Manx Shearwater,57.36486,-7.46756,7.5,Spring,0.0125,199,1
Manx Shearwater,57.36486,-6.97788,7.5,Spring,0.0118,1,1
Manx Shearwater,57.36486,-6.73304,7.5,Spring,0.0111,87,6
Manx Shearwater,57.36486,-1.83628,7.5,Spring,0.0036,69,1
Manx Shearwater,57.5,-7.46756,7.5,Spring,0.0103,266,1
Manx Shearwater,57.5,-6.73304,7.5,Spring,0.0098,445,6
Manx Shearwater,57.5,-1.83628,7.5,Spring,0.0038,128,1
Manx Shearwater,57.5,-1.59145,7.5,Spring,0.003,4,1
Manx Shearwater,57.63514,-7.46756,7.5,Spring,0.0111,489,12
Manx Shearwater,57.63514,-7.22272,7.5,Spring,0.0095,123,2
Manx Shearwater,57.63514,-6.97788,7.5,Spring,0.0121,10,1
Manx Shearwater,57.63514,-6.48821,7.5,Spring,0.0132,131,2
Manx Shearwater,57.63514,-4.03983,7.5,Spring,0.0029,569,3
Manx Shearwater,57.63514,-2.5708,7.5,Spring,0.0062,131,3
Manx Shearwater,57.63514,-2.08112,7.5,Spring,0.0047,51,1
Manx Shearwater,57.63514,-1.83628,7.5,Spring,0.0077,232,1
Manx Shearwater,57.77027,-8.69175,7.5,Spring,0.0274,65,7
Manx Shearwater,57.77027,-8.44691,7.5,Spring,0.0349,23,5
Manx Shearwater,57.77027,-7.95723,7.5,Spring,0.0356,1,1
Manx Shearwater,57.77027,-6.97788,7.5,Spring,0.0123,68,1
Manx Shearwater,57.77027,-6.73304,7.5,Spring,0.0124,10,1
Manx Shearwater,57.77027,-6.24337,7.5,Spring,0.0128,7,1
Manx Shearwater,57.77027,-3.55015,7.5,Spring,0.0038,157,1
Manx Shearwater,57.77027,-3.30531,7.5,Spring,0.0036,165,2
Manx Shearwater,57.90541,-6.24337,7.5,Spring,0.0162,31,2
Manx Shearwater,57.90541,-5.75369,7.5,Spring,0.0033,31,3
Manx Shearwater,57.90541,-3.79499,7.5,Spring,0.0037,70,4
Manx Shearwater,58.04054,-6.24337,7.5,Spring,0.0162,3,1
Manx Shearwater,58.04054,-3.79499,7.5,Spring,0.0038,75,5
Manx Shearwater,58.17568,-6.97788,7.5,Spring,0.0136,41,1
Manx Shearwater,58.17568,-6.48821,7.5,Spring,0.0161,169,1
Manx Shearwater,58.17568,-6.24337,7.5,Spring,0.0162,77,4
Manx Shearwater,58.17568,-5.50885,7.5,Spring,0.0027,17,2
Manx Shearwater,58.17568,-3.55015,7.5,Spring,0.0041,19,1
Manx Shearwater,58.31081,-6.73304,7.5,Spring,0.0215,84,2
Manx Shearwater,58.31081,-6.48821,7.5,Spring,0.0283,58,3
Manx Shearwater,58.31081,-6.24337,7.5,Spring,0.0279,135,2
Manx Shearwater,58.44595,-6.24337,7.5,Spring,0.0267,106,1
Manx Shearwater,58.44595,-3.06047,7.5,Spring,0.0062,87,6
Manx Shearwater,58.58108,-6.24337,7.5,Spring,0.0283,71,3
Manx Shearwater,58.58108,-3.06047,7.5,Spring,0.0042,142,1
Manx Shearwater,58.71622,-3.30531,7.5,Spring,0.0025,86,2
Manx Shearwater,58.71622,-3.06047,7.5,Spring,0.0034,32,2
Manx Shearwater,58.85135,-3.55015,7.5,Spring,0.0023,6,2
Manx Shearwater,59.39189,-3.06047,7.5,Spring,0.0035,21,1
Manx Shearwater,59.39189,-2.32596,7.5,Spring,0.0046,344,5
Manx Shearwater,59.52703,-5.99853,7.5,Spring,0.0268,1,1
Manx Shearwater,59.52703,-1.59145,7.5,Spring,0.0025,456,2
Manx Shearwater,59.7973,-1.34661,7.5,Spring,0.0021,175,2
Manx Shearwater,59.93243,-1.34661,7.5,Spring,0.0012,1629,1
Manx Shearwater,60.2027,-1.59145,7.5,Spring,0.0013,49,2
Manx Shearwater,60.2027,-1.10177,7.5,Spring,0.0014,488,2
Manx Shearwater,60.87838,-0.85693,7.5,Spring,0.0016,114,1
Manx Shearwater,54.52703,-5.01918,7.5,Summer,0.1872,2,2
Manx Shearwater,54.52703,-4.77434,7.5,Summer,0.1236,6,6
Manx Shearwater,54.66216,-5.01918,7.5,Summer,0.1794,12,2
Manx Shearwater,54.66216,-4.77434,7.5,Summer,0.1165,43,4
Manx Shearwater,54.66216,-4.28466,7.5,Summer,0.0061,11,1
Manx Shearwater,54.7973,-5.01918,7.5,Summer,0.1792,55,5
Manx Shearwater,54.7973,-4.77434,7.5,Summer,0.1146,8,2
Manx Shearwater,54.7973,-3.79499,7.5,Summer,0.0058,22,1
Manx Shearwater,54.93243,-5.26402,7.5,Summer,0.2088,2,1
Manx Shearwater,54.93243,-5.01918,7.5,Summer,0.1726,74,2
Manx Shearwater,55.06757,-5.50885,7.5,Summer,0.2354,1,1
Manx Shearwater,55.06757,-5.26402,7.5,Summer,0.2633,23,19
Manx Shearwater,55.2027,-5.75369,7.5,Summer,0.2774,2,2
Manx Shearwater,55.2027,-5.01918,7.5,Summer,0.2183,17,2
Manx Shearwater,55.33784,-5.75369,7.5,Summer,0.2682,17,2
Manx Shearwater,55.33784,-5.50885,7.5,Summer,0.2147,14,3
Manx Shearwater,55.33784,-4.77434,7.5,Summer,0.1379,137,17
Manx Shearwater,55.47297,-6.48821,7.5,Summer,0.1771,1,1
Manx Shearwater,55.47297,-5.99853,7.5,Summer,0.1694,1,1
Manx Shearwater,55.47297,-5.75369,7.5,Summer,0.2141,39,6
Manx Shearwater,55.47297,-5.01918,7.5,Summer,0.1706,38,2
Manx Shearwater,55.47297,-4.77434,7.5,Summer,0.1302,450,32
Manx Shearwater,55.60811,-6.24337,7.5,Summer,0.0942,83,2
Manx Shearwater,55.60811,-5.75369,7.5,Summer,0.1073,15,1
Manx Shearwater,55.60811,-5.26402,7.5,Summer,0.0946,104,2
Manx Shearwater,55.60811,-5.01918,7.5,Summer,0.0985,24,9
Manx Shearwater,55.60811,-4.77434,7.5,Summer,0.125,3125,350
Manx Shearwater,55.74324,-6.48821,7.5,Summer,0.2133,38,3
Manx Shearwater,55.74324,-6.24337,7.5,Summer,0.1927,63,1
Manx Shearwater,55.74324,-5.99853,7.5,Summer,0.1867,12,4
Manx Shearwater,55.74324,-5.75369,7.5,Summer,0.1604,17,3
Manx Shearwater,55.74324,-5.26402,7.5,Summer,0.0989,32,4
Manx Shearwater,55.74324,-5.01918,7.5,Summer,0.0887,93,7
Manx Shearwater,55.87838,-6.73304,7.5,Summer,0.185,1,1
Manx Shearwater,55.87838,-6.24337,7.5,Summer,0.1613,94,2
Manx Shearwater,55.87838,-5.75369,7.5,Summer,0.1205,7,2
Manx Shearwater,55.87838,-5.50885,7.5,Summer,0.0711,48,5
Manx Shearwater,55.87838,-5.26402,7.5,Summer,0.0596,24,1
Manx Shearwater,55.87838,-4.77434,7.5,Summer,0.0324,45,1
Manx Shearwater,55.87838,-3.06047,7.5,Summer,0.0026,1626,1
Manx Shearwater,55.87838,-2.32596,7.5,Summer,0.0093,75,3
Manx Shearwater,55.87838,-2.08112,7.5,Summer,0.0164,295,55
Manx Shearwater,56.01351,-7.22272,7.5,Summer,0.1615,1,1
Manx Shearwater,56.01351,-6.24337,7.5,Summer,0.162,22,1
Manx Shearwater,56.01351,-5.75369,7.5,Summer,0.1067,13,1
Manx Shearwater,56.01351,-5.01918,7.5,Summer,0.0207,85,1
Manx Shearwater,56.01351,-4.77434,7.5,Summer,0.0144,128,1
Manx Shearwater,56.01351,-3.55015,7.5,Summer,0.0016,266,1
Manx Shearwater,56.01351,-3.30531,7.5,Summer,0.0017,2181,7
Manx Shearwater,56.01351,-3.06047,7.5,Summer,0.0115,2396,39
Manx Shearwater,56.01351,-2.81564,7.5,Summer,0.0176,786,2
Manx Shearwater,56.01351,-2.5708,7.5,Summer,0.0289,613,15
Manx Shearwater,56.01351,-2.32596,7.5,Summer,0.0262,130,8
Manx Shearwater,56.14865,-6.24337,7.5,Summer,0.1149,6,1
Manx Shearwater,56.14865,-3.06047,7.5,Summer,0.0115,158,1
Manx Shearwater,56.14865,-2.81564,7.5,Summer,0.0219,174,3
Manx Shearwater,56.14865,-2.5708,7.5,Summer,0.0405,245,23
Manx Shearwater,56.14865,-2.32596,7.5,Summer,0.0315,2,1
Manx Shearwater,56.28378,-6.48821,7.5,Summer,0.1311,238,8
Manx Shearwater,56.28378,-5.75369,7.5,Summer,0.0788,34,2
Manx Shearwater,56.28378,-2.81564,7.5,Summer,0.0186,1122,22
Manx Shearwater,56.28378,-2.5708,7.5,Summer,0.037,524,259
Manx Shearwater,56.28378,-2.32596,7.5,Summer,0.0277,1,1
Manx Shearwater,56.41892,-6.97788,7.5,Summer,0.1597,37,11
Manx Shearwater,56.41892,-6.48821,7.5,Summer,0.1708,1,1
Manx Shearwater,56.41892,-6.24337,7.5,Summer,0.1609,224,39
Manx Shearwater,56.41892,-5.99853,7.5,Summer,0.1433,294,3
Manx Shearwater,56.41892,-5.75369,7.5,Summer,0.0796,361,10
Manx Shearwater,56.41892,-5.50885,7.5,Summer,0.0665,433,25
Manx Shearwater,56.41892,-2.81564,7.5,Summer,0.0226,590,9
Manx Shearwater,56.55405,-6.97788,7.5,Summer,0.2467,19,2
Manx Shearwater,56.55405,-6.73304,7.5,Summer,0.2675,37,4
Manx Shearwater,56.55405,-6.48821,7.5,Summer,0.2679,134,20
Manx Shearwater,56.55405,-6.24337,7.5,Summer,0.2477,192,11
Manx Shearwater,56.55405,-5.99853,7.5,Summer,0.209,274,4
Manx Shearwater,56.55405,-2.5708,7.5,Summer,0.0317,98,2
Manx Shearwater,56.68919,-6.48821,7.5,Summer,0.2777,30,7
Manx Shearwater,56.68919,-6.24337,7.5,Summer,0.2772,70,26
Manx Shearwater,56.68919,-5.99853,7.5,Summer,0.2507,168,20
Manx Shearwater,56.68919,-5.26402,7.5,Summer,0.0081,139,1
Manx Shearwater,56.68919,-2.5708,7.5,Summer,0.0218,238,2
Manx Shearwater,56.68919,-2.32596,7.5,Summer,0.0204,30,2
Manx Shearwater,56.82432,-7.7124,7.5,Summer,0.0796,5,1
Manx Shearwater,56.82432,-6.73304,7.5,Summer,0.2714,5,4
Manx Shearwater,56.82432,-6.24337,7.5,Summer,0.2776,21,4
Manx Shearwater,56.82432,-5.99853,7.5,Summer,0.2557,11,5
Manx Shearwater,56.82432,-5.75369,7.5,Summer,0.0793,93,8
Manx Shearwater,56.82432,-2.32596,7.5,Summer,0.0212,71,6
Manx Shearwater,56.95946,-7.46756,7.5,Summer,0.0915,118,3
Manx Shearwater,56.95946,-7.22272,7.5,Summer,0.1881,1,1
Manx Shearwater,56.95946,-6.24337,7.5,Summer,0.288,43,9
Manx Shearwater,56.95946,-5.99853,7.5,Summer,0.275,9,5
Manx Shearwater,56.95946,-5.75369,7.5,Summer,0.0798,122,22
Manx Shearwater,56.95946,-2.08112,7.5,Summer,0.0283,272,18
Manx Shearwater,57.09459,-7.46756,7.5,Summer,0.0609,86,2
Manx Shearwater,57.09459,-7.22272,7.5,Summer,0.1346,41,2
Manx Shearwater,57.09459,-6.97788,7.5,Summer,0.1749,1,1
Manx Shearwater,57.09459,-6.73304,7.5,Summer,0.2196,2,2
Manx Shearwater,57.09459,-6.48821,7.5,Summer,0.2274,39,5
Manx Shearwater,57.09459,-6.24337,7.5,Summer,0.2332,7,3
Manx Shearwater,57.09459,-5.99853,7.5,Summer,0.2273,105,24
Manx Shearwater,57.09459,-5.75369,7.5,Summer,0.0583,94,36
Manx Shearwater,57.09459,-2.08112,7.5,Summer,0.0259,1194,148
Manx Shearwater,57.22973,-7.46756,7.5,Summer,0.0775,112,8
Manx Shearwater,57.22973,-7.22272,7.5,Summer,0.061,26,1
Manx Shearwater,57.22973,-6.97788,7.5,Summer,0.065,1,1
Manx Shearwater,57.22973,-6.48821,7.5,Summer,0.0433,21,2
Manx Shearwater,57.22973,-6.24337,7.5,Summer,0.0337,148,1
Manx Shearwater,57.22973,-5.99853,7.5,Summer,0.0224,364,3
Manx Shearwater,57.22973,-5.75369,7.5,Summer,0.0044,148,1
Manx Shearwater,57.22973,-1.83628,7.5,Summer,0.0184,5,1
Manx Shearwater,57.36486,-7.46756,7.5,Summer,0.0877,123,4
Manx Shearwater,57.36486,-6.73304,7.5,Summer,0.0632,94,25
Manx Shearwater,57.36486,-6.24337,7.5,Summer,0.0394,292,1
Manx Shearwater,57.36486,-1.83628,7.5,Summer,0.0183,74,5
Manx Shearwater,57.5,-7.46756,7.5,Summer,0.0907,165,1
Manx Shearwater,57.5,-6.73304,7.5,Summer,0.0713,402,17
Manx Shearwater,57.5,-4.28466,7.5,Summer,0.0015,814,1
Manx Shearwater,57.5,-4.03983,7.5,Summer,0.0018,626,2
Manx Shearwater,57.5,-1.83628,7.5,Summer,0.0193,107,1
Manx Shearwater,57.5,-1.10177,7.5,Summer,0.0091,1,1
Manx Shearwater,57.63514,-7.46756,7.5,Summer,0.0924,350,19
Manx Shearwater,57.63514,-7.22272,7.5,Summer,0.0865,116,2
Manx Shearwater,57.63514,-6.97788,7.5,Summer,0.0908,9,1
Manx Shearwater,57.63514,-6.73304,7.5,Summer,0.0762,13,7
Manx Shearwater,57.63514,-6.24337,7.5,Summer,0.0542,443,9
Manx Shearwater,57.63514,-5.75369,7.5,Summer,0.0057,46,1
Manx Shearwater,57.63514,-4.03983,7.5,Summer,0.0101,742,14
Manx Shearwater,57.63514,-3.55015,7.5,Summer,0.0099,190,1
Manx Shearwater,57.63514,-2.08112,7.5,Summer,0.014,34,3
Manx Shearwater,57.63514,-1.83628,7.5,Summer,0.022,145,2
Manx Shearwater,57.77027,-8.69175,7.5,Summer,0.0641,36,1
Manx Shearwater,57.77027,-7.22272,7.5,Summer,0.0929,64,3
Manx Shearwater,57.77027,-6.97788,7.5,Summer,0.0969,108,1
Manx Shearwater,57.77027,-6.73304,7.5,Summer,0.086,13,3
Manx Shearwater,57.77027,-5.75369,7.5,Summer,0.007,159,2
Manx Shearwater,57.77027,-3.79499,7.5,Summer,0.0156,180,12
Manx Shearwater,57.77027,-3.55015,7.5,Summer,0.0161,104,3
Manx Shearwater,57.77027,-3.30531,7.5,Summer,0.0109,140,3
Manx Shearwater,57.77027,-1.83628,7.5,Summer,0.029,2,1
Manx Shearwater,57.90541,-6.97788,7.5,Summer,0.0916,77,2
Manx Shearwater,57.90541,-6.24337,7.5,Summer,0.0684,17,2
Manx Shearwater,57.90541,-5.75369,7.5,Summer,0.0076,41,7
Manx Shearwater,57.90541,-4.03983,7.5,Summer,0.0098,246,4
Manx Shearwater,57.90541,-3.79499,7.5,Summer,0.03,52,18
Manx Shearwater,58.04054,-7.46756,7.5,Summer,0.0864,1,1
Manx Shearwater,58.04054,-5.99853,7.5,Summer,0.04,1,1
Manx Shearwater,58.04054,-5.75369,7.5,Summer,0.0079,27,11
Manx Shearwater,58.04054,-3.79499,7.5,Summer,0.0279,81,8
Manx Shearwater,58.04054,-1.83628,7.5,Summer,0.0308,1,1
Manx Shearwater,58.17568,-7.22272,7.5,Summer,0.0725,2,2
Manx Shearwater,58.17568,-6.97788,7.5,Summer,0.0753,82,4
Manx Shearwater,58.17568,-6.24337,7.5,Summer,0.0609,101,5
Manx Shearwater,58.17568,-5.75369,7.5,Summer,0.0086,5,2
Manx Shearwater,58.17568,-5.50885,7.5,Summer,0.0049,27,6
Manx Shearwater,58.17568,-3.55015,7.5,Summer,0.0207,44,3
Manx Shearwater,58.17568,-3.30531,7.5,Summer,0.0159,48,5
Manx Shearwater,58.31081,-7.46756,7.5,Summer,0.1214,1,1
Manx Shearwater,58.31081,-6.73304,7.5,Summer,0.1195,126,19
Manx Shearwater,58.31081,-6.48821,7.5,Summer,0.1088,64,3
Manx Shearwater,58.31081,-6.24337,7.5,Summer,0.1058,163,15
Manx Shearwater,58.31081,-3.30531,7.5,Summer,0.0158,52,1
Manx Shearwater,58.44595,-6.48821,7.5,Summer,0.1201,19,2
Manx Shearwater,58.44595,-6.24337,7.5,Summer,0.1094,130,2
Manx Shearwater,58.44595,-5.75369,7.5,Summer,0.018,2,1
Manx Shearwater,58.44595,-5.50885,7.5,Summer,0.0106,1,1
Manx Shearwater,58.44595,-3.06047,7.5,Summer,0.0291,74,9
Manx Shearwater,58.58108,-6.24337,7.5,Summer,0.0983,87,22
Manx Shearwater,58.58108,-4.77434,7.5,Summer,0.0025,110,1
Manx Shearwater,58.58108,-4.5295,7.5,Summer,0.0055,26,1
Manx Shearwater,58.58108,-4.28466,7.5,Summer,0.0061,31,2
Manx Shearwater,58.58108,-4.03983,7.5,Summer,0.0111,37,8
Manx Shearwater,58.58108,-3.06047,7.5,Summer,0.0271,174,8
Manx Shearwater,58.58108,0.12242,7.5,Summer,0.013,10,1
Manx Shearwater,58.71622,-3.30531,7.5,Summer,0.0101,103,1
Manx Shearwater,58.71622,-3.06047,7.5,Summer,0.0209,37,1
Manx Shearwater,58.85135,-3.55015,7.5,Summer,0.0149,10,2
Manx Shearwater,58.85135,-2.81564,7.5,Summer,0.0202,183,1
Manx Shearwater,58.98649,-3.30531,7.5,Summer,0.0049,530,3
Manx Shearwater,58.98649,-3.06047,7.5,Summer,0.0088,416,2
Manx Shearwater,58.98649,-2.81564,7.5,Summer,0.0136,119,1
Manx Shearwater,59.25676,-2.81564,7.5,Summer,0.0126,63,1
Manx Shearwater,59.39189,-3.06047,7.5,Summer,0.0088,41,1
Manx Shearwater,59.39189,-2.32596,7.5,Summer,0.0184,184,23
Manx Shearwater,59.52703,-1.59145,7.5,Summer,0.0101,354,15
Manx Shearwater,59.7973,-1.34661,7.5,Summer,0.0068,226,15
Manx Shearwater,59.93243,-1.34661,7.5,Summer,0.001,1489,1
Manx Shearwater,60.06757,-2.08112,7.5,Summer,0.0067,17,1
Manx Shearwater,60.06757,-1.10177,7.5,Summer,0.0012,75,1
Manx Shearwater,60.2027,-3.79499,7.5,Summer,0.0068,6,3
Manx Shearwater,60.2027,-1.10177,7.5,Summer,0.001,394,1
Manx Shearwater,60.33784,-1.59145,7.5,Summer,0.0015,54,1
Manx Shearwater,60.47297,-1.59145,7.5,Summer,0.0015,123,6
Manx Shearwater,60.60811,-0.85693,7.5,Summer,0.001,218,1
Manx Shearwater,60.87838,-1.83628,7.5,Summer,0.0066,1,1
Manx Shearwater,56.28378,-2.5708,7.5,Winter,0.0011,333,13
Manx Shearwater,57.90541,-6.24337,7.5,Winter,0.001,89,2
Northern Gannet,54.52703,-4.77434,7.5,Autumn,0.4917,1,1
Northern Gannet,54.66216,-5.01918,7.5,Autumn,0.5006,21,5
Northern Gannet,54.66216,-4.77434,7.5,Autumn,0.4327,22,17
Northern Gannet,54.66216,-4.28466,7.5,Autumn,0.0262,8,2
Northern Gannet,54.7973,-5.26402,7.5,Autumn,0.4923,1,1
Northern Gannet,54.7973,-5.01918,7.5,Autumn,0.5033,38,19
Northern Gannet,54.7973,-4.5295,7.5,Autumn,0.0133,46,1
Northern Gannet,54.93243,-5.01918,7.5,Autumn,0.466,93,17
Northern Gannet,54.93243,-4.28466,7.5,Autumn,0.0044,30,1
Northern Gannet,55.06757,-5.26402,7.5,Autumn,0.5102,16,12
Northern Gannet,55.06757,-5.01918,7.5,Autumn,0.5275,27,16
Northern Gannet,55.2027,-5.01918,7.5,Autumn,0.535,6,2
Northern Gannet,55.2027,-4.77434,7.5,Autumn,0.4482,17,7
Northern Gannet,55.33784,-5.75369,7.5,Autumn,0.5097,8,3
Northern Gannet,55.33784,-5.50885,7.5,Autumn,0.5165,7,4
Northern Gannet,55.33784,-4.77434,7.5,Autumn,0.4843,125,47
Northern Gannet,55.47297,-5.75369,7.5,Autumn,0.4987,16,10
Northern Gannet,55.47297,-5.50885,7.5,Autumn,0.5047,19,6
Northern Gannet,55.47297,-5.26402,7.5,Autumn,0.5063,50,11
Northern Gannet,55.47297,-5.01918,7.5,Autumn,0.5243,41,22
Northern Gannet,55.47297,-4.77434,7.5,Autumn,0.5004,581,91
Northern Gannet,55.47297,-4.5295,7.5,Autumn,0.005,1154,16
Northern Gannet,55.60811,-6.24337,7.5,Autumn,0.2873,96,16
Northern Gannet,55.60811,-5.99853,7.5,Autumn,0.3017,6,3
Northern Gannet,55.60811,-5.75369,7.5,Autumn,0.2969,11,4
Northern Gannet,55.60811,-5.50885,7.5,Autumn,0.2893,5,3
Northern Gannet,55.60811,-5.26402,7.5,Autumn,0.296,81,17
Northern Gannet,55.60811,-5.01918,7.5,Autumn,0.3279,20,9
Northern Gannet,55.60811,-4.77434,7.5,Autumn,0.3277,3758,592
Northern Gannet,55.60811,-4.5295,7.5,Autumn,0.0039,21393,1
Northern Gannet,55.74324,-6.48821,7.5,Autumn,0.1691,54,7
Northern Gannet,55.74324,-6.24337,7.5,Autumn,0.1529,173,3
Northern Gannet,55.74324,-5.50885,7.5,Autumn,0.1637,28,6
Northern Gannet,55.74324,-5.26402,7.5,Autumn,0.1832,34,6
Northern Gannet,55.74324,-5.01918,7.5,Autumn,0.1836,76,17
Northern Gannet,55.74324,-4.77434,7.5,Autumn,0.1365,71,4
Northern Gannet,55.87838,-6.24337,7.5,Autumn,0.1307,142,7
Northern Gannet,55.87838,-5.99853,7.5,Autumn,0.1705,20,8
Northern Gannet,55.87838,-5.75369,7.5,Autumn,0.1637,1,1
Northern Gannet,55.87838,-5.50885,7.5,Autumn,0.1262,16,2
Northern Gannet,55.87838,-5.26402,7.5,Autumn,0.1419,14,5
Northern Gannet,55.87838,-5.01918,7.5,Autumn,0.1398,16,1
Northern Gannet,55.87838,-4.77434,7.5,Autumn,0.0952,36,4
Northern Gannet,55.87838,-4.5295,7.5,Autumn,0.0036,297,1
Northern Gannet,55.87838,-3.06047,7.5,Autumn,0.019,1429,80
Northern Gannet,55.87838,-2.32596,7.5,Autumn,0.3036,105,37
Northern Gannet,55.87838,-2.08112,7.5,Autumn,0.5133,169,110
Northern Gannet,56.01351,-6.24337,7.5,Autumn,0.1804,25,5
Northern Gannet,56.01351,-5.75369,7.5,Autumn,0.1568,10,3
Northern Gannet,56.01351,-5.26402,7.5,Autumn,0.0639,7,1
Northern Gannet,56.01351,-5.01918,7.5,Autumn,0.0617,72,16
Northern Gannet,56.01351,-4.77434,7.5,Autumn,0.0549,77,5
Northern Gannet,56.01351,-3.79499,7.5,Autumn,0.0105,285,4
Northern Gannet,56.01351,-3.55015,7.5,Autumn,0.0109,300,10
Northern Gannet,56.01351,-3.30531,7.5,Autumn,0.036,1675,110
Northern Gannet,56.01351,-3.06047,7.5,Autumn,0.3305,1856,435
Northern Gannet,56.01351,-2.81564,7.5,Autumn,0.2741,652,129
Northern Gannet,56.01351,-2.5708,7.5,Autumn,0.547,447,145
Northern Gannet,56.01351,-2.32596,7.5,Autumn,0.57,379,211
Northern Gannet,56.14865,-6.24337,7.5,Autumn,0.1806,9,2
Northern Gannet,56.14865,-5.75369,7.5,Autumn,0.1546,3,2
Northern Gannet,56.14865,-5.50885,7.5,Autumn,0.0486,29,5
Northern Gannet,56.14865,-5.26402,7.5,Autumn,0.0558,6,2
Northern Gannet,56.14865,-4.77434,7.5,Autumn,0.0454,53,4
Northern Gannet,56.14865,-3.79499,7.5,Autumn,0.0057,274,4
Northern Gannet,56.14865,-3.30531,7.5,Autumn,0.0089,374,1
Northern Gannet,56.14865,-3.06047,7.5,Autumn,0.3254,103,21
Northern Gannet,56.14865,-2.81564,7.5,Autumn,0.3536,81,27
Northern Gannet,56.14865,-2.5708,7.5,Autumn,0.5921,22,18
Northern Gannet,56.14865,-2.32596,7.5,Autumn,0.5931,3,2
Northern Gannet,56.28378,-6.73304,7.5,Autumn,0.2097,1,1
Northern Gannet,56.28378,-6.48821,7.5,Autumn,0.197,55,10
Northern Gannet,56.28378,-6.24337,7.5,Autumn,0.1752,22,1
Northern Gannet,56.28378,-5.99853,7.5,Autumn,0.1682,9,4
Northern Gannet,56.28378,-5.75369,7.5,Autumn,0.1471,4,1
Northern Gannet,56.28378,-5.01918,7.5,Autumn,0.0421,23,3
Northern Gannet,56.28378,-2.81564,7.5,Autumn,0.1367,885,137
Northern Gannet,56.28378,-2.5708,7.5,Autumn,0.4582,604,389
Northern Gannet,56.41892,-6.97788,7.5,Autumn,0.2427,2,1
Northern Gannet,56.41892,-5.99853,7.5,Autumn,0.1748,72,9
Northern Gannet,56.41892,-5.75369,7.5,Autumn,0.1485,123,11
Northern Gannet,56.41892,-5.50885,7.5,Autumn,0.0416,147,20
Northern Gannet,56.41892,-2.81564,7.5,Autumn,0.186,548,86
Northern Gannet,56.41892,-2.32596,7.5,Autumn,0.4377,2,2
Northern Gannet,56.41892,-1.83628,7.5,Autumn,0.4544,1,1
Northern Gannet,56.55405,-6.97788,7.5,Autumn,0.249,27,4
Northern Gannet,56.55405,-6.24337,7.5,Autumn,0.1922,64,9
Northern Gannet,56.55405,-5.99853,7.5,Autumn,0.1701,81,5
Northern Gannet,56.55405,-5.75369,7.5,Autumn,0.129,70,3
Northern Gannet,56.55405,-5.50885,7.5,Autumn,0.0345,22,1
Northern Gannet,56.55405,-2.81564,7.5,Autumn,0.125,26,2
Northern Gannet,56.55405,-2.5708,7.5,Autumn,0.3915,60,13
Northern Gannet,56.68919,-6.24337,7.5,Autumn,0.1962,44,17
Northern Gannet,56.68919,-5.99853,7.5,Autumn,0.1736,45,8
Northern Gannet,56.68919,-5.26402,7.5,Autumn,0.0325,49,1
Northern Gannet,56.68919,-2.5708,7.5,Autumn,0.3435,265,20
Northern Gannet,56.68919,-2.32596,7.5,Autumn,0.4042,26,19
Northern Gannet,56.82432,-7.22272,7.5,Autumn,0.2414,2,2
Northern Gannet,56.82432,-6.24337,7.5,Autumn,0.1986,6,2
Northern Gannet,56.82432,-5.99853,7.5,Autumn,0.1767,2,2
Northern Gannet,56.82432,-5.75369,7.5,Autumn,0.1296,36,2
Northern Gannet,56.82432,-2.32596,7.5,Autumn,0.3839,51,9
Northern Gannet,56.95946,-7.46756,7.5,Autumn,0.2801,26,11
Northern Gannet,56.95946,-6.24337,7.5,Autumn,0.208,68,21
Northern Gannet,56.95946,-5.75369,7.5,Autumn,0.1403,105,34
Northern Gannet,56.95946,-2.32596,7.5,Autumn,0.3849,29,2
Northern Gannet,56.95946,-2.08112,7.5,Autumn,0.388,92,33
Northern Gannet,57.09459,-7.46756,7.5,Autumn,0.2994,14,8
Northern Gannet,57.09459,-7.22272,7.5,Autumn,0.256,13,1
Northern Gannet,57.09459,-6.48821,7.5,Autumn,0.2397,1,1
Northern Gannet,57.09459,-6.24337,7.5,Autumn,0.2081,5,3
Northern Gannet,57.09459,-5.99853,7.5,Autumn,0.1939,37,13
Northern Gannet,57.09459,-5.75369,7.5,Autumn,0.1391,33,13
Northern Gannet,57.09459,-2.08112,7.5,Autumn,0.346,1071,340
Northern Gannet,57.22973,-7.46756,7.5,Autumn,0.3084,56,15
Northern Gannet,57.22973,-6.48821,7.5,Autumn,0.2257,5,1
Northern Gannet,57.22973,-6.24337,7.5,Autumn,0.1848,53,4
Northern Gannet,57.22973,-5.99853,7.5,Autumn,0.1794,170,24
Northern Gannet,57.22973,-5.75369,7.5,Autumn,0.1221,61,5
Northern Gannet,57.22973,-5.50885,7.5,Autumn,0.0257,94,2
Northern Gannet,57.22973,-2.08112,7.5,Autumn,0.1699,282,16
Northern Gannet,57.36486,-7.46756,7.5,Autumn,0.3051,73,7
Northern Gannet,57.36486,-6.73304,7.5,Autumn,0.2424,40,27
Northern Gannet,57.36486,-6.48821,7.5,Autumn,0.2128,31,2
Northern Gannet,57.36486,-6.24337,7.5,Autumn,0.1666,155,11
Northern Gannet,57.36486,-5.99853,7.5,Autumn,0.1599,26,3
Northern Gannet,57.36486,-5.75369,7.5,Autumn,0.1091,43,1
Northern Gannet,57.36486,-2.08112,7.5,Autumn,0.1617,200,16
Northern Gannet,57.36486,-1.83628,7.5,Autumn,0.2639,66,10
Northern Gannet,57.5,-7.46756,7.5,Autumn,0.2837,50,6
Northern Gannet,57.5,-6.73304,7.5,Autumn,0.2315,244,62
Northern Gannet,57.5,-6.48821,7.5,Autumn,0.1971,64,5
Northern Gannet,57.5,-6.24337,7.5,Autumn,0.1625,77,4
Northern Gannet,57.5,-5.99853,7.5,Autumn,0.1601,2,1
Northern Gannet,57.5,-5.75369,7.5,Autumn,0.1121,50,8
Northern Gannet,57.5,-4.5295,7.5,Autumn,0.0146,80,1
Northern Gannet,57.5,-4.28466,7.5,Autumn,0.0149,562,20
Northern Gannet,57.5,-4.03983,7.5,Autumn,0.0481,423,56
Northern Gannet,57.5,-1.83628,7.5,Autumn,0.3006,45,16
Northern Gannet,57.5,-1.59145,7.5,Autumn,0.338,1,1
Northern Gannet,57.5,-1.34661,7.5,Autumn,0.3295,2,2
Northern Gannet,57.63514,-7.46756,7.5,Autumn,0.3468,72,25
Northern Gannet,57.63514,-7.22272,7.5,Autumn,0.3184,32,5
Northern Gannet,57.63514,-6.73304,7.5,Autumn,0.3205,2,2
Northern Gannet,57.63514,-6.48821,7.5,Autumn,0.3079,42,4
Northern Gannet,57.63514,-6.24337,7.5,Autumn,0.3093,184,50
Northern Gannet,57.63514,-4.28466,7.5,Autumn,0.0187,93,1
Northern Gannet,57.63514,-4.03983,7.5,Autumn,0.3028,581,164
Northern Gannet,57.63514,-3.79499,7.5,Autumn,0.273,202,66
Northern Gannet,57.63514,-3.55015,7.5,Autumn,0.1841,283,55
Northern Gannet,57.63514,-3.30531,7.5,Autumn,0.111,151,2
Northern Gannet,57.63514,-3.06047,7.5,Autumn,0.0938,109,43
Northern Gannet,57.63514,-2.81564,7.5,Autumn,0.1167,40,27
Northern Gannet,57.63514,-2.5708,7.5,Autumn,0.1713,29,13
Northern Gannet,57.63514,-2.32596,7.5,Autumn,0.1696,32,22
Northern Gannet,57.63514,-2.08112,7.5,Autumn,0.1929,39,27
Northern Gannet,57.63514,-1.83628,7.5,Autumn,0.3024,165,43
Northern Gannet,57.63514,-1.59145,7.5,Autumn,0.3269,1,1
Northern Gannet,57.77027,-8.44691,7.5,Autumn,0.4207,1,1
Northern Gannet,57.77027,-7.22272,7.5,Autumn,0.3997,18,7
Northern Gannet,57.77027,-6.97788,7.5,Autumn,0.4032,28,10
Northern Gannet,57.77027,-6.73304,7.5,Autumn,0.3764,6,2
Northern Gannet,57.77027,-6.48821,7.5,Autumn,0.3683,1,1
Northern Gannet,57.77027,-6.24337,7.5,Autumn,0.3715,1,1
Northern Gannet,57.77027,-5.75369,7.5,Autumn,0.3676,55,13
Northern Gannet,57.77027,-4.03983,7.5,Autumn,0.3333,104,14
Northern Gannet,57.77027,-3.79499,7.5,Autumn,0.4843,172,64
Northern Gannet,57.77027,-3.55015,7.5,Autumn,0.5074,162,92
Northern Gannet,57.77027,-3.30531,7.5,Autumn,0.4472,202,58
Northern Gannet,57.77027,-2.81564,7.5,Autumn,0.494,11,6
Northern Gannet,57.90541,-6.97788,7.5,Autumn,0.3892,32,8
Northern Gannet,57.90541,-6.73304,7.5,Autumn,0.3595,9,1
Northern Gannet,57.90541,-6.24337,7.5,Autumn,0.3682,5,5
Northern Gannet,57.90541,-5.75369,7.5,Autumn,0.3821,13,5
Northern Gannet,57.90541,-5.50885,7.5,Autumn,0.3044,58,13
Northern Gannet,57.90541,-5.26402,7.5,Autumn,0.2547,101,8
Northern Gannet,57.90541,-4.03983,7.5,Autumn,0.3392,167,43
Northern Gannet,57.90541,-3.79499,7.5,Autumn,0.5055,76,52
Northern Gannet,58.04054,-6.97788,7.5,Autumn,0.3674,8,2
Northern Gannet,58.04054,-5.75369,7.5,Autumn,0.3651,3,3
Northern Gannet,58.04054,-5.26402,7.5,Autumn,0.2439,6,2
Northern Gannet,58.04054,-4.03983,7.5,Autumn,0.3202,14,1
Northern Gannet,58.04054,-3.79499,7.5,Autumn,0.4966,34,19
Northern Gannet,58.04054,-2.08112,7.5,Autumn,0.5606,1,1
Northern Gannet,58.17568,-6.97788,7.5,Autumn,0.3578,67,19
Northern Gannet,58.17568,-6.73304,7.5,Autumn,0.3187,14,2
Northern Gannet,58.17568,-6.48821,7.5,Autumn,0.3111,64,3
Northern Gannet,58.17568,-6.24337,7.5,Autumn,0.3377,72,11
Northern Gannet,58.17568,-5.50885,7.5,Autumn,0.2933,8,6
Northern Gannet,58.17568,-5.26402,7.5,Autumn,0.2429,50,13
Northern Gannet,58.17568,-3.55015,7.5,Autumn,0.5111,13,8
Northern Gannet,58.17568,-3.30531,7.5,Autumn,0.4506,14,14
Northern Gannet,58.31081,-6.97788,7.5,Autumn,0.4104,8,3
Northern Gannet,58.31081,-6.73304,7.5,Autumn,0.3939,87,26
Northern Gannet,58.31081,-6.48821,7.5,Autumn,0.3804,22,3
Northern Gannet,58.31081,-6.24337,7.5,Autumn,0.3793,117,38
Northern Gannet,58.31081,-5.26402,7.5,Autumn,0.3039,10,1
Northern Gannet,58.31081,-3.30531,7.5,Autumn,0.4398,14,7
Northern Gannet,58.31081,-1.34661,7.5,Autumn,0.5429,2,2
Northern Gannet,58.44595,-6.24337,7.5,Autumn,0.3726,109,16
Northern Gannet,58.44595,-5.26402,7.5,Autumn,0.3049,1,1
Northern Gannet,58.44595,-4.77434,7.5,Autumn,0.1906,2,2
Northern Gannet,58.44595,-3.06047,7.5,Autumn,0.5472,54,32
Northern Gannet,58.44595,-2.81564,7.5,Autumn,0.4954,1,1
Northern Gannet,58.58108,-6.24337,7.5,Autumn,0.4579,58,52
Northern Gannet,58.58108,-5.01918,7.5,Autumn,0.2559,2,2
Northern Gannet,58.58108,-4.77434,7.5,Autumn,0.2672,66,17
Northern Gannet,58.58108,-4.28466,7.5,Autumn,0.1636,5,1
Northern Gannet,58.58108,-4.03983,7.5,Autumn,0.3923,21,15
Northern Gannet,58.58108,-3.79499,7.5,Autumn,0.5039,9,5
Northern Gannet,58.58108,-3.55015,7.5,Autumn,0.5153,31,6
Northern Gannet,58.58108,-3.30531,7.5,Autumn,0.4423,53,17
Northern Gannet,58.58108,-3.06047,7.5,Autumn,0.5522,95,45
Northern Gannet,58.71622,-3.55015,7.5,Autumn,0.5311,4,4
Northern Gannet,58.71622,-3.30531,7.5,Autumn,0.4458,18,14
Northern Gannet,58.71622,-3.06047,7.5,Autumn,0.5491,35,19
Northern Gannet,58.71622,-2.81564,7.5,Autumn,0.4989,5,5
Northern Gannet,58.85135,-3.79499,7.5,Autumn,0.5095,1,1
Northern Gannet,58.85135,-3.30531,7.5,Autumn,0.4193,14,3
Northern Gannet,58.85135,-3.06047,7.5,Autumn,0.5196,54,12
Northern Gannet,58.85135,-2.81564,7.5,Autumn,0.4808,100,28
Northern Gannet,58.98649,-3.30531,7.5,Autumn,0.1857,157,23
Northern Gannet,58.98649,-3.06047,7.5,Autumn,0.3775,134,25
Northern Gannet,58.98649,-2.81564,7.5,Autumn,0.4163,98,34
Northern Gannet,58.98649,-2.5708,7.5,Autumn,0.5274,1,1
Northern Gannet,59.12162,-3.30531,7.5,Autumn,0.3767,100,32
Northern Gannet,59.12162,-3.06047,7.5,Autumn,0.5116,80,26
Northern Gannet,59.12162,-2.81564,7.5,Autumn,0.4746,4,4
Northern Gannet,59.12162,-2.5708,7.5,Autumn,0.5667,41,15
Northern Gannet,59.25676,-2.81564,7.5,Autumn,0.4517,2,1
Northern Gannet,59.25676,-2.5708,7.5,Autumn,0.5571,8,3
Northern Gannet,59.25676,-2.32596,7.5,Autumn,0.5756,3,1
Northern Gannet,59.25676,-1.83628,7.5,Autumn,0.5688,1,1
Northern Gannet,59.39189,-2.81564,7.5,Autumn,0.4627,11,4
Northern Gannet,59.39189,-2.32596,7.5,Autumn,0.585,327,223
Northern Gannet,59.52703,-1.59145,7.5,Autumn,0.5683,323,217
Northern Gannet,59.7973,-3.06047,7.5,Autumn,0.4718,1,1
Northern Gannet,59.7973,-2.81564,7.5,Autumn,0.464,1,1
Northern Gannet,59.7973,-1.34661,7.5,Autumn,0.5351,168,114
Northern Gannet,59.93243,-4.03983,7.5,Autumn,0.4196,1,1
Northern Gannet,59.93243,-3.79499,7.5,Autumn,0.4817,1,1
Northern Gannet,59.93243,-1.34661,7.5,Autumn,0.0988,2628,655
Northern Gannet,59.93243,-1.10177,7.5,Autumn,0.4087,77,20
Northern Gannet,59.93243,-0.85693,7.5,Autumn,0.38,4,3
Northern Gannet,60.06757,-7.7124,7.5,Autumn,0.4644,1,1
Northern Gannet,60.06757,-4.03983,7.5,Autumn,0.451,7,7
Northern Gannet,60.06757,-3.79499,7.5,Autumn,0.5143,3,3
Northern Gannet,60.06757,-3.30531,7.5,Autumn,0.3609,1,1
Northern Gannet,60.06757,-2.08112,7.5,Autumn,0.3295,16,9
Northern Gannet,60.06757,-1.34661,7.5,Autumn,0.1236,907,82
Northern Gannet,60.06757,-1.10177,7.5,Autumn,0.4809,253,103
Northern Gannet,60.2027,-4.03983,7.5,Autumn,0.4647,2,2
Northern Gannet,60.2027,-3.55015,7.5,Autumn,0.5288,1,1
Northern Gannet,60.2027,-2.08112,7.5,Autumn,0.3534,3,2
Northern Gannet,60.2027,-1.59145,7.5,Autumn,0.2025,63,4
Northern Gannet,60.2027,-1.34661,7.5,Autumn,0.1144,500,10
Northern Gannet,60.2027,-1.10177,7.5,Autumn,0.4821,824,205
Northern Gannet,60.33784,-4.28466,7.5,Autumn,0.2095,1,1
Northern Gannet,60.33784,-1.59145,7.5,Autumn,0.2132,107,49
Northern Gannet,60.33784,-1.34661,7.5,Autumn,0.1071,397,9
Northern Gannet,60.33784,-1.10177,7.5,Autumn,0.4805,219,36
Northern Gannet,60.33784,-0.85693,7.5,Autumn,0.4407,31,16
Northern Gannet,60.47297,-1.59145,7.5,Autumn,0.2356,176,69
Northern Gannet,60.47297,-1.34661,7.5,Autumn,0.1243,240,12
Northern Gannet,60.47297,-1.10177,7.5,Autumn,0.506,149,65
Northern Gannet,60.47297,-0.85693,7.5,Autumn,0.4612,36,16
Northern Gannet,60.60811,-1.34661,7.5,Autumn,0.1599,63,5
Northern Gannet,60.60811,-1.10177,7.5,Autumn,0.5121,106,34
Northern Gannet,60.60811,-0.85693,7.5,Autumn,0.4642,32,11
Northern Gannet,60.74324,-1.10177,7.5,Autumn,0.4926,54,24
Northern Gannet,60.74324,-0.85693,7.5,Autumn,0.4313,798,249
Northern Gannet,60.74324,-0.61209,7.5,Autumn,0.5022,1,1
Northern Gannet,60.87838,-0.85693,7.5,Autumn,0.5374,125,92
Northern Gannet,60.87838,0.85693,7.5,Autumn,0.6225,1,1
Northern Gannet,54.66216,-5.01918,7.5,Spring,0.5286,17,3
Northern Gannet,54.66216,-4.77434,7.5,Spring,0.4538,75,59
Northern Gannet,54.66216,-4.28466,7.5,Spring,0.0301,9,2
Northern Gannet,54.7973,-5.26402,7.5,Spring,0.4859,4,2
Northern Gannet,54.7973,-5.01918,7.5,Spring,0.4991,84,27
Northern Gannet,54.7973,-4.77434,7.5,Spring,0.4099,11,4
Northern Gannet,54.7973,-4.5295,7.5,Spring,0.0168,51,1
Northern Gannet,54.7973,-4.28466,7.5,Spring,0.0172,23,1
Northern Gannet,54.7973,-3.79499,7.5,Spring,0.012,19,1
Northern Gannet,54.93243,-5.26402,7.5,Spring,0.4554,4,3
Northern Gannet,54.93243,-5.01918,7.5,Spring,0.468,134,40
Northern Gannet,54.93243,-3.55015,7.5,Spring,0.0042,256,1
Northern Gannet,55.06757,-5.26402,7.5,Spring,0.5156,20,19
Northern Gannet,55.06757,-5.01918,7.5,Spring,0.5318,15,7
Northern Gannet,55.2027,-5.01918,7.5,Spring,0.5367,21,16
Northern Gannet,55.2027,-4.77434,7.5,Spring,0.4393,32,15
Northern Gannet,55.33784,-5.99853,7.5,Spring,0.5373,2,2
Northern Gannet,55.33784,-5.75369,7.5,Spring,0.5323,19,13
Northern Gannet,55.33784,-5.50885,7.5,Spring,0.5447,4,1
Northern Gannet,55.33784,-4.77434,7.5,Spring,0.5105,92,37
Northern Gannet,55.47297,-6.48821,7.5,Spring,0.5172,1,1
Northern Gannet,55.47297,-5.75369,7.5,Spring,0.5294,50,23
Northern Gannet,55.47297,-5.50885,7.5,Spring,0.5398,29,12
Northern Gannet,55.47297,-5.26402,7.5,Spring,0.5367,53,16
Northern Gannet,55.47297,-5.01918,7.5,Spring,0.5575,71,47
Northern Gannet,55.47297,-4.77434,7.5,Spring,0.5388,561,135
Northern Gannet,55.47297,-4.5295,7.5,Spring,0.0053,1120,41
Northern Gannet,55.60811,-6.48821,7.5,Spring,0.3576,4,2
Northern Gannet,55.60811,-6.24337,7.5,Spring,0.3232,237,53
Northern Gannet,55.60811,-5.75369,7.5,Spring,0.3303,34,3
Northern Gannet,55.60811,-5.50885,7.5,Spring,0.3315,16,6
Northern Gannet,55.60811,-5.26402,7.5,Spring,0.3287,166,31
Northern Gannet,55.60811,-5.01918,7.5,Spring,0.3916,34,16
Northern Gannet,55.60811,-4.77434,7.5,Spring,0.3989,3607,723
Northern Gannet,55.60811,-4.5295,7.5,Spring,0.0038,21683,3
Northern Gannet,55.74324,-6.48821,7.5,Spring,0.2134,81,18
Northern Gannet,55.74324,-6.24337,7.5,Spring,0.1671,131,3
Northern Gannet,55.74324,-5.99853,7.5,Spring,0.1944,27,8
Northern Gannet,55.74324,-5.75369,7.5,Spring,0.1924,3418,12
Northern Gannet,55.74324,-5.50885,7.5,Spring,0.1861,40,10
Northern Gannet,55.74324,-5.26402,7.5,Spring,0.2017,38,7
Northern Gannet,55.74324,-5.01918,7.5,Spring,0.2101,108,27
Northern Gannet,55.74324,-4.77434,7.5,Spring,0.1491,124,24
Northern Gannet,55.74324,-4.5295,7.5,Spring,0.0035,468,1
Northern Gannet,55.87838,-6.48821,7.5,Spring,0.1771,24,1
Northern Gannet,55.87838,-6.24337,7.5,Spring,0.1396,110,4
Northern Gannet,55.87838,-5.99853,7.5,Spring,0.154,48,10
Northern Gannet,55.87838,-5.75369,7.5,Spring,0.1483,3,1
Northern Gannet,55.87838,-5.50885,7.5,Spring,0.1304,30,1
Northern Gannet,55.87838,-5.26402,7.5,Spring,0.1464,41,11
Northern Gannet,55.87838,-5.01918,7.5,Spring,0.1488,56,8
Northern Gannet,55.87838,-4.77434,7.5,Spring,0.1007,59,1
Northern Gannet,55.87838,-3.06047,7.5,Spring,0.0132,2165,65
Northern Gannet,55.87838,-2.32596,7.5,Spring,0.2288,169,72
Northern Gannet,55.87838,-2.08112,7.5,Spring,0.4541,288,151
Northern Gannet,56.01351,-6.24337,7.5,Spring,0.16,34,4
Northern Gannet,56.01351,-5.99853,7.5,Spring,0.1188,11,2
Northern Gannet,56.01351,-5.75369,7.5,Spring,0.1067,19,5
Northern Gannet,56.01351,-5.26402,7.5,Spring,0.046,45,4
Northern Gannet,56.01351,-5.01918,7.5,Spring,0.0438,167,14
Northern Gannet,56.01351,-4.77434,7.5,Spring,0.0439,189,25
Northern Gannet,56.01351,-4.5295,7.5,Spring,0.0048,435,1
Northern Gannet,56.01351,-3.55015,7.5,Spring,0.0051,493,1
Northern Gannet,56.01351,-3.30531,7.5,Spring,0.0096,2906,31
Northern Gannet,56.01351,-3.06047,7.5,Spring,0.2938,2432,305
Northern Gannet,56.01351,-2.81564,7.5,Spring,0.2652,928,293
Northern Gannet,56.01351,-2.5708,7.5,Spring,0.5485,754,285
Northern Gannet,56.01351,-2.32596,7.5,Spring,0.5703,300,203
Northern Gannet,56.14865,-6.24337,7.5,Spring,0.1629,11,4
Northern Gannet,56.14865,-5.50885,7.5,Spring,0.0365,78,11
Northern Gannet,56.14865,-5.26402,7.5,Spring,0.0414,28,1
Northern Gannet,56.14865,-5.01918,7.5,Spring,0.0397,25,5
Northern Gannet,56.14865,-4.77434,7.5,Spring,0.0387,77,2
Northern Gannet,56.14865,-3.79499,7.5,Spring,0.004,695,1
Northern Gannet,56.14865,-3.06047,7.5,Spring,0.345,422,170
Northern Gannet,56.14865,-2.81564,7.5,Spring,0.3798,399,202
Northern Gannet,56.14865,-2.5708,7.5,Spring,0.6018,243,160
Northern Gannet,56.28378,-7.7124,7.5,Spring,0.2594,1,1
Northern Gannet,56.28378,-6.48821,7.5,Spring,0.2057,342,110
Northern Gannet,56.28378,-6.24337,7.5,Spring,0.1636,133,11
Northern Gannet,56.28378,-5.99853,7.5,Spring,0.1185,21,2
Northern Gannet,56.28378,-5.75369,7.5,Spring,0.1063,17,3
Northern Gannet,56.28378,-5.50885,7.5,Spring,0.0349,44,1
Northern Gannet,56.28378,-5.01918,7.5,Spring,0.0348,58,4
Northern Gannet,56.28378,-2.81564,7.5,Spring,0.0853,1514,139
Northern Gannet,56.28378,-2.5708,7.5,Spring,0.4474,559,377
Northern Gannet,56.41892,-7.7124,7.5,Spring,0.2882,1,1
Northern Gannet,56.41892,-6.97788,7.5,Spring,0.2457,28,5
Northern Gannet,56.41892,-6.48821,7.5,Spring,0.2323,4,1
Northern Gannet,56.41892,-6.24337,7.5,Spring,0.1776,177,38
Northern Gannet,56.41892,-5.99853,7.5,Spring,0.1178,401,27
Northern Gannet,56.41892,-5.75369,7.5,Spring,0.102,385,41
Northern Gannet,56.41892,-5.50885,7.5,Spring,0.0312,396,37
Northern Gannet,56.41892,-2.81564,7.5,Spring,0.1186,655,55
Northern Gannet,56.55405,-6.97788,7.5,Spring,0.2464,33,7
Northern Gannet,56.55405,-6.73304,7.5,Spring,0.2335,34,8
Northern Gannet,56.55405,-6.48821,7.5,Spring,0.2325,149,44
Northern Gannet,56.55405,-6.24337,7.5,Spring,0.1727,182,12
Northern Gannet,56.55405,-5.99853,7.5,Spring,0.1105,283,21
Northern Gannet,56.55405,-5.75369,7.5,Spring,0.0813,158,6
Northern Gannet,56.55405,-5.50885,7.5,Spring,0.0258,85,5
Northern Gannet,56.55405,-5.26402,7.5,Spring,0.0276,50,1
Northern Gannet,56.55405,-2.81564,7.5,Spring,0.0795,55,5
Northern Gannet,56.55405,-2.5708,7.5,Spring,0.3539,109,29
Northern Gannet,56.68919,-6.73304,7.5,Spring,0.2346,4,3
Northern Gannet,56.68919,-6.48821,7.5,Spring,0.2333,42,9
Northern Gannet,56.68919,-6.24337,7.5,Spring,0.177,84,38
Northern Gannet,56.68919,-5.99853,7.5,Spring,0.1124,205,29
Northern Gannet,56.68919,-5.75369,7.5,Spring,0.0807,96,1
Northern Gannet,56.68919,-5.26402,7.5,Spring,0.0252,113,5
Northern Gannet,56.68919,-2.81564,7.5,Spring,0.0784,111,1
Northern Gannet,56.68919,-2.5708,7.5,Spring,0.2966,253,15
Northern Gannet,56.68919,-2.32596,7.5,Spring,0.3263,22,9
Northern Gannet,56.82432,-7.7124,7.5,Spring,0.2925,11,1
Northern Gannet,56.82432,-7.46756,7.5,Spring,0.2846,5,5
Northern Gannet,56.82432,-6.48821,7.5,Spring,0.2336,1,1
Northern Gannet,56.82432,-6.24337,7.5,Spring,0.1783,25,4
Northern Gannet,56.82432,-5.99853,7.5,Spring,0.1138,17,7
Northern Gannet,56.82432,-5.75369,7.5,Spring,0.0814,83,9
Northern Gannet,56.82432,-5.01918,7.5,Spring,0.0213,256,1
Northern Gannet,56.82432,-2.5708,7.5,Spring,0.273,127,2
Northern Gannet,56.82432,-2.32596,7.5,Spring,0.3051,78,10
Northern Gannet,56.95946,-7.46756,7.5,Spring,0.2845,82,22
Northern Gannet,56.95946,-6.73304,7.5,Spring,0.2318,2,1
Northern Gannet,56.95946,-6.24337,7.5,Spring,0.1752,108,11
Northern Gannet,56.95946,-5.99853,7.5,Spring,0.1132,11,5
Northern Gannet,56.95946,-5.75369,7.5,Spring,0.0801,175,4
Northern Gannet,56.95946,-2.32596,7.5,Spring,0.3056,74,1
Northern Gannet,56.95946,-2.08112,7.5,Spring,0.3033,269,76
Northern Gannet,57.09459,-7.46756,7.5,Spring,0.3014,60,27
Northern Gannet,57.09459,-7.22272,7.5,Spring,0.2394,65,23
Northern Gannet,57.09459,-6.48821,7.5,Spring,0.2271,30,4
Northern Gannet,57.09459,-5.99853,7.5,Spring,0.1116,100,9
Northern Gannet,57.09459,-5.75369,7.5,Spring,0.0777,50,1
Northern Gannet,57.09459,-2.08112,7.5,Spring,0.2562,1560,319
Northern Gannet,57.22973,-7.46756,7.5,Spring,0.3211,214,61
Northern Gannet,57.22973,-6.97788,7.5,Spring,0.2334,1,1
Northern Gannet,57.22973,-6.73304,7.5,Spring,0.2114,1,1
Northern Gannet,57.22973,-6.48821,7.5,Spring,0.2082,23,4
Northern Gannet,57.22973,-6.24337,7.5,Spring,0.1408,115,3
Northern Gannet,57.22973,-5.99853,7.5,Spring,0.0979,315,8
Northern Gannet,57.22973,-5.75369,7.5,Spring,0.0662,159,3
Northern Gannet,57.22973,-2.08112,7.5,Spring,0.1175,488,19
Northern Gannet,57.22973,-1.83628,7.5,Spring,0.2302,6,5
Northern Gannet,57.36486,-7.46756,7.5,Spring,0.3301,199,47
Northern Gannet,57.36486,-7.22272,7.5,Spring,0.2227,119,4
Northern Gannet,57.36486,-6.97788,7.5,Spring,0.24,1,1
Northern Gannet,57.36486,-6.73304,7.5,Spring,0.217,87,43
Northern Gannet,57.36486,-6.48821,7.5,Spring,0.2068,77,12
Northern Gannet,57.36486,-6.24337,7.5,Spring,0.1351,242,4
Northern Gannet,57.36486,-5.99853,7.5,Spring,0.0925,41,7
Northern Gannet,57.36486,-5.75369,7.5,Spring,0.0619,69,1
Northern Gannet,57.36486,-2.08112,7.5,Spring,0.1108,274,8
Northern Gannet,57.36486,-1.83628,7.5,Spring,0.21,69,11
Northern Gannet,57.5,-7.7124,7.5,Spring,0.25,1,1
Northern Gannet,57.5,-7.46756,7.5,Spring,0.2332,266,29
Northern Gannet,57.5,-7.22272,7.5,Spring,0.148,151,4
Northern Gannet,57.5,-6.73304,7.5,Spring,0.143,445,37
Northern Gannet,57.5,-6.24337,7.5,Spring,0.0956,165,4
Northern Gannet,57.5,-5.99853,7.5,Spring,0.0765,6,2
Northern Gannet,57.5,-4.28466,7.5,Spring,0.0048,915,1
Northern Gannet,57.5,-4.03983,7.5,Spring,0.0056,691,23
Northern Gannet,57.5,-1.83628,7.5,Spring,0.2381,128,33
Northern Gannet,57.5,-1.59145,7.5,Spring,0.2739,4,3
Northern Gannet,57.63514,-7.46756,7.5,Spring,0.3245,489,115
Northern Gannet,57.63514,-7.22272,7.5,Spring,0.3041,123,13
Northern Gannet,57.63514,-6.73304,7.5,Spring,0.2975,5,4
Northern Gannet,57.63514,-6.48821,7.5,Spring,0.2974,131,12
Northern Gannet,57.63514,-6.24337,7.5,Spring,0.2856,360,95
Northern Gannet,57.63514,-5.75369,7.5,Spring,0.2298,56,23
Northern Gannet,57.63514,-4.28466,7.5,Spring,0.0165,160,1
Northern Gannet,57.63514,-4.03983,7.5,Spring,0.1434,569,85
Northern Gannet,57.63514,-3.79499,7.5,Spring,0.1314,223,42
Northern Gannet,57.63514,-3.55015,7.5,Spring,0.1018,328,63
Northern Gannet,57.63514,-3.30531,7.5,Spring,0.0554,232,1
Northern Gannet,57.63514,-3.06047,7.5,Spring,0.0668,167,33
Northern Gannet,57.63514,-2.81564,7.5,Spring,0.0798,87,51
Northern Gannet,57.63514,-2.5708,7.5,Spring,0.1423,131,82
Northern Gannet,57.63514,-2.32596,7.5,Spring,0.1357,147,121
Northern Gannet,57.63514,-2.08112,7.5,Spring,0.1381,51,39
Northern Gannet,57.63514,-1.83628,7.5,Spring,0.238,232,23
Northern Gannet,57.63514,-1.10177,7.5,Spring,0.2866,1,1
Northern Gannet,57.77027,-8.69175,7.5,Spring,0.4325,65,24
Northern Gannet,57.77027,-8.44691,7.5,Spring,0.4346,23,12
Northern Gannet,57.77027,-7.95723,7.5,Spring,0.4337,1,1
Northern Gannet,57.77027,-7.22272,7.5,Spring,0.4057,66,30
Northern Gannet,57.77027,-6.97788,7.5,Spring,0.4017,68,29
Northern Gannet,57.77027,-6.73304,7.5,Spring,0.3689,10,4
Northern Gannet,57.77027,-6.24337,7.5,Spring,0.3614,7,6
Northern Gannet,57.77027,-5.75369,7.5,Spring,0.3519,131,40
Northern Gannet,57.77027,-5.50885,7.5,Spring,0.1759,84,3
Northern Gannet,57.77027,-4.03983,7.5,Spring,0.1707,201,2
Northern Gannet,57.77027,-3.79499,7.5,Spring,0.3095,199,53
Northern Gannet,57.77027,-3.55015,7.5,Spring,0.3199,157,92
Northern Gannet,57.77027,-3.30531,7.5,Spring,0.2495,165,33
Northern Gannet,57.77027,-2.81564,7.5,Spring,0.3655,41,13
Northern Gannet,57.90541,-8.44691,7.5,Spring,0.4205,3,3
Northern Gannet,57.90541,-6.97788,7.5,Spring,0.3853,91,21
Northern Gannet,57.90541,-6.73304,7.5,Spring,0.3414,58,11
Northern Gannet,57.90541,-6.48821,7.5,Spring,0.3446,1,1
Northern Gannet,57.90541,-6.24337,7.5,Spring,0.3563,31,16
Northern Gannet,57.90541,-5.75369,7.5,Spring,0.3645,31,17
Northern Gannet,57.90541,-5.50885,7.5,Spring,0.2453,117,19
Northern Gannet,57.90541,-5.26402,7.5,Spring,0.1722,130,3
Northern Gannet,57.90541,-4.03983,7.5,Spring,0.1947,326,47
Northern Gannet,57.90541,-3.79499,7.5,Spring,0.3394,70,44
Northern Gannet,58.04054,-7.22272,7.5,Spring,0.3693,4,2
Northern Gannet,58.04054,-6.97788,7.5,Spring,0.3648,23,8
Northern Gannet,58.04054,-6.48821,7.5,Spring,0.3129,31,1
Northern Gannet,58.04054,-6.24337,7.5,Spring,0.3337,3,2
Northern Gannet,58.04054,-5.75369,7.5,Spring,0.3435,13,4
Northern Gannet,58.04054,-5.50885,7.5,Spring,0.2275,6,1
Northern Gannet,58.04054,-3.79499,7.5,Spring,0.3125,75,37
Northern Gannet,58.17568,-7.22272,7.5,Spring,0.3695,1,1
Northern Gannet,58.17568,-6.97788,7.5,Spring,0.3646,41,12
Northern Gannet,58.17568,-6.73304,7.5,Spring,0.3093,86,1
Northern Gannet,58.17568,-6.48821,7.5,Spring,0.312,169,9
Northern Gannet,58.17568,-6.24337,7.5,Spring,0.334,77,19
Northern Gannet,58.17568,-5.75369,7.5,Spring,0.347,1,1
Northern Gannet,58.17568,-5.50885,7.5,Spring,0.2344,17,11
Northern Gannet,58.17568,-5.26402,7.5,Spring,0.1613,130,16
Northern Gannet,58.17568,-3.55015,7.5,Spring,0.3116,19,3
Northern Gannet,58.17568,-1.83628,7.5,Spring,0.5493,1,1
Northern Gannet,58.31081,-6.97788,7.5,Spring,0.4155,33,13
Northern Gannet,58.31081,-6.73304,7.5,Spring,0.3903,84,25
Northern Gannet,58.31081,-6.48821,7.5,Spring,0.3883,58,17
Northern Gannet,58.31081,-6.24337,7.5,Spring,0.3793,135,48
Northern Gannet,58.31081,-5.26402,7.5,Spring,0.2493,43,6
Northern Gannet,58.31081,-3.30531,7.5,Spring,0.2353,19,1
Northern Gannet,58.31081,-3.06047,7.5,Spring,0.357,18,1
Northern Gannet,58.31081,-2.08112,7.5,Spring,0.5076,5,3
Northern Gannet,58.44595,-6.48821,7.5,Spring,0.3896,12,4
Northern Gannet,58.44595,-6.24337,7.5,Spring,0.3849,106,25
Northern Gannet,58.44595,-5.26402,7.5,Spring,0.2559,89,38
Northern Gannet,58.44595,-5.01918,7.5,Spring,0.1478,31,3
Northern Gannet,58.44595,-4.77434,7.5,Spring,0.1481,4,2
Northern Gannet,58.44595,-3.06047,7.5,Spring,0.3597,87,23
Northern Gannet,58.44595,-2.32596,7.5,Spring,0.5541,4,2
Northern Gannet,58.44595,0.36726,7.5,Spring,0.5379,2,1
Northern Gannet,58.58108,-6.24337,7.5,Spring,0.4397,71,58
Northern Gannet,58.58108,-5.01918,7.5,Spring,0.2002,3,2
Northern Gannet,58.58108,-4.77434,7.5,Spring,0.2076,149,25
Northern Gannet,58.58108,-4.28466,7.5,Spring,0.122,22,1
Northern Gannet,58.58108,-4.03983,7.5,Spring,0.2142,19,8
Northern Gannet,58.58108,-3.79499,7.5,Spring,0.3208,34,7
Northern Gannet,58.58108,-3.55015,7.5,Spring,0.3138,95,10
Northern Gannet,58.58108,-3.30531,7.5,Spring,0.2349,100,5
Northern Gannet,58.58108,-3.06047,7.5,Spring,0.3572,142,55
Northern Gannet,58.58108,-2.32596,7.5,Spring,0.554,3,1
Northern Gannet,58.71622,-3.55015,7.5,Spring,0.3263,6,6
Northern Gannet,58.71622,-3.30531,7.5,Spring,0.2314,86,27
Northern Gannet,58.71622,-3.06047,7.5,Spring,0.3496,32,5
Northern Gannet,58.71622,-2.32596,7.5,Spring,0.5528,2,2
Northern Gannet,58.85135,-4.5295,7.5,Spring,0.119,1,1
Northern Gannet,58.85135,-3.55015,7.5,Spring,0.311,6,4
Northern Gannet,58.85135,-3.30531,7.5,Spring,0.2074,97,7
Northern Gannet,58.85135,-3.06047,7.5,Spring,0.305,66,6
Northern Gannet,58.85135,-2.81564,7.5,Spring,0.3118,115,12
Northern Gannet,58.85135,-1.34661,7.5,Spring,0.4887,1,1
Northern Gannet,58.98649,-3.30531,7.5,Spring,0.0829,299,23
Northern Gannet,58.98649,-3.06047,7.5,Spring,0.1991,323,20
Northern Gannet,58.98649,-2.81564,7.5,Spring,0.2575,106,21
Northern Gannet,59.12162,-5.75369,7.5,Spring,0.4962,1,1
Northern Gannet,59.12162,-4.28466,7.5,Spring,0.2383,1,1
Northern Gannet,59.12162,-3.30531,7.5,Spring,0.2701,228,81
Northern Gannet,59.12162,-3.06047,7.5,Spring,0.3418,182,17
Northern Gannet,59.12162,-2.81564,7.5,Spring,0.334,15,4
Northern Gannet,59.12162,-2.5708,7.5,Spring,0.5286,7,1
Northern Gannet,59.25676,-3.06047,7.5,Spring,0.3359,27,9
Northern Gannet,59.25676,-2.81564,7.5,Spring,0.3368,23,3
Northern Gannet,59.25676,-2.5708,7.5,Spring,0.5248,8,1
Northern Gannet,59.25676,-2.32596,7.5,Spring,0.5376,2,2
Northern Gannet,59.39189,-3.06047,7.5,Spring,0.3503,21,11
Northern Gannet,59.39189,-2.81564,7.5,Spring,0.3517,24,10
Northern Gannet,59.39189,-2.32596,7.5,Spring,0.5496,344,217
Northern Gannet,59.39189,-2.08112,7.5,Spring,0.5051,2,2
Northern Gannet,59.39189,-1.83628,7.5,Spring,0.5483,4,4
Northern Gannet,59.39189,-1.59145,7.5,Spring,0.5359,3,3
Northern Gannet,59.52703,-7.22272,7.5,Spring,0.5164,1,1
Northern Gannet,59.52703,-5.99853,7.5,Spring,0.5079,1,1
Northern Gannet,59.52703,-2.08112,7.5,Spring,0.5091,1,1
Northern Gannet,59.52703,-1.83628,7.5,Spring,0.552,2,2
Northern Gannet,59.52703,-1.59145,7.5,Spring,0.5407,456,329
Northern Gannet,59.66216,-1.59145,7.5,Spring,0.5397,2,2
Northern Gannet,59.66216,-1.34661,7.5,Spring,0.4977,2,2
Northern Gannet,59.7973,-1.34661,7.5,Spring,0.4937,175,118
Northern Gannet,59.7973,-1.10177,7.5,Spring,0.5454,3,3
Northern Gannet,59.93243,-6.24337,7.5,Spring,0.3798,1,1
Northern Gannet,59.93243,-2.32596,7.5,Spring,0.198,1,1
Northern Gannet,59.93243,-1.34661,7.5,Spring,0.0665,1629,263
Northern Gannet,59.93243,-1.10177,7.5,Spring,0.3068,131,33
Northern Gannet,59.93243,-0.85693,7.5,Spring,0.2822,1,1
Northern Gannet,60.06757,-2.08112,7.5,Spring,0.2772,22,7
Northern Gannet,60.06757,-1.34661,7.5,Spring,0.1018,437,36
Northern Gannet,60.06757,-1.10177,7.5,Spring,0.417,123,36
Northern Gannet,60.2027,-1.59145,7.5,Spring,0.2046,49,6
Northern Gannet,60.2027,-1.34661,7.5,Spring,0.1062,134,1
Northern Gannet,60.2027,-1.10177,7.5,Spring,0.4471,488,121
Northern Gannet,60.2027,-0.85693,7.5,Spring,0.3989,1,1
Northern Gannet,60.33784,-5.01918,7.5,Spring,0.2819,1,1
Northern Gannet,60.33784,-1.59145,7.5,Spring,0.2254,34,10
Northern Gannet,60.33784,-1.34661,7.5,Spring,0.1094,70,2
Northern Gannet,60.33784,-1.10177,7.5,Spring,0.4391,26,9
Northern Gannet,60.33784,-0.85693,7.5,Spring,0.3967,5,2
Northern Gannet,60.47297,-1.59145,7.5,Spring,0.2352,71,26
Northern Gannet,60.47297,-1.34661,7.5,Spring,0.115,52,1
Northern Gannet,60.47297,-1.10177,7.5,Spring,0.4446,58,10
Northern Gannet,60.47297,-0.85693,7.5,Spring,0.3975,26,15
Northern Gannet,60.60811,-1.34661,7.5,Spring,0.132,24,3
Northern Gannet,60.60811,-1.10177,7.5,Spring,0.4401,33,4
Northern Gannet,60.60811,-0.85693,7.5,Spring,0.3902,78,12
Northern Gannet,60.74324,-1.10177,7.5,Spring,0.4288,20,7
Northern Gannet,60.74324,-0.85693,7.5,Spring,0.3749,385,86
Northern Gannet,60.87838,-0.85693,7.5,Spring,0.511,114,90
Northern Gannet,54.52703,-5.01918,7.5,Summer,0.5862,2,2
Northern Gannet,54.52703,-4.77434,7.5,Summer,0.5074,6,6
Northern Gannet,54.66216,-5.26402,7.5,Summer,0.544,2,2
Northern Gannet,54.66216,-5.01918,7.5,Summer,0.5438,12,6
Northern Gannet,54.66216,-4.77434,7.5,Summer,0.4533,43,36
Northern Gannet,54.66216,-4.5295,7.5,Summer,0.086,1,1
Northern Gannet,54.66216,-4.28466,7.5,Summer,0.0798,11,4
Northern Gannet,54.7973,-5.01918,7.5,Summer,0.5049,55,17
Northern Gannet,54.7973,-4.77434,7.5,Summer,0.3967,8,4
Northern Gannet,54.7973,-4.5295,7.5,Summer,0.0396,34,1
Northern Gannet,54.7973,-4.28466,7.5,Summer,0.0389,27,4
Northern Gannet,54.7973,-3.79499,7.5,Summer,0.0238,22,2
Northern Gannet,54.93243,-5.50885,7.5,Summer,0.4926,2,2
Northern Gannet,54.93243,-5.26402,7.5,Summer,0.4993,2,2
Northern Gannet,54.93243,-5.01918,7.5,Summer,0.4963,74,28
Northern Gannet,54.93243,-3.79499,7.5,Summer,0.0049,76,2
Northern Gannet,55.06757,-5.50885,7.5,Summer,0.5339,1,1
Northern Gannet,55.06757,-5.26402,7.5,Summer,0.5407,23,22
Northern Gannet,55.06757,-5.01918,7.5,Summer,0.5406,12,5
Northern Gannet,55.2027,-5.75369,7.5,Summer,0.544,2,2
Northern Gannet,55.2027,-5.01918,7.5,Summer,0.5466,17,10
Northern Gannet,55.2027,-4.77434,7.5,Summer,0.4174,30,11
Northern Gannet,55.33784,-5.75369,7.5,Summer,0.5615,17,9
Northern Gannet,55.33784,-5.50885,7.5,Summer,0.5564,14,4
Northern Gannet,55.33784,-4.77434,7.5,Summer,0.4848,137,62
Northern Gannet,55.47297,-5.99853,7.5,Summer,0.5582,1,1
Northern Gannet,55.47297,-5.75369,7.5,Summer,0.5552,39,23
Northern Gannet,55.47297,-5.50885,7.5,Summer,0.5487,25,4
Northern Gannet,55.47297,-5.26402,7.5,Summer,0.5553,20,6
Northern Gannet,55.47297,-5.01918,7.5,Summer,0.5621,38,23
Northern Gannet,55.47297,-4.77434,7.5,Summer,0.5311,450,143
Northern Gannet,55.47297,-4.5295,7.5,Summer,0.0058,794,34
Northern Gannet,55.60811,-6.24337,7.5,Summer,0.383,83,26
Northern Gannet,55.60811,-5.99853,7.5,Summer,0.3883,10,1
Northern Gannet,55.60811,-5.75369,7.5,Summer,0.39,15,5
Northern Gannet,55.60811,-5.50885,7.5,Summer,0.355,12,1
Northern Gannet,55.60811,-5.26402,7.5,Summer,0.3704,104,14
Northern Gannet,55.60811,-5.01918,7.5,Summer,0.4029,24,17
Northern Gannet,55.60811,-4.77434,7.5,Summer,0.4044,3125,844
Northern Gannet,55.60811,-4.5295,7.5,Summer,0.0041,27860,3
Northern Gannet,55.74324,-6.48821,7.5,Summer,0.334,38,16
Northern Gannet,55.74324,-6.24337,7.5,Summer,0.2951,63,7
Northern Gannet,55.74324,-5.99853,7.5,Summer,0.3094,12,5
Northern Gannet,55.74324,-5.75369,7.5,Summer,0.3191,17,9
Northern Gannet,55.74324,-5.50885,7.5,Summer,0.2696,42,14
Northern Gannet,55.74324,-5.26402,7.5,Summer,0.2995,32,10
Northern Gannet,55.74324,-5.01918,7.5,Summer,0.2949,93,35
Northern Gannet,55.74324,-4.77434,7.5,Summer,0.2232,62,5
Northern Gannet,55.87838,-6.73304,7.5,Summer,0.293,1,1
Northern Gannet,55.87838,-6.48821,7.5,Summer,0.2849,11,4
Northern Gannet,55.87838,-6.24337,7.5,Summer,0.2568,94,13
Northern Gannet,55.87838,-5.99853,7.5,Summer,0.2705,21,2
Northern Gannet,55.87838,-5.75369,7.5,Summer,0.2825,7,4
Northern Gannet,55.87838,-5.50885,7.5,Summer,0.218,48,23
Northern Gannet,55.87838,-5.26402,7.5,Summer,0.2442,24,11
Northern Gannet,55.87838,-5.01918,7.5,Summer,0.2301,15,5
Northern Gannet,55.87838,-4.77434,7.5,Summer,0.1509,45,7
Northern Gannet,55.87838,-3.30531,7.5,Summer,0.0048,1184,1
Northern Gannet,55.87838,-3.06047,7.5,Summer,0.0217,1626,116
Northern Gannet,55.87838,-2.32596,7.5,Summer,0.2853,75,29
Northern Gannet,55.87838,-2.08112,7.5,Summer,0.5068,295,185
Northern Gannet,56.01351,-7.22272,7.5,Summer,0.252,1,1
Northern Gannet,56.01351,-6.73304,7.5,Summer,0.2559,1,1
Northern Gannet,56.01351,-6.24337,7.5,Summer,0.2179,22,3
Northern Gannet,56.01351,-5.99853,7.5,Summer,0.2097,3,2
Northern Gannet,56.01351,-5.75369,7.5,Summer,0.2096,13,5
Northern Gannet,56.01351,-5.50885,7.5,Summer,0.0632,37,1
Northern Gannet,56.01351,-5.26402,7.5,Summer,0.0722,22,3
Northern Gannet,56.01351,-5.01918,7.5,Summer,0.0635,85,21
Northern Gannet,56.01351,-4.77434,7.5,Summer,0.0692,128,23
Northern Gannet,56.01351,-3.30531,7.5,Summer,0.0294,2181,94
Northern Gannet,56.01351,-3.06047,7.5,Summer,0.4854,2396,666
Northern Gannet,56.01351,-2.81564,7.5,Summer,0.4062,786,308
Northern Gannet,56.01351,-2.5708,7.5,Summer,0.6191,613,333
Northern Gannet,56.01351,-2.32596,7.5,Summer,0.6187,130,97
Northern Gannet,56.14865,-7.46756,7.5,Summer,0.2601,1,1
Northern Gannet,56.14865,-6.24337,7.5,Summer,0.2214,6,1
Northern Gannet,56.14865,-5.75369,7.5,Summer,0.2129,5,1
Northern Gannet,56.14865,-5.50885,7.5,Summer,0.0584,74,5
Northern Gannet,56.14865,-5.26402,7.5,Summer,0.0664,28,2
Northern Gannet,56.14865,-5.01918,7.5,Summer,0.0571,10,1
Northern Gannet,56.14865,-4.77434,7.5,Summer,0.0615,98,16
Northern Gannet,56.14865,-4.5295,7.5,Summer,0.0044,225,1
Northern Gannet,56.14865,-3.06047,7.5,Summer,0.4809,158,50
Northern Gannet,56.14865,-2.81564,7.5,Summer,0.4729,174,95
Northern Gannet,56.14865,-2.5708,7.5,Summer,0.6505,245,205
Northern Gannet,56.14865,-2.32596,7.5,Summer,0.6374,2,2
Northern Gannet,56.28378,-8.69175,7.5,Summer,0.2661,1,1
Northern Gannet,56.28378,-6.48821,7.5,Summer,0.2531,238,75
Northern Gannet,56.28378,-6.24337,7.5,Summer,0.2195,89,6
Northern Gannet,56.28378,-5.99853,7.5,Summer,0.2124,3,1
Northern Gannet,56.28378,-5.75369,7.5,Summer,0.2112,34,10
Northern Gannet,56.28378,-5.50885,7.5,Summer,0.0576,51,5
Northern Gannet,56.28378,-5.01918,7.5,Summer,0.0476,74,9
Northern Gannet,56.28378,-2.81564,7.5,Summer,0.1374,1122,170
Northern Gannet,56.28378,-2.5708,7.5,Summer,0.5206,524,422
Northern Gannet,56.28378,-2.32596,7.5,Summer,0.5112,1,1
Northern Gannet,56.28378,-1.34661,7.5,Summer,0.4947,3,3
Northern Gannet,56.41892,-8.20207,7.5,Summer,0.2994,1,1
Northern Gannet,56.41892,-6.97788,7.5,Summer,0.3048,37,17
Northern Gannet,56.41892,-6.48821,7.5,Summer,0.2899,1,1
Northern Gannet,56.41892,-6.24337,7.5,Summer,0.2463,224,68
Northern Gannet,56.41892,-5.99853,7.5,Summer,0.2314,294,24
Northern Gannet,56.41892,-5.75369,7.5,Summer,0.2284,361,61
Northern Gannet,56.41892,-5.50885,7.5,Summer,0.0604,433,72
Northern Gannet,56.41892,-2.81564,7.5,Summer,0.2051,590,76
Northern Gannet,56.55405,-6.97788,7.5,Summer,0.2988,19,4
Northern Gannet,56.55405,-6.73304,7.5,Summer,0.2924,37,8
Northern Gannet,56.55405,-6.48821,7.5,Summer,0.2833,134,46
Northern Gannet,56.55405,-6.24337,7.5,Summer,0.2385,192,26
Northern Gannet,56.55405,-5.99853,7.5,Summer,0.2199,274,21
Northern Gannet,56.55405,-5.75369,7.5,Summer,0.201,81,9
Northern Gannet,56.55405,-5.50885,7.5,Summer,0.0508,37,3
Northern Gannet,56.55405,-5.26402,7.5,Summer,0.0517,36,1
Northern Gannet,56.55405,-2.81564,7.5,Summer,0.1352,30,6
Northern Gannet,56.55405,-2.5708,7.5,Summer,0.4678,98,33
Northern Gannet,56.55405,0.36726,7.5,Summer,0.4914,1,1
Northern Gannet,56.68919,-6.73304,7.5,Summer,0.2933,2,1
Northern Gannet,56.68919,-6.48821,7.5,Summer,0.2843,30,10
Northern Gannet,56.68919,-6.24337,7.5,Summer,0.2444,70,33
Northern Gannet,56.68919,-5.99853,7.5,Summer,0.2248,168,20
Northern Gannet,56.68919,-5.50885,7.5,Summer,0.0445,44,3
Northern Gannet,56.68919,-5.26402,7.5,Summer,0.0458,139,14
Northern Gannet,56.68919,-5.01918,7.5,Summer,0.0311,304,1
Northern Gannet,56.68919,-2.5708,7.5,Summer,0.4109,238,32
Northern Gannet,56.68919,-2.32596,7.5,Summer,0.4616,30,24
Northern Gannet,56.82432,-8.93659,7.5,Summer,0.2935,2,2
Northern Gannet,56.82432,-7.7124,7.5,Summer,0.2938,5,3
Northern Gannet,56.82432,-6.73304,7.5,Summer,0.2932,5,4
Northern Gannet,56.82432,-6.24337,7.5,Summer,0.2457,21,5
Northern Gannet,56.82432,-5.99853,7.5,Summer,0.2277,11,5
Northern Gannet,56.82432,-5.75369,7.5,Summer,0.2003,93,14
Northern Gannet,56.82432,-5.26402,7.5,Summer,0.037,33,1
Northern Gannet,56.82432,-5.01918,7.5,Summer,0.0272,276,3
Northern Gannet,56.82432,-2.5708,7.5,Summer,0.3929,78,4
Northern Gannet,56.82432,-2.32596,7.5,Summer,0.4452,71,36
Northern Gannet,56.95946,-7.46756,7.5,Summer,0.2855,118,17
Northern Gannet,56.95946,-7.22272,7.5,Summer,0.2928,1,1
Northern Gannet,56.95946,-6.24337,7.5,Summer,0.2494,43,10
Northern Gannet,56.95946,-5.99853,7.5,Summer,0.2336,9,6
Northern Gannet,56.95946,-5.75369,7.5,Summer,0.206,122,27
Northern Gannet,56.95946,-2.32596,7.5,Summer,0.4369,53,5
Northern Gannet,56.95946,-2.08112,7.5,Summer,0.4279,272,99
Northern Gannet,57.09459,-7.46756,7.5,Summer,0.3026,86,44
Northern Gannet,57.09459,-7.22272,7.5,Summer,0.2916,41,16
Northern Gannet,57.09459,-6.97788,7.5,Summer,0.3024,1,1
Northern Gannet,57.09459,-6.73304,7.5,Summer,0.2957,2,2
Northern Gannet,57.09459,-6.48821,7.5,Summer,0.2851,39,14
Northern Gannet,57.09459,-6.24337,7.5,Summer,0.2484,7,1
Northern Gannet,57.09459,-5.99853,7.5,Summer,0.2329,105,42
Northern Gannet,57.09459,-5.75369,7.5,Summer,0.2014,94,32
Northern Gannet,57.09459,-4.77434,7.5,Summer,0.0258,136,1
Northern Gannet,57.09459,-2.08112,7.5,Summer,0.3577,1194,482
Northern Gannet,57.09459,-1.83628,7.5,Summer,0.4454,2,2
Northern Gannet,57.22973,-7.46756,7.5,Summer,0.3124,112,42
Northern Gannet,57.22973,-7.22272,7.5,Summer,0.2711,26,3
Northern Gannet,57.22973,-6.97788,7.5,Summer,0.2879,1,1
Northern Gannet,57.22973,-6.48821,7.5,Summer,0.2638,21,6
Northern Gannet,57.22973,-6.24337,7.5,Summer,0.215,148,5
Northern Gannet,57.22973,-5.99853,7.5,Summer,0.213,364,35
Northern Gannet,57.22973,-5.75369,7.5,Summer,0.1767,148,14
Northern Gannet,57.22973,-5.50885,7.5,Summer,0.028,171,1
Northern Gannet,57.22973,-4.5295,7.5,Summer,0.0041,77,1
Northern Gannet,57.22973,-2.08112,7.5,Summer,0.1417,267,20
Northern Gannet,57.22973,-1.83628,7.5,Summer,0.2913,5,5
Northern Gannet,57.36486,-7.46756,7.5,Summer,0.3131,123,19
Northern Gannet,57.36486,-7.22272,7.5,Summer,0.2706,80,11
Northern Gannet,57.36486,-6.73304,7.5,Summer,0.2814,94,56
Northern Gannet,57.36486,-6.48821,7.5,Summer,0.251,93,12
Northern Gannet,57.36486,-6.24337,7.5,Summer,0.1984,292,18
Northern Gannet,57.36486,-5.99853,7.5,Summer,0.195,33,10
Northern Gannet,57.36486,-5.50885,7.5,Summer,0.0268,51,1
Northern Gannet,57.36486,-2.08112,7.5,Summer,0.1334,330,20
Northern Gannet,57.36486,-1.83628,7.5,Summer,0.262,74,15
Northern Gannet,57.5,-7.46756,7.5,Summer,0.2784,165,10
Northern Gannet,57.5,-7.22272,7.5,Summer,0.2484,111,5
Northern Gannet,57.5,-6.73304,7.5,Summer,0.2641,402,109
Northern Gannet,57.5,-6.48821,7.5,Summer,0.2195,157,12
Northern Gannet,57.5,-6.24337,7.5,Summer,0.1789,189,7
Northern Gannet,57.5,-5.99853,7.5,Summer,0.1777,4,1
Northern Gannet,57.5,-5.75369,7.5,Summer,0.1391,62,8
Northern Gannet,57.5,-5.50885,7.5,Summer,0.0286,59,3
Northern Gannet,57.5,-4.28466,7.5,Summer,0.0054,814,3
Northern Gannet,57.5,-4.03983,7.5,Summer,0.0064,626,11
Northern Gannet,57.5,-1.83628,7.5,Summer,0.2769,107,27
Northern Gannet,57.5,-1.10177,7.5,Summer,0.3394,1,1
Northern Gannet,57.63514,-7.46756,7.5,Summer,0.3316,350,86
Northern Gannet,57.63514,-7.22272,7.5,Summer,0.3152,116,12
Northern Gannet,57.63514,-6.97788,7.5,Summer,0.334,9,5
Northern Gannet,57.63514,-6.73304,7.5,Summer,0.3242,13,9
Northern Gannet,57.63514,-6.48821,7.5,Summer,0.3154,167,19
Northern Gannet,57.63514,-6.24337,7.5,Summer,0.2974,443,104
Northern Gannet,57.63514,-5.75369,7.5,Summer,0.2556,46,14
Northern Gannet,57.63514,-4.28466,7.5,Summer,0.0134,189,6
Northern Gannet,57.63514,-4.03983,7.5,Summer,0.1332,742,141
Northern Gannet,57.63514,-3.79499,7.5,Summer,0.1017,187,26
Northern Gannet,57.63514,-3.55015,7.5,Summer,0.0772,190,20
Northern Gannet,57.63514,-3.06047,7.5,Summer,0.077,170,49
Northern Gannet,57.63514,-2.81564,7.5,Summer,0.0847,26,8
Northern Gannet,57.63514,-2.5708,7.5,Summer,0.1515,33,19
Northern Gannet,57.63514,-2.32596,7.5,Summer,0.1425,124,94
Northern Gannet,57.63514,-2.08112,7.5,Summer,0.1524,34,12
Northern Gannet,57.63514,-1.83628,7.5,Summer,0.258,145,23
Northern Gannet,57.63514,-0.36726,7.5,Summer,0.3108,1,1
Northern Gannet,57.77027,-8.69175,7.5,Summer,0.4611,36,18
Northern Gannet,57.77027,-8.44691,7.5,Summer,0.4627,18,13
Northern Gannet,57.77027,-7.22272,7.5,Summer,0.4435,64,19
Northern Gannet,57.77027,-6.97788,7.5,Summer,0.4449,108,35
Northern Gannet,57.77027,-6.73304,7.5,Summer,0.4154,13,6
Northern Gannet,57.77027,-6.48821,7.5,Summer,0.4166,5,5
Northern Gannet,57.77027,-6.24337,7.5,Summer,0.4022,14,10
Northern Gannet,57.77027,-5.75369,7.5,Summer,0.4288,159,60
Northern Gannet,57.77027,-5.50885,7.5,Summer,0.2358,82,5
Northern Gannet,57.77027,-3.79499,7.5,Summer,0.3534,180,84
Northern Gannet,57.77027,-3.55015,7.5,Summer,0.3736,104,64
Northern Gannet,57.77027,-3.30531,7.5,Summer,0.3204,140,40
Northern Gannet,57.77027,-2.81564,7.5,Summer,0.3904,24,10
Northern Gannet,57.77027,-1.83628,7.5,Summer,0.5882,2,2
Northern Gannet,57.77027,-1.59145,7.5,Summer,0.5927,1,1
Northern Gannet,57.77027,-0.12242,7.5,Summer,0.5909,1,1
Northern Gannet,57.90541,-8.44691,7.5,Summer,0.4496,5,5
Northern Gannet,57.90541,-6.97788,7.5,Summer,0.4281,77,22
Northern Gannet,57.90541,-6.73304,7.5,Summer,0.3947,63,12
Northern Gannet,57.90541,-6.48821,7.5,Summer,0.3954,1,1
Northern Gannet,57.90541,-6.24337,7.5,Summer,0.3998,17,14
Northern Gannet,57.90541,-5.75369,7.5,Summer,0.4409,41,22
Northern Gannet,57.90541,-5.50885,7.5,Summer,0.3453,122,37
Northern Gannet,57.90541,-5.26402,7.5,Summer,0.2796,175,25
Northern Gannet,57.90541,-4.03983,7.5,Summer,0.251,246,32
Northern Gannet,57.90541,-3.79499,7.5,Summer,0.382,52,40
Northern Gannet,58.04054,-7.46756,7.5,Summer,0.4093,1,1
Northern Gannet,58.04054,-6.97788,7.5,Summer,0.4018,28,5
Northern Gannet,58.04054,-6.73304,7.5,Summer,0.3587,36,1
Northern Gannet,58.04054,-6.48821,7.5,Summer,0.3598,51,4
Northern Gannet,58.04054,-6.24337,7.5,Summer,0.382,1,1
Northern Gannet,58.04054,-5.75369,7.5,Summer,0.4261,27,25
Northern Gannet,58.04054,-5.50885,7.5,Summer,0.3337,7,2
Northern Gannet,58.04054,-5.26402,7.5,Summer,0.2655,31,9
Northern Gannet,58.04054,-4.03983,7.5,Summer,0.229,57,4
Northern Gannet,58.04054,-3.79499,7.5,Summer,0.3636,81,30
Northern Gannet,58.04054,-1.83628,7.5,Summer,0.5877,1,1
Northern Gannet,58.17568,-7.22272,7.5,Summer,0.4002,2,2
Northern Gannet,58.17568,-6.97788,7.5,Summer,0.3995,82,37
Northern Gannet,58.17568,-6.73304,7.5,Summer,0.3531,84,3
Northern Gannet,58.17568,-6.48821,7.5,Summer,0.3525,142,7
Northern Gannet,58.17568,-6.24337,7.5,Summer,0.3811,101,20
Northern Gannet,58.17568,-5.75369,7.5,Summer,0.4268,5,1
Northern Gannet,58.17568,-5.50885,7.5,Summer,0.3352,27,25
Northern Gannet,58.17568,-5.26402,7.5,Summer,0.2648,123,14
Northern Gannet,58.17568,-3.55015,7.5,Summer,0.3707,44,8
Northern Gannet,58.17568,-3.30531,7.5,Summer,0.3201,48,48
Northern Gannet,58.17568,-1.83628,7.5,Summer,0.5877,1,1
Northern Gannet,58.31081,-7.46756,7.5,Summer,0.4651,1,1
Northern Gannet,58.31081,-6.97788,7.5,Summer,0.4641,11,7
Northern Gannet,58.31081,-6.73304,7.5,Summer,0.444,126,40
Northern Gannet,58.31081,-6.48821,7.5,Summer,0.4384,64,16
Northern Gannet,58.31081,-6.24337,7.5,Summer,0.4183,163,82
Northern Gannet,58.31081,-5.50885,7.5,Summer,0.4097,6,4
Northern Gannet,58.31081,-5.26402,7.5,Summer,0.3395,70,19
Northern Gannet,58.31081,-3.30531,7.5,Summer,0.3096,52,11
Northern Gannet,58.44595,-6.48821,7.5,Summer,0.4313,19,4
Northern Gannet,58.44595,-6.24337,7.5,Summer,0.4171,130,37
Northern Gannet,58.44595,-5.50885,7.5,Summer,0.4061,1,1
Northern Gannet,58.44595,-5.26402,7.5,Summer,0.3412,94,43
Northern Gannet,58.44595,-5.01918,7.5,Summer,0.1802,54,4
Northern Gannet,58.44595,-4.77434,7.5,Summer,0.181,11,1
Northern Gannet,58.44595,-3.06047,7.5,Summer,0.4553,74,26
Northern Gannet,58.44595,-1.83628,7.5,Summer,0.5828,1,1
Northern Gannet,58.58108,-6.24337,7.5,Summer,0.4885,87,79
Northern Gannet,58.58108,-5.01918,7.5,Summer,0.261,8,3
Northern Gannet,58.58108,-4.77434,7.5,Summer,0.264,110,29
Northern Gannet,58.58108,-4.5295,7.5,Summer,0.21,26,7
Northern Gannet,58.58108,-4.28466,7.5,Summer,0.2168,31,8
Northern Gannet,58.58108,-4.03983,7.5,Summer,0.2971,37,24
Northern Gannet,58.58108,-3.79499,7.5,Summer,0.3802,34,7
Northern Gannet,58.58108,-3.55015,7.5,Summer,0.384,117,28
Northern Gannet,58.58108,-3.30531,7.5,Summer,0.3203,172,37
Northern Gannet,58.58108,-3.06047,7.5,Summer,0.4563,174,70
Northern Gannet,58.58108,0.12242,7.5,Summer,0.5879,10,8
Northern Gannet,58.71622,-5.26402,7.5,Summer,0.3701,1,1
Northern Gannet,58.71622,-4.77434,7.5,Summer,0.2759,1,1
Northern Gannet,58.71622,-3.55015,7.5,Summer,0.4025,6,3
Northern Gannet,58.71622,-3.30531,7.5,Summer,0.3269,103,52
Northern Gannet,58.71622,-3.06047,7.5,Summer,0.4531,37,7
Northern Gannet,58.71622,-2.81564,7.5,Summer,0.3824,3,2
Northern Gannet,58.85135,-3.55015,7.5,Summer,0.389,10,9
Northern Gannet,58.85135,-3.30531,7.5,Summer,0.3,113,16
Northern Gannet,58.85135,-3.06047,7.5,Summer,0.4141,70,19
Northern Gannet,58.85135,-2.81564,7.5,Summer,0.357,183,21
Northern Gannet,58.85135,-2.5708,7.5,Summer,0.5815,5,1
Northern Gannet,58.98649,-3.55015,7.5,Summer,0.3027,1,1
Northern Gannet,58.98649,-3.30531,7.5,Summer,0.1112,530,51
Northern Gannet,58.98649,-3.06047,7.5,Summer,0.2627,416,26
Northern Gannet,58.98649,-2.81564,7.5,Summer,0.2965,119,45
Northern Gannet,58.98649,-2.5708,7.5,Summer,0.5293,2,1
Northern Gannet,59.12162,-6.24337,7.5,Summer,0.5314,2,2
Northern Gannet,59.12162,-5.75369,7.5,Summer,0.5564,4,4
Northern Gannet,59.12162,-4.5295,7.5,Summer,0.3234,1,1
Northern Gannet,59.12162,-3.30531,7.5,Summer,0.3173,447,148
Northern Gannet,59.12162,-3.06047,7.5,Summer,0.4974,316,53
Northern Gannet,59.12162,-2.81564,7.5,Summer,0.4304,13,6
Northern Gannet,59.12162,-2.5708,7.5,Summer,0.6029,12,5
Northern Gannet,59.25676,-3.06047,7.5,Summer,0.4839,56,23
Northern Gannet,59.25676,-2.81564,7.5,Summer,0.43,63,17
Northern Gannet,59.25676,-2.5708,7.5,Summer,0.6023,15,9
Northern Gannet,59.25676,-2.32596,7.5,Summer,0.6129,5,5
Northern Gannet,59.25676,-1.59145,7.5,Summer,0.608,1,1
Northern Gannet,59.39189,-3.06047,7.5,Summer,0.4907,41,29
Northern Gannet,59.39189,-2.81564,7.5,Summer,0.4366,16,9
Northern Gannet,59.39189,-2.32596,7.5,Summer,0.6176,184,122
Northern Gannet,59.39189,-1.59145,7.5,Summer,0.6142,5,5
Northern Gannet,59.52703,-2.32596,7.5,Summer,0.6204,1,1
Northern Gannet,59.52703,-1.59145,7.5,Summer,0.6172,354,310
Northern Gannet,59.52703,-1.10177,7.5,Summer,0.6112,2,2
Northern Gannet,59.66216,-1.34661,7.5,Summer,0.59,1,1
Northern Gannet,59.66216,-1.10177,7.5,Summer,0.6116,1,1
Northern Gannet,59.7973,-1.34661,7.5,Summer,0.5898,226,165
Northern Gannet,59.93243,-1.34661,7.5,Summer,0.0954,1489,524
Northern Gannet,59.93243,-1.10177,7.5,Summer,0.3472,126,45
Northern Gannet,60.06757,-5.01918,7.5,Summer,0.3251,1,1
Northern Gannet,60.06757,-2.08112,7.5,Summer,0.4144,17,7
Northern Gannet,60.06757,-1.34661,7.5,Summer,0.2435,208,27
Northern Gannet,60.06757,-1.10177,7.5,Summer,0.5128,75,44
Northern Gannet,60.06757,-0.85693,7.5,Summer,0.4629,2,2
Northern Gannet,60.2027,-3.79499,7.5,Summer,0.4701,6,6
Northern Gannet,60.2027,-2.08112,7.5,Summer,0.4134,4,3
Northern Gannet,60.2027,-1.59145,7.5,Summer,0.3397,33,4
Northern Gannet,60.2027,-1.34661,7.5,Summer,0.2159,126,4
Northern Gannet,60.2027,-1.10177,7.5,Summer,0.5045,394,136
Northern Gannet,60.2027,1.10177,7.5,Summer,0.5087,1,1
Northern Gannet,60.2027,1.83628,7.5,Summer,0.5087,2,2
Northern Gannet,60.33784,-1.59145,7.5,Summer,0.3701,54,25
Northern Gannet,60.33784,-1.34661,7.5,Summer,0.224,85,3
Northern Gannet,60.33784,-1.10177,7.5,Summer,0.4935,45,9
Northern Gannet,60.33784,-0.61209,7.5,Summer,0.5006,1,1
Northern Gannet,60.47297,-2.08112,7.5,Summer,0.44,1,1
Northern Gannet,60.47297,-1.59145,7.5,Summer,0.3684,123,53
Northern Gannet,60.47297,-1.34661,7.5,Summer,0.2204,54,5
Northern Gannet,60.47297,-1.10177,7.5,Summer,0.4953,77,27
Northern Gannet,60.47297,-0.85693,7.5,Summer,0.4432,10,6
Northern Gannet,60.60811,-2.32596,7.5,Summer,0.4909,1,1
Northern Gannet,60.60811,-1.34661,7.5,Summer,0.2441,30,1
Northern Gannet,60.60811,-1.10177,7.5,Summer,0.4985,58,9
Northern Gannet,60.60811,-0.85693,7.5,Summer,0.4437,218,51
Northern Gannet,60.60811,-0.12242,7.5,Summer,0.5096,1,1
Northern Gannet,60.74324,-1.59145,7.5,Summer,0.4227,1,1
Northern Gannet,60.74324,-1.10177,7.5,Summer,0.497,31,12
Northern Gannet,60.74324,-0.85693,7.5,Summer,0.4353,401,124
Northern Gannet,60.74324,-0.36726,7.5,Summer,0.5128,1,1
Northern Gannet,60.74324,-0.12242,7.5,Summer,0.5128,1,1
Northern Gannet,60.87838,-1.83628,7.5,Summer,0.5062,1,1
Northern Gannet,60.87838,-0.85693,7.5,Summer,0.5568,127,106
Northern Gannet,61.01351,-1.83628,7.5,Summer,0.5062,1,1
Northern Gannet,54.66216,-4.77434,7.5,Winter,0.0804,12,3
Northern Gannet,54.7973,-5.01918,7.5,Winter,0.0874,27,1
Northern Gannet,54.93243,-5.01918,7.5,Winter,0.0167,90,1
Northern Gannet,55.06757,-5.26402,7.5,Winter,0.0211,3,1
Northern Gannet,55.33784,-4.77434,7.5,Winter,0.0086,114,2
Northern Gannet,55.47297,-5.75369,7.5,Winter,0.0237,36,2
Northern Gannet,55.47297,-4.77434,7.5,Winter,0.0075,596,5
Northern Gannet,55.60811,-6.24337,7.5,Winter,0.0119,95,9
Northern Gannet,55.60811,-5.50885,7.5,Winter,0.0113,7,2
Northern Gannet,55.60811,-5.26402,7.5,Winter,0.0079,26,2
Northern Gannet,55.60811,-4.77434,7.5,Winter,0.0049,4222,32
Northern Gannet,55.74324,-6.48821,7.5,Winter,0.0095,93,1
Northern Gannet,55.74324,-6.24337,7.5,Winter,0.0062,265,2
Northern Gannet,55.74324,-5.99853,7.5,Winter,0.0057,16,2
Northern Gannet,55.87838,-6.48821,7.5,Winter,0.0077,23,1
Northern Gannet,55.87838,-6.24337,7.5,Winter,0.0057,204,3
Northern Gannet,55.87838,-5.99853,7.5,Winter,0.005,16,1
Northern Gannet,55.87838,-2.32596,7.5,Winter,0.0296,71,6
Northern Gannet,55.87838,-2.08112,7.5,Winter,0.0601,65,10
Northern Gannet,56.01351,-3.30531,7.5,Winter,0.0035,2000,9
Northern Gannet,56.01351,-3.06047,7.5,Winter,0.0045,1585,11
Northern Gannet,56.01351,-2.81564,7.5,Winter,0.0044,874,12
Northern Gannet,56.01351,-2.5708,7.5,Winter,0.0211,643,35
Northern Gannet,56.01351,-2.32596,7.5,Winter,0.0402,144,25
Northern Gannet,56.14865,-3.06047,7.5,Winter,0.0047,302,10
Northern Gannet,56.14865,-2.81564,7.5,Winter,0.0049,219,12
Northern Gannet,56.28378,-2.81564,7.5,Winter,0.0042,1177,25
Northern Gannet,56.28378,-2.5708,7.5,Winter,0.0362,333,134
Northern Gannet,56.41892,-2.81564,7.5,Winter,0.0048,524,5
Northern Gannet,56.55405,-6.24337,7.5,Winter,0.0071,25,1
Northern Gannet,56.55405,-2.5708,7.5,Winter,0.0219,56,4
Northern Gannet,56.68919,-6.24337,7.5,Winter,0.0075,13,1
Northern Gannet,56.68919,-2.5708,7.5,Winter,0.0093,202,2
Northern Gannet,56.82432,-2.32596,7.5,Winter,0.0084,83,2
Northern Gannet,56.95946,-6.24337,7.5,Winter,0.008,45,4
Northern Gannet,56.95946,-5.75369,7.5,Winter,0.0047,18,1
Northern Gannet,56.95946,-2.08112,7.5,Winter,0.0079,42,3
Northern Gannet,57.09459,-5.99853,7.5,Winter,0.005,8,1
Northern Gannet,57.09459,-2.08112,7.5,Winter,0.0077,1022,54
Northern Gannet,57.09459,-1.83628,7.5,Winter,0.0809,1,1
Northern Gannet,57.22973,-7.46756,7.5,Winter,0.0377,35,3
Northern Gannet,57.22973,-5.99853,7.5,Winter,0.0052,81,1
Northern Gannet,57.36486,-6.73304,7.5,Winter,0.0184,5,1
Northern Gannet,57.36486,-2.08112,7.5,Winter,0.0062,95,1
Northern Gannet,57.5,-6.73304,7.5,Winter,0.0165,244,5
Northern Gannet,57.5,-6.48821,7.5,Winter,0.0108,32,2
Northern Gannet,57.5,-4.28466,7.5,Winter,0.0032,622,1
Northern Gannet,57.5,-4.03983,7.5,Winter,0.0033,511,2
Northern Gannet,57.5,-1.83628,7.5,Winter,0.1405,27,8
Northern Gannet,57.63514,-7.46756,7.5,Winter,0.0336,7,2
Northern Gannet,57.63514,-6.24337,7.5,Winter,0.0162,95,15
Northern Gannet,57.63514,-4.03983,7.5,Winter,0.0066,354,4
Northern Gannet,57.63514,-3.79499,7.5,Winter,0.0061,297,13
Northern Gannet,57.63514,-3.55015,7.5,Winter,0.0065,318,9
Northern Gannet,57.63514,-3.06047,7.5,Winter,0.0067,52,1
Northern Gannet,57.63514,-2.5708,7.5,Winter,0.0117,9,4
Northern Gannet,57.63514,-2.32596,7.5,Winter,0.0113,9,6
Northern Gannet,57.63514,-2.08112,7.5,Winter,0.0111,57,22
Northern Gannet,57.63514,-1.83628,7.5,Winter,0.1193,140,23
Northern Gannet,57.63514,-1.59145,7.5,Winter,0.1458,10,9
Northern Gannet,57.77027,-7.22272,7.5,Winter,0.0516,6,1
Northern Gannet,57.77027,-6.73304,7.5,Winter,0.0459,5,1
Northern Gannet,57.77027,-5.75369,7.5,Winter,0.0404,31,2
Northern Gannet,57.77027,-3.79499,7.5,Winter,0.0537,153,4
Northern Gannet,57.77027,-3.55015,7.5,Winter,0.06,140,25
Northern Gannet,57.77027,-3.30531,7.5,Winter,0.0331,185,6
Northern Gannet,57.90541,-6.73304,7.5,Winter,0.0481,1,1
Northern Gannet,57.90541,-6.48821,7.5,Winter,0.0451,7,1
Northern Gannet,57.90541,-6.24337,7.5,Winter,0.0564,89,14
Northern Gannet,57.90541,-5.50885,7.5,Winter,0.0427,41,6
Northern Gannet,57.90541,-4.03983,7.5,Winter,0.0427,192,11
Northern Gannet,57.90541,-3.79499,7.5,Winter,0.0849,17,7
Northern Gannet,58.04054,-5.75369,7.5,Winter,0.0561,1,1
Northern Gannet,58.04054,-3.79499,7.5,Winter,0.0905,38,6
Northern Gannet,58.17568,-6.97788,7.5,Winter,0.0571,3,1
Northern Gannet,58.17568,-6.48821,7.5,Winter,0.0498,51,3
Northern Gannet,58.17568,-6.24337,7.5,Winter,0.0629,54,1
Northern Gannet,58.17568,-3.55015,7.5,Winter,0.0893,14,2
Northern Gannet,58.17568,-3.30531,7.5,Winter,0.0458,1,1
Northern Gannet,58.31081,-6.73304,7.5,Winter,0.0902,11,2
Northern Gannet,58.31081,-6.48821,7.5,Winter,0.0841,3,1
Northern Gannet,58.31081,-6.24337,7.5,Winter,0.1217,53,7
Northern Gannet,58.31081,-3.06047,7.5,Winter,0.1346,4,1
Northern Gannet,58.44595,-6.24337,7.5,Winter,0.185,13,2
Northern Gannet,58.58108,-6.24337,7.5,Winter,0.2008,9,6
Northern Gannet,58.58108,-4.77434,7.5,Winter,0.0887,27,2
Northern Gannet,58.58108,-4.03983,7.5,Winter,0.0758,3,2
Northern Gannet,58.58108,-3.55015,7.5,Winter,0.0904,57,1
Northern Gannet,58.58108,-3.06047,7.5,Winter,0.1725,30,8
Northern Gannet,58.71622,-3.30531,7.5,Winter,0.0462,10,3
Northern Gannet,58.85135,-3.06047,7.5,Winter,0.1522,16,1
Northern Gannet,58.85135,-2.81564,7.5,Winter,0.0745,28,2
Northern Gannet,58.98649,-3.06047,7.5,Winter,0.0938,31,1
Northern Gannet,58.98649,-2.81564,7.5,Winter,0.0518,12,1
Northern Gannet,59.12162,-3.30531,7.5,Winter,0.0432,15,1
Northern Gannet,59.25676,-2.5708,7.5,Winter,0.2035,15,1
Northern Gannet,59.39189,-2.32596,7.5,Winter,0.3073,15,1
Northern Gannet,59.52703,-1.59145,7.5,Winter,0.5037,87,27
Northern Gannet,59.7973,-1.34661,7.5,Winter,0.4645,30,22
Northern Gannet,59.93243,-1.34661,7.5,Winter,0.0277,905,152
Northern Gannet,60.06757,-4.28466,7.5,Winter,0.1965,11,9
Northern Gannet,60.06757,-2.08112,7.5,Winter,0.1401,7,1
Northern Gannet,60.06757,-1.34661,7.5,Winter,0.0446,290,27
Northern Gannet,60.06757,-1.10177,7.5,Winter,0.1701,96,10
Northern Gannet,60.2027,-2.08112,7.5,Winter,0.2114,3,1
Northern Gannet,60.2027,-1.34661,7.5,Winter,0.0635,47,1
Northern Gannet,60.2027,-1.10177,7.5,Winter,0.2059,254,42
Northern Gannet,60.33784,-1.59145,7.5,Winter,0.1517,9,3
Northern Gannet,60.33784,-1.10177,7.5,Winter,0.1969,18,4
Northern Gannet,60.47297,-1.59145,7.5,Winter,0.1497,6,1
Northern Gannet,60.47297,-1.10177,7.5,Winter,0.195,13,2
Northern Gannet,60.47297,-0.85693,7.5,Winter,0.1595,1,1
Northern Gannet,60.60811,-1.10177,7.5,Winter,0.1818,50,1
Northern Gannet,60.60811,-0.85693,7.5,Winter,0.1517,4,2
Northern Gannet,60.74324,-1.10177,7.5,Winter,0.1799,15,1
Northern Gannet,60.74324,-0.85693,7.5,Winter,0.1528,280,59
Northern Gannet,60.87838,-0.85693,7.5,Winter,0.2426,32,21
Osprey,54.93243,-4.03983,7.5,Autumn,0.0025,53,1
Osprey,54.93243,-3.79499,7.5,Autumn,0.0021,92,1
Osprey,54.93243,-3.06047,7.5,Autumn,0.0027,46,2
Osprey,55.60811,-4.77434,7.5,Autumn,0.0009,3758,1
Osprey,55.60811,-2.81564,7.5,Autumn,0.0015,83,1
Osprey,55.74324,-6.24337,7.5,Autumn,0.001,173,1
Osprey,55.74324,-3.06047,7.5,Autumn,0.0015,165,2
Osprey,55.74324,-2.08112,7.5,Autumn,0.0015,9,1
Osprey,55.87838,-5.50885,7.5,Autumn,0.0019,16,1
Osprey,55.87838,-4.5295,7.5,Autumn,0.0013,297,2
Osprey,55.87838,-3.79499,7.5,Autumn,0.0012,50,3
Osprey,55.87838,-3.06047,7.5,Autumn,0.0011,1429,1
Osprey,56.01351,-5.75369,7.5,Autumn,0.002,10,2
Osprey,56.01351,-5.50885,7.5,Autumn,0.0026,48,2
Osprey,56.01351,-4.77434,7.5,Autumn,0.0023,77,1
Osprey,56.01351,-4.5295,7.5,Autumn,0.0018,132,3
Osprey,56.01351,-4.03983,7.5,Autumn,0.0015,27,1
Osprey,56.01351,-3.55015,7.5,Autumn,0.0011,300,1
Osprey,56.01351,-3.06047,7.5,Autumn,0.0011,1856,5
Osprey,56.01351,-2.81564,7.5,Autumn,0.0011,652,1
Osprey,56.14865,-6.24337,7.5,Autumn,0.0014,9,1
Osprey,56.14865,-4.77434,7.5,Autumn,0.0043,53,1
Osprey,56.14865,-4.03983,7.5,Autumn,0.0056,176,1
Osprey,56.14865,-3.79499,7.5,Autumn,0.0044,274,2
Osprey,56.14865,-3.30531,7.5,Autumn,0.0061,374,33
Osprey,56.28378,-5.26402,7.5,Autumn,0.0027,2,1
Osprey,56.28378,-4.77434,7.5,Autumn,0.0036,22,1
Osprey,56.28378,-4.28466,7.5,Autumn,0.007,38,1
Osprey,56.28378,-3.30531,7.5,Autumn,0.0106,77,2
Osprey,56.28378,-3.06047,7.5,Autumn,0.0099,309,2
Osprey,56.28378,-2.81564,7.5,Autumn,0.0031,885,1
Osprey,56.41892,-4.28466,7.5,Autumn,0.0075,69,1
Osprey,56.41892,-2.81564,7.5,Autumn,0.0094,548,60
Osprey,56.55405,-3.55015,7.5,Autumn,0.0072,128,1
Osprey,56.68919,-3.79499,7.5,Autumn,0.0053,146,1
Osprey,56.68919,-3.06047,7.5,Autumn,0.0101,95,2
Osprey,56.68919,-2.81564,7.5,Autumn,0.0105,37,3
Osprey,56.68919,-2.5708,7.5,Autumn,0.0088,265,14
Osprey,56.82432,-5.01918,7.5,Autumn,0.0022,127,1
Osprey,56.82432,-2.5708,7.5,Autumn,0.0046,79,1
Osprey,57.09459,-5.99853,7.5,Autumn,0.0011,37,1
Osprey,57.09459,-4.03983,7.5,Autumn,0.0047,242,1
Osprey,57.09459,-3.79499,7.5,Autumn,0.004,105,1
Osprey,57.22973,-5.75369,7.5,Autumn,0.0012,61,1
Osprey,57.22973,-3.79499,7.5,Autumn,0.004,655,3
Osprey,57.36486,-4.5295,7.5,Autumn,0.0047,158,1
Osprey,57.36486,-4.28466,7.5,Autumn,0.0063,108,4
Osprey,57.36486,-2.08112,7.5,Autumn,0.0013,200,3
Osprey,57.5,-5.75369,7.5,Autumn,0.0012,50,2
Osprey,57.5,-4.77434,7.5,Autumn,0.0066,4,1
Osprey,57.5,-4.5295,7.5,Autumn,0.0159,80,2
Osprey,57.5,-4.28466,7.5,Autumn,0.0328,562,20
Osprey,57.5,-4.03983,7.5,Autumn,0.0233,423,9
Osprey,57.63514,-4.77434,7.5,Autumn,0.0115,9,1
Osprey,57.63514,-4.5295,7.5,Autumn,0.023,83,2
Osprey,57.63514,-4.28466,7.5,Autumn,0.0469,93,2
Osprey,57.63514,-4.03983,7.5,Autumn,0.0437,581,40
Osprey,57.63514,-3.55015,7.5,Autumn,0.0165,283,25
Osprey,57.63514,-3.06047,7.5,Autumn,0.0182,109,5
Osprey,57.63514,-2.5708,7.5,Autumn,0.0072,29,2
Osprey,57.63514,-1.83628,7.5,Autumn,0.0019,165,1
Osprey,57.77027,-4.03983,7.5,Autumn,0.0283,104,5
Osprey,57.77027,-3.79499,7.5,Autumn,0.021,172,2
Osprey,57.77027,-3.30531,7.5,Autumn,0.0096,202,3
Osprey,57.90541,-5.26402,7.5,Autumn,0.0017,101,1
Osprey,57.90541,-4.03983,7.5,Autumn,0.0234,167,6
Osprey,57.90541,-3.79499,7.5,Autumn,0.0172,76,2
Osprey,58.04054,-4.03983,7.5,Autumn,0.0103,14,1
Osprey,58.58108,-4.77434,7.5,Autumn,0.0016,66,1
Osprey,58.58108,-4.03983,7.5,Autumn,0.0018,21,1
Osprey,54.7973,-4.28466,7.5,Spring,0.006,23,1
Osprey,54.7973,-4.03983,7.5,Spring,0.0069,114,1
Osprey,54.93243,-4.5295,7.5,Spring,0.0122,64,1
Osprey,54.93243,-4.03983,7.5,Spring,0.0199,118,52
Osprey,54.93243,-3.55015,7.5,Spring,0.0059,256,3
Osprey,54.93243,-3.06047,7.5,Spring,0.009,53,1
Osprey,55.06757,-4.5295,7.5,Spring,0.0183,70,2
Osprey,55.06757,-4.03983,7.5,Spring,0.0205,73,2
Osprey,55.06757,-3.55015,7.5,Spring,0.0102,243,1
Osprey,55.06757,-3.30531,7.5,Spring,0.0112,79,1
Osprey,55.2027,-3.55015,7.5,Spring,0.0104,7,1
Osprey,55.2027,-3.30531,7.5,Spring,0.011,75,1
Osprey,55.2027,-3.06047,7.5,Spring,0.0149,49,2
Osprey,55.33784,-4.28466,7.5,Spring,0.0145,147,28
Osprey,55.33784,-3.55015,7.5,Spring,0.0124,100,1
Osprey,55.47297,-4.28466,7.5,Spring,0.0081,36,1
Osprey,55.47297,-3.79499,7.5,Spring,0.0098,119,1
Osprey,55.47297,-3.30531,7.5,Spring,0.0185,66,3
Osprey,55.47297,-2.5708,7.5,Spring,0.021,52,1
Osprey,55.60811,-5.99853,7.5,Spring,0.0013,16,1
Osprey,55.60811,-5.75369,7.5,Spring,0.0014,34,1
Osprey,55.60811,-4.77434,7.5,Spring,0.0014,3607,1
Osprey,55.60811,-3.30531,7.5,Spring,0.0267,97,3
Osprey,55.60811,-3.06047,7.5,Spring,0.0685,58,4
Osprey,55.60811,-2.81564,7.5,Spring,0.0638,127,3
Osprey,55.60811,-2.5708,7.5,Spring,0.0651,64,3
Osprey,55.60811,-2.32596,7.5,Spring,0.0252,44,1
Osprey,55.74324,-5.50885,7.5,Spring,0.0041,40,2
Osprey,55.74324,-5.01918,7.5,Spring,0.0039,108,2
Osprey,55.74324,-4.5295,7.5,Spring,0.0138,468,21
Osprey,55.74324,-4.28466,7.5,Spring,0.0069,998,1
Osprey,55.74324,-4.03983,7.5,Spring,0.007,315,1
Osprey,55.74324,-3.55015,7.5,Spring,0.0198,38,2
Osprey,55.74324,-3.06047,7.5,Spring,0.0637,398,35
Osprey,55.74324,-2.08112,7.5,Spring,0.019,42,1
Osprey,55.87838,-6.24337,7.5,Spring,0.0018,110,3
Osprey,55.87838,-5.50885,7.5,Spring,0.0123,30,1
Osprey,55.87838,-5.01918,7.5,Spring,0.0168,56,6
Osprey,55.87838,-4.77434,7.5,Spring,0.0155,59,2
Osprey,55.87838,-4.5295,7.5,Spring,0.0084,458,9
Osprey,55.87838,-4.28466,7.5,Spring,0.0028,2168,2
Osprey,55.87838,-4.03983,7.5,Spring,0.0033,258,1
Osprey,55.87838,-3.79499,7.5,Spring,0.0059,47,2
Osprey,55.87838,-3.55015,7.5,Spring,0.0073,219,1
Osprey,55.87838,-3.30531,7.5,Spring,0.006,2071,17
Osprey,55.87838,-3.06047,7.5,Spring,0.0084,2165,2
Osprey,55.87838,-2.5708,7.5,Spring,0.0137,232,10
Osprey,56.01351,-5.50885,7.5,Spring,0.0154,97,8
Osprey,56.01351,-5.26402,7.5,Spring,0.0165,45,3
Osprey,56.01351,-5.01918,7.5,Spring,0.018,167,2
Osprey,56.01351,-4.77434,7.5,Spring,0.017,189,3
Osprey,56.01351,-4.5295,7.5,Spring,0.0116,435,77
Osprey,56.01351,-4.03983,7.5,Spring,0.0026,39,6
Osprey,56.01351,-3.06047,7.5,Spring,0.0021,2432,7
Osprey,56.01351,-2.81564,7.5,Spring,0.0019,928,1
Osprey,56.01351,-2.32596,7.5,Spring,0.0021,300,2
Osprey,56.14865,-5.50885,7.5,Spring,0.0215,78,5
Osprey,56.14865,-5.26402,7.5,Spring,0.0216,28,2
Osprey,56.14865,-4.5295,7.5,Spring,0.0818,234,9
Osprey,56.14865,-4.28466,7.5,Spring,0.0647,180,11
Osprey,56.14865,-4.03983,7.5,Spring,0.0284,535,2
Osprey,56.14865,-3.79499,7.5,Spring,0.0191,695,1
Osprey,56.14865,-3.55015,7.5,Spring,0.018,219,1
Osprey,56.14865,-3.30531,7.5,Spring,0.0138,652,20
Osprey,56.14865,-2.81564,7.5,Spring,0.0045,399,1
Osprey,56.28378,-5.01918,7.5,Spring,0.0291,58,1
Osprey,56.28378,-4.77434,7.5,Spring,0.0246,86,2
Osprey,56.28378,-4.5295,7.5,Spring,0.0804,56,3
Osprey,56.28378,-4.28466,7.5,Spring,0.0722,269,14
Osprey,56.28378,-4.03983,7.5,Spring,0.0404,43,10
Osprey,56.28378,-3.79499,7.5,Spring,0.034,106,1
Osprey,56.28378,-3.55015,7.5,Spring,0.0288,32,1
Osprey,56.28378,-3.30531,7.5,Spring,0.0225,146,5
Osprey,56.28378,-3.06047,7.5,Spring,0.018,546,5
Osprey,56.28378,-2.81564,7.5,Spring,0.0051,1514,13
Osprey,56.28378,-2.5708,7.5,Spring,0.0028,559,1
Osprey,56.41892,-5.75369,7.5,Spring,0.002,385,5
Osprey,56.41892,-5.50885,7.5,Spring,0.0049,396,1
Osprey,56.41892,-5.01918,7.5,Spring,0.0141,73,13
Osprey,56.41892,-4.28466,7.5,Spring,0.1018,86,5
Osprey,56.41892,-4.03983,7.5,Spring,0.0808,122,9
Osprey,56.41892,-3.79499,7.5,Spring,0.08,80,2
Osprey,56.41892,-3.55015,7.5,Spring,0.0689,238,8
Osprey,56.41892,-3.30531,7.5,Spring,0.0676,261,3
Osprey,56.41892,-3.06047,7.5,Spring,0.0779,540,4
Osprey,56.41892,-2.81564,7.5,Spring,0.063,655,40
Osprey,56.55405,-6.24337,7.5,Spring,0.0011,182,1
Osprey,56.55405,-5.50885,7.5,Spring,0.0039,85,2
Osprey,56.55405,-4.28466,7.5,Spring,0.1064,17,1
Osprey,56.55405,-4.03983,7.5,Spring,0.0897,55,1
Osprey,56.55405,-3.55015,7.5,Spring,0.0834,294,127
Osprey,56.55405,-3.30531,7.5,Spring,0.0841,54,4
Osprey,56.55405,-2.81564,7.5,Spring,0.0786,55,4
Osprey,56.68919,-4.5295,7.5,Spring,0.0774,10,1
Osprey,56.68919,-4.28466,7.5,Spring,0.1203,19,2
Osprey,56.68919,-4.03983,7.5,Spring,0.1087,46,1
Osprey,56.68919,-3.79499,7.5,Spring,0.112,290,2
Osprey,56.68919,-3.30531,7.5,Spring,0.1044,83,7
Osprey,56.68919,-3.06047,7.5,Spring,0.1279,181,48
Osprey,56.68919,-2.81564,7.5,Spring,0.0922,111,24
Osprey,56.68919,-2.5708,7.5,Spring,0.0352,253,9
Osprey,56.82432,-5.50885,7.5,Spring,0.0033,86,2
Osprey,56.82432,-5.01918,7.5,Spring,0.0092,256,2
Osprey,56.82432,-3.79499,7.5,Spring,0.1085,59,1
Osprey,56.82432,-3.30531,7.5,Spring,0.0958,111,2
Osprey,56.82432,-3.06047,7.5,Spring,0.1145,25,1
Osprey,56.82432,-2.5708,7.5,Spring,0.026,127,2
Osprey,56.82432,-2.32596,7.5,Spring,0.0081,78,1
Osprey,56.95946,-4.28466,7.5,Spring,0.1145,91,1
Osprey,56.95946,-3.55015,7.5,Spring,0.0953,57,5
Osprey,56.95946,-3.30531,7.5,Spring,0.0957,107,8
Osprey,57.09459,-5.75369,7.5,Spring,0.0016,50,1
Osprey,57.09459,-4.77434,7.5,Spring,0.014,114,1
Osprey,57.09459,-4.03983,7.5,Spring,0.111,709,144
Osprey,57.09459,-3.79499,7.5,Spring,0.1149,375,11
Osprey,57.09459,-3.55015,7.5,Spring,0.0987,433,1
Osprey,57.09459,-3.30531,7.5,Spring,0.098,78,3
Osprey,57.09459,-3.06047,7.5,Spring,0.1164,69,1
Osprey,57.09459,-2.81564,7.5,Spring,0.0624,188,8
Osprey,57.09459,-2.5708,7.5,Spring,0.0253,64,2
Osprey,57.09459,-2.32596,7.5,Spring,0.0078,89,1
Osprey,57.09459,-2.08112,7.5,Spring,0.0082,1560,3
Osprey,57.22973,-7.22272,7.5,Spring,0.0012,50,3
Osprey,57.22973,-5.99853,7.5,Spring,0.0013,315,1
Osprey,57.22973,-5.01918,7.5,Spring,0.0132,41,1
Osprey,57.22973,-4.77434,7.5,Spring,0.0202,34,1
Osprey,57.22973,-4.5295,7.5,Spring,0.0938,45,1
Osprey,57.22973,-4.28466,7.5,Spring,0.1453,11,2
Osprey,57.22973,-4.03983,7.5,Spring,0.1476,252,15
Osprey,57.22973,-3.79499,7.5,Spring,0.1595,2240,365
Osprey,57.22973,-3.55015,7.5,Spring,0.1046,560,27
Osprey,57.22973,-3.30531,7.5,Spring,0.1001,123,1
Osprey,57.22973,-2.5708,7.5,Spring,0.0274,20,1
Osprey,57.22973,-2.32596,7.5,Spring,0.0119,52,1
Osprey,57.22973,-2.08112,7.5,Spring,0.0121,488,1
Osprey,57.36486,-5.50885,7.5,Spring,0.0032,59,1
Osprey,57.36486,-4.77434,7.5,Spring,0.026,86,1
Osprey,57.36486,-4.5295,7.5,Spring,0.0951,272,3
Osprey,57.36486,-4.28466,7.5,Spring,0.1442,333,59
Osprey,57.36486,-4.03983,7.5,Spring,0.1397,118,1
Osprey,57.36486,-3.79499,7.5,Spring,0.1371,407,37
Osprey,57.36486,-3.55015,7.5,Spring,0.095,445,10
Osprey,57.36486,-3.30531,7.5,Spring,0.1035,43,1
Osprey,57.36486,-2.5708,7.5,Spring,0.037,25,1
Osprey,57.36486,-2.32596,7.5,Spring,0.0247,30,5
Osprey,57.36486,-2.08112,7.5,Spring,0.0256,274,29
Osprey,57.36486,-1.83628,7.5,Spring,0.0207,69,2
Osprey,57.5,-4.77434,7.5,Spring,0.0281,7,1
Osprey,57.5,-4.5295,7.5,Spring,0.1116,192,19
Osprey,57.5,-4.28466,7.5,Spring,0.1463,915,40
Osprey,57.5,-4.03983,7.5,Spring,0.1431,691,26
Osprey,57.5,-3.79499,7.5,Spring,0.1424,39,2
Osprey,57.5,-3.55015,7.5,Spring,0.0979,26,2
Osprey,57.5,-2.81564,7.5,Spring,0.0651,26,1
Osprey,57.5,-2.32596,7.5,Spring,0.0256,43,5
Osprey,57.5,-2.08112,7.5,Spring,0.0263,46,11
Osprey,57.63514,-6.24337,7.5,Spring,0.001,360,2
Osprey,57.63514,-5.01918,7.5,Spring,0.0177,22,1
Osprey,57.63514,-4.77434,7.5,Spring,0.0314,38,5
Osprey,57.63514,-4.5295,7.5,Spring,0.0998,168,1
Osprey,57.63514,-4.28466,7.5,Spring,0.1479,160,6
Osprey,57.63514,-4.03983,7.5,Spring,0.1473,569,38
Osprey,57.63514,-3.79499,7.5,Spring,0.1443,223,8
Osprey,57.63514,-3.55015,7.5,Spring,0.1005,328,26
Osprey,57.63514,-3.30531,7.5,Spring,0.1087,232,7
Osprey,57.63514,-3.06047,7.5,Spring,0.1248,167,49
Osprey,57.63514,-2.81564,7.5,Spring,0.0606,87,1
Osprey,57.63514,-1.83628,7.5,Spring,0.0187,232,16
Osprey,57.77027,-5.75369,7.5,Spring,0.0015,131,1
Osprey,57.77027,-5.50885,7.5,Spring,0.0036,84,1
Osprey,57.77027,-5.01918,7.5,Spring,0.0173,49,1
Osprey,57.77027,-4.28466,7.5,Spring,0.1503,40,3
Osprey,57.77027,-4.03983,7.5,Spring,0.1512,201,28
Osprey,57.77027,-3.79499,7.5,Spring,0.1398,199,2
Osprey,57.77027,-3.55015,7.5,Spring,0.1034,157,1
Osprey,57.77027,-3.30531,7.5,Spring,0.0847,165,29
Osprey,57.90541,-5.50885,7.5,Spring,0.0037,117,1
Osprey,57.90541,-5.26402,7.5,Spring,0.0041,130,1
Osprey,57.90541,-4.5295,7.5,Spring,0.0992,18,1
Osprey,57.90541,-4.28466,7.5,Spring,0.148,115,13
Osprey,57.90541,-4.03983,7.5,Spring,0.1489,326,74
Osprey,58.04054,-5.26402,7.5,Spring,0.0043,24,2
Osprey,58.04054,-4.5295,7.5,Spring,0.0922,61,1
Osprey,58.04054,-4.28466,7.5,Spring,0.1384,55,5
Osprey,58.04054,-4.03983,7.5,Spring,0.141,61,4
Osprey,58.04054,-3.79499,7.5,Spring,0.1295,75,1
Osprey,58.17568,-3.79499,7.5,Spring,0.0885,13,1
Osprey,58.31081,-6.24337,7.5,Spring,0.001,135,1
Osprey,58.31081,-5.01918,7.5,Spring,0.0126,43,4
Osprey,58.31081,-4.28466,7.5,Spring,0.071,7,1
Osprey,58.31081,-4.03983,7.5,Spring,0.0743,3,2
Osprey,58.31081,-3.79499,7.5,Spring,0.0682,31,1
Osprey,58.31081,-3.55015,7.5,Spring,0.0529,14,1
Osprey,58.44595,-5.26402,7.5,Spring,0.0022,89,1
Osprey,58.44595,-3.55015,7.5,Spring,0.0443,11,1
Osprey,58.44595,-3.30531,7.5,Spring,0.0184,21,2
Osprey,58.44595,-3.06047,7.5,Spring,0.0148,87,1
Osprey,58.58108,-4.77434,7.5,Spring,0.0032,149,1
Osprey,58.58108,-3.30531,7.5,Spring,0.0012,100,1
Osprey,58.98649,-3.30531,7.5,Spring,0.0012,299,2
Osprey,59.39189,-2.32596,7.5,Spring,0.0012,344,1
Osprey,59.52703,-1.59145,7.5,Spring,0.001,456,10
Osprey,59.93243,-1.34661,7.5,Spring,0.0009,1629,2
Osprey,60.33784,-1.34661,7.5,Spring,0.001,70,3
Osprey,54.7973,-4.5295,7.5,Summer,0.0093,34,1
Osprey,54.7973,-4.28466,7.5,Summer,0.0132,27,1
Osprey,54.7973,-4.03983,7.5,Summer,0.0147,46,1
Osprey,54.7973,-3.79499,7.5,Summer,0.0046,22,1
Osprey,54.93243,-5.01918,7.5,Summer,0.0023,74,1
Osprey,54.93243,-4.28466,7.5,Summer,0.038,35,1
Osprey,54.93243,-4.03983,7.5,Summer,0.0409,106,31
Osprey,54.93243,-3.55015,7.5,Summer,0.0075,171,2
Osprey,55.06757,-4.5295,7.5,Summer,0.0187,44,2
Osprey,55.06757,-4.03983,7.5,Summer,0.0198,63,3
Osprey,55.06757,-3.55015,7.5,Summer,0.0069,192,1
Osprey,55.2027,-4.03983,7.5,Summer,0.0203,23,1
Osprey,55.33784,-5.75369,7.5,Summer,0.0041,17,1
Osprey,55.33784,-4.28466,7.5,Summer,0.0113,47,12
Osprey,55.47297,-5.50885,7.5,Summer,0.0022,25,1
Osprey,55.47297,-5.26402,7.5,Summer,0.002,20,1
Osprey,55.47297,-4.5295,7.5,Summer,0.0077,794,2
Osprey,55.47297,-3.55015,7.5,Summer,0.0102,88,3
Osprey,55.47297,-3.30531,7.5,Summer,0.0117,63,8
Osprey,55.60811,-5.75369,7.5,Summer,0.0023,15,2
Osprey,55.60811,-4.77434,7.5,Summer,0.0021,3125,3
Osprey,55.60811,-4.5295,7.5,Summer,0.0078,27860,3
Osprey,55.60811,-3.06047,7.5,Summer,0.0516,83,6
Osprey,55.60811,-2.81564,7.5,Summer,0.0482,109,3
Osprey,55.60811,-2.5708,7.5,Summer,0.0447,41,1
Osprey,55.74324,-6.48821,7.5,Summer,0.0019,38,1
Osprey,55.74324,-6.24337,7.5,Summer,0.0018,63,1
Osprey,55.74324,-4.5295,7.5,Summer,0.0086,277,9
Osprey,55.74324,-4.03983,7.5,Summer,0.0073,219,2
Osprey,55.74324,-3.55015,7.5,Summer,0.0154,24,1
Osprey,55.74324,-3.06047,7.5,Summer,0.058,133,26
Osprey,55.74324,-2.5708,7.5,Summer,0.0477,14,1
Osprey,55.74324,-2.08112,7.5,Summer,0.0229,40,2
Osprey,55.87838,-6.24337,7.5,Summer,0.0026,94,1
Osprey,55.87838,-5.99853,7.5,Summer,0.0034,21,1
Osprey,55.87838,-5.50885,7.5,Summer,0.0187,48,1
Osprey,55.87838,-5.26402,7.5,Summer,0.0217,24,1
Osprey,55.87838,-4.5295,7.5,Summer,0.0084,292,4
Osprey,55.87838,-4.03983,7.5,Summer,0.0048,131,2
Osprey,55.87838,-3.79499,7.5,Summer,0.01,42,6
Osprey,55.87838,-3.55015,7.5,Summer,0.0095,134,4
Osprey,55.87838,-3.30531,7.5,Summer,0.007,1184,8
Osprey,55.87838,-2.5708,7.5,Summer,0.0112,109,4
Osprey,56.01351,-5.50885,7.5,Summer,0.0218,37,3
Osprey,56.01351,-5.26402,7.5,Summer,0.0239,22,2
Osprey,56.01351,-5.01918,7.5,Summer,0.0286,85,8
Osprey,56.01351,-4.77434,7.5,Summer,0.0267,128,3
Osprey,56.01351,-4.5295,7.5,Summer,0.0288,279,53
Osprey,56.01351,-4.28466,7.5,Summer,0.0103,90,3
Osprey,56.01351,-4.03983,7.5,Summer,0.0104,53,10
Osprey,56.01351,-3.79499,7.5,Summer,0.008,365,2
Osprey,56.01351,-3.55015,7.5,Summer,0.003,266,3
Osprey,56.01351,-3.30531,7.5,Summer,0.002,2181,1
Osprey,56.01351,-3.06047,7.5,Summer,0.0023,2396,10
Osprey,56.01351,-2.5708,7.5,Summer,0.0025,613,4
Osprey,56.14865,-6.24337,7.5,Summer,0.0019,6,1
Osprey,56.14865,-5.50885,7.5,Summer,0.0237,74,4
Osprey,56.14865,-4.5295,7.5,Summer,0.1155,225,14
Osprey,56.14865,-4.28466,7.5,Summer,0.097,111,9
Osprey,56.14865,-4.03983,7.5,Summer,0.0666,349,10
Osprey,56.14865,-3.79499,7.5,Summer,0.0496,328,3
Osprey,56.14865,-3.30531,7.5,Summer,0.0284,405,57
Osprey,56.28378,-6.48821,7.5,Summer,0.0014,238,1
Osprey,56.28378,-5.50885,7.5,Summer,0.015,51,4
Osprey,56.28378,-4.77434,7.5,Summer,0.0169,90,2
Osprey,56.28378,-4.5295,7.5,Summer,0.0897,49,5
Osprey,56.28378,-4.28466,7.5,Summer,0.0854,205,16
Osprey,56.28378,-4.03983,7.5,Summer,0.0765,8,1
Osprey,56.28378,-3.79499,7.5,Summer,0.0654,77,3
Osprey,56.28378,-3.55015,7.5,Summer,0.0562,35,2
Osprey,56.28378,-3.30531,7.5,Summer,0.0467,90,6
Osprey,56.28378,-3.06047,7.5,Summer,0.0251,322,6
Osprey,56.28378,-2.81564,7.5,Summer,0.0074,1122,9
Osprey,56.28378,-2.5708,7.5,Summer,0.0039,524,2
Osprey,56.41892,-6.24337,7.5,Summer,0.0012,224,1
Osprey,56.41892,-5.99853,7.5,Summer,0.0028,294,1
Osprey,56.41892,-5.75369,7.5,Summer,0.0036,361,4
Osprey,56.41892,-5.50885,7.5,Summer,0.0042,433,1
Osprey,56.41892,-5.01918,7.5,Summer,0.0085,33,2
Osprey,56.41892,-4.5295,7.5,Summer,0.1035,45,1
Osprey,56.41892,-4.28466,7.5,Summer,0.1276,97,9
Osprey,56.41892,-4.03983,7.5,Summer,0.1206,50,11
Osprey,56.41892,-3.55015,7.5,Summer,0.0996,110,1
Osprey,56.41892,-3.30531,7.5,Summer,0.1092,198,4
Osprey,56.41892,-3.06047,7.5,Summer,0.1161,357,3
Osprey,56.41892,-2.81564,7.5,Summer,0.1013,590,92
Osprey,56.55405,-5.99853,7.5,Summer,0.0032,274,3
Osprey,56.55405,-4.77434,7.5,Summer,0.0131,50,1
Osprey,56.55405,-4.03983,7.5,Summer,0.1252,49,2
Osprey,56.55405,-3.55015,7.5,Summer,0.1079,287,105
Osprey,56.55405,-3.30531,7.5,Summer,0.1181,47,3
Osprey,56.55405,-2.81564,7.5,Summer,0.1069,30,1
Osprey,56.68919,-5.50885,7.5,Summer,0.0038,44,1
Osprey,56.68919,-5.26402,7.5,Summer,0.0036,139,1
Osprey,56.68919,-5.01918,7.5,Summer,0.0081,304,2
Osprey,56.68919,-4.5295,7.5,Summer,0.1079,12,1
Osprey,56.68919,-4.03983,7.5,Summer,0.1328,50,2
Osprey,56.68919,-3.79499,7.5,Summer,0.1317,268,11
Osprey,56.68919,-3.55015,7.5,Summer,0.1217,12,1
Osprey,56.68919,-3.30531,7.5,Summer,0.1292,40,8
Osprey,56.68919,-3.06047,7.5,Summer,0.1443,142,42
Osprey,56.68919,-2.81564,7.5,Summer,0.1226,56,18
Osprey,56.68919,-2.5708,7.5,Summer,0.1019,238,40
Osprey,56.68919,-2.32596,7.5,Summer,0.0171,30,5
Osprey,56.82432,-5.75369,7.5,Summer,0.0035,93,8
Osprey,56.82432,-5.01918,7.5,Summer,0.0098,276,2
Osprey,56.82432,-4.28466,7.5,Summer,0.1354,15,2
Osprey,56.82432,-4.03983,7.5,Summer,0.1269,25,1
Osprey,56.82432,-3.30531,7.5,Summer,0.1153,104,1
Osprey,56.82432,-3.06047,7.5,Summer,0.1265,27,1
Osprey,56.82432,-2.5708,7.5,Summer,0.0728,78,8
Osprey,56.82432,-2.32596,7.5,Summer,0.0124,71,1
Osprey,56.95946,-4.5295,7.5,Summer,0.1121,28,1
Osprey,56.95946,-4.28466,7.5,Summer,0.134,75,1
Osprey,56.95946,-4.03983,7.5,Summer,0.1259,1,1
Osprey,56.95946,-3.55015,7.5,Summer,0.1091,70,5
Osprey,56.95946,-3.30531,7.5,Summer,0.1154,105,3
Osprey,56.95946,-2.81564,7.5,Summer,0.0812,64,5
Osprey,57.09459,-4.77434,7.5,Summer,0.0156,136,2
Osprey,57.09459,-4.03983,7.5,Summer,0.12,526,81
Osprey,57.09459,-3.79499,7.5,Summer,0.1202,311,9
Osprey,57.09459,-3.55015,7.5,Summer,0.1029,315,2
Osprey,57.09459,-3.30531,7.5,Summer,0.1116,90,2
Osprey,57.09459,-3.06047,7.5,Summer,0.1229,80,4
Osprey,57.09459,-2.81564,7.5,Summer,0.0809,84,3
Osprey,57.09459,-2.5708,7.5,Summer,0.0615,32,1
Osprey,57.09459,-2.32596,7.5,Summer,0.0112,68,1
Osprey,57.09459,-2.08112,7.5,Summer,0.0107,1194,5
Osprey,57.22973,-5.75369,7.5,Summer,0.0024,148,4
Osprey,57.22973,-5.26402,7.5,Summer,0.0041,9,1
Osprey,57.22973,-5.01918,7.5,Summer,0.0133,28,1
Osprey,57.22973,-4.5295,7.5,Summer,0.1178,77,4
Osprey,57.22973,-4.03983,7.5,Summer,0.153,133,9
Osprey,57.22973,-3.79499,7.5,Summer,0.1543,1932,322
Osprey,57.22973,-3.55015,7.5,Summer,0.101,441,1
Osprey,57.22973,-3.30531,7.5,Summer,0.111,128,1
Osprey,57.22973,-2.81564,7.5,Summer,0.0794,22,1
Osprey,57.22973,-2.5708,7.5,Summer,0.0638,23,1
Osprey,57.22973,-2.08112,7.5,Summer,0.0254,267,4
Osprey,57.36486,-6.24337,7.5,Summer,0.0011,292,1
Osprey,57.36486,-5.99853,7.5,Summer,0.002,33,1
Osprey,57.36486,-5.01918,7.5,Summer,0.0193,3,1
Osprey,57.36486,-4.5295,7.5,Summer,0.1231,222,6
Osprey,57.36486,-4.28466,7.5,Summer,0.1612,264,61
Osprey,57.36486,-4.03983,7.5,Summer,0.1525,86,5
Osprey,57.36486,-3.79499,7.5,Summer,0.1461,308,27
Osprey,57.36486,-3.55015,7.5,Summer,0.0968,381,11
Osprey,57.36486,-2.32596,7.5,Summer,0.038,37,5
Osprey,57.36486,-2.08112,7.5,Summer,0.0386,330,57
Osprey,57.5,-7.22272,7.5,Summer,0.0011,111,1
Osprey,57.5,-6.24337,7.5,Summer,0.0011,189,1
Osprey,57.5,-5.01918,7.5,Summer,0.021,8,1
Osprey,57.5,-4.77434,7.5,Summer,0.0339,6,2
Osprey,57.5,-4.5295,7.5,Summer,0.1348,186,23
Osprey,57.5,-4.28466,7.5,Summer,0.1781,814,87
Osprey,57.5,-4.03983,7.5,Summer,0.171,626,49
Osprey,57.5,-3.79499,7.5,Summer,0.1667,60,4
Osprey,57.5,-2.5708,7.5,Summer,0.0818,11,1
Osprey,57.5,-2.08112,7.5,Summer,0.0443,41,17
Osprey,57.5,-1.83628,7.5,Summer,0.045,107,2
Osprey,57.63514,-7.46756,7.5,Summer,0.0011,350,1
Osprey,57.63514,-6.24337,7.5,Summer,0.0011,443,1
Osprey,57.63514,-5.75369,7.5,Summer,0.0022,46,1
Osprey,57.63514,-5.50885,7.5,Summer,0.003,49,1
Osprey,57.63514,-5.26402,7.5,Summer,0.0043,100,1
Osprey,57.63514,-4.77434,7.5,Summer,0.0403,32,11
Osprey,57.63514,-4.5295,7.5,Summer,0.1361,173,9
Osprey,57.63514,-4.28466,7.5,Summer,0.1881,189,36
Osprey,57.63514,-4.03983,7.5,Summer,0.1836,742,87
Osprey,57.63514,-3.79499,7.5,Summer,0.1777,187,13
Osprey,57.63514,-3.55015,7.5,Summer,0.1182,190,64
Osprey,57.63514,-3.30531,7.5,Summer,0.1425,127,8
Osprey,57.63514,-3.06047,7.5,Summer,0.1514,170,66
Osprey,57.63514,-2.5708,7.5,Summer,0.0823,33,1
Osprey,57.63514,-1.83628,7.5,Summer,0.046,145,27
Osprey,57.77027,-6.48821,7.5,Summer,0.0011,5,1
Osprey,57.77027,-5.75369,7.5,Summer,0.0022,159,1
Osprey,57.77027,-5.01918,7.5,Summer,0.0246,41,3
Osprey,57.77027,-4.03983,7.5,Summer,0.1804,134,26
Osprey,57.77027,-3.79499,7.5,Summer,0.1618,180,8
Osprey,57.77027,-3.55015,7.5,Summer,0.098,104,3
Osprey,57.77027,-3.30531,7.5,Summer,0.0878,140,22
Osprey,57.90541,-5.26402,7.5,Summer,0.0042,175,2
Osprey,57.90541,-5.01918,7.5,Summer,0.0253,18,1
Osprey,57.90541,-4.77434,7.5,Summer,0.038,11,1
Osprey,57.90541,-4.5295,7.5,Summer,0.1352,28,2
Osprey,57.90541,-4.28466,7.5,Summer,0.183,66,11
Osprey,57.90541,-4.03983,7.5,Summer,0.1785,246,74
Osprey,57.90541,-3.79499,7.5,Summer,0.158,52,1
Osprey,58.04054,-5.26402,7.5,Summer,0.0044,31,2
Osprey,58.04054,-4.77434,7.5,Summer,0.0384,10,2
Osprey,58.04054,-4.5295,7.5,Summer,0.1324,45,9
Osprey,58.04054,-4.28466,7.5,Summer,0.1755,26,7
Osprey,58.04054,-4.03983,7.5,Summer,0.1718,57,2
Osprey,58.04054,-3.79499,7.5,Summer,0.1517,81,2
Osprey,58.17568,-5.01918,7.5,Summer,0.0197,52,7
Osprey,58.17568,-3.79499,7.5,Summer,0.0765,23,1
Osprey,58.31081,-4.03983,7.5,Summer,0.0481,14,6
Osprey,58.31081,-3.79499,7.5,Summer,0.0414,47,2
Osprey,58.31081,-3.30531,7.5,Summer,0.0126,52,1
Osprey,58.44595,-5.26402,7.5,Summer,0.0019,94,1
Osprey,58.44595,-5.01918,7.5,Summer,0.0048,54,3
Osprey,58.44595,-4.5295,7.5,Summer,0.0237,33,2
Osprey,58.44595,-3.55015,7.5,Summer,0.0226,5,1
Osprey,58.44595,-3.30531,7.5,Summer,0.0116,6,1
Osprey,58.58108,-4.77434,7.5,Summer,0.0025,110,1
Osprey,58.58108,-4.5295,7.5,Summer,0.0023,26,1
Osprey,58.58108,-4.28466,7.5,Summer,0.0026,31,2
Osprey,58.58108,-3.79499,7.5,Summer,0.0026,34,1
Osprey,58.71622,-3.30531,7.5,Summer,0.0012,103,1
Osprey,58.85135,-3.06047,7.5,Summer,0.0012,70,1
Osprey,58.98649,-3.06047,7.5,Summer,0.0011,416,2
Osprey,59.39189,-2.32596,7.5,Summer,0.0012,184,1
Osprey,59.52703,-1.59145,7.5,Summer,0.0009,354,1
Osprey,60.74324,-1.10177,7.5,Summer,0.0013,31,1
Osprey,60.74324,-0.85693,7.5,Summer,0.001,401,5
Red Grouse,55.33784,-3.79499,7.5,Autumn,0.0106,15,3
Red Grouse,55.33784,-3.55015,7.5,Autumn,0.0085,19,1
Red Grouse,55.47297,-3.79499,7.5,Autumn,0.0057,51,10
Red Grouse,55.60811,-2.81564,7.5,Autumn,0.0036,83,2
Red Grouse,55.74324,-4.28466,7.5,Autumn,0.004,566,4
Red Grouse,55.74324,-3.55015,7.5,Autumn,0.0176,38,2
Red Grouse,55.74324,-3.30531,7.5,Autumn,0.1674,26,1
Red Grouse,55.74324,-3.06047,7.5,Autumn,0.2561,165,22
Red Grouse,55.87838,-4.5295,7.5,Autumn,0.0012,297,2
Red Grouse,55.87838,-3.79499,7.5,Autumn,0.0034,50,1
Red Grouse,55.87838,-3.55015,7.5,Autumn,0.005,74,1
Red Grouse,55.87838,-3.30531,7.5,Autumn,0.1028,892,50
Red Grouse,55.87838,-2.81564,7.5,Autumn,0.0317,104,3
Red Grouse,55.87838,-2.5708,7.5,Autumn,0.0848,13,11
Red Grouse,56.01351,-4.5295,7.5,Autumn,0.0017,132,2
Red Grouse,56.01351,-4.28466,7.5,Autumn,0.0073,26,2
Red Grouse,56.01351,-3.06047,7.5,Autumn,0.0015,1856,1
Red Grouse,56.14865,-3.79499,7.5,Autumn,0.0027,274,1
Red Grouse,56.14865,-3.30531,7.5,Autumn,0.0025,374,1
Red Grouse,56.28378,-4.03983,7.5,Autumn,0.0102,18,1
Red Grouse,56.28378,-3.30531,7.5,Autumn,0.0042,77,4
Red Grouse,56.41892,-4.28466,7.5,Autumn,0.0778,69,1
Red Grouse,56.41892,-4.03983,7.5,Autumn,0.1498,23,1
Red Grouse,56.41892,-3.79499,7.5,Autumn,0.1044,24,4
Red Grouse,56.55405,-4.28466,7.5,Autumn,0.1045,12,2
Red Grouse,56.55405,-4.03983,7.5,Autumn,0.1503,32,4
Red Grouse,56.55405,-3.79499,7.5,Autumn,0.1066,16,6
Red Grouse,56.55405,-3.55015,7.5,Autumn,0.0462,128,2
Red Grouse,56.68919,-5.50885,7.5,Autumn,0.0017,20,1
Red Grouse,56.68919,-4.77434,7.5,Autumn,0.0055,22,3
Red Grouse,56.68919,-4.03983,7.5,Autumn,0.1138,22,7
Red Grouse,56.68919,-3.30531,7.5,Autumn,0.0314,28,1
Red Grouse,56.68919,-3.06047,7.5,Autumn,0.0067,95,1
Red Grouse,56.82432,-4.5295,7.5,Autumn,0.0048,1,1
Red Grouse,56.82432,-4.28466,7.5,Autumn,0.1223,4,2
Red Grouse,56.82432,-4.03983,7.5,Autumn,0.1227,8,1
Red Grouse,56.82432,-3.55015,7.5,Autumn,0.1774,5,1
Red Grouse,56.82432,-3.30531,7.5,Autumn,0.1051,52,23
Red Grouse,56.82432,-3.06047,7.5,Autumn,0.0512,6,1
Red Grouse,56.95946,-6.24337,7.5,Autumn,0.0019,68,8
Red Grouse,56.95946,-4.28466,7.5,Autumn,0.0992,18,1
Red Grouse,56.95946,-3.79499,7.5,Autumn,0.1079,2,2
Red Grouse,56.95946,-3.55015,7.5,Autumn,0.2051,22,1
Red Grouse,56.95946,-3.30531,7.5,Autumn,0.1135,46,3
Red Grouse,56.95946,-3.06047,7.5,Autumn,0.0519,12,2
Red Grouse,56.95946,-2.5708,7.5,Autumn,0.0123,12,5
Red Grouse,57.09459,-4.28466,7.5,Autumn,0.0811,3,1
Red Grouse,57.09459,-4.03983,7.5,Autumn,0.0819,242,6
Red Grouse,57.09459,-3.79499,7.5,Autumn,0.0863,105,9
Red Grouse,57.09459,-3.55015,7.5,Autumn,0.1984,58,15
Red Grouse,57.09459,-3.30531,7.5,Autumn,0.1152,18,3
Red Grouse,57.09459,-3.06047,7.5,Autumn,0.05,41,4
Red Grouse,57.22973,-6.24337,7.5,Autumn,0.0024,53,2
Red Grouse,57.22973,-4.03983,7.5,Autumn,0.0757,90,4
Red Grouse,57.22973,-3.79499,7.5,Autumn,0.0651,655,6
Red Grouse,57.22973,-3.55015,7.5,Autumn,0.139,169,7
Red Grouse,57.22973,-3.30531,7.5,Autumn,0.1038,35,6
Red Grouse,57.36486,-7.22272,7.5,Autumn,0.0017,22,1
Red Grouse,57.36486,-4.28466,7.5,Autumn,0.0691,108,5
Red Grouse,57.36486,-4.03983,7.5,Autumn,0.0986,23,5
Red Grouse,57.36486,-3.79499,7.5,Autumn,0.1159,98,68
Red Grouse,57.36486,-3.55015,7.5,Autumn,0.1178,167,10
Red Grouse,57.36486,-3.30531,7.5,Autumn,0.0902,10,2
Red Grouse,57.36486,-3.06047,7.5,Autumn,0.0391,5,1
Red Grouse,57.5,-5.50885,7.5,Autumn,0.0014,11,1
Red Grouse,57.5,-4.28466,7.5,Autumn,0.0034,562,3
Red Grouse,57.5,-3.79499,7.5,Autumn,0.0036,17,4
Red Grouse,57.5,-3.55015,7.5,Autumn,0.0032,12,6
Red Grouse,57.5,-3.06047,7.5,Autumn,0.0119,14,1
Red Grouse,57.63514,-4.5295,7.5,Autumn,0.0014,83,1
Red Grouse,57.90541,-6.97788,7.5,Autumn,0.0018,32,2
Red Grouse,57.90541,-6.73304,7.5,Autumn,0.0018,9,1
Red Grouse,57.90541,-4.77434,7.5,Autumn,0.002,2,1
Red Grouse,57.90541,-4.28466,7.5,Autumn,0.0043,86,4
Red Grouse,58.04054,-4.28466,7.5,Autumn,0.0122,19,3
Red Grouse,58.17568,-5.01918,7.5,Autumn,0.0021,4,1
Red Grouse,58.31081,-4.03983,7.5,Autumn,0.0042,4,1
Red Grouse,58.44595,-3.79499,7.5,Autumn,0.0042,8,1
Red Grouse,58.98649,-3.06047,7.5,Autumn,0.034,134,3
Red Grouse,59.12162,-3.06047,7.5,Autumn,0.024,80,9
Red Grouse,59.93243,-1.34661,7.5,Autumn,0.0018,2628,2
Red Grouse,60.06757,-1.34661,7.5,Autumn,0.005,907,6
Red Grouse,60.06757,-1.10177,7.5,Autumn,0.0062,253,2
Red Grouse,60.2027,-1.59145,7.5,Autumn,0.0702,63,3
Red Grouse,60.2027,-1.34661,7.5,Autumn,0.124,500,32
Red Grouse,60.2027,-1.10177,7.5,Autumn,0.0793,824,32
Red Grouse,60.33784,-1.59145,7.5,Autumn,0.0903,107,1
Red Grouse,60.33784,-1.34661,7.5,Autumn,0.1592,397,20
Red Grouse,60.33784,-1.10177,7.5,Autumn,0.0896,219,9
Red Grouse,60.33784,-0.85693,7.5,Autumn,0.0175,31,5
Red Grouse,60.47297,-1.59145,7.5,Autumn,0.0758,176,2
Red Grouse,60.47297,-1.34661,7.5,Autumn,0.1205,240,12
Red Grouse,60.47297,-1.10177,7.5,Autumn,0.044,149,2
Red Grouse,60.60811,-1.34661,7.5,Autumn,0.0068,63,2
Red Grouse,54.93243,-4.77434,7.5,Spring,0.0012,32,1
Red Grouse,55.06757,-4.28466,7.5,Spring,0.002,28,1
Red Grouse,55.2027,-4.5295,7.5,Spring,0.0037,42,2
Red Grouse,55.2027,-3.06047,7.5,Spring,0.006,49,6
Red Grouse,55.2027,-2.81564,7.5,Spring,0.0071,29,2
Red Grouse,55.33784,-4.28466,7.5,Spring,0.0032,147,1
Red Grouse,55.33784,-4.03983,7.5,Spring,0.0037,11,2
Red Grouse,55.33784,-3.79499,7.5,Spring,0.0059,69,7
Red Grouse,55.47297,-3.79499,7.5,Spring,0.0046,119,6
Red Grouse,55.47297,-3.30531,7.5,Spring,0.0092,66,2
Red Grouse,55.60811,-6.24337,7.5,Spring,0.0011,237,2
Red Grouse,55.60811,-5.75369,7.5,Spring,0.0011,34,3
Red Grouse,55.60811,-4.03983,7.5,Spring,0.004,18,2
Red Grouse,55.60811,-3.55015,7.5,Spring,0.0039,77,1
Red Grouse,55.60811,-3.06047,7.5,Spring,0.0058,58,2
Red Grouse,55.60811,-2.81564,7.5,Spring,0.0058,127,2
Red Grouse,55.74324,-4.77434,7.5,Spring,0.0013,124,1
Red Grouse,55.74324,-4.28466,7.5,Spring,0.003,998,11
Red Grouse,55.74324,-3.06047,7.5,Spring,0.2157,398,45
Red Grouse,55.74324,-2.81564,7.5,Spring,0.3117,30,4
Red Grouse,55.74324,-2.5708,7.5,Spring,0.3386,11,3
Red Grouse,55.87838,-4.28466,7.5,Spring,0.0016,2168,1
Red Grouse,55.87838,-3.55015,7.5,Spring,0.0037,219,1
Red Grouse,55.87838,-3.30531,7.5,Spring,0.0932,2071,99
Red Grouse,55.87838,-2.81564,7.5,Spring,0.0777,239,4
Red Grouse,55.87838,-2.5708,7.5,Spring,0.2517,232,142
Red Grouse,56.01351,-5.01918,7.5,Spring,0.0012,167,3
Red Grouse,56.01351,-4.5295,7.5,Spring,0.0012,435,1
Red Grouse,56.01351,-4.28466,7.5,Spring,0.0019,175,1
Red Grouse,56.01351,-4.03983,7.5,Spring,0.0018,39,3
Red Grouse,56.01351,-2.5708,7.5,Spring,0.0016,754,1
Red Grouse,56.14865,-4.28466,7.5,Spring,0.0021,180,1
Red Grouse,56.14865,-3.79499,7.5,Spring,0.0017,695,7
Red Grouse,56.14865,-3.30531,7.5,Spring,0.0026,652,3
Red Grouse,56.28378,-4.77434,7.5,Spring,0.0019,86,1
Red Grouse,56.28378,-4.03983,7.5,Spring,0.0062,43,1
Red Grouse,56.28378,-3.30531,7.5,Spring,0.0067,146,15
Red Grouse,56.41892,-4.77434,7.5,Spring,0.0025,54,2
Red Grouse,56.41892,-4.28466,7.5,Spring,0.0497,86,3
Red Grouse,56.41892,-4.03983,7.5,Spring,0.1033,122,28
Red Grouse,56.41892,-3.79499,7.5,Spring,0.094,80,18
Red Grouse,56.55405,-4.77434,7.5,Spring,0.0045,40,3
Red Grouse,56.55405,-4.28466,7.5,Spring,0.0657,17,1
Red Grouse,56.55405,-4.03983,7.5,Spring,0.1059,55,10
Red Grouse,56.55405,-3.79499,7.5,Spring,0.0977,74,23
Red Grouse,56.55405,-3.55015,7.5,Spring,0.0563,294,9
Red Grouse,56.55405,-3.06047,7.5,Spring,0.0081,50,1
Red Grouse,56.68919,-4.77434,7.5,Spring,0.0044,29,2
Red Grouse,56.68919,-4.5295,7.5,Spring,0.0044,10,1
Red Grouse,56.68919,-4.03983,7.5,Spring,0.0704,46,3
Red Grouse,56.68919,-3.79499,7.5,Spring,0.0581,290,3
Red Grouse,56.68919,-3.30531,7.5,Spring,0.0427,83,2
Red Grouse,56.68919,-3.06047,7.5,Spring,0.0082,181,13
Red Grouse,56.68919,-2.5708,7.5,Spring,0.0027,253,1
Red Grouse,56.82432,-6.24337,7.5,Spring,0.0022,25,1
Red Grouse,56.82432,-5.01918,7.5,Spring,0.0022,256,1
Red Grouse,56.82432,-4.28466,7.5,Spring,0.0735,17,9
Red Grouse,56.82432,-4.03983,7.5,Spring,0.0856,45,3
Red Grouse,56.82432,-3.79499,7.5,Spring,0.085,59,1
Red Grouse,56.82432,-3.55015,7.5,Spring,0.291,19,5
Red Grouse,56.82432,-3.30531,7.5,Spring,0.2141,111,77
Red Grouse,56.82432,-3.06047,7.5,Spring,0.1263,25,11
Red Grouse,56.82432,-2.81564,7.5,Spring,0.0281,10,3
Red Grouse,56.95946,-6.24337,7.5,Spring,0.0023,108,5
Red Grouse,56.95946,-4.5295,7.5,Spring,0.0039,55,2
Red Grouse,56.95946,-4.28466,7.5,Spring,0.0626,91,9
Red Grouse,56.95946,-4.03983,7.5,Spring,0.0759,3,1
Red Grouse,56.95946,-3.55015,7.5,Spring,0.2933,57,3
Red Grouse,56.95946,-3.30531,7.5,Spring,0.2003,107,11
Red Grouse,56.95946,-3.06047,7.5,Spring,0.0993,23,3
Red Grouse,56.95946,-2.81564,7.5,Spring,0.0162,10,1
Red Grouse,56.95946,-2.5708,7.5,Spring,0.0091,21,1
Red Grouse,56.95946,-2.08112,7.5,Spring,0.0018,269,1
Red Grouse,57.09459,-5.99853,7.5,Spring,0.0022,100,1
Red Grouse,57.09459,-4.5295,7.5,Spring,0.0034,8,2
Red Grouse,57.09459,-4.03983,7.5,Spring,0.0526,709,4
Red Grouse,57.09459,-3.79499,7.5,Spring,0.0622,375,23
Red Grouse,57.09459,-3.55015,7.5,Spring,0.2798,433,143
Red Grouse,57.09459,-3.30531,7.5,Spring,0.1893,78,1
Red Grouse,57.09459,-3.06047,7.5,Spring,0.0776,69,6
Red Grouse,57.22973,-6.24337,7.5,Spring,0.0039,115,5
Red Grouse,57.22973,-5.75369,7.5,Spring,0.0033,159,1
Red Grouse,57.22973,-5.26402,7.5,Spring,0.0031,5,1
Red Grouse,57.22973,-4.5295,7.5,Spring,0.0032,45,2
Red Grouse,57.22973,-4.03983,7.5,Spring,0.0443,252,12
Red Grouse,57.22973,-3.79499,7.5,Spring,0.0463,2240,18
Red Grouse,57.22973,-3.55015,7.5,Spring,0.2174,560,17
Red Grouse,57.22973,-3.30531,7.5,Spring,0.1858,123,22
Red Grouse,57.22973,-3.06047,7.5,Spring,0.0738,10,1
Red Grouse,57.22973,-2.81564,7.5,Spring,0.0105,24,1
Red Grouse,57.22973,-2.08112,7.5,Spring,0.0016,488,1
Red Grouse,57.36486,-7.22272,7.5,Spring,0.0022,119,3
Red Grouse,57.36486,-6.24337,7.5,Spring,0.0032,242,1
Red Grouse,57.36486,-5.99853,7.5,Spring,0.0024,41,1
Red Grouse,57.36486,-4.77434,7.5,Spring,0.0031,86,3
Red Grouse,57.36486,-4.28466,7.5,Spring,0.0292,333,2
Red Grouse,57.36486,-4.03983,7.5,Spring,0.049,118,18
Red Grouse,57.36486,-3.79499,7.5,Spring,0.0808,407,232
Red Grouse,57.36486,-3.55015,7.5,Spring,0.1581,445,35
Red Grouse,57.36486,-3.30531,7.5,Spring,0.1213,43,8
Red Grouse,57.5,-7.22272,7.5,Spring,0.0018,151,4
Red Grouse,57.5,-6.24337,7.5,Spring,0.0024,165,1
Red Grouse,57.5,-5.01918,7.5,Spring,0.0021,14,2
Red Grouse,57.5,-4.5295,7.5,Spring,0.0021,192,1
Red Grouse,57.5,-4.28466,7.5,Spring,0.0052,915,12
Red Grouse,57.5,-4.03983,7.5,Spring,0.0039,691,1
Red Grouse,57.5,-3.79499,7.5,Spring,0.0082,39,9
Red Grouse,57.5,-3.55015,7.5,Spring,0.0096,26,3
Red Grouse,57.63514,-7.46756,7.5,Spring,0.0014,489,14
Red Grouse,57.63514,-6.24337,7.5,Spring,0.002,360,2
Red Grouse,57.63514,-4.03983,7.5,Spring,0.0029,569,1
Red Grouse,57.63514,-2.81564,7.5,Spring,0.0031,87,1
Red Grouse,57.77027,-5.01918,7.5,Spring,0.0018,49,2
Red Grouse,57.77027,-4.28466,7.5,Spring,0.0063,40,1
Red Grouse,57.90541,-6.97788,7.5,Spring,0.0022,91,2
Red Grouse,57.90541,-6.73304,7.5,Spring,0.0024,58,2
Red Grouse,57.90541,-4.5295,7.5,Spring,0.0022,18,1
Red Grouse,57.90541,-4.28466,7.5,Spring,0.0077,115,12
Red Grouse,57.90541,-4.03983,7.5,Spring,0.0032,326,1
Red Grouse,58.04054,-6.48821,7.5,Spring,0.0028,31,1
Red Grouse,58.04054,-4.28466,7.5,Spring,0.0402,55,5
Red Grouse,58.17568,-6.48821,7.5,Spring,0.0022,169,1
Red Grouse,58.17568,-5.26402,7.5,Spring,0.002,130,1
Red Grouse,58.17568,-4.5295,7.5,Spring,0.0033,9,3
Red Grouse,58.31081,-6.48821,7.5,Spring,0.0023,58,1
Red Grouse,58.31081,-6.24337,7.5,Spring,0.0026,135,1
Red Grouse,58.31081,-5.26402,7.5,Spring,0.0022,43,2
Red Grouse,58.31081,-4.5295,7.5,Spring,0.0038,14,4
Red Grouse,58.31081,-4.28466,7.5,Spring,0.0387,7,1
Red Grouse,58.31081,-3.79499,7.5,Spring,0.0092,31,2
Red Grouse,58.31081,-3.30531,7.5,Spring,0.0093,19,4
Red Grouse,58.44595,-5.26402,7.5,Spring,0.0024,89,16
Red Grouse,58.44595,-5.01918,7.5,Spring,0.0031,31,1
Red Grouse,58.44595,-4.5295,7.5,Spring,0.0039,28,2
Red Grouse,58.44595,-3.79499,7.5,Spring,0.0103,4,1
Red Grouse,58.44595,-3.55015,7.5,Spring,0.0124,11,1
Red Grouse,58.44595,-3.30531,7.5,Spring,0.011,21,1
Red Grouse,58.58108,-3.79499,7.5,Spring,0.0082,34,2
Red Grouse,58.58108,-3.06047,7.5,Spring,0.0177,142,1
Red Grouse,58.85135,-3.30531,7.5,Spring,0.0109,97,1
Red Grouse,58.85135,-3.06047,7.5,Spring,0.0287,66,2
Red Grouse,58.98649,-3.06047,7.5,Spring,0.0312,323,7
Red Grouse,59.12162,-3.30531,7.5,Spring,0.017,228,4
Red Grouse,59.12162,-3.06047,7.5,Spring,0.0273,182,8
Red Grouse,59.25676,-3.06047,7.5,Spring,0.0197,27,1
Red Grouse,60.06757,-1.34661,7.5,Spring,0.0044,437,2
Red Grouse,60.2027,-1.59145,7.5,Spring,0.0681,49,5
Red Grouse,60.2027,-1.34661,7.5,Spring,0.1022,134,6
Red Grouse,60.2027,-1.10177,7.5,Spring,0.0652,488,9
Red Grouse,60.33784,-1.59145,7.5,Spring,0.0995,34,2
Red Grouse,60.33784,-1.34661,7.5,Spring,0.1502,70,9
Red Grouse,60.33784,-1.10177,7.5,Spring,0.0797,26,1
Red Grouse,60.33784,-0.85693,7.5,Spring,0.0202,5,3
Red Grouse,60.47297,-1.59145,7.5,Spring,0.0556,71,1
Red Grouse,60.47297,-1.34661,7.5,Spring,0.0845,52,8
Red Grouse,60.47297,-1.10177,7.5,Spring,0.0315,58,3
Red Grouse,55.2027,-3.06047,7.5,Summer,0.0038,22,2
Red Grouse,55.2027,-2.81564,7.5,Summer,0.0052,13,1
Red Grouse,55.33784,-3.79499,7.5,Summer,0.0035,22,1
Red Grouse,55.60811,-4.5295,7.5,Summer,0.001,27860,1
Red Grouse,55.60811,-3.06047,7.5,Summer,0.0032,83,1
Red Grouse,55.74324,-4.28466,7.5,Summer,0.0026,507,3
Red Grouse,55.74324,-3.55015,7.5,Summer,0.0086,24,3
Red Grouse,55.74324,-3.30531,7.5,Summer,0.0692,29,1
Red Grouse,55.74324,-3.06047,7.5,Summer,0.1281,133,11
Red Grouse,55.74324,-2.81564,7.5,Summer,0.1772,18,3
Red Grouse,55.74324,-2.5708,7.5,Summer,0.2102,14,3
Red Grouse,55.87838,-5.99853,7.5,Summer,0.0014,21,1
Red Grouse,55.87838,-5.50885,7.5,Summer,0.0015,48,1
Red Grouse,55.87838,-3.55015,7.5,Summer,0.0034,134,1
Red Grouse,55.87838,-3.30531,7.5,Summer,0.0696,1184,27
Red Grouse,55.87838,-3.06047,7.5,Summer,0.0236,1626,1
Red Grouse,55.87838,-2.81564,7.5,Summer,0.0431,98,5
Red Grouse,55.87838,-2.5708,7.5,Summer,0.1332,109,55
Red Grouse,56.01351,-4.03983,7.5,Summer,0.0023,53,1
Red Grouse,56.01351,-3.06047,7.5,Summer,0.0015,2396,1
Red Grouse,56.01351,-2.81564,7.5,Summer,0.0014,786,1
Red Grouse,56.14865,-5.26402,7.5,Summer,0.0013,28,1
Red Grouse,56.14865,-4.5295,7.5,Summer,0.0013,225,2
Red Grouse,56.14865,-3.79499,7.5,Summer,0.0024,328,4
Red Grouse,56.28378,-4.28466,7.5,Summer,0.0061,205,1
Red Grouse,56.28378,-3.30531,7.5,Summer,0.0041,90,2
Red Grouse,56.41892,-4.28466,7.5,Summer,0.0198,97,1
Red Grouse,56.41892,-4.03983,7.5,Summer,0.077,50,6
Red Grouse,56.41892,-3.79499,7.5,Summer,0.0883,78,1
Red Grouse,56.55405,-4.77434,7.5,Summer,0.0042,50,4
Red Grouse,56.55405,-4.28466,7.5,Summer,0.0219,36,1
Red Grouse,56.55405,-4.03983,7.5,Summer,0.0645,49,5
Red Grouse,56.55405,-3.79499,7.5,Summer,0.063,45,3
Red Grouse,56.55405,-3.55015,7.5,Summer,0.0212,287,3
Red Grouse,56.68919,-4.5295,7.5,Summer,0.0036,12,1
Red Grouse,56.68919,-3.79499,7.5,Summer,0.0366,268,3
Red Grouse,56.68919,-3.06047,7.5,Summer,0.005,142,5
Red Grouse,56.82432,-4.28466,7.5,Summer,0.0251,15,7
Red Grouse,56.82432,-3.55015,7.5,Summer,0.078,25,3
Red Grouse,56.82432,-3.30531,7.5,Summer,0.047,104,44
Red Grouse,56.82432,-3.06047,7.5,Summer,0.0427,27,7
Red Grouse,56.82432,-2.81564,7.5,Summer,0.0164,11,5
Red Grouse,56.82432,-2.5708,7.5,Summer,0.0075,78,1
Red Grouse,56.95946,-4.5295,7.5,Summer,0.0031,28,1
Red Grouse,56.95946,-4.28466,7.5,Summer,0.018,75,3
Red Grouse,56.95946,-3.55015,7.5,Summer,0.0976,70,3
Red Grouse,56.95946,-3.30531,7.5,Summer,0.055,105,4
Red Grouse,56.95946,-2.81564,7.5,Summer,0.0156,64,6
Red Grouse,57.09459,-5.26402,7.5,Summer,0.0016,14,2
Red Grouse,57.09459,-4.03983,7.5,Summer,0.0197,526,2
Red Grouse,57.09459,-3.79499,7.5,Summer,0.0355,311,12
Red Grouse,57.09459,-3.55015,7.5,Summer,0.0939,315,51
Red Grouse,57.09459,-3.06047,7.5,Summer,0.0444,80,4
Red Grouse,57.09459,-2.5708,7.5,Summer,0.0071,32,1
Red Grouse,57.22973,-6.24337,7.5,Summer,0.0015,148,2
Red Grouse,57.22973,-5.01918,7.5,Summer,0.0021,28,3
Red Grouse,57.22973,-4.28466,7.5,Summer,0.0119,4,1
Red Grouse,57.22973,-4.03983,7.5,Summer,0.017,133,6
Red Grouse,57.22973,-3.79499,7.5,Summer,0.0233,1932,12
Red Grouse,57.22973,-3.55015,7.5,Summer,0.0599,441,12
Red Grouse,57.22973,-3.30531,7.5,Summer,0.0475,128,12
Red Grouse,57.22973,-2.5708,7.5,Summer,0.007,23,1
Red Grouse,57.36486,-6.24337,7.5,Summer,0.0014,292,1
Red Grouse,57.36486,-5.75369,7.5,Summer,0.0014,65,1
Red Grouse,57.36486,-4.28466,7.5,Summer,0.0101,264,2
Red Grouse,57.36486,-4.03983,7.5,Summer,0.0286,86,10
Red Grouse,57.36486,-3.79499,7.5,Summer,0.0509,308,176
Red Grouse,57.36486,-3.55015,7.5,Summer,0.0495,381,6
Red Grouse,57.36486,-3.30531,7.5,Summer,0.035,71,1
Red Grouse,57.36486,-3.06047,7.5,Summer,0.0316,14,5
Red Grouse,57.36486,-2.81564,7.5,Summer,0.0108,7,1
Red Grouse,57.5,-5.99853,7.5,Summer,0.0012,4,1
Red Grouse,57.5,-4.03983,7.5,Summer,0.0019,626,1
Red Grouse,57.5,-3.79499,7.5,Summer,0.0037,60,3
Red Grouse,57.5,-3.55015,7.5,Summer,0.0037,9,2
Red Grouse,57.63514,-7.22272,7.5,Summer,0.0014,116,1
Red Grouse,57.63514,-5.50885,7.5,Summer,0.0012,49,1
Red Grouse,57.63514,-5.26402,7.5,Summer,0.0013,100,1
Red Grouse,57.63514,-4.5295,7.5,Summer,0.0014,173,1
Red Grouse,57.63514,-2.32596,7.5,Summer,0.0019,124,1
Red Grouse,57.77027,-3.79499,7.5,Summer,0.0027,180,1
Red Grouse,57.77027,-3.55015,7.5,Summer,0.0033,104,2
Red Grouse,57.90541,-5.50885,7.5,Summer,0.0013,122,1
Red Grouse,57.90541,-4.77434,7.5,Summer,0.002,11,1
Red Grouse,58.04054,-6.73304,7.5,Summer,0.0024,36,1
Red Grouse,58.04054,-6.48821,7.5,Summer,0.0018,51,1
Red Grouse,58.04054,-4.77434,7.5,Summer,0.0032,10,7
Red Grouse,58.04054,-4.28466,7.5,Summer,0.006,26,5
Red Grouse,58.04054,-4.03983,7.5,Summer,0.0028,57,1
Red Grouse,58.17568,-6.97788,7.5,Summer,0.0031,82,2
Red Grouse,58.17568,-6.73304,7.5,Summer,0.0024,84,2
Red Grouse,58.17568,-3.55015,7.5,Summer,0.0061,44,1
Red Grouse,58.31081,-5.01918,7.5,Summer,0.0022,40,1
Red Grouse,58.31081,-3.30531,7.5,Summer,0.0038,52,2
Red Grouse,58.44595,-5.26402,7.5,Summer,0.0023,94,17
Red Grouse,58.44595,-3.55015,7.5,Summer,0.0051,5,1
Red Grouse,58.58108,-5.01918,7.5,Summer,0.0032,8,1
Red Grouse,58.58108,-4.77434,7.5,Summer,0.0041,110,2
Red Grouse,58.58108,-3.06047,7.5,Summer,0.0113,174,2
Red Grouse,58.71622,-3.30531,7.5,Summer,0.0034,103,1
Red Grouse,58.85135,-3.06047,7.5,Summer,0.0256,70,1
Red Grouse,58.98649,-3.30531,7.5,Summer,0.0037,530,1
Red Grouse,58.98649,-3.06047,7.5,Summer,0.0287,416,9
Red Grouse,59.12162,-3.06047,7.5,Summer,0.0189,316,16
Red Grouse,60.2027,-1.59145,7.5,Summer,0.0167,33,2
Red Grouse,60.2027,-1.34661,7.5,Summer,0.0188,126,6
Red Grouse,60.2027,-1.10177,7.5,Summer,0.0093,394,3
Red Grouse,60.33784,-1.59145,7.5,Summer,0.0345,54,2
Red Grouse,60.33784,-1.34661,7.5,Summer,0.0395,85,4
Red Grouse,60.33784,-1.10177,7.5,Summer,0.0136,45,3
Red Grouse,60.47297,-1.59145,7.5,Summer,0.0291,123,1
Red Grouse,60.47297,-1.34661,7.5,Summer,0.0311,54,1
Red Grouse,60.47297,-1.10177,7.5,Summer,0.0092,77,1
Red Grouse,55.06757,-4.28466,7.5,Winter,0.002,8,1
Red Grouse,55.06757,-3.79499,7.5,Winter,0.0024,26,1
Red Grouse,55.2027,-4.5295,7.5,Winter,0.0024,3,1
Red Grouse,55.2027,-2.81564,7.5,Winter,0.0064,6,1
Red Grouse,55.33784,-3.79499,7.5,Winter,0.0118,21,4
Red Grouse,55.33784,-3.55015,7.5,Winter,0.0071,23,1
Red Grouse,55.47297,-4.03983,7.5,Winter,0.0043,12,1
Red Grouse,55.47297,-3.79499,7.5,Winter,0.0064,63,14
Red Grouse,55.60811,-5.75369,7.5,Winter,0.001,25,4
Red Grouse,55.60811,-2.81564,7.5,Winter,0.0049,95,1
Red Grouse,55.74324,-6.48821,7.5,Winter,0.0022,93,1
Red Grouse,55.74324,-4.28466,7.5,Winter,0.004,631,9
Red Grouse,55.74324,-3.55015,7.5,Winter,0.0161,34,2
Red Grouse,55.74324,-3.30531,7.5,Winter,0.1588,43,2
Red Grouse,55.74324,-3.06047,7.5,Winter,0.3515,248,47
Red Grouse,55.74324,-2.81564,7.5,Winter,0.3512,26,1
Red Grouse,55.74324,-2.5708,7.5,Winter,0.3558,3,3
Red Grouse,55.87838,-3.79499,7.5,Winter,0.0025,88,4
Red Grouse,55.87838,-3.30531,7.5,Winter,0.0571,1796,70
Red Grouse,55.87838,-3.06047,7.5,Winter,0.0285,1773,1
Red Grouse,55.87838,-2.81564,7.5,Winter,0.0363,163,13
Red Grouse,55.87838,-2.5708,7.5,Winter,0.1277,32,19
Red Grouse,56.01351,-4.5295,7.5,Winter,0.0014,162,1
Red Grouse,56.01351,-4.03983,7.5,Winter,0.002,24,1
Red Grouse,56.01351,-2.81564,7.5,Winter,0.0014,874,1
Red Grouse,56.01351,-2.5708,7.5,Winter,0.0015,643,2
Red Grouse,56.14865,-4.5295,7.5,Winter,0.0015,46,1
Red Grouse,56.14865,-3.79499,7.5,Winter,0.0023,490,3
Red Grouse,56.14865,-3.30531,7.5,Winter,0.0022,535,3
Red Grouse,56.28378,-3.30531,7.5,Winter,0.0043,81,11
Red Grouse,56.41892,-4.28466,7.5,Winter,0.0334,48,1
Red Grouse,56.41892,-4.03983,7.5,Winter,0.1335,50,22
Red Grouse,56.41892,-3.79499,7.5,Winter,0.119,27,4
Red Grouse,56.55405,-6.24337,7.5,Winter,0.0017,25,1
Red Grouse,56.55405,-3.79499,7.5,Winter,0.1116,15,2
Red Grouse,56.55405,-3.55015,7.5,Winter,0.0458,81,1
Red Grouse,56.68919,-4.5295,7.5,Winter,0.005,12,1
Red Grouse,56.68919,-4.03983,7.5,Winter,0.0922,5,1
Red Grouse,56.68919,-3.79499,7.5,Winter,0.0823,70,2
Red Grouse,56.82432,-5.01918,7.5,Winter,0.0031,42,1
Red Grouse,56.82432,-4.77434,7.5,Winter,0.006,7,4
Red Grouse,56.82432,-4.28466,7.5,Winter,0.0615,2,2
Red Grouse,56.82432,-3.55015,7.5,Winter,0.1918,4,4
Red Grouse,56.82432,-3.30531,7.5,Winter,0.0979,48,41
Red Grouse,56.82432,-3.06047,7.5,Winter,0.0848,6,3
Red Grouse,56.82432,-2.81564,7.5,Winter,0.022,7,2
Red Grouse,56.95946,-4.5295,7.5,Winter,0.0046,15,2
Red Grouse,56.95946,-4.28466,7.5,Winter,0.0532,10,1
Red Grouse,56.95946,-4.03983,7.5,Winter,0.0873,1,1
Red Grouse,56.95946,-3.55015,7.5,Winter,0.2273,11,4
Red Grouse,56.95946,-3.30531,7.5,Winter,0.1033,33,6
Red Grouse,56.95946,-3.06047,7.5,Winter,0.0834,4,3
Red Grouse,56.95946,-2.81564,7.5,Winter,0.0197,2,1
Red Grouse,56.95946,-2.5708,7.5,Winter,0.0127,2,1
Red Grouse,57.09459,-4.03983,7.5,Winter,0.05,301,1
Red Grouse,57.09459,-3.79499,7.5,Winter,0.069,97,11
Red Grouse,57.09459,-3.55015,7.5,Winter,0.1991,126,27
Red Grouse,57.09459,-3.30531,7.5,Winter,0.0939,25,2
Red Grouse,57.09459,-3.06047,7.5,Winter,0.0706,15,3
Red Grouse,57.22973,-5.99853,7.5,Winter,0.003,81,1
Red Grouse,57.22973,-5.75369,7.5,Winter,0.0036,16,1
Red Grouse,57.22973,-5.01918,7.5,Winter,0.0037,3,1
Red Grouse,57.22973,-4.03983,7.5,Winter,0.0449,69,6
Red Grouse,57.22973,-3.79499,7.5,Winter,0.049,583,5
Red Grouse,57.22973,-3.55015,7.5,Winter,0.1408,232,16
Red Grouse,57.22973,-3.30531,7.5,Winter,0.0846,38,6
Red Grouse,57.22973,-3.06047,7.5,Winter,0.0628,1,1
Red Grouse,57.22973,-2.5708,7.5,Winter,0.0103,31,3
Red Grouse,57.36486,-5.75369,7.5,Winter,0.0023,11,1
Red Grouse,57.36486,-4.28466,7.5,Winter,0.0264,66,2
Red Grouse,57.36486,-4.03983,7.5,Winter,0.0468,35,5
Red Grouse,57.36486,-3.79499,7.5,Winter,0.073,79,46
Red Grouse,57.36486,-3.55015,7.5,Winter,0.0893,228,12
Red Grouse,57.5,-6.73304,7.5,Winter,0.0014,244,1
Red Grouse,57.5,-4.28466,7.5,Winter,0.003,622,1
Red Grouse,57.5,-3.79499,7.5,Winter,0.0035,23,2
Red Grouse,57.63514,-4.5295,7.5,Winter,0.0014,66,1
Red Grouse,57.77027,-5.75369,7.5,Winter,0.0016,31,1
Red Grouse,57.90541,-4.28466,7.5,Winter,0.004,43,2
Red Grouse,58.04054,-4.28466,7.5,Winter,0.0152,14,3
Red Grouse,58.31081,-6.24337,7.5,Winter,0.0016,53,1
Red Grouse,58.85135,-3.06047,7.5,Winter,0.0387,16,1
Red Grouse,58.98649,-3.06047,7.5,Winter,0.05,31,3
Red Grouse,58.98649,-2.81564,7.5,Winter,0.0063,12,3
Red Grouse,59.12162,-3.06047,7.5,Winter,0.0414,28,1
Red Grouse,60.06757,-1.34661,7.5,Winter,0.0087,290,1
Red Grouse,60.2027,-1.59145,7.5,Winter,0.0438,8,1
Red Grouse,60.2027,-1.34661,7.5,Winter,0.0624,47,1
Red Grouse,60.2027,-1.10177,7.5,Winter,0.0206,254,3
Red Grouse,60.33784,-1.34661,7.5,Winter,0.0955,23,4
Red Grouse,60.33784,-1.10177,7.5,Winter,0.025,18,3
Red Grouse,60.47297,-1.10177,7.5,Winter,0.0118,13,1
Red Kite,54.7973,-5.01918,7.5,Autumn,0.0015,38,1
Red Kite,54.7973,-4.5295,7.5,Autumn,0.0338,46,4
Red Kite,54.7973,-4.03983,7.5,Autumn,0.1605,8,1
Red Kite,54.7973,-3.79499,7.5,Autumn,0.1114,7,4
Red Kite,54.93243,-4.5295,7.5,Autumn,0.0448,19,2
Red Kite,54.93243,-4.28466,7.5,Autumn,0.1289,30,6
Red Kite,54.93243,-4.03983,7.5,Autumn,0.2325,53,33
Red Kite,54.93243,-3.79499,7.5,Autumn,0.17,92,9
Red Kite,54.93243,-3.55015,7.5,Autumn,0.0071,239,1
Red Kite,55.06757,-4.28466,7.5,Autumn,0.1297,13,3
Red Kite,55.06757,-4.03983,7.5,Autumn,0.2415,42,32
Red Kite,55.06757,-3.79499,7.5,Autumn,0.1931,21,3
Red Kite,55.06757,-3.55015,7.5,Autumn,0.0118,165,2
Red Kite,55.06757,-3.30531,7.5,Autumn,0.0042,30,1
Red Kite,55.2027,-4.03983,7.5,Autumn,0.2336,11,2
Red Kite,55.2027,-3.79499,7.5,Autumn,0.215,13,6
Red Kite,55.2027,-3.30531,7.5,Autumn,0.0042,21,1
Red Kite,55.33784,-4.28466,7.5,Autumn,0.0899,22,1
Red Kite,55.33784,-3.79499,7.5,Autumn,0.206,15,8
Red Kite,55.33784,-2.5708,7.5,Autumn,0.0038,2,1
Red Kite,55.47297,-4.5295,7.5,Autumn,0.0038,1154,1
Red Kite,55.47297,-3.79499,7.5,Autumn,0.0279,51,13
Red Kite,55.47297,-3.55015,7.5,Autumn,0.0067,23,1
Red Kite,55.47297,-3.30531,7.5,Autumn,0.0021,22,2
Red Kite,55.60811,-3.79499,7.5,Autumn,0.0025,26,2
Red Kite,55.74324,-4.03983,7.5,Autumn,0.0029,208,1
Red Kite,55.74324,-3.06047,7.5,Autumn,0.0019,165,5
Red Kite,55.87838,-3.79499,7.5,Autumn,0.0021,50,3
Red Kite,55.87838,-3.55015,7.5,Autumn,0.0019,74,1
Red Kite,55.87838,-3.30531,7.5,Autumn,0.0011,892,1
Red Kite,55.87838,-2.5708,7.5,Autumn,0.0037,13,2
Red Kite,56.01351,-3.06047,7.5,Autumn,0.001,1856,1
Red Kite,56.01351,-2.5708,7.5,Autumn,0.0011,447,2
Red Kite,56.14865,-4.28466,7.5,Autumn,0.0133,31,4
Red Kite,56.14865,-4.03983,7.5,Autumn,0.0343,176,34
Red Kite,56.14865,-3.79499,7.5,Autumn,0.008,274,3
Red Kite,56.14865,-3.30531,7.5,Autumn,0.0014,374,1
Red Kite,56.28378,-4.77434,7.5,Autumn,0.0022,22,1
Red Kite,56.28378,-4.5295,7.5,Autumn,0.0292,7,1
Red Kite,56.28378,-4.28466,7.5,Autumn,0.0708,38,2
Red Kite,56.28378,-4.03983,7.5,Autumn,0.1787,18,6
Red Kite,56.28378,-3.79499,7.5,Autumn,0.0594,75,8
Red Kite,56.28378,-2.81564,7.5,Autumn,0.0014,885,1
Red Kite,56.41892,-4.28466,7.5,Autumn,0.0768,69,2
Red Kite,56.41892,-4.03983,7.5,Autumn,0.1742,23,14
Red Kite,56.41892,-3.79499,7.5,Autumn,0.0569,24,1
Red Kite,56.41892,-3.30531,7.5,Autumn,0.0021,131,1
Red Kite,56.55405,-3.79499,7.5,Autumn,0.0437,16,1
Red Kite,56.55405,-3.55015,7.5,Autumn,0.0217,128,1
Red Kite,56.68919,-4.03983,7.5,Autumn,0.1346,22,2
Red Kite,56.68919,-3.79499,7.5,Autumn,0.0365,146,1
Red Kite,56.68919,-3.30531,7.5,Autumn,0.0499,28,3
Red Kite,56.68919,-3.06047,7.5,Autumn,0.0922,95,23
Red Kite,56.68919,-2.81564,7.5,Autumn,0.0782,37,2
Red Kite,56.68919,-2.5708,7.5,Autumn,0.0581,265,2
Red Kite,56.82432,-5.01918,7.5,Autumn,0.0014,127,1
Red Kite,56.82432,-3.79499,7.5,Autumn,0.0375,22,1
Red Kite,56.82432,-3.30531,7.5,Autumn,0.0521,52,7
Red Kite,56.82432,-3.06047,7.5,Autumn,0.0987,6,4
Red Kite,56.82432,-2.81564,7.5,Autumn,0.0874,7,7
Red Kite,56.82432,-2.5708,7.5,Autumn,0.0729,79,5
Red Kite,56.95946,-5.01918,7.5,Autumn,0.0014,16,2
Red Kite,56.95946,-3.55015,7.5,Autumn,0.0465,22,2
Red Kite,56.95946,-3.30531,7.5,Autumn,0.0486,46,1
Red Kite,56.95946,-2.5708,7.5,Autumn,0.0679,12,2
Red Kite,56.95946,-2.32596,7.5,Autumn,0.027,29,2
Red Kite,57.09459,-5.75369,7.5,Autumn,0.001,33,1
Red Kite,57.09459,-4.03983,7.5,Autumn,0.1708,242,26
Red Kite,57.09459,-3.79499,7.5,Autumn,0.035,105,1
Red Kite,57.09459,-3.55015,7.5,Autumn,0.0426,58,1
Red Kite,57.09459,-3.30531,7.5,Autumn,0.0426,18,2
Red Kite,57.09459,-3.06047,7.5,Autumn,0.0751,41,5
Red Kite,57.09459,-2.81564,7.5,Autumn,0.0668,64,8
Red Kite,57.09459,-2.5708,7.5,Autumn,0.0592,23,1
Red Kite,57.09459,-2.32596,7.5,Autumn,0.0276,56,6
Red Kite,57.22973,-4.5295,7.5,Autumn,0.0788,23,2
Red Kite,57.22973,-4.28466,7.5,Autumn,0.1174,2,1
Red Kite,57.22973,-4.03983,7.5,Autumn,0.1741,90,59
Red Kite,57.22973,-3.79499,7.5,Autumn,0.03,655,9
Red Kite,57.22973,-3.55015,7.5,Autumn,0.0333,169,2
Red Kite,57.22973,-3.30531,7.5,Autumn,0.02,35,1
Red Kite,57.22973,-2.5708,7.5,Autumn,0.0323,12,1
Red Kite,57.22973,-2.32596,7.5,Autumn,0.019,8,1
Red Kite,57.36486,-6.48821,7.5,Autumn,0.0009,31,1
Red Kite,57.36486,-4.77434,7.5,Autumn,0.009,26,1
Red Kite,57.36486,-4.5295,7.5,Autumn,0.2381,158,19
Red Kite,57.36486,-4.28466,7.5,Autumn,0.2183,108,36
Red Kite,57.36486,-4.03983,7.5,Autumn,0.207,23,10
Red Kite,57.36486,-3.79499,7.5,Autumn,0.0827,98,12
Red Kite,57.36486,-3.55015,7.5,Autumn,0.0707,167,11
Red Kite,57.36486,-3.06047,7.5,Autumn,0.0066,5,1
Red Kite,57.5,-5.01918,7.5,Autumn,0.0037,3,1
Red Kite,57.5,-4.77434,7.5,Autumn,0.0117,4,1
Red Kite,57.5,-4.5295,7.5,Autumn,0.2511,80,22
Red Kite,57.5,-4.28466,7.5,Autumn,0.2105,562,65
Red Kite,57.5,-4.03983,7.5,Autumn,0.1867,423,38
Red Kite,57.5,-3.79499,7.5,Autumn,0.0558,17,1
Red Kite,57.5,-3.55015,7.5,Autumn,0.0498,12,4
Red Kite,57.63514,-4.5295,7.5,Autumn,0.2297,83,30
Red Kite,57.63514,-4.28466,7.5,Autumn,0.2015,93,12
Red Kite,57.63514,-4.03983,7.5,Autumn,0.1626,581,33
Red Kite,57.63514,-3.55015,7.5,Autumn,0.0068,283,2
Red Kite,57.63514,-3.30531,7.5,Autumn,0.0023,151,1
Red Kite,57.63514,-1.83628,7.5,Autumn,0.0016,165,1
Red Kite,57.77027,-4.03983,7.5,Autumn,0.1731,104,11
Red Kite,57.77027,-3.79499,7.5,Autumn,0.0148,172,6
Red Kite,57.90541,-4.28466,7.5,Autumn,0.1636,86,3
Red Kite,57.90541,-4.03983,7.5,Autumn,0.1602,167,13
Red Kite,57.90541,-3.79499,7.5,Autumn,0.0164,76,1
Red Kite,58.04054,-4.5295,7.5,Autumn,0.1532,24,2
Red Kite,58.04054,-4.28466,7.5,Autumn,0.1344,19,2
Red Kite,58.04054,-3.79499,7.5,Autumn,0.017,34,2
Red Kite,58.17568,-3.55015,7.5,Autumn,0.0046,13,1
Red Kite,58.31081,-3.79499,7.5,Autumn,0.0048,14,1
Red Kite,59.39189,-2.32596,7.5,Autumn,0.0012,327,1
Red Kite,59.93243,-1.34661,7.5,Autumn,0.0012,2628,11
Red Kite,60.47297,-1.34661,7.5,Autumn,0.0012,240,1
Red Kite,54.7973,-4.5295,7.5,Spring,0.071,51,11
Red Kite,54.7973,-4.28466,7.5,Spring,0.1487,23,2
Red Kite,54.7973,-4.03983,7.5,Spring,0.2765,114,32
Red Kite,54.7973,-3.79499,7.5,Spring,0.175,19,4
Red Kite,54.93243,-4.77434,7.5,Spring,0.0094,32,5
Red Kite,54.93243,-4.5295,7.5,Spring,0.084,64,8
Red Kite,54.93243,-4.28466,7.5,Spring,0.2072,37,8
Red Kite,54.93243,-4.03983,7.5,Spring,0.3286,118,80
Red Kite,54.93243,-3.79499,7.5,Spring,0.2205,108,12
Red Kite,54.93243,-3.55015,7.5,Spring,0.0323,256,13
Red Kite,55.06757,-4.5295,7.5,Spring,0.065,70,8
Red Kite,55.06757,-4.28466,7.5,Spring,0.1895,28,6
Red Kite,55.06757,-4.03983,7.5,Spring,0.3182,73,39
Red Kite,55.06757,-3.79499,7.5,Spring,0.2317,21,6
Red Kite,55.06757,-3.55015,7.5,Spring,0.0681,243,15
Red Kite,55.06757,-3.30531,7.5,Spring,0.006,79,2
Red Kite,55.2027,-4.28466,7.5,Spring,0.165,17,2
Red Kite,55.2027,-4.03983,7.5,Spring,0.2857,25,9
Red Kite,55.2027,-3.79499,7.5,Spring,0.2464,36,11
Red Kite,55.2027,-3.55015,7.5,Spring,0.0781,7,4
Red Kite,55.2027,-3.30531,7.5,Spring,0.0061,75,5
Red Kite,55.33784,-4.5295,7.5,Spring,0.0264,62,1
Red Kite,55.33784,-4.28466,7.5,Spring,0.1022,147,4
Red Kite,55.33784,-4.03983,7.5,Spring,0.2405,11,2
Red Kite,55.33784,-3.79499,7.5,Spring,0.2434,69,23
Red Kite,55.33784,-3.55015,7.5,Spring,0.065,100,9
Red Kite,55.47297,-4.28466,7.5,Spring,0.0069,36,1
Red Kite,55.47297,-3.79499,7.5,Spring,0.0276,119,49
Red Kite,55.47297,-3.55015,7.5,Spring,0.0137,116,8
Red Kite,55.47297,-3.30531,7.5,Spring,0.0025,66,3
Red Kite,55.60811,-4.5295,7.5,Spring,0.0018,21683,3
Red Kite,55.60811,-3.30531,7.5,Spring,0.0021,97,3
Red Kite,55.74324,-4.5295,7.5,Spring,0.0018,468,1
Red Kite,55.74324,-3.06047,7.5,Spring,0.002,398,9
Red Kite,55.74324,-2.5708,7.5,Spring,0.0031,11,1
Red Kite,55.87838,-3.55015,7.5,Spring,0.0022,219,1
Red Kite,55.87838,-3.30531,7.5,Spring,0.0013,2071,3
Red Kite,55.87838,-2.81564,7.5,Spring,0.002,239,3
Red Kite,55.87838,-2.5708,7.5,Spring,0.005,232,6
Red Kite,55.87838,-2.32596,7.5,Spring,0.0029,169,1
Red Kite,56.01351,-4.5295,7.5,Spring,0.0017,435,3
Red Kite,56.01351,-4.28466,7.5,Spring,0.0019,175,1
Red Kite,56.01351,-4.03983,7.5,Spring,0.0033,39,1
Red Kite,56.01351,-2.81564,7.5,Spring,0.0011,928,3
Red Kite,56.01351,-2.5708,7.5,Spring,0.0011,754,1
Red Kite,56.14865,-4.77434,7.5,Spring,0.0018,77,1
Red Kite,56.14865,-4.5295,7.5,Spring,0.0114,234,1
Red Kite,56.14865,-4.28466,7.5,Spring,0.0236,180,6
Red Kite,56.14865,-4.03983,7.5,Spring,0.0636,535,78
Red Kite,56.14865,-3.79499,7.5,Spring,0.0104,695,14
Red Kite,56.14865,-3.55015,7.5,Spring,0.0056,219,2
Red Kite,56.14865,-3.30531,7.5,Spring,0.0016,652,2
Red Kite,56.14865,-2.81564,7.5,Spring,0.0015,399,1
Red Kite,56.28378,-5.26402,7.5,Spring,0.0011,4,1
Red Kite,56.28378,-4.28466,7.5,Spring,0.1407,269,19
Red Kite,56.28378,-4.03983,7.5,Spring,0.2327,43,27
Red Kite,56.28378,-3.79499,7.5,Spring,0.0652,106,19
Red Kite,56.28378,-3.30531,7.5,Spring,0.0025,146,1
Red Kite,56.28378,-3.06047,7.5,Spring,0.0023,546,4
Red Kite,56.28378,-2.81564,7.5,Spring,0.0021,1514,2
Red Kite,56.41892,-4.28466,7.5,Spring,0.1651,86,6
Red Kite,56.41892,-4.03983,7.5,Spring,0.2442,122,53
Red Kite,56.41892,-3.79499,7.5,Spring,0.069,80,22
Red Kite,56.41892,-3.06047,7.5,Spring,0.0027,540,3
Red Kite,56.55405,-4.03983,7.5,Spring,0.1892,55,3
Red Kite,56.55405,-3.79499,7.5,Spring,0.0645,74,11
Red Kite,56.55405,-3.55015,7.5,Spring,0.0439,294,10
Red Kite,56.55405,-3.30531,7.5,Spring,0.0154,54,3
Red Kite,56.55405,-3.06047,7.5,Spring,0.0178,50,2
Red Kite,56.68919,-4.03983,7.5,Spring,0.1633,46,2
Red Kite,56.68919,-3.79499,7.5,Spring,0.0473,290,4
Red Kite,56.68919,-3.55015,7.5,Spring,0.0675,26,1
Red Kite,56.68919,-3.30531,7.5,Spring,0.0813,83,15
Red Kite,56.68919,-3.06047,7.5,Spring,0.148,181,38
Red Kite,56.68919,-2.81564,7.5,Spring,0.1512,111,16
Red Kite,56.68919,-2.5708,7.5,Spring,0.1181,253,9
Red Kite,56.82432,-5.26402,7.5,Spring,0.0011,28,1
Red Kite,56.82432,-5.01918,7.5,Spring,0.0014,256,1
Red Kite,56.82432,-4.03983,7.5,Spring,0.1808,45,1
Red Kite,56.82432,-3.55015,7.5,Spring,0.0691,19,1
Red Kite,56.82432,-3.30531,7.5,Spring,0.0855,111,21
Red Kite,56.82432,-3.06047,7.5,Spring,0.1553,25,10
Red Kite,56.82432,-2.81564,7.5,Spring,0.1615,10,3
Red Kite,56.82432,-2.5708,7.5,Spring,0.1428,127,16
Red Kite,56.82432,-2.32596,7.5,Spring,0.1157,78,1
Red Kite,56.95946,-4.5295,7.5,Spring,0.0595,55,1
Red Kite,56.95946,-4.28466,7.5,Spring,0.122,91,2
Red Kite,56.95946,-3.55015,7.5,Spring,0.0691,57,2
Red Kite,56.95946,-3.30531,7.5,Spring,0.0855,107,11
Red Kite,56.95946,-3.06047,7.5,Spring,0.1536,23,2
Red Kite,56.95946,-2.81564,7.5,Spring,0.1601,10,3
Red Kite,56.95946,-2.5708,7.5,Spring,0.1445,21,3
Red Kite,56.95946,-2.32596,7.5,Spring,0.1226,74,3
Red Kite,57.09459,-4.28466,7.5,Spring,0.1456,5,2
Red Kite,57.09459,-4.03983,7.5,Spring,0.2027,709,39
Red Kite,57.09459,-3.79499,7.5,Spring,0.0429,375,1
Red Kite,57.09459,-3.55015,7.5,Spring,0.0629,433,2
Red Kite,57.09459,-3.30531,7.5,Spring,0.0835,78,16
Red Kite,57.09459,-3.06047,7.5,Spring,0.1587,69,10
Red Kite,57.09459,-2.81564,7.5,Spring,0.1643,188,26
Red Kite,57.09459,-2.5708,7.5,Spring,0.1512,64,10
Red Kite,57.09459,-2.32596,7.5,Spring,0.1375,89,23
Red Kite,57.09459,-2.08112,7.5,Spring,0.0019,1560,3
Red Kite,57.22973,-4.77434,7.5,Spring,0.0057,34,1
Red Kite,57.22973,-4.5295,7.5,Spring,0.0901,45,3
Red Kite,57.22973,-4.28466,7.5,Spring,0.1468,11,5
Red Kite,57.22973,-4.03983,7.5,Spring,0.1928,252,91
Red Kite,57.22973,-3.79499,7.5,Spring,0.0339,2240,37
Red Kite,57.22973,-3.55015,7.5,Spring,0.0514,560,37
Red Kite,57.22973,-3.30531,7.5,Spring,0.0498,123,5
Red Kite,57.22973,-2.81564,7.5,Spring,0.1094,24,4
Red Kite,57.22973,-2.5708,7.5,Spring,0.1061,20,3
Red Kite,57.22973,-2.32596,7.5,Spring,0.0872,52,5
Red Kite,57.22973,-2.08112,7.5,Spring,0.0017,488,5
Red Kite,57.36486,-4.77434,7.5,Spring,0.0194,86,4
Red Kite,57.36486,-4.5295,7.5,Spring,0.2797,272,26
Red Kite,57.36486,-4.28466,7.5,Spring,0.2673,333,58
Red Kite,57.36486,-4.03983,7.5,Spring,0.2569,118,36
Red Kite,57.36486,-3.79499,7.5,Spring,0.1257,407,82
Red Kite,57.36486,-3.55015,7.5,Spring,0.1423,445,48
Red Kite,57.36486,-3.30531,7.5,Spring,0.0143,43,2
Red Kite,57.36486,-2.5708,7.5,Spring,0.0131,25,1
Red Kite,57.36486,-2.08112,7.5,Spring,0.0016,274,1
Red Kite,57.36486,-1.83628,7.5,Spring,0.0017,69,1
Red Kite,57.5,-4.77434,7.5,Spring,0.0244,7,2
Red Kite,57.5,-4.5295,7.5,Spring,0.2915,192,54
Red Kite,57.5,-4.28466,7.5,Spring,0.267,915,66
Red Kite,57.5,-4.03983,7.5,Spring,0.242,691,50
Red Kite,57.5,-3.79499,7.5,Spring,0.0959,39,9
Red Kite,57.5,-3.55015,7.5,Spring,0.1064,26,5
Red Kite,57.5,-3.30531,7.5,Spring,0.0076,49,2
Red Kite,57.63514,-5.01918,7.5,Spring,0.0059,22,1
Red Kite,57.63514,-4.77434,7.5,Spring,0.0172,38,2
Red Kite,57.63514,-4.5295,7.5,Spring,0.2486,168,67
Red Kite,57.63514,-4.28466,7.5,Spring,0.2368,160,18
Red Kite,57.63514,-4.03983,7.5,Spring,0.2056,569,35
Red Kite,57.63514,-3.55015,7.5,Spring,0.0109,328,2
Red Kite,57.63514,-3.06047,7.5,Spring,0.0041,167,2
Red Kite,57.63514,-2.81564,7.5,Spring,0.0041,87,1
Red Kite,57.63514,-2.32596,7.5,Spring,0.005,147,1
Red Kite,57.77027,-5.01918,7.5,Spring,0.0066,49,4
Red Kite,57.77027,-4.28466,7.5,Spring,0.2459,40,10
Red Kite,57.77027,-4.03983,7.5,Spring,0.2363,201,37
Red Kite,57.77027,-3.79499,7.5,Spring,0.0208,199,8
Red Kite,57.77027,-3.30531,7.5,Spring,0.003,165,1
Red Kite,57.90541,-5.50885,7.5,Spring,0.001,117,1
Red Kite,57.90541,-5.26402,7.5,Spring,0.0012,130,1
Red Kite,57.90541,-4.5295,7.5,Spring,0.2383,18,1
Red Kite,57.90541,-4.28466,7.5,Spring,0.2309,115,8
Red Kite,57.90541,-4.03983,7.5,Spring,0.2297,326,46
Red Kite,58.04054,-4.5295,7.5,Spring,0.1803,61,4
Red Kite,58.04054,-4.28466,7.5,Spring,0.1699,55,9
Red Kite,58.04054,-4.03983,7.5,Spring,0.1853,61,5
Red Kite,58.04054,-3.79499,7.5,Spring,0.021,75,2
Red Kite,58.17568,-4.03983,7.5,Spring,0.0493,8,1
Red Kite,58.17568,-3.79499,7.5,Spring,0.0094,13,1
Red Kite,58.31081,-4.03983,7.5,Spring,0.0058,3,1
Red Kite,59.52703,-1.59145,7.5,Spring,0.0013,456,1
Red Kite,54.7973,-4.5295,7.5,Summer,0.0382,34,1
Red Kite,54.7973,-4.28466,7.5,Summer,0.0669,27,3
Red Kite,54.7973,-4.03983,7.5,Summer,0.161,46,8
Red Kite,54.7973,-3.79499,7.5,Summer,0.0979,22,4
Red Kite,54.93243,-5.01918,7.5,Summer,0.0013,74,1
Red Kite,54.93243,-4.5295,7.5,Summer,0.074,52,4
Red Kite,54.93243,-4.28466,7.5,Summer,0.148,35,12
Red Kite,54.93243,-4.03983,7.5,Summer,0.2686,106,51
Red Kite,54.93243,-3.79499,7.5,Summer,0.1724,76,7
Red Kite,54.93243,-3.55015,7.5,Summer,0.0073,171,2
Red Kite,55.06757,-4.5295,7.5,Summer,0.0752,44,3
Red Kite,55.06757,-4.28466,7.5,Summer,0.1454,16,3
Red Kite,55.06757,-4.03983,7.5,Summer,0.2706,63,30
Red Kite,55.06757,-3.79499,7.5,Summer,0.18,17,6
Red Kite,55.06757,-3.55015,7.5,Summer,0.0132,192,4
Red Kite,55.06757,-3.30531,7.5,Summer,0.0047,52,2
Red Kite,55.2027,-4.28466,7.5,Summer,0.1381,23,9
Red Kite,55.2027,-4.03983,7.5,Summer,0.2578,23,12
Red Kite,55.2027,-3.79499,7.5,Summer,0.1861,14,1
Red Kite,55.2027,-3.30531,7.5,Summer,0.0053,58,4
Red Kite,55.2027,-3.06047,7.5,Summer,0.0029,22,1
Red Kite,55.33784,-4.77434,7.5,Summer,0.0015,137,1
Red Kite,55.33784,-4.28466,7.5,Summer,0.0985,47,6
Red Kite,55.33784,-4.03983,7.5,Summer,0.2197,3,1
Red Kite,55.33784,-3.79499,7.5,Summer,0.1707,22,8
Red Kite,55.33784,-3.30531,7.5,Summer,0.0037,14,1
Red Kite,55.47297,-4.28466,7.5,Summer,0.0057,34,2
Red Kite,55.47297,-3.79499,7.5,Summer,0.018,96,41
Red Kite,55.47297,-3.55015,7.5,Summer,0.0056,88,3
Red Kite,55.60811,-4.5295,7.5,Summer,0.0022,27860,1
Red Kite,55.60811,-3.30531,7.5,Summer,0.0022,49,2
Red Kite,55.60811,-3.06047,7.5,Summer,0.0025,83,1
Red Kite,55.74324,-4.5295,7.5,Summer,0.0022,277,1
Red Kite,55.74324,-4.28466,7.5,Summer,0.0022,507,1
Red Kite,55.74324,-4.03983,7.5,Summer,0.0037,219,1
Red Kite,55.74324,-3.79499,7.5,Summer,0.0024,20,1
Red Kite,55.74324,-3.06047,7.5,Summer,0.0032,133,4
Red Kite,55.74324,-2.81564,7.5,Summer,0.003,18,1
Red Kite,55.74324,-2.5708,7.5,Summer,0.0083,14,1
Red Kite,55.87838,-3.30531,7.5,Summer,0.0013,1184,1
Red Kite,55.87838,-2.5708,7.5,Summer,0.0147,109,6
Red Kite,55.87838,-2.08112,7.5,Summer,0.0024,295,2
Red Kite,56.01351,-4.03983,7.5,Summer,0.0034,53,2
Red Kite,56.01351,-3.30531,7.5,Summer,0.001,2181,1
Red Kite,56.01351,-2.81564,7.5,Summer,0.0011,786,1
Red Kite,56.14865,-4.5295,7.5,Summer,0.0091,225,1
Red Kite,56.14865,-4.28466,7.5,Summer,0.0159,111,4
Red Kite,56.14865,-4.03983,7.5,Summer,0.0434,349,68
Red Kite,56.14865,-3.79499,7.5,Summer,0.0069,328,2
Red Kite,56.28378,-5.26402,7.5,Summer,0.0011,19,1
Red Kite,56.28378,-4.77434,7.5,Summer,0.0017,90,1
Red Kite,56.28378,-4.28466,7.5,Summer,0.0856,205,7
Red Kite,56.28378,-4.03983,7.5,Summer,0.1901,8,4
Red Kite,56.28378,-3.79499,7.5,Summer,0.0578,77,14
Red Kite,56.28378,-3.55015,7.5,Summer,0.0154,35,2
Red Kite,56.41892,-5.99853,7.5,Summer,0.0011,294,1
Red Kite,56.41892,-5.75369,7.5,Summer,0.0011,361,1
Red Kite,56.41892,-4.28466,7.5,Summer,0.0902,97,1
Red Kite,56.41892,-4.03983,7.5,Summer,0.1847,50,28
Red Kite,56.41892,-3.79499,7.5,Summer,0.0542,78,10
Red Kite,56.41892,-3.55015,7.5,Summer,0.0182,110,3
Red Kite,56.41892,-3.30531,7.5,Summer,0.0024,198,1
Red Kite,56.41892,-3.06047,7.5,Summer,0.0022,357,2
Red Kite,56.55405,-4.03983,7.5,Summer,0.1358,49,4
Red Kite,56.55405,-3.79499,7.5,Summer,0.045,45,3
Red Kite,56.55405,-3.55015,7.5,Summer,0.0328,287,10
Red Kite,56.55405,-3.30531,7.5,Summer,0.0116,47,1
Red Kite,56.55405,-3.06047,7.5,Summer,0.0144,31,1
Red Kite,56.68919,-3.79499,7.5,Summer,0.0295,268,3
Red Kite,56.68919,-3.55015,7.5,Summer,0.0439,12,1
Red Kite,56.68919,-3.30531,7.5,Summer,0.0561,40,5
Red Kite,56.68919,-3.06047,7.5,Summer,0.1175,142,20
Red Kite,56.68919,-2.81564,7.5,Summer,0.1197,56,6
Red Kite,56.82432,-5.01918,7.5,Summer,0.0014,276,4
Red Kite,56.82432,-3.30531,7.5,Summer,0.0616,104,7
Red Kite,56.82432,-3.06047,7.5,Summer,0.1286,27,12
Red Kite,56.82432,-2.81564,7.5,Summer,0.1347,11,2
Red Kite,56.82432,-2.5708,7.5,Summer,0.0853,78,3
Red Kite,56.95946,-4.28466,7.5,Summer,0.0666,75,2
Red Kite,56.95946,-3.55015,7.5,Summer,0.0428,70,2
Red Kite,56.95946,-3.30531,7.5,Summer,0.0617,105,7
Red Kite,56.95946,-2.81564,7.5,Summer,0.1343,64,22
Red Kite,56.95946,-2.5708,7.5,Summer,0.0889,21,3
Red Kite,56.95946,-2.32596,7.5,Summer,0.0557,53,2
Red Kite,56.95946,-2.08112,7.5,Summer,0.0019,272,3
Red Kite,57.09459,-4.77434,7.5,Summer,0.0029,136,2
Red Kite,57.09459,-4.5295,7.5,Summer,0.0599,16,2
Red Kite,57.09459,-4.03983,7.5,Summer,0.1321,526,13
Red Kite,57.09459,-3.30531,7.5,Summer,0.0592,90,11
Red Kite,57.09459,-3.06047,7.5,Summer,0.1214,80,12
Red Kite,57.09459,-2.81564,7.5,Summer,0.1317,84,6
Red Kite,57.09459,-2.5708,7.5,Summer,0.092,32,4
Red Kite,57.09459,-2.32596,7.5,Summer,0.0598,68,7
Red Kite,57.22973,-4.77434,7.5,Summer,0.006,35,1
Red Kite,57.22973,-4.5295,7.5,Summer,0.0709,77,1
Red Kite,57.22973,-4.28466,7.5,Summer,0.1096,4,3
Red Kite,57.22973,-4.03983,7.5,Summer,0.1431,133,63
Red Kite,57.22973,-3.79499,7.5,Summer,0.0214,1932,24
Red Kite,57.22973,-3.55015,7.5,Summer,0.0302,441,14
Red Kite,57.22973,-3.30531,7.5,Summer,0.0391,128,8
Red Kite,57.22973,-3.06047,7.5,Summer,0.0829,7,1
Red Kite,57.22973,-2.81564,7.5,Summer,0.096,22,2
Red Kite,57.22973,-2.5708,7.5,Summer,0.0741,23,3
Red Kite,57.22973,-2.32596,7.5,Summer,0.041,9,1
Red Kite,57.22973,-2.08112,7.5,Summer,0.0016,267,1
Red Kite,57.36486,-6.24337,7.5,Summer,0.001,292,2
Red Kite,57.36486,-4.77434,7.5,Summer,0.0155,58,4
Red Kite,57.36486,-4.5295,7.5,Summer,0.2405,222,19
Red Kite,57.36486,-4.28466,7.5,Summer,0.2368,264,49
Red Kite,57.36486,-4.03983,7.5,Summer,0.2204,86,19
Red Kite,57.36486,-3.79499,7.5,Summer,0.1058,308,67
Red Kite,57.36486,-3.55015,7.5,Summer,0.0821,381,14
Red Kite,57.36486,-3.30531,7.5,Summer,0.0099,71,1
Red Kite,57.36486,-2.81564,7.5,Summer,0.0104,7,1
Red Kite,57.36486,-2.5708,7.5,Summer,0.0095,84,1
Red Kite,57.5,-5.75369,7.5,Summer,0.001,62,1
Red Kite,57.5,-5.01918,7.5,Summer,0.0044,8,1
Red Kite,57.5,-4.77434,7.5,Summer,0.0228,6,2
Red Kite,57.5,-4.5295,7.5,Summer,0.2696,186,42
Red Kite,57.5,-4.28466,7.5,Summer,0.2446,814,70
Red Kite,57.5,-4.03983,7.5,Summer,0.2135,626,56
Red Kite,57.5,-3.79499,7.5,Summer,0.0666,60,3
Red Kite,57.5,-2.08112,7.5,Summer,0.0021,41,1
Red Kite,57.63514,-5.26402,7.5,Summer,0.0011,100,1
Red Kite,57.63514,-4.77434,7.5,Summer,0.0131,32,10
Red Kite,57.63514,-4.5295,7.5,Summer,0.2316,173,63
Red Kite,57.63514,-4.28466,7.5,Summer,0.2149,189,14
Red Kite,57.63514,-4.03983,7.5,Summer,0.1786,742,33
Red Kite,57.63514,-1.83628,7.5,Summer,0.0026,145,6
Red Kite,57.77027,-4.28466,7.5,Summer,0.2219,33,3
Red Kite,57.77027,-4.03983,7.5,Summer,0.199,134,16
Red Kite,57.77027,-3.79499,7.5,Summer,0.0228,180,5
Red Kite,57.77027,-3.30531,7.5,Summer,0.0032,140,1
Red Kite,57.90541,-4.77434,7.5,Summer,0.0069,11,1
Red Kite,57.90541,-4.5295,7.5,Summer,0.2226,28,2
Red Kite,57.90541,-4.28466,7.5,Summer,0.208,66,5
Red Kite,57.90541,-4.03983,7.5,Summer,0.195,246,30
Red Kite,57.90541,-3.79499,7.5,Summer,0.0263,52,1
Red Kite,58.04054,-4.5295,7.5,Summer,0.153,45,10
Red Kite,58.04054,-4.28466,7.5,Summer,0.143,26,4
Red Kite,58.04054,-4.03983,7.5,Summer,0.1559,57,8
Red Kite,58.04054,-3.79499,7.5,Summer,0.024,81,3
Red Kite,58.17568,-3.79499,7.5,Summer,0.0092,23,1
Red Kite,58.17568,-3.55015,7.5,Summer,0.0041,44,1
Red Kite,58.31081,-4.03983,7.5,Summer,0.0052,14,1
Red Kite,58.44595,-5.26402,7.5,Summer,0.0009,94,2
Red Kite,58.44595,-3.06047,7.5,Summer,0.0012,74,2
Red Kite,58.58108,-3.79499,7.5,Summer,0.002,34,1
Red Kite,54.7973,-4.5295,7.5,Winter,0.0572,47,15
Red Kite,54.7973,-4.28466,7.5,Winter,0.1409,16,3
Red Kite,54.7973,-4.03983,7.5,Winter,0.2455,10,4
Red Kite,54.7973,-3.79499,7.5,Winter,0.1763,14,4
Red Kite,54.93243,-4.5295,7.5,Winter,0.0753,25,2
Red Kite,54.93243,-4.28466,7.5,Winter,0.1963,45,18
Red Kite,54.93243,-4.03983,7.5,Winter,0.312,59,36
Red Kite,54.93243,-3.79499,7.5,Winter,0.2398,69,19
Red Kite,54.93243,-3.55015,7.5,Winter,0.0135,289,7
Red Kite,55.06757,-4.5295,7.5,Winter,0.0644,5,1
Red Kite,55.06757,-4.28466,7.5,Winter,0.177,8,2
Red Kite,55.06757,-4.03983,7.5,Winter,0.3046,37,27
Red Kite,55.06757,-3.79499,7.5,Winter,0.2403,26,5
Red Kite,55.06757,-3.55015,7.5,Winter,0.022,173,7
Red Kite,55.2027,-4.28466,7.5,Winter,0.1727,6,1
Red Kite,55.2027,-4.03983,7.5,Winter,0.2897,7,2
Red Kite,55.2027,-3.79499,7.5,Winter,0.2542,8,2
Red Kite,55.2027,-3.30531,7.5,Winter,0.0031,19,3
Red Kite,55.33784,-4.28466,7.5,Winter,0.1421,67,10
Red Kite,55.33784,-4.03983,7.5,Winter,0.2615,3,1
Red Kite,55.33784,-3.79499,7.5,Winter,0.2466,21,9
Red Kite,55.33784,-3.55015,7.5,Winter,0.021,23,3
Red Kite,55.47297,-4.28466,7.5,Winter,0.008,31,1
Red Kite,55.47297,-3.79499,7.5,Winter,0.0241,63,10
Red Kite,55.47297,-3.55015,7.5,Winter,0.0072,34,2
Red Kite,55.60811,-4.28466,7.5,Winter,0.0023,15,1
Red Kite,55.74324,-3.06047,7.5,Winter,0.0013,248,1
Red Kite,55.87838,-4.03983,7.5,Winter,0.0031,209,1
Red Kite,55.87838,-3.55015,7.5,Winter,0.0017,227,1
Red Kite,55.87838,-3.06047,7.5,Winter,0.0011,1773,2
Red Kite,55.87838,-2.81564,7.5,Winter,0.0014,163,3
Red Kite,55.87838,-2.5708,7.5,Winter,0.0027,32,1
Red Kite,56.01351,-4.77434,7.5,Winter,0.0011,80,1
Red Kite,56.01351,-4.03983,7.5,Winter,0.0035,24,1
Red Kite,56.01351,-3.30531,7.5,Winter,0.0009,2000,1
Red Kite,56.14865,-4.03983,7.5,Winter,0.0307,363,54
Red Kite,56.14865,-3.79499,7.5,Winter,0.0069,490,4
Red Kite,56.14865,-3.30531,7.5,Winter,0.0012,535,1
Red Kite,56.28378,-4.28466,7.5,Winter,0.1112,56,5
Red Kite,56.28378,-4.03983,7.5,Winter,0.2268,8,5
Red Kite,56.28378,-3.79499,7.5,Winter,0.0769,54,12
Red Kite,56.41892,-4.28466,7.5,Winter,0.13,48,5
Red Kite,56.41892,-4.03983,7.5,Winter,0.2347,50,19
Red Kite,56.41892,-3.79499,7.5,Winter,0.0807,27,9
Red Kite,56.41892,-3.06047,7.5,Winter,0.0021,316,1
Red Kite,56.55405,-4.28466,7.5,Winter,0.1125,36,1
Red Kite,56.55405,-3.79499,7.5,Winter,0.0684,15,1
Red Kite,56.55405,-3.55015,7.5,Winter,0.0324,81,5
Red Kite,56.68919,-3.79499,7.5,Winter,0.0494,70,1
Red Kite,56.68919,-3.55015,7.5,Winter,0.062,11,3
Red Kite,56.68919,-3.30531,7.5,Winter,0.0652,15,2
Red Kite,56.68919,-3.06047,7.5,Winter,0.1376,60,13
Red Kite,56.68919,-2.81564,7.5,Winter,0.1424,35,2
Red Kite,56.68919,-2.5708,7.5,Winter,0.1189,202,5
Red Kite,56.82432,-5.01918,7.5,Winter,0.0026,42,1
Red Kite,56.82432,-4.03983,7.5,Winter,0.1858,11,1
Red Kite,56.82432,-3.30531,7.5,Winter,0.0721,48,2
Red Kite,56.82432,-3.06047,7.5,Winter,0.1511,6,2
Red Kite,56.82432,-2.81564,7.5,Winter,0.1603,7,3
Red Kite,56.82432,-2.5708,7.5,Winter,0.157,130,16
Red Kite,56.82432,-2.32596,7.5,Winter,0.1016,83,1
Red Kite,56.95946,-4.28466,7.5,Winter,0.1139,10,2
Red Kite,56.95946,-3.30531,7.5,Winter,0.0724,33,2
Red Kite,56.95946,-2.5708,7.5,Winter,0.1574,2,2
Red Kite,57.09459,-5.99853,7.5,Winter,0.0012,8,1
Red Kite,57.09459,-4.03983,7.5,Winter,0.2108,301,35
Red Kite,57.09459,-3.30531,7.5,Winter,0.0717,25,6
Red Kite,57.09459,-3.06047,7.5,Winter,0.1511,15,3
Red Kite,57.09459,-2.81564,7.5,Winter,0.1616,32,4
Red Kite,57.09459,-2.5708,7.5,Winter,0.1634,33,6
Red Kite,57.09459,-2.32596,7.5,Winter,0.1234,110,23
Red Kite,57.09459,-2.08112,7.5,Winter,0.002,1022,1
Red Kite,57.22973,-4.5295,7.5,Winter,0.0977,11,1
Red Kite,57.22973,-4.28466,7.5,Winter,0.1531,3,3
Red Kite,57.22973,-4.03983,7.5,Winter,0.2136,69,37
Red Kite,57.22973,-3.79499,7.5,Winter,0.0362,583,5
Red Kite,57.22973,-3.55015,7.5,Winter,0.048,232,3
Red Kite,57.22973,-2.81564,7.5,Winter,0.1217,9,3
Red Kite,57.22973,-2.5708,7.5,Winter,0.1307,31,3
Red Kite,57.22973,-2.32596,7.5,Winter,0.0801,26,1
Red Kite,57.36486,-4.77434,7.5,Winter,0.024,10,2
Red Kite,57.36486,-4.5295,7.5,Winter,0.2731,125,14
Red Kite,57.36486,-4.28466,7.5,Winter,0.2758,66,24
Red Kite,57.36486,-4.03983,7.5,Winter,0.2647,35,15
Red Kite,57.36486,-3.79499,7.5,Winter,0.116,79,15
Red Kite,57.36486,-3.55015,7.5,Winter,0.0983,228,23
Red Kite,57.36486,-3.30531,7.5,Winter,0.0088,32,4
Red Kite,57.36486,-2.5708,7.5,Winter,0.0112,67,1
Red Kite,57.5,-4.77434,7.5,Winter,0.0316,1,1
Red Kite,57.5,-4.5295,7.5,Winter,0.2966,25,14
Red Kite,57.5,-4.28466,7.5,Winter,0.276,622,70
Red Kite,57.5,-4.03983,7.5,Winter,0.2538,511,80
Red Kite,57.5,-3.79499,7.5,Winter,0.0753,23,3
Red Kite,57.63514,-4.77434,7.5,Winter,0.0257,7,2
Red Kite,57.63514,-4.5295,7.5,Winter,0.256,66,35
Red Kite,57.63514,-4.28466,7.5,Winter,0.245,56,12
Red Kite,57.63514,-4.03983,7.5,Winter,0.2135,354,39
Red Kite,57.63514,-3.55015,7.5,Winter,0.0075,318,1
Red Kite,57.77027,-4.03983,7.5,Winter,0.2278,88,10
Red Kite,57.77027,-3.79499,7.5,Winter,0.018,153,6
Red Kite,57.90541,-4.5295,7.5,Winter,0.2065,10,2
Red Kite,57.90541,-4.28466,7.5,Winter,0.1967,43,1
Red Kite,57.90541,-4.03983,7.5,Winter,0.2044,192,27
Red Kite,58.31081,-3.79499,7.5,Winter,0.0044,9,2
Red Kite,59.93243,-1.34661,7.5,Winter,0.0009,905,1
Rock Ptarmigan,56.68919,-5.01918,7.5,Autumn,0.0008,142,1
Rock Ptarmigan,56.68919,-4.03983,7.5,Autumn,0.0006,22,3
Rock Ptarmigan,56.82432,-3.79499,7.5,Autumn,0.0047,22,1
Rock Ptarmigan,56.82432,-3.30531,7.5,Autumn,0.0013,52,9
Rock Ptarmigan,57.09459,-5.26402,7.5,Autumn,0.0052,2,1
Rock Ptarmigan,57.09459,-3.79499,7.5,Autumn,0.0051,105,5
Rock Ptarmigan,57.09459,-3.55015,7.5,Autumn,0.1648,58,14
Rock Ptarmigan,57.22973,-4.03983,7.5,Autumn,0.0009,90,1
Rock Ptarmigan,57.22973,-3.55015,7.5,Autumn,0.0017,169,1
Rock Ptarmigan,57.36486,-5.75369,7.5,Autumn,0.0008,43,7
Rock Ptarmigan,57.36486,-3.30531,7.5,Autumn,0.0005,10,1
Rock Ptarmigan,57.63514,-4.5295,7.5,Autumn,0.0003,83,1
Rock Ptarmigan,58.17568,-5.01918,7.5,Autumn,0.0006,4,1
Rock Ptarmigan,56.28378,-4.28466,7.5,Spring,0.0003,269,1
Rock Ptarmigan,56.41892,-4.5295,7.5,Spring,0.0004,40,1
Rock Ptarmigan,56.41892,-3.79499,7.5,Spring,0.0004,80,1
Rock Ptarmigan,56.55405,-3.55015,7.5,Spring,0.0003,294,1
Rock Ptarmigan,56.68919,-5.01918,7.5,Spring,0.0018,215,2
Rock Ptarmigan,56.68919,-4.77434,7.5,Spring,0.0015,29,1
Rock Ptarmigan,56.68919,-4.03983,7.5,Spring,0.0009,46,2
Rock Ptarmigan,56.82432,-5.01918,7.5,Spring,0.0326,256,2
Rock Ptarmigan,56.82432,-4.28466,7.5,Spring,0.0251,17,3
Rock Ptarmigan,56.82432,-3.79499,7.5,Spring,0.0152,59,1
Rock Ptarmigan,56.82432,-3.30531,7.5,Spring,0.0019,111,36
Rock Ptarmigan,56.95946,-5.01918,7.5,Spring,0.0615,46,1
Rock Ptarmigan,56.95946,-4.5295,7.5,Spring,0.0785,55,1
Rock Ptarmigan,56.95946,-4.28466,7.5,Spring,0.0487,91,2
Rock Ptarmigan,56.95946,-3.55015,7.5,Spring,0.1708,57,1
Rock Ptarmigan,56.95946,-3.30531,7.5,Spring,0.0035,107,1
Rock Ptarmigan,56.95946,-3.06047,7.5,Spring,0.0016,23,2
Rock Ptarmigan,57.09459,-5.26402,7.5,Spring,0.0131,10,1
Rock Ptarmigan,57.09459,-4.03983,7.5,Spring,0.0099,709,1
Rock Ptarmigan,57.09459,-3.79499,7.5,Spring,0.0119,375,28
Rock Ptarmigan,57.09459,-3.55015,7.5,Spring,0.1727,433,89
Rock Ptarmigan,57.09459,-3.06047,7.5,Spring,0.0013,69,1
Rock Ptarmigan,57.09459,-2.81564,7.5,Spring,0.0003,188,1
Rock Ptarmigan,57.22973,-5.26402,7.5,Spring,0.0329,5,1
Rock Ptarmigan,57.22973,-5.01918,7.5,Spring,0.0364,41,2
Rock Ptarmigan,57.22973,-3.55015,7.5,Spring,0.0027,560,3
Rock Ptarmigan,57.36486,-5.99853,7.5,Spring,0.0007,41,1
Rock Ptarmigan,57.36486,-5.75369,7.5,Spring,0.0009,69,6
Rock Ptarmigan,57.36486,-3.30531,7.5,Spring,0.0005,43,2
Rock Ptarmigan,57.5,-5.01918,7.5,Spring,0.0054,14,2
Rock Ptarmigan,57.63514,-5.50885,7.5,Spring,0.0007,19,1
Rock Ptarmigan,57.63514,-4.5295,7.5,Spring,0.0004,168,1
Rock Ptarmigan,57.77027,-4.5295,7.5,Spring,0.0004,3,1
Rock Ptarmigan,56.55405,-4.77434,7.5,Summer,0.0003,50,1
Rock Ptarmigan,56.68919,-5.01918,7.5,Summer,0.0008,304,1
Rock Ptarmigan,56.68919,-4.28466,7.5,Summer,0.0008,18,1
Rock Ptarmigan,56.68919,-4.03983,7.5,Summer,0.0006,50,1
Rock Ptarmigan,56.82432,-5.01918,7.5,Summer,0.0056,276,3
Rock Ptarmigan,56.82432,-3.79499,7.5,Summer,0.0052,56,1
Rock Ptarmigan,56.82432,-3.55015,7.5,Summer,0.0298,25,3
Rock Ptarmigan,56.82432,-3.30531,7.5,Summer,0.0016,104,27
Rock Ptarmigan,56.95946,-4.5295,7.5,Summer,0.016,28,1
Rock Ptarmigan,56.95946,-3.30531,7.5,Summer,0.003,105,1
Rock Ptarmigan,57.09459,-5.26402,7.5,Summer,0.0027,14,1
Rock Ptarmigan,57.09459,-4.5295,7.5,Summer,0.0074,16,1
Rock Ptarmigan,57.09459,-3.79499,7.5,Summer,0.0056,311,13
Rock Ptarmigan,57.09459,-3.55015,7.5,Summer,0.2283,315,50
Rock Ptarmigan,57.09459,-3.06047,7.5,Summer,0.0013,80,1
Rock Ptarmigan,57.36486,-5.75369,7.5,Summer,0.0006,65,5
Rock Ptarmigan,57.36486,-5.01918,7.5,Summer,0.0093,3,1
Rock Ptarmigan,57.5,-5.50885,7.5,Summer,0.0007,59,1
Rock Ptarmigan,57.63514,-4.77434,7.5,Summer,0.0008,32,1
Rock Ptarmigan,58.17568,-5.01918,7.5,Summer,0.0007,52,1
Rock Ptarmigan,56.14865,-4.5295,7.5,Winter,0.0003,46,1
Rock Ptarmigan,56.68919,-4.03983,7.5,Winter,0.0007,5,2
Rock Ptarmigan,56.82432,-4.77434,7.5,Winter,0.0077,7,2
Rock Ptarmigan,56.82432,-4.28466,7.5,Winter,0.006,2,1
Rock Ptarmigan,56.82432,-3.30531,7.5,Winter,0.0028,48,19
Rock Ptarmigan,56.95946,-4.5295,7.5,Winter,0.0191,15,2
Rock Ptarmigan,56.95946,-3.30531,7.5,Winter,0.0083,33,2
Rock Ptarmigan,57.09459,-3.79499,7.5,Winter,0.006,97,10
Rock Ptarmigan,57.09459,-3.55015,7.5,Winter,0.1668,126,25
Rock Ptarmigan,57.22973,-5.75369,7.5,Winter,0.0006,16,3
Rock Ptarmigan,57.36486,-5.75369,7.5,Winter,0.0006,11,1
Rock Ptarmigan,57.36486,-3.30531,7.5,Winter,0.0005,32,1
Rock Ptarmigan,57.5,-5.26402,7.5,Winter,0.0011,5,1
Short-eared Owl,54.93243,-3.55015,7.5,Autumn,0.0015,239,2
Short-eared Owl,55.47297,-5.75369,7.5,Autumn,0.0015,16,1
Short-eared Owl,55.60811,-5.75369,7.5,Autumn,0.0019,11,1
Short-eared Owl,55.60811,-4.77434,7.5,Autumn,0.0019,3758,7
Short-eared Owl,55.87838,-3.30531,7.5,Autumn,0.0019,892,2
Short-eared Owl,55.87838,-3.06047,7.5,Autumn,0.0029,1429,4
Short-eared Owl,55.87838,-2.32596,7.5,Autumn,0.0022,105,2
Short-eared Owl,56.01351,-3.06047,7.5,Autumn,0.0053,1856,5
Short-eared Owl,56.01351,-2.81564,7.5,Autumn,0.0133,652,14
Short-eared Owl,56.01351,-2.5708,7.5,Autumn,0.0153,447,5
Short-eared Owl,56.01351,-2.32596,7.5,Autumn,0.0137,379,6
Short-eared Owl,56.14865,-3.79499,7.5,Autumn,0.0034,274,3
Short-eared Owl,56.28378,-3.79499,7.5,Autumn,0.0034,75,1
Short-eared Owl,56.28378,-2.81564,7.5,Autumn,0.0059,885,2
Short-eared Owl,56.28378,-2.5708,7.5,Autumn,0.0067,604,7
Short-eared Owl,56.41892,-2.81564,7.5,Autumn,0.0047,548,2
Short-eared Owl,56.82432,-2.5708,7.5,Autumn,0.0052,79,1
Short-eared Owl,56.95946,-3.30531,7.5,Autumn,0.0024,46,1
Short-eared Owl,57.09459,-7.46756,7.5,Autumn,0.0037,14,1
Short-eared Owl,57.09459,-7.22272,7.5,Autumn,0.0065,13,1
Short-eared Owl,57.09459,-2.08112,7.5,Autumn,0.0077,1071,14
Short-eared Owl,57.22973,-7.46756,7.5,Autumn,0.0072,56,2
Short-eared Owl,57.22973,-4.03983,7.5,Autumn,0.0017,90,1
Short-eared Owl,57.22973,-2.08112,7.5,Autumn,0.0112,282,7
Short-eared Owl,57.36486,-7.46756,7.5,Autumn,0.0076,73,1
Short-eared Owl,57.36486,-7.22272,7.5,Autumn,0.0194,22,1
Short-eared Owl,57.36486,-6.48821,7.5,Autumn,0.002,31,1
Short-eared Owl,57.36486,-2.08112,7.5,Autumn,0.0091,200,1
Short-eared Owl,57.5,-7.46756,7.5,Autumn,0.0076,50,2
Short-eared Owl,57.63514,-7.46756,7.5,Autumn,0.004,72,1
Short-eared Owl,57.63514,-6.24337,7.5,Autumn,0.0021,184,1
Short-eared Owl,57.63514,-3.79499,7.5,Autumn,0.002,202,1
Short-eared Owl,57.77027,-7.22272,7.5,Autumn,0.0084,18,1
Short-eared Owl,57.77027,-4.03983,7.5,Autumn,0.0021,104,1
Short-eared Owl,57.77027,-3.55015,7.5,Autumn,0.0024,162,2
Short-eared Owl,57.90541,-3.79499,7.5,Autumn,0.0034,76,1
Short-eared Owl,58.31081,-3.30531,7.5,Autumn,0.0036,14,1
Short-eared Owl,58.58108,-6.24337,7.5,Autumn,0.0062,58,1
Short-eared Owl,58.58108,-4.77434,7.5,Autumn,0.0071,66,1
Short-eared Owl,58.98649,-3.30531,7.5,Autumn,0.0043,157,1
Short-eared Owl,58.98649,-2.81564,7.5,Autumn,0.0136,98,4
Short-eared Owl,59.12162,-3.06047,7.5,Autumn,0.0079,80,1
Short-eared Owl,59.25676,-2.5708,7.5,Autumn,0.0224,8,1
Short-eared Owl,59.39189,-2.32596,7.5,Autumn,0.0098,327,5
Short-eared Owl,59.52703,-1.59145,7.5,Autumn,0.0068,323,22
Short-eared Owl,59.93243,-1.34661,7.5,Autumn,0.0043,2628,5
Short-eared Owl,60.06757,-1.34661,7.5,Autumn,0.0021,907,1
Short-eared Owl,60.2027,-1.34661,7.5,Autumn,0.0021,500,1
Short-eared Owl,60.33784,-1.59145,7.5,Autumn,0.0016,107,4
Short-eared Owl,60.33784,-1.34661,7.5,Autumn,0.0015,397,4
Short-eared Owl,60.33784,-1.10177,7.5,Autumn,0.0011,219,1
Short-eared Owl,60.47297,-0.85693,7.5,Autumn,0.0011,36,1
Short-eared Owl,55.2027,-3.06047,7.5,Spring,0.004,49,6
Short-eared Owl,55.47297,-4.5295,7.5,Spring,0.0016,1120,1
Short-eared Owl,55.47297,-4.03983,7.5,Spring,0.0026,6,1
Short-eared Owl,55.47297,-3.79499,7.5,Spring,0.0037,119,2
Short-eared Owl,55.47297,-3.55015,7.5,Spring,0.003,116,2
Short-eared Owl,55.60811,-6.24337,7.5,Spring,0.003,237,1
Short-eared Owl,55.60811,-5.75369,7.5,Spring,0.0035,34,3
Short-eared Owl,55.60811,-4.77434,7.5,Spring,0.0032,3607,2
Short-eared Owl,55.60811,-4.5295,7.5,Spring,0.0028,21683,1
Short-eared Owl,55.60811,-2.5708,7.5,Spring,0.0037,64,1
Short-eared Owl,55.74324,-4.28466,7.5,Spring,0.0048,998,18
Short-eared Owl,55.74324,-3.06047,7.5,Spring,0.0085,398,4
Short-eared Owl,55.74324,-2.81564,7.5,Spring,0.0086,30,1
Short-eared Owl,55.87838,-3.55015,7.5,Spring,0.0032,219,1
Short-eared Owl,55.87838,-3.30531,7.5,Spring,0.0029,2071,5
Short-eared Owl,55.87838,-3.06047,7.5,Spring,0.0041,2165,4
Short-eared Owl,56.01351,-5.26402,7.5,Spring,0.0094,45,3
Short-eared Owl,56.01351,-5.01918,7.5,Spring,0.0058,167,2
Short-eared Owl,56.01351,-4.77434,7.5,Spring,0.0053,189,1
Short-eared Owl,56.01351,-3.79499,7.5,Spring,0.0077,421,2
Short-eared Owl,56.01351,-3.55015,7.5,Spring,0.0056,493,1
Short-eared Owl,56.01351,-3.06047,7.5,Spring,0.0059,2432,9
Short-eared Owl,56.01351,-2.81564,7.5,Spring,0.0147,928,15
Short-eared Owl,56.01351,-2.32596,7.5,Spring,0.0091,300,1
Short-eared Owl,56.14865,-4.03983,7.5,Spring,0.0064,535,1
Short-eared Owl,56.14865,-3.79499,7.5,Spring,0.0081,695,2
Short-eared Owl,56.14865,-3.30531,7.5,Spring,0.0041,652,1
Short-eared Owl,56.14865,-2.81564,7.5,Spring,0.0054,399,2
Short-eared Owl,56.28378,-6.24337,7.5,Spring,0.0056,133,1
Short-eared Owl,56.28378,-4.03983,7.5,Spring,0.0071,43,3
Short-eared Owl,56.28378,-3.30531,7.5,Spring,0.0046,146,3
Short-eared Owl,56.28378,-2.81564,7.5,Spring,0.0068,1514,5
Short-eared Owl,56.28378,-2.5708,7.5,Spring,0.005,559,6
Short-eared Owl,56.41892,-5.99853,7.5,Spring,0.0056,401,8
Short-eared Owl,56.41892,-5.75369,7.5,Spring,0.0072,385,9
Short-eared Owl,56.41892,-5.50885,7.5,Spring,0.0054,396,1
Short-eared Owl,56.41892,-4.03983,7.5,Spring,0.0063,122,1
Short-eared Owl,56.41892,-3.79499,7.5,Spring,0.0069,80,2
Short-eared Owl,56.41892,-2.81564,7.5,Spring,0.0053,655,2
Short-eared Owl,56.55405,-5.99853,7.5,Spring,0.0039,283,1
Short-eared Owl,56.55405,-2.5708,7.5,Spring,0.0038,109,1
Short-eared Owl,56.68919,-3.06047,7.5,Spring,0.0037,181,2
Short-eared Owl,56.82432,-3.30531,7.5,Spring,0.0048,111,9
Short-eared Owl,56.95946,-4.28466,7.5,Spring,0.006,91,1
Short-eared Owl,56.95946,-3.06047,7.5,Spring,0.0052,23,1
Short-eared Owl,57.09459,-7.46756,7.5,Spring,0.0169,60,8
Short-eared Owl,57.09459,-7.22272,7.5,Spring,0.0107,65,5
Short-eared Owl,57.09459,-4.03983,7.5,Spring,0.0039,709,2
Short-eared Owl,57.09459,-2.08112,7.5,Spring,0.0038,1560,3
Short-eared Owl,57.22973,-7.46756,7.5,Spring,0.0638,214,21
Short-eared Owl,57.22973,-7.22272,7.5,Spring,0.0355,50,8
Short-eared Owl,57.22973,-3.55015,7.5,Spring,0.0037,560,2
Short-eared Owl,57.22973,-3.30531,7.5,Spring,0.0049,123,3
Short-eared Owl,57.22973,-2.08112,7.5,Spring,0.004,488,1
Short-eared Owl,57.36486,-7.46756,7.5,Spring,0.1485,199,10
Short-eared Owl,57.36486,-7.22272,7.5,Spring,0.0585,119,25
Short-eared Owl,57.36486,-6.48821,7.5,Spring,0.0038,77,2
Short-eared Owl,57.5,-7.46756,7.5,Spring,0.1569,266,74
Short-eared Owl,57.5,-7.22272,7.5,Spring,0.083,151,42
Short-eared Owl,57.5,-6.48821,7.5,Spring,0.0038,129,1
Short-eared Owl,57.5,-4.03983,7.5,Spring,0.0032,691,1
Short-eared Owl,57.63514,-7.46756,7.5,Spring,0.181,489,64
Short-eared Owl,57.63514,-7.22272,7.5,Spring,0.091,123,12
Short-eared Owl,57.63514,-6.97788,7.5,Spring,0.0043,10,1
Short-eared Owl,57.63514,-6.48821,7.5,Spring,0.0044,131,2
Short-eared Owl,57.63514,-4.03983,7.5,Spring,0.004,569,1
Short-eared Owl,57.63514,-3.55015,7.5,Spring,0.004,328,2
Short-eared Owl,57.63514,-1.83628,7.5,Spring,0.0039,232,2
Short-eared Owl,57.77027,-8.69175,7.5,Spring,0.004,65,1
Short-eared Owl,57.77027,-7.22272,7.5,Spring,0.0156,66,6
Short-eared Owl,57.77027,-4.03983,7.5,Spring,0.0059,201,1
Short-eared Owl,57.90541,-5.50885,7.5,Spring,0.0087,117,2
Short-eared Owl,57.90541,-4.28466,7.5,Spring,0.0082,115,1
Short-eared Owl,57.90541,-4.03983,7.5,Spring,0.0093,326,2
Short-eared Owl,57.90541,-3.79499,7.5,Spring,0.0091,70,1
Short-eared Owl,58.17568,-6.73304,7.5,Spring,0.0063,86,1
Short-eared Owl,58.44595,-3.30531,7.5,Spring,0.0063,21,1
Short-eared Owl,58.44595,-3.06047,7.5,Spring,0.0064,87,1
Short-eared Owl,58.71622,-3.06047,7.5,Spring,0.008,32,1
Short-eared Owl,58.85135,-3.06047,7.5,Spring,0.0196,66,1
Short-eared Owl,58.85135,-2.81564,7.5,Spring,0.0224,115,1
Short-eared Owl,58.98649,-3.30531,7.5,Spring,0.0582,299,5
Short-eared Owl,58.98649,-3.06047,7.5,Spring,0.1245,323,36
Short-eared Owl,58.98649,-2.81564,7.5,Spring,0.1058,106,18
Short-eared Owl,59.12162,-3.30531,7.5,Spring,0.0418,228,7
Short-eared Owl,59.12162,-3.06047,7.5,Spring,0.0962,182,16
Short-eared Owl,59.12162,-2.81564,7.5,Spring,0.0861,15,1
Short-eared Owl,59.25676,-2.81564,7.5,Spring,0.0223,23,1
Short-eared Owl,59.25676,-2.5708,7.5,Spring,0.0126,8,1
Short-eared Owl,59.39189,-2.32596,7.5,Spring,0.0105,344,5
Short-eared Owl,59.52703,-1.59145,7.5,Spring,0.0118,456,61
Short-eared Owl,59.93243,-1.34661,7.5,Spring,0.0018,1629,6
Short-eared Owl,60.2027,-1.59145,7.5,Spring,0.0043,49,1
Short-eared Owl,60.47297,-0.85693,7.5,Spring,0.0011,26,2
Short-eared Owl,54.93243,-3.55015,7.5,Summer,0.0014,171,1
Short-eared Owl,55.47297,-4.77434,7.5,Summer,0.0012,450,1
Short-eared Owl,55.74324,-5.50885,7.5,Summer,0.0017,42,1
Short-eared Owl,55.74324,-4.28466,7.5,Summer,0.0018,507,1
Short-eared Owl,55.87838,-4.28466,7.5,Summer,0.0016,1378,1
Short-eared Owl,55.87838,-3.30531,7.5,Summer,0.0015,1184,2
Short-eared Owl,55.87838,-2.5708,7.5,Summer,0.0014,109,1
Short-eared Owl,56.01351,-4.77434,7.5,Summer,0.0026,128,1
Short-eared Owl,56.01351,-4.03983,7.5,Summer,0.0028,53,1
Short-eared Owl,56.01351,-3.55015,7.5,Summer,0.0024,266,1
Short-eared Owl,56.01351,-3.06047,7.5,Summer,0.0021,2396,1
Short-eared Owl,56.01351,-2.81564,7.5,Summer,0.0024,786,3
Short-eared Owl,56.14865,-3.79499,7.5,Summer,0.0037,328,2
Short-eared Owl,56.14865,-2.5708,7.5,Summer,0.0019,245,1
Short-eared Owl,56.28378,-4.03983,7.5,Summer,0.0038,8,2
Short-eared Owl,56.28378,-2.5708,7.5,Summer,0.0023,524,1
Short-eared Owl,56.41892,-5.99853,7.5,Summer,0.005,294,12
Short-eared Owl,56.41892,-5.75369,7.5,Summer,0.0055,361,12
Short-eared Owl,56.41892,-4.03983,7.5,Summer,0.0044,50,1
Short-eared Owl,56.41892,-3.79499,7.5,Summer,0.0063,78,1
Short-eared Owl,56.41892,-2.81564,7.5,Summer,0.003,590,3
Short-eared Owl,56.55405,-6.24337,7.5,Summer,0.0036,192,2
Short-eared Owl,56.55405,-5.99853,7.5,Summer,0.0038,274,1
Short-eared Owl,56.55405,-4.03983,7.5,Summer,0.004,49,1
Short-eared Owl,56.55405,-3.79499,7.5,Summer,0.0048,45,3
Short-eared Owl,56.68919,-3.06047,7.5,Summer,0.0028,142,2
Short-eared Owl,56.68919,-2.5708,7.5,Summer,0.0027,238,1
Short-eared Owl,56.68919,-2.32596,7.5,Summer,0.0025,30,1
Short-eared Owl,56.82432,-6.24337,7.5,Summer,0.0047,21,1
Short-eared Owl,56.82432,-4.28466,7.5,Summer,0.0042,15,1
Short-eared Owl,56.82432,-3.30531,7.5,Summer,0.0051,104,3
Short-eared Owl,56.82432,-3.06047,7.5,Summer,0.0052,27,1
Short-eared Owl,57.09459,-7.46756,7.5,Summer,0.0163,86,18
Short-eared Owl,57.09459,-7.22272,7.5,Summer,0.0106,41,6
Short-eared Owl,57.09459,-2.08112,7.5,Summer,0.0033,1194,3
Short-eared Owl,57.22973,-7.46756,7.5,Summer,0.0925,112,15
Short-eared Owl,57.22973,-7.22272,7.5,Summer,0.0442,26,3
Short-eared Owl,57.22973,-5.75369,7.5,Summer,0.0042,148,1
Short-eared Owl,57.22973,-3.79499,7.5,Summer,0.0038,1932,1
Short-eared Owl,57.22973,-3.55015,7.5,Summer,0.0058,441,9
Short-eared Owl,57.22973,-3.30531,7.5,Summer,0.0064,128,3
Short-eared Owl,57.36486,-7.46756,7.5,Summer,0.1515,123,17
Short-eared Owl,57.36486,-7.22272,7.5,Summer,0.0665,80,20
Short-eared Owl,57.36486,-4.28466,7.5,Summer,0.0028,264,1
Short-eared Owl,57.36486,-3.79499,7.5,Summer,0.0047,308,4
Short-eared Owl,57.36486,-3.55015,7.5,Summer,0.006,381,4
Short-eared Owl,57.36486,-3.06047,7.5,Summer,0.0077,14,2
Short-eared Owl,57.5,-7.46756,7.5,Summer,0.1653,165,23
Short-eared Owl,57.5,-7.22272,7.5,Summer,0.0874,111,24
Short-eared Owl,57.5,-6.48821,7.5,Summer,0.0032,157,1
Short-eared Owl,57.5,-6.24337,7.5,Summer,0.0035,189,2
Short-eared Owl,57.5,-1.83628,7.5,Summer,0.0081,107,1
Short-eared Owl,57.63514,-7.46756,7.5,Summer,0.1587,350,68
Short-eared Owl,57.63514,-7.22272,7.5,Summer,0.0885,116,16
Short-eared Owl,57.63514,-6.48821,7.5,Summer,0.0034,167,2
Short-eared Owl,57.63514,-2.32596,7.5,Summer,0.0077,124,2
Short-eared Owl,57.63514,-1.83628,7.5,Summer,0.0079,145,2
Short-eared Owl,57.77027,-7.22272,7.5,Summer,0.0149,64,3
Short-eared Owl,57.77027,-5.50885,7.5,Summer,0.0033,82,1
Short-eared Owl,57.77027,-4.03983,7.5,Summer,0.0032,134,1
Short-eared Owl,57.90541,-5.26402,7.5,Summer,0.0045,175,2
Short-eared Owl,58.04054,-6.73304,7.5,Summer,0.0047,36,1
Short-eared Owl,58.17568,-6.97788,7.5,Summer,0.0045,82,1
Short-eared Owl,58.17568,-3.55015,7.5,Summer,0.0072,44,1
Short-eared Owl,58.31081,-3.30531,7.5,Summer,0.0078,52,1
Short-eared Owl,58.44595,-6.24337,7.5,Summer,0.0056,130,1
Short-eared Owl,58.44595,-3.79499,7.5,Summer,0.0195,16,1
Short-eared Owl,58.58108,-3.55015,7.5,Summer,0.0082,117,1
Short-eared Owl,58.58108,-3.06047,7.5,Summer,0.0101,174,1
Short-eared Owl,58.85135,-3.30531,7.5,Summer,0.0121,113,7
Short-eared Owl,58.85135,-3.06047,7.5,Summer,0.0185,70,1
Short-eared Owl,58.85135,-2.81564,7.5,Summer,0.0211,183,2
Short-eared Owl,58.98649,-3.30531,7.5,Summer,0.1082,530,21
Short-eared Owl,58.98649,-3.06047,7.5,Summer,0.1528,416,19
Short-eared Owl,58.98649,-2.81564,7.5,Summer,0.1218,119,17
Short-eared Owl,59.12162,-3.30531,7.5,Summer,0.0627,447,20
Short-eared Owl,59.12162,-3.06047,7.5,Summer,0.1073,316,24
Short-eared Owl,59.12162,-2.81564,7.5,Summer,0.0886,13,1
Short-eared Owl,59.25676,-3.06047,7.5,Summer,0.0414,56,1
Short-eared Owl,59.25676,-2.81564,7.5,Summer,0.0329,63,1
Short-eared Owl,59.39189,-3.06047,7.5,Summer,0.0247,41,1
Short-eared Owl,59.39189,-2.81564,7.5,Summer,0.0227,16,1
Short-eared Owl,59.39189,-2.32596,7.5,Summer,0.0114,184,3
Short-eared Owl,59.52703,-1.59145,7.5,Summer,0.0071,354,21
Short-eared Owl,60.06757,-2.08112,7.5,Summer,0.0054,17,1
Short-eared Owl,60.60811,-0.85693,7.5,Summer,0.0012,218,1
Short-eared Owl,60.74324,-0.85693,7.5,Summer,0.0012,401,11
Short-eared Owl,54.7973,-5.01918,7.5,Winter,0.002,27,2
Short-eared Owl,54.93243,-3.55015,7.5,Winter,0.0017,289,1
Short-eared Owl,54.93243,-3.06047,7.5,Winter,0.0047,29,1
Short-eared Owl,55.2027,-4.28466,7.5,Winter,0.0015,6,1
Short-eared Owl,55.47297,-5.75369,7.5,Winter,0.0017,36,1
Short-eared Owl,55.47297,-4.5295,7.5,Winter,0.0013,1316,1
Short-eared Owl,55.60811,-5.75369,7.5,Winter,0.0021,25,1
Short-eared Owl,55.60811,-4.77434,7.5,Winter,0.0024,4222,16
Short-eared Owl,55.74324,-4.28466,7.5,Winter,0.0027,631,2
Short-eared Owl,55.74324,-3.06047,7.5,Winter,0.0088,248,2
Short-eared Owl,55.87838,-4.28466,7.5,Winter,0.0021,1701,1
Short-eared Owl,55.87838,-3.30531,7.5,Winter,0.0026,1796,5
Short-eared Owl,55.87838,-3.06047,7.5,Winter,0.0057,1773,2
Short-eared Owl,56.01351,-5.01918,7.5,Winter,0.0045,105,1
Short-eared Owl,56.01351,-3.55015,7.5,Winter,0.0036,507,2
Short-eared Owl,56.01351,-3.30531,7.5,Winter,0.0029,2000,1
Short-eared Owl,56.01351,-3.06047,7.5,Winter,0.0047,1585,8
Short-eared Owl,56.01351,-2.81564,7.5,Winter,0.0071,874,12
Short-eared Owl,56.14865,-5.26402,7.5,Winter,0.0033,6,1
Short-eared Owl,56.14865,-3.55015,7.5,Winter,0.0032,196,2
Short-eared Owl,56.14865,-3.30531,7.5,Winter,0.0025,535,1
Short-eared Owl,56.28378,-3.30531,7.5,Winter,0.0026,81,1
Short-eared Owl,56.28378,-2.81564,7.5,Winter,0.0046,1177,2
Short-eared Owl,56.41892,-3.79499,7.5,Winter,0.0027,27,1
Short-eared Owl,56.41892,-2.81564,7.5,Winter,0.0062,524,3
Short-eared Owl,56.55405,-2.5708,7.5,Winter,0.0042,56,2
Short-eared Owl,56.82432,-2.5708,7.5,Winter,0.0044,130,1
Short-eared Owl,56.95946,-4.28466,7.5,Winter,0.0023,10,1
Short-eared Owl,57.09459,-2.08112,7.5,Winter,0.007,1022,8
Short-eared Owl,57.22973,-2.08112,7.5,Winter,0.011,305,7
Short-eared Owl,57.36486,-2.08112,7.5,Winter,0.0081,95,2
Short-eared Owl,58.98649,-3.30531,7.5,Winter,0.008,20,1
Short-eared Owl,58.98649,-2.81564,7.5,Winter,0.0153,12,2
Short-eared Owl,59.52703,-1.59145,7.5,Winter,0.0048,87,1
Short-eared Owl,59.93243,-1.34661,7.5,Winter,0.0032,905,3
Short-eared Owl,60.06757,-1.10177,7.5,Winter,0.0012,96,1
Snow Bunting,55.47297,-4.77434,7.5,Autumn,0.0008,581,3
Snow Bunting,55.60811,-4.77434,7.5,Autumn,0.0009,3758,7
Snow Bunting,55.74324,-6.48821,7.5,Autumn,0.0015,54,1
Snow Bunting,55.87838,-6.24337,7.5,Autumn,0.0007,142,1
Snow Bunting,55.87838,-3.06047,7.5,Autumn,0.0007,1429,1
Snow Bunting,55.87838,-2.08112,7.5,Autumn,0.0446,169,8
Snow Bunting,56.01351,-3.06047,7.5,Autumn,0.0007,1856,2
Snow Bunting,56.01351,-2.81564,7.5,Autumn,0.0048,652,2
Snow Bunting,56.01351,-2.5708,7.5,Autumn,0.0157,447,8
Snow Bunting,56.01351,-2.32596,7.5,Autumn,0.0293,379,8
Snow Bunting,56.41892,-2.81564,7.5,Autumn,0.0072,548,9
Snow Bunting,56.55405,-6.97788,7.5,Autumn,0.008,27,1
Snow Bunting,56.82432,-5.01918,7.5,Autumn,0.0011,127,1
Snow Bunting,56.95946,-5.50885,7.5,Autumn,0.0009,2,1
Snow Bunting,56.95946,-2.08112,7.5,Autumn,0.0034,92,1
Snow Bunting,57.09459,-4.03983,7.5,Autumn,0.001,242,1
Snow Bunting,57.09459,-3.79499,7.5,Autumn,0.0094,105,2
Snow Bunting,57.09459,-3.55015,7.5,Autumn,0.0108,58,13
Snow Bunting,57.09459,-2.08112,7.5,Autumn,0.0045,1071,8
Snow Bunting,57.22973,-7.46756,7.5,Autumn,0.001,56,1
Snow Bunting,57.22973,-3.79499,7.5,Autumn,0.0017,655,3
Snow Bunting,57.36486,-3.30531,7.5,Autumn,0.0046,10,1
Snow Bunting,57.36486,-2.08112,7.5,Autumn,0.0042,200,1
Snow Bunting,57.5,-5.50885,7.5,Autumn,0.0008,11,1
Snow Bunting,57.63514,-4.03983,7.5,Autumn,0.0014,581,3
Snow Bunting,57.63514,-3.79499,7.5,Autumn,0.0073,202,4
Snow Bunting,57.63514,-3.55015,7.5,Autumn,0.011,283,1
Snow Bunting,57.63514,-3.06047,7.5,Autumn,0.0102,109,6
Snow Bunting,57.63514,-2.32596,7.5,Autumn,0.0076,32,1
Snow Bunting,57.77027,-8.69175,7.5,Autumn,0.0016,2,1
Snow Bunting,57.77027,-6.97788,7.5,Autumn,0.0016,28,1
Snow Bunting,57.77027,-3.55015,7.5,Autumn,0.0183,162,2
Snow Bunting,57.90541,-6.73304,7.5,Autumn,0.0025,9,1
Snow Bunting,57.90541,-4.28466,7.5,Autumn,0.0019,86,1
Snow Bunting,57.90541,-3.79499,7.5,Autumn,0.0077,76,2
Snow Bunting,58.04054,-4.28466,7.5,Autumn,0.0043,19,1
Snow Bunting,58.17568,-6.97788,7.5,Autumn,0.0058,67,2
Snow Bunting,58.17568,-6.24337,7.5,Autumn,0.0026,72,1
Snow Bunting,58.31081,-6.73304,7.5,Autumn,0.0997,87,3
Snow Bunting,58.31081,-6.24337,7.5,Autumn,0.0087,117,2
Snow Bunting,58.44595,-3.06047,7.5,Autumn,0.0295,54,1
Snow Bunting,58.58108,-6.24337,7.5,Autumn,0.013,58,12
Snow Bunting,58.58108,-4.77434,7.5,Autumn,0.0139,66,1
Snow Bunting,58.58108,-3.30531,7.5,Autumn,0.0287,53,2
Snow Bunting,58.85135,-3.06047,7.5,Autumn,0.0278,54,1
Snow Bunting,58.98649,-3.06047,7.5,Autumn,0.0371,134,1
Snow Bunting,58.98649,-2.81564,7.5,Autumn,0.0284,98,1
Snow Bunting,59.12162,-3.06047,7.5,Autumn,0.0309,80,1
Snow Bunting,59.12162,-2.5708,7.5,Autumn,0.0323,41,1
Snow Bunting,59.39189,-2.81564,7.5,Autumn,0.0706,11,2
Snow Bunting,59.39189,-2.32596,7.5,Autumn,0.1899,327,77
Snow Bunting,59.52703,-1.59145,7.5,Autumn,0.2127,323,106
Snow Bunting,59.7973,-1.34661,7.5,Autumn,0.1049,168,14
Snow Bunting,59.93243,-1.34661,7.5,Autumn,0.0595,2628,68
Snow Bunting,60.06757,-2.08112,7.5,Autumn,0.0846,16,5
Snow Bunting,60.06757,-1.34661,7.5,Autumn,0.0493,907,6
Snow Bunting,60.2027,-2.08112,7.5,Autumn,0.0762,3,2
Snow Bunting,60.2027,-1.10177,7.5,Autumn,0.0659,824,4
Snow Bunting,60.33784,-1.10177,7.5,Autumn,0.0779,219,2
Snow Bunting,60.47297,-1.59145,7.5,Autumn,0.1178,176,19
Snow Bunting,60.47297,-1.34661,7.5,Autumn,0.0513,240,8
Snow Bunting,60.47297,-0.85693,7.5,Autumn,0.1509,36,7
Snow Bunting,60.60811,-1.34661,7.5,Autumn,0.0608,63,8
Snow Bunting,60.60811,-1.10177,7.5,Autumn,0.1267,106,2
Snow Bunting,60.60811,-0.85693,7.5,Autumn,0.1576,32,3
Snow Bunting,60.74324,-0.85693,7.5,Autumn,0.1586,798,13
Snow Bunting,60.87838,-0.85693,7.5,Autumn,0.1041,125,13
Snow Bunting,55.47297,-4.77434,7.5,Spring,0.0007,561,5
Snow Bunting,55.74324,-4.28466,7.5,Spring,0.0007,998,1
Snow Bunting,55.74324,-2.81564,7.5,Spring,0.0008,30,1
Snow Bunting,55.87838,-3.30531,7.5,Spring,0.0007,2071,1
Snow Bunting,55.87838,-3.06047,7.5,Spring,0.0007,2165,5
Snow Bunting,55.87838,-2.32596,7.5,Spring,0.0017,169,1
Snow Bunting,55.87838,-2.08112,7.5,Spring,0.0041,288,1
Snow Bunting,56.01351,-3.06047,7.5,Spring,0.0007,2432,4
Snow Bunting,56.01351,-2.81564,7.5,Spring,0.001,928,1
Snow Bunting,56.01351,-2.32596,7.5,Spring,0.0026,300,7
Snow Bunting,56.28378,-2.5708,7.5,Spring,0.0012,559,4
Snow Bunting,56.68919,-6.24337,7.5,Spring,0.0007,84,1
Snow Bunting,56.82432,-5.01918,7.5,Spring,0.0017,256,9
Snow Bunting,56.82432,-4.28466,7.5,Spring,0.0024,17,1
Snow Bunting,56.82432,-3.30531,7.5,Spring,0.0008,111,1
Snow Bunting,57.09459,-5.26402,7.5,Spring,0.0009,10,1
Snow Bunting,57.09459,-3.79499,7.5,Spring,0.0032,375,14
Snow Bunting,57.09459,-3.55015,7.5,Spring,0.006,433,166
Snow Bunting,57.09459,-2.08112,7.5,Spring,0.0012,1560,1
Snow Bunting,57.22973,-7.46756,7.5,Spring,0.0008,214,2
Snow Bunting,57.22973,-3.79499,7.5,Spring,0.0014,2240,1
Snow Bunting,57.22973,-3.55015,7.5,Spring,0.0017,560,1
Snow Bunting,57.5,-5.50885,7.5,Spring,0.0008,38,1
Snow Bunting,57.5,-4.03983,7.5,Spring,0.0011,691,1
Snow Bunting,57.63514,-3.79499,7.5,Spring,0.0123,223,10
Snow Bunting,57.63514,-3.55015,7.5,Spring,0.0029,328,1
Snow Bunting,57.63514,-1.83628,7.5,Spring,0.0021,232,1
Snow Bunting,57.77027,-4.5295,7.5,Spring,0.001,3,1
Snow Bunting,57.77027,-4.03983,7.5,Spring,0.0012,201,1
Snow Bunting,57.77027,-3.30531,7.5,Spring,0.0032,165,1
Snow Bunting,57.90541,-4.03983,7.5,Spring,0.0012,326,2
Snow Bunting,57.90541,-3.79499,7.5,Spring,0.0109,70,4
Snow Bunting,58.31081,-6.73304,7.5,Spring,0.0011,84,3
Snow Bunting,58.58108,-6.24337,7.5,Spring,0.0013,71,1
Snow Bunting,58.58108,-4.77434,7.5,Spring,0.0014,149,1
Snow Bunting,59.12162,-3.30531,7.5,Spring,0.0146,228,1
Snow Bunting,59.12162,-3.06047,7.5,Spring,0.0135,182,1
Snow Bunting,59.25676,-3.06047,7.5,Spring,0.0128,27,1
Snow Bunting,59.39189,-3.06047,7.5,Spring,0.0227,21,1
Snow Bunting,59.39189,-2.32596,7.5,Spring,0.0373,344,28
Snow Bunting,59.52703,-1.59145,7.5,Spring,0.0446,456,68
Snow Bunting,59.7973,-1.34661,7.5,Spring,0.0354,175,2
Snow Bunting,59.93243,-1.34661,7.5,Spring,0.0182,1629,1
Snow Bunting,60.06757,-1.34661,7.5,Spring,0.0279,437,2
Snow Bunting,60.2027,-1.10177,7.5,Spring,0.0046,488,1
Snow Bunting,60.47297,-1.59145,7.5,Spring,0.0318,71,3
Snow Bunting,60.47297,-1.34661,7.5,Spring,0.0246,52,3
Snow Bunting,60.47297,-0.85693,7.5,Spring,0.0093,26,1
Snow Bunting,60.74324,-0.85693,7.5,Spring,0.0174,385,7
Snow Bunting,60.87838,-0.85693,7.5,Spring,0.0205,114,4
Snow Bunting,56.82432,-5.01918,7.5,Summer,0.0024,276,7
Snow Bunting,56.82432,-3.30531,7.5,Summer,0.0008,104,1
Snow Bunting,56.95946,-3.55015,7.5,Summer,0.0048,70,2
Snow Bunting,57.09459,-3.79499,7.5,Summer,0.0036,311,9
Snow Bunting,57.09459,-3.55015,7.5,Summer,0.0289,315,69
Snow Bunting,59.39189,-2.32596,7.5,Summer,0.0007,184,2
Snow Bunting,59.52703,-1.59145,7.5,Summer,0.0007,354,1
Snow Bunting,55.47297,-4.77434,7.5,Winter,0.0007,596,2
Snow Bunting,55.47297,-4.5295,7.5,Winter,0.0007,1316,1
Snow Bunting,55.60811,-5.75369,7.5,Winter,0.0008,25,2
Snow Bunting,55.60811,-4.77434,7.5,Winter,0.0007,4222,3
Snow Bunting,55.60811,-4.5295,7.5,Winter,0.0007,17240,1
Snow Bunting,55.74324,-3.55015,7.5,Winter,0.0009,34,1
Snow Bunting,55.87838,-3.30531,7.5,Winter,0.0007,1796,1
Snow Bunting,55.87838,-2.08112,7.5,Winter,0.0217,65,1
Snow Bunting,56.01351,-3.55015,7.5,Winter,0.0009,507,1
Snow Bunting,56.01351,-2.81564,7.5,Winter,0.018,874,15
Snow Bunting,56.01351,-2.5708,7.5,Winter,0.1272,643,11
Snow Bunting,56.14865,-3.55015,7.5,Winter,0.0008,196,1
Snow Bunting,56.14865,-2.81564,7.5,Winter,0.0093,219,1
Snow Bunting,56.28378,-4.28466,7.5,Winter,0.0008,56,1
Snow Bunting,56.28378,-3.30531,7.5,Winter,0.001,81,1
Snow Bunting,56.41892,-4.03983,7.5,Winter,0.0008,50,1
Snow Bunting,56.41892,-2.81564,7.5,Winter,0.0154,524,12
Snow Bunting,56.82432,-3.30531,7.5,Winter,0.0019,48,7
Snow Bunting,56.82432,-2.32596,7.5,Winter,0.0021,83,1
Snow Bunting,56.95946,-6.24337,7.5,Winter,0.0015,45,6
Snow Bunting,56.95946,-3.30531,7.5,Winter,0.004,33,1
Snow Bunting,57.09459,-3.79499,7.5,Winter,0.0055,97,14
Snow Bunting,57.09459,-3.55015,7.5,Winter,0.0165,126,102
Snow Bunting,57.09459,-2.08112,7.5,Winter,0.0032,1022,6
Snow Bunting,57.22973,-7.46756,7.5,Winter,0.0013,35,1
Snow Bunting,57.22973,-4.03983,7.5,Winter,0.0017,69,1
Snow Bunting,57.22973,-3.79499,7.5,Winter,0.0045,583,1
Snow Bunting,57.22973,-3.55015,7.5,Winter,0.0049,232,1
Snow Bunting,57.22973,-3.30531,7.5,Winter,0.0071,38,3
Snow Bunting,57.36486,-5.75369,7.5,Winter,0.0012,11,1
Snow Bunting,57.36486,-3.79499,7.5,Winter,0.006,79,1
Snow Bunting,57.36486,-2.08112,7.5,Winter,0.0042,95,1
Snow Bunting,57.5,-4.28466,7.5,Winter,0.0011,622,1
Snow Bunting,57.5,-4.03983,7.5,Winter,0.0015,511,1
Snow Bunting,57.63514,-7.46756,7.5,Winter,0.0029,7,1
Snow Bunting,57.63514,-5.75369,7.5,Winter,0.0032,2,1
Snow Bunting,57.63514,-4.03983,7.5,Winter,0.002,354,1
Snow Bunting,57.63514,-3.79499,7.5,Winter,0.0139,297,16
Snow Bunting,57.63514,-3.06047,7.5,Winter,0.0118,52,1
Snow Bunting,57.63514,-1.83628,7.5,Winter,0.0109,140,1
Snow Bunting,57.77027,-3.30531,7.5,Winter,0.0153,185,5
Snow Bunting,57.90541,-6.24337,7.5,Winter,0.0041,89,6
Snow Bunting,57.90541,-4.03983,7.5,Winter,0.0029,192,20
Snow Bunting,58.17568,-6.48821,7.5,Winter,0.0064,51,1
Snow Bunting,58.17568,-6.24337,7.5,Winter,0.0046,54,1
Snow Bunting,58.31081,-6.48821,7.5,Winter,0.0692,3,1
Snow Bunting,58.31081,-6.24337,7.5,Winter,0.0092,53,2
Snow Bunting,59.12162,-3.06047,7.5,Winter,0.0229,28,1
Snow Bunting,59.25676,-2.5708,7.5,Winter,0.0259,15,1
Snow Bunting,59.39189,-2.32596,7.5,Winter,0.0452,15,3
Snow Bunting,59.52703,-1.59145,7.5,Winter,0.0598,87,3
Snow Bunting,59.7973,-1.34661,7.5,Winter,0.0577,30,2
Snow Bunting,59.93243,-1.34661,7.5,Winter,0.0327,905,12
Snow Bunting,60.06757,-1.34661,7.5,Winter,0.035,290,3
Snow Bunting,60.2027,-2.08112,7.5,Winter,0.0276,3,1
Snow Bunting,60.2027,-1.34661,7.5,Winter,0.0337,47,1
Snow Bunting,60.2027,-1.10177,7.5,Winter,0.0432,254,4
Snow Bunting,60.33784,-1.59145,7.5,Winter,0.036,9,1
Snow Bunting,60.33784,-1.10177,7.5,Winter,0.0445,18,1
Snow Bunting,60.47297,-1.34661,7.5,Winter,0.035,17,1
Snow Bunting,60.60811,-1.10177,7.5,Winter,0.0576,50,2
Snow Bunting,60.74324,-0.85693,7.5,Winter,0.0463,280,6
Snow Bunting,60.87838,-0.85693,7.5,Winter,0.0512,32,2
White-tailed Eagle,55.60811,-6.24337,7.5,Autumn,0.0504,96,7
White-tailed Eagle,55.60811,-5.75369,7.5,Autumn,0.0218,11,1
White-tailed Eagle,55.74324,-6.48821,7.5,Autumn,0.0308,54,3
White-tailed Eagle,55.74324,-6.24337,7.5,Autumn,0.0517,173,15
White-tailed Eagle,55.74324,-5.50885,7.5,Autumn,0.0177,28,1
White-tailed Eagle,55.87838,-6.24337,7.5,Autumn,0.0717,142,12
White-tailed Eagle,55.87838,-5.99853,7.5,Autumn,0.0611,20,3
White-tailed Eagle,55.87838,-5.26402,7.5,Autumn,0.0035,14,1
White-tailed Eagle,56.01351,-6.24337,7.5,Autumn,0.0801,25,1
White-tailed Eagle,56.01351,-5.75369,7.5,Autumn,0.062,10,1
White-tailed Eagle,56.01351,-5.50885,7.5,Autumn,0.0295,48,1
White-tailed Eagle,56.01351,-5.01918,7.5,Autumn,0.0017,72,3
White-tailed Eagle,56.14865,-6.24337,7.5,Autumn,0.0828,9,3
White-tailed Eagle,56.14865,-5.75369,7.5,Autumn,0.0678,3,2
White-tailed Eagle,56.14865,-5.50885,7.5,Autumn,0.0271,29,3
White-tailed Eagle,56.14865,-3.79499,7.5,Autumn,0.0006,274,1
White-tailed Eagle,56.28378,-6.48821,7.5,Autumn,0.0261,55,1
White-tailed Eagle,56.28378,-6.24337,7.5,Autumn,0.0605,22,2
White-tailed Eagle,56.28378,-4.28466,7.5,Autumn,0.0006,38,1
White-tailed Eagle,56.41892,-5.99853,7.5,Autumn,0.0911,72,22
White-tailed Eagle,56.41892,-5.75369,7.5,Autumn,0.082,123,26
White-tailed Eagle,56.41892,-5.50885,7.5,Autumn,0.0453,147,7
White-tailed Eagle,56.41892,-4.5295,7.5,Autumn,0.002,10,1
White-tailed Eagle,56.41892,-3.30531,7.5,Autumn,0.0026,131,1
White-tailed Eagle,56.41892,-2.81564,7.5,Autumn,0.0014,548,13
White-tailed Eagle,56.55405,-6.24337,7.5,Autumn,0.0937,64,9
White-tailed Eagle,56.55405,-5.99853,7.5,Autumn,0.102,81,18
White-tailed Eagle,56.55405,-5.75369,7.5,Autumn,0.0937,70,13
White-tailed Eagle,56.55405,-5.50885,7.5,Autumn,0.0477,22,1
White-tailed Eagle,56.55405,-4.77434,7.5,Autumn,0.0029,28,2
White-tailed Eagle,56.68919,-6.24337,7.5,Autumn,0.1104,44,10
White-tailed Eagle,56.68919,-5.99853,7.5,Autumn,0.1126,45,1
White-tailed Eagle,56.68919,-5.75369,7.5,Autumn,0.1042,30,3
White-tailed Eagle,56.68919,-5.50885,7.5,Autumn,0.0525,20,2
White-tailed Eagle,56.68919,-5.26402,7.5,Autumn,0.0136,49,1
White-tailed Eagle,56.68919,-4.77434,7.5,Autumn,0.0029,22,1
White-tailed Eagle,56.68919,-3.79499,7.5,Autumn,0.0033,146,1
White-tailed Eagle,56.68919,-3.06047,7.5,Autumn,0.0029,95,1
White-tailed Eagle,56.82432,-6.24337,7.5,Autumn,0.118,6,1
White-tailed Eagle,56.82432,-5.99853,7.5,Autumn,0.1213,2,1
White-tailed Eagle,56.82432,-5.75369,7.5,Autumn,0.1115,36,8
White-tailed Eagle,56.82432,-5.50885,7.5,Autumn,0.0594,63,3
White-tailed Eagle,56.82432,-5.26402,7.5,Autumn,0.0185,9,2
White-tailed Eagle,56.82432,-5.01918,7.5,Autumn,0.0035,127,1
White-tailed Eagle,56.82432,-3.30531,7.5,Autumn,0.0029,52,3
White-tailed Eagle,56.95946,-7.46756,7.5,Autumn,0.0822,26,3
White-tailed Eagle,56.95946,-6.24337,7.5,Autumn,0.1166,68,3
White-tailed Eagle,56.95946,-5.75369,7.5,Autumn,0.11,105,11
White-tailed Eagle,56.95946,-5.50885,7.5,Autumn,0.0583,2,1
White-tailed Eagle,56.95946,-3.55015,7.5,Autumn,0.0044,22,4
White-tailed Eagle,56.95946,-3.30531,7.5,Autumn,0.0037,46,4
White-tailed Eagle,57.09459,-7.46756,7.5,Autumn,0.0841,14,3
White-tailed Eagle,57.09459,-7.22272,7.5,Autumn,0.1244,13,2
White-tailed Eagle,57.09459,-6.48821,7.5,Autumn,0.1223,1,1
White-tailed Eagle,57.09459,-6.24337,7.5,Autumn,0.1177,5,1
White-tailed Eagle,57.09459,-5.99853,7.5,Autumn,0.1194,37,7
White-tailed Eagle,57.09459,-5.75369,7.5,Autumn,0.1094,33,2
White-tailed Eagle,57.09459,-4.03983,7.5,Autumn,0.0071,242,9
White-tailed Eagle,57.22973,-7.46756,7.5,Autumn,0.0831,56,6
White-tailed Eagle,57.22973,-7.22272,7.5,Autumn,0.1229,11,1
White-tailed Eagle,57.22973,-6.48821,7.5,Autumn,0.1209,5,2
White-tailed Eagle,57.22973,-6.24337,7.5,Autumn,0.1163,53,2
White-tailed Eagle,57.22973,-5.99853,7.5,Autumn,0.1185,170,7
White-tailed Eagle,57.22973,-5.75369,7.5,Autumn,0.108,61,6
White-tailed Eagle,57.22973,-5.50885,7.5,Autumn,0.0578,94,1
White-tailed Eagle,57.22973,-5.01918,7.5,Autumn,0.0041,6,1
White-tailed Eagle,57.22973,-4.28466,7.5,Autumn,0.0062,2,1
White-tailed Eagle,57.22973,-4.03983,7.5,Autumn,0.0081,90,9
White-tailed Eagle,57.22973,-3.79499,7.5,Autumn,0.0049,655,4
White-tailed Eagle,57.22973,-3.30531,7.5,Autumn,0.0033,35,1
White-tailed Eagle,57.36486,-7.46756,7.5,Autumn,0.0836,73,16
White-tailed Eagle,57.36486,-7.22272,7.5,Autumn,0.1229,22,3
White-tailed Eagle,57.36486,-6.73304,7.5,Autumn,0.12,40,4
White-tailed Eagle,57.36486,-6.48821,7.5,Autumn,0.1212,31,2
White-tailed Eagle,57.36486,-6.24337,7.5,Autumn,0.1166,155,21
White-tailed Eagle,57.36486,-5.99853,7.5,Autumn,0.1183,26,1
White-tailed Eagle,57.36486,-5.75369,7.5,Autumn,0.1083,43,2
White-tailed Eagle,57.36486,-5.50885,7.5,Autumn,0.0574,30,1
White-tailed Eagle,57.36486,-4.03983,7.5,Autumn,0.0045,23,1
White-tailed Eagle,57.36486,-3.79499,7.5,Autumn,0.0044,98,4
White-tailed Eagle,57.36486,-3.55015,7.5,Autumn,0.0028,167,1
White-tailed Eagle,57.5,-7.46756,7.5,Autumn,0.0826,50,9
White-tailed Eagle,57.5,-6.73304,7.5,Autumn,0.1183,244,27
White-tailed Eagle,57.5,-6.48821,7.5,Autumn,0.1198,64,2
White-tailed Eagle,57.5,-6.24337,7.5,Autumn,0.1147,77,13
White-tailed Eagle,57.5,-5.99853,7.5,Autumn,0.1166,2,2
White-tailed Eagle,57.5,-5.75369,7.5,Autumn,0.1073,50,12
White-tailed Eagle,57.5,-5.50885,7.5,Autumn,0.0566,11,1
White-tailed Eagle,57.5,-5.26402,7.5,Autumn,0.0169,3,1
White-tailed Eagle,57.5,-4.28466,7.5,Autumn,0.0013,562,1
White-tailed Eagle,57.5,-3.79499,7.5,Autumn,0.0023,17,2
White-tailed Eagle,57.63514,-7.46756,7.5,Autumn,0.0839,72,9
White-tailed Eagle,57.63514,-7.22272,7.5,Autumn,0.124,32,5
White-tailed Eagle,57.63514,-6.48821,7.5,Autumn,0.122,42,3
White-tailed Eagle,57.63514,-6.24337,7.5,Autumn,0.1168,184,12
White-tailed Eagle,57.63514,-5.26402,7.5,Autumn,0.0174,23,1
White-tailed Eagle,57.63514,-4.03983,7.5,Autumn,0.0023,581,3
White-tailed Eagle,57.63514,-3.55015,7.5,Autumn,0.0017,283,1
White-tailed Eagle,57.77027,-7.22272,7.5,Autumn,0.1197,18,2
White-tailed Eagle,57.77027,-6.97788,7.5,Autumn,0.1114,28,5
White-tailed Eagle,57.77027,-6.73304,7.5,Autumn,0.1168,6,1
White-tailed Eagle,57.77027,-5.75369,7.5,Autumn,0.1039,55,4
White-tailed Eagle,57.77027,-5.50885,7.5,Autumn,0.0577,25,1
White-tailed Eagle,57.77027,-5.01918,7.5,Autumn,0.0036,22,1
White-tailed Eagle,57.77027,-4.03983,7.5,Autumn,0.0032,104,1
White-tailed Eagle,57.77027,-3.79499,7.5,Autumn,0.0033,172,1
White-tailed Eagle,57.90541,-6.97788,7.5,Autumn,0.1035,32,2
White-tailed Eagle,57.90541,-6.24337,7.5,Autumn,0.1053,5,1
White-tailed Eagle,57.90541,-5.75369,7.5,Autumn,0.0834,13,4
White-tailed Eagle,57.90541,-5.50885,7.5,Autumn,0.0398,58,8
White-tailed Eagle,57.90541,-5.26402,7.5,Autumn,0.0075,101,6
White-tailed Eagle,57.90541,-5.01918,7.5,Autumn,0.0034,5,2
White-tailed Eagle,57.90541,-4.03983,7.5,Autumn,0.0031,167,1
White-tailed Eagle,58.04054,-6.97788,7.5,Autumn,0.1071,8,2
White-tailed Eagle,58.04054,-6.73304,7.5,Autumn,0.1119,12,7
White-tailed Eagle,58.04054,-6.48821,7.5,Autumn,0.1133,5,3
White-tailed Eagle,58.04054,-5.01918,7.5,Autumn,0.0033,5,1
White-tailed Eagle,58.04054,-4.03983,7.5,Autumn,0.0032,14,1
White-tailed Eagle,58.17568,-7.22272,7.5,Autumn,0.116,4,1
White-tailed Eagle,58.17568,-6.97788,7.5,Autumn,0.1092,67,6
White-tailed Eagle,58.17568,-6.73304,7.5,Autumn,0.114,14,2
White-tailed Eagle,58.17568,-6.48821,7.5,Autumn,0.1154,64,3
White-tailed Eagle,58.17568,-5.26402,7.5,Autumn,0.0064,50,2
White-tailed Eagle,58.17568,-3.55015,7.5,Autumn,0.002,13,1
White-tailed Eagle,58.31081,-6.97788,7.5,Autumn,0.0897,8,1
White-tailed Eagle,58.31081,-6.73304,7.5,Autumn,0.0951,87,3
White-tailed Eagle,58.31081,-6.48821,7.5,Autumn,0.098,22,3
White-tailed Eagle,58.31081,-6.24337,7.5,Autumn,0.0943,117,8
White-tailed Eagle,58.31081,-4.03983,7.5,Autumn,0.0041,4,1
White-tailed Eagle,58.31081,-3.79499,7.5,Autumn,0.0043,14,1
White-tailed Eagle,58.44595,-6.48821,7.5,Autumn,0.095,12,1
White-tailed Eagle,58.44595,-6.24337,7.5,Autumn,0.0921,109,9
White-tailed Eagle,58.58108,-4.77434,7.5,Autumn,0.0013,66,1
White-tailed Eagle,58.58108,-4.03983,7.5,Autumn,0.0016,21,2
White-tailed Eagle,58.58108,-3.55015,7.5,Autumn,0.0011,31,1
White-tailed Eagle,58.85135,-3.06047,7.5,Autumn,0.0007,54,1
White-tailed Eagle,59.52703,-1.59145,7.5,Autumn,0.0005,323,1
White-tailed Eagle,59.93243,-1.34661,7.5,Autumn,0.0006,2628,3
White-tailed Eagle,60.06757,-1.34661,7.5,Autumn,0.0005,907,1
White-tailed Eagle,55.60811,-6.24337,7.5,Summer,0.0598,83,3
White-tailed Eagle,55.60811,-5.50885,7.5,Summer,0.0374,12,1
White-tailed Eagle,55.74324,-6.48821,7.5,Summer,0.0191,38,1
White-tailed Eagle,55.74324,-6.24337,7.5,Summer,0.0402,63,1
White-tailed Eagle,55.74324,-5.75369,7.5,Summer,0.0312,17,1
White-tailed Eagle,55.87838,-6.24337,7.5,Summer,0.0394,94,2
White-tailed Eagle,55.87838,-5.50885,7.5,Summer,0.023,48,3
White-tailed Eagle,56.01351,-5.50885,7.5,Summer,0.0237,37,1
White-tailed Eagle,56.14865,-5.75369,7.5,Summer,0.0372,5,1
White-tailed Eagle,56.14865,-5.50885,7.5,Summer,0.0196,74,3
White-tailed Eagle,56.28378,-6.24337,7.5,Summer,0.0337,89,5
White-tailed Eagle,56.28378,-5.75369,7.5,Summer,0.0295,34,1
White-tailed Eagle,56.28378,-5.50885,7.5,Summer,0.0148,51,1
White-tailed Eagle,56.41892,-6.24337,7.5,Summer,0.0607,224,4
White-tailed Eagle,56.41892,-5.99853,7.5,Summer,0.0726,294,30
White-tailed Eagle,56.41892,-5.75369,7.5,Summer,0.0638,361,12
White-tailed Eagle,56.41892,-5.50885,7.5,Summer,0.0145,433,5
White-tailed Eagle,56.41892,-4.5295,7.5,Summer,0.0014,45,1
White-tailed Eagle,56.55405,-6.24337,7.5,Summer,0.0892,192,17
White-tailed Eagle,56.55405,-5.99853,7.5,Summer,0.1006,274,18
White-tailed Eagle,56.55405,-5.75369,7.5,Summer,0.0825,81,6
White-tailed Eagle,56.55405,-5.50885,7.5,Summer,0.0183,37,1
White-tailed Eagle,56.55405,-4.28466,7.5,Summer,0.0033,36,1
White-tailed Eagle,56.55405,-4.03983,7.5,Summer,0.0029,49,1
White-tailed Eagle,56.68919,-6.48821,7.5,Summer,0.0653,30,1
White-tailed Eagle,56.68919,-6.24337,7.5,Summer,0.0872,70,2
White-tailed Eagle,56.68919,-5.99853,7.5,Summer,0.0936,168,14
White-tailed Eagle,56.68919,-5.75369,7.5,Summer,0.0784,30,1
White-tailed Eagle,56.82432,-5.75369,7.5,Summer,0.0545,93,4
White-tailed Eagle,56.82432,-5.26402,7.5,Summer,0.0022,33,4
White-tailed Eagle,56.82432,-3.30531,7.5,Summer,0.0008,104,4
White-tailed Eagle,56.95946,-5.75369,7.5,Summer,0.055,122,1
White-tailed Eagle,57.09459,-7.46756,7.5,Summer,0.0302,86,4
White-tailed Eagle,57.09459,-5.99853,7.5,Summer,0.0821,105,4
White-tailed Eagle,57.09459,-3.55015,7.5,Summer,0.0009,315,2
White-tailed Eagle,57.22973,-7.46756,7.5,Summer,0.0349,112,2
White-tailed Eagle,57.22973,-6.48821,7.5,Summer,0.0838,21,2
White-tailed Eagle,57.22973,-6.24337,7.5,Summer,0.0841,148,5
White-tailed Eagle,57.22973,-5.75369,7.5,Summer,0.0695,148,1
White-tailed Eagle,57.22973,-4.5295,7.5,Summer,0.0012,77,1
White-tailed Eagle,57.22973,-4.03983,7.5,Summer,0.0014,133,4
White-tailed Eagle,57.22973,-3.79499,7.5,Summer,0.0009,1932,3
White-tailed Eagle,57.36486,-7.46756,7.5,Summer,0.0383,123,5
White-tailed Eagle,57.36486,-7.22272,7.5,Summer,0.0906,80,5
White-tailed Eagle,57.36486,-6.73304,7.5,Summer,0.0942,94,1
White-tailed Eagle,57.36486,-6.48821,7.5,Summer,0.0939,93,9
White-tailed Eagle,57.36486,-6.24337,7.5,Summer,0.0923,292,14
White-tailed Eagle,57.36486,-5.99853,7.5,Summer,0.0927,33,3
White-tailed Eagle,57.36486,-5.50885,7.5,Summer,0.0195,51,1
White-tailed Eagle,57.36486,-3.79499,7.5,Summer,0.0011,308,2
White-tailed Eagle,57.5,-7.46756,7.5,Summer,0.039,165,2
White-tailed Eagle,57.5,-7.22272,7.5,Summer,0.0886,111,1
White-tailed Eagle,57.5,-6.73304,7.5,Summer,0.0928,402,14
White-tailed Eagle,57.5,-6.48821,7.5,Summer,0.0924,157,3
White-tailed Eagle,57.5,-6.24337,7.5,Summer,0.091,189,7
White-tailed Eagle,57.5,-5.75369,7.5,Summer,0.0813,62,6
White-tailed Eagle,57.63514,-7.46756,7.5,Summer,0.0407,350,5
White-tailed Eagle,57.63514,-7.22272,7.5,Summer,0.0875,116,1
White-tailed Eagle,57.63514,-6.73304,7.5,Summer,0.0916,13,1
White-tailed Eagle,57.63514,-6.48821,7.5,Summer,0.0911,167,1
White-tailed Eagle,57.63514,-6.24337,7.5,Summer,0.0893,443,8
White-tailed Eagle,57.63514,-5.75369,7.5,Summer,0.0808,46,2
White-tailed Eagle,57.63514,-5.26402,7.5,Summer,0.005,100,1
White-tailed Eagle,57.63514,-5.01918,7.5,Summer,0.001,27,1
White-tailed Eagle,57.77027,-7.22272,7.5,Summer,0.0872,64,1
White-tailed Eagle,57.77027,-6.97788,7.5,Summer,0.0919,108,5
White-tailed Eagle,57.77027,-6.73304,7.5,Summer,0.0919,13,1
White-tailed Eagle,57.77027,-5.75369,7.5,Summer,0.0804,159,5
White-tailed Eagle,57.77027,-5.50885,7.5,Summer,0.0236,82,5
White-tailed Eagle,57.77027,-5.01918,7.5,Summer,0.001,41,2
White-tailed Eagle,57.90541,-6.73304,7.5,Summer,0.0884,63,2
White-tailed Eagle,57.90541,-5.50885,7.5,Summer,0.0198,122,3
White-tailed Eagle,57.90541,-5.26402,7.5,Summer,0.0032,175,1
White-tailed Eagle,57.90541,-4.5295,7.5,Summer,0.0009,28,1
White-tailed Eagle,57.90541,-4.28466,7.5,Summer,0.0009,66,1
White-tailed Eagle,58.04054,-6.97788,7.5,Summer,0.0908,28,1
White-tailed Eagle,58.04054,-6.48821,7.5,Summer,0.0903,51,3
White-tailed Eagle,58.17568,-6.97788,7.5,Summer,0.0912,82,4
White-tailed Eagle,58.17568,-6.24337,7.5,Summer,0.0841,101,2
White-tailed Eagle,58.31081,-6.97788,7.5,Summer,0.0918,11,1
White-tailed Eagle,58.31081,-6.73304,7.5,Summer,0.0921,126,3
White-tailed Eagle,58.31081,-6.48821,7.5,Summer,0.0913,64,4
White-tailed Eagle,58.31081,-6.24337,7.5,Summer,0.0819,163,5
White-tailed Eagle,58.44595,-6.48821,7.5,Summer,0.002,19,1
White-tailed Eagle,58.44595,-5.26402,7.5,Summer,0.0012,94,1
White-tailed Eagle,58.58108,-5.01918,7.5,Summer,0.0009,8,1
White-tailed Eagle,58.98649,-3.06047,7.5,Summer,0.0005,416,1
White-tailed Eagle,59.12162,-3.30531,7.5,Summer,0.0006,447,1
White-tailed Eagle,55.47297,-5.75369,7.5,Winter,0.0043,36,1
White-tailed Eagle,55.60811,-6.24337,7.5,Winter,0.0603,95,6
White-tailed Eagle,55.60811,-5.75369,7.5,Winter,0.0335,25,2
White-tailed Eagle,55.74324,-6.48821,7.5,Winter,0.0185,93,3
White-tailed Eagle,55.74324,-6.24337,7.5,Winter,0.0286,265,3
White-tailed Eagle,55.74324,-5.50885,7.5,Winter,0.011,43,3
White-tailed Eagle,55.74324,-5.01918,7.5,Winter,0.0009,103,6
White-tailed Eagle,55.87838,-6.48821,7.5,Winter,0.028,23,3
White-tailed Eagle,55.87838,-6.24337,7.5,Winter,0.0451,204,19
White-tailed Eagle,56.01351,-5.50885,7.5,Winter,0.0258,25,1
White-tailed Eagle,56.01351,-5.26402,7.5,Winter,0.0089,33,1
White-tailed Eagle,56.01351,-5.01918,7.5,Winter,0.0017,105,3
White-tailed Eagle,56.14865,-3.30531,7.5,Winter,0.0006,535,2
White-tailed Eagle,56.41892,-5.75369,7.5,Winter,0.0716,18,4
White-tailed Eagle,56.41892,-5.50885,7.5,Winter,0.046,66,3
White-tailed Eagle,56.41892,-5.26402,7.5,Winter,0.0165,12,1
White-tailed Eagle,56.41892,-2.81564,7.5,Winter,0.0029,524,6
White-tailed Eagle,56.55405,-6.24337,7.5,Winter,0.0759,25,6
White-tailed Eagle,56.55405,-5.99853,7.5,Winter,0.0742,9,1
White-tailed Eagle,56.55405,-5.75369,7.5,Winter,0.074,4,1
White-tailed Eagle,56.55405,-4.28466,7.5,Winter,0.005,36,1
White-tailed Eagle,56.55405,-2.81564,7.5,Winter,0.003,28,2
White-tailed Eagle,56.68919,-6.24337,7.5,Winter,0.0812,13,1
White-tailed Eagle,56.68919,-5.75369,7.5,Winter,0.0804,16,4
White-tailed Eagle,56.82432,-5.75369,7.5,Winter,0.0712,29,9
White-tailed Eagle,56.95946,-6.24337,7.5,Winter,0.0759,45,3
White-tailed Eagle,56.95946,-3.55015,7.5,Winter,0.0052,11,1
White-tailed Eagle,57.09459,-5.75369,7.5,Winter,0.0803,11,3
White-tailed Eagle,57.09459,-4.03983,7.5,Winter,0.0145,301,10
White-tailed Eagle,57.09459,-3.30531,7.5,Winter,0.0068,25,2
White-tailed Eagle,57.22973,-7.46756,7.5,Winter,0.0513,35,6
White-tailed Eagle,57.22973,-5.99853,7.5,Winter,0.078,81,2
White-tailed Eagle,57.22973,-5.75369,7.5,Winter,0.0805,16,3
White-tailed Eagle,57.22973,-4.03983,7.5,Winter,0.0115,69,4
White-tailed Eagle,57.22973,-3.79499,7.5,Winter,0.0039,583,1
White-tailed Eagle,57.22973,-3.55015,7.5,Winter,0.0038,232,3
White-tailed Eagle,57.36486,-7.46756,7.5,Winter,0.0503,8,3
White-tailed Eagle,57.36486,-6.24337,7.5,Winter,0.0828,51,2
White-tailed Eagle,57.36486,-4.28466,7.5,Winter,0.0054,66,1
White-tailed Eagle,57.36486,-4.03983,7.5,Winter,0.0062,35,1
White-tailed Eagle,57.36486,-3.79499,7.5,Winter,0.003,79,1
White-tailed Eagle,57.36486,-3.30531,7.5,Winter,0.0025,32,1
White-tailed Eagle,57.5,-7.22272,7.5,Winter,0.0541,1,1
White-tailed Eagle,57.5,-6.73304,7.5,Winter,0.0539,244,15
White-tailed Eagle,57.5,-6.48821,7.5,Winter,0.0768,32,3
White-tailed Eagle,57.5,-6.24337,7.5,Winter,0.0826,24,3
White-tailed Eagle,57.5,-5.75369,7.5,Winter,0.0748,7,1
White-tailed Eagle,57.5,-4.5295,7.5,Winter,0.002,25,1
White-tailed Eagle,57.5,-4.03983,7.5,Winter,0.0022,511,1
White-tailed Eagle,57.63514,-7.46756,7.5,Winter,0.0449,7,1
White-tailed Eagle,57.63514,-6.24337,7.5,Winter,0.0836,95,11
White-tailed Eagle,57.63514,-4.28466,7.5,Winter,0.0028,56,1
White-tailed Eagle,57.63514,-4.03983,7.5,Winter,0.0029,354,2
White-tailed Eagle,57.77027,-7.22272,7.5,Winter,0.0523,6,1
White-tailed Eagle,57.77027,-5.75369,7.5,Winter,0.0727,31,1
White-tailed Eagle,57.77027,-5.50885,7.5,Winter,0.0506,19,3
White-tailed Eagle,57.90541,-6.73304,7.5,Winter,0.0428,1,1
White-tailed Eagle,57.90541,-5.50885,7.5,Winter,0.0296,41,4
White-tailed Eagle,57.90541,-5.26402,7.5,Winter,0.0102,35,4
White-tailed Eagle,58.04054,-6.48821,7.5,Winter,0.0689,8,1
White-tailed Eagle,58.17568,-6.48821,7.5,Winter,0.0706,51,1
White-tailed Eagle,58.17568,-6.24337,7.5,Winter,0.0658,54,3
White-tailed Eagle,58.31081,-6.97788,7.5,Winter,0.0407,1,1
White-tailed Eagle,58.31081,-6.73304,7.5,Winter,0.0401,11,2
White-tailed Eagle,58.31081,-6.24337,7.5,Winter,0.0544,53,2
White-tailed Eagle,58.58108,-4.77434,7.5,Winter,0.003,27,1
White-tailed Eagle,58.58108,-3.79499,7.5,Winter,0.0017,15,1
White-tailed Eagle,60.06757,-1.34661,7.5,Winter,0.0005,290,1
White-throated Dipper,54.7973,-5.01918,7.5,Autumn,0.0066,38,2
White-throated Dipper,54.93243,-4.28466,7.5,Autumn,0.0191,30,3
White-throated Dipper,54.93243,-4.03983,7.5,Autumn,0.0096,53,3
White-throated Dipper,54.93243,-3.30531,7.5,Autumn,0.013,26,1
White-throated Dipper,54.93243,-3.06047,7.5,Autumn,0.0191,46,1
White-throated Dipper,55.06757,-4.5295,7.5,Autumn,0.0531,13,1
White-throated Dipper,55.06757,-3.55015,7.5,Autumn,0.0563,165,3
White-throated Dipper,55.06757,-3.06047,7.5,Autumn,0.1005,13,1
White-throated Dipper,55.2027,-4.03983,7.5,Autumn,0.1212,11,1
White-throated Dipper,55.33784,-4.28466,7.5,Autumn,0.1436,22,1
White-throated Dipper,55.33784,-3.55015,7.5,Autumn,0.1299,19,2
White-throated Dipper,55.33784,-2.81564,7.5,Autumn,0.1897,11,1
White-throated Dipper,55.47297,-5.01918,7.5,Autumn,0.0223,41,3
White-throated Dipper,55.47297,-4.5295,7.5,Autumn,0.1134,1154,9
White-throated Dipper,55.47297,-3.79499,7.5,Autumn,0.1379,51,15
White-throated Dipper,55.47297,-3.30531,7.5,Autumn,0.1803,22,5
White-throated Dipper,55.47297,-2.81564,7.5,Autumn,0.187,43,15
White-throated Dipper,55.47297,-2.5708,7.5,Autumn,0.1529,31,2
White-throated Dipper,55.60811,-5.26402,7.5,Autumn,0.0494,81,11
White-throated Dipper,55.60811,-4.77434,7.5,Autumn,0.0473,3758,6
White-throated Dipper,55.60811,-4.5295,7.5,Autumn,0.097,21393,1
White-throated Dipper,55.60811,-3.79499,7.5,Autumn,0.132,26,5
White-throated Dipper,55.60811,-3.30531,7.5,Autumn,0.1812,58,9
White-throated Dipper,55.60811,-3.06047,7.5,Autumn,0.1801,31,3
White-throated Dipper,55.60811,-2.81564,7.5,Autumn,0.1739,83,16
White-throated Dipper,55.60811,-2.5708,7.5,Autumn,0.1584,19,4
White-throated Dipper,55.74324,-6.24337,7.5,Autumn,0.015,173,3
White-throated Dipper,55.74324,-5.26402,7.5,Autumn,0.0619,34,2
White-throated Dipper,55.74324,-4.77434,7.5,Autumn,0.0759,71,5
White-throated Dipper,55.74324,-4.5295,7.5,Autumn,0.1007,278,9
White-throated Dipper,55.74324,-4.28466,7.5,Autumn,0.1379,566,8
White-throated Dipper,55.74324,-4.03983,7.5,Autumn,0.1233,208,7
White-throated Dipper,55.74324,-3.55015,7.5,Autumn,0.1301,38,2
White-throated Dipper,55.74324,-3.06047,7.5,Autumn,0.178,165,5
White-throated Dipper,55.87838,-4.5295,7.5,Autumn,0.1,297,4
White-throated Dipper,55.87838,-4.28466,7.5,Autumn,0.1354,1614,70
White-throated Dipper,55.87838,-4.03983,7.5,Autumn,0.123,110,2
White-throated Dipper,55.87838,-3.79499,7.5,Autumn,0.1235,50,3
White-throated Dipper,55.87838,-3.55015,7.5,Autumn,0.1247,74,4
White-throated Dipper,55.87838,-3.30531,7.5,Autumn,0.1696,892,84
White-throated Dipper,55.87838,-3.06047,7.5,Autumn,0.0815,1429,60
White-throated Dipper,55.87838,-2.81564,7.5,Autumn,0.0744,104,7
White-throated Dipper,55.87838,-2.5708,7.5,Autumn,0.0732,13,1
White-throated Dipper,55.87838,-2.32596,7.5,Autumn,0.0489,105,6
White-throated Dipper,56.01351,-5.01918,7.5,Autumn,0.124,72,9
White-throated Dipper,56.01351,-3.79499,7.5,Autumn,0.0804,285,4
White-throated Dipper,56.01351,-3.55015,7.5,Autumn,0.0827,300,2
White-throated Dipper,56.01351,-3.30531,7.5,Autumn,0.0694,1675,103
White-throated Dipper,56.01351,-3.06047,7.5,Autumn,0.0354,1856,8
White-throated Dipper,56.01351,-2.81564,7.5,Autumn,0.0304,652,4
White-throated Dipper,56.01351,-2.5708,7.5,Autumn,0.0288,447,3
White-throated Dipper,56.01351,-2.32596,7.5,Autumn,0.0296,379,1
White-throated Dipper,56.14865,-5.26402,7.5,Autumn,0.0673,6,2
White-throated Dipper,56.14865,-4.77434,7.5,Autumn,0.1247,53,8
White-throated Dipper,56.14865,-4.5295,7.5,Autumn,0.0978,103,4
White-throated Dipper,56.14865,-4.03983,7.5,Autumn,0.1232,176,19
White-throated Dipper,56.14865,-3.79499,7.5,Autumn,0.1212,274,7
White-throated Dipper,56.14865,-3.55015,7.5,Autumn,0.1193,52,3
White-throated Dipper,56.14865,-3.30531,7.5,Autumn,0.089,374,5
White-throated Dipper,56.14865,-3.06047,7.5,Autumn,0.0453,103,3
White-throated Dipper,56.28378,-4.77434,7.5,Autumn,0.131,22,2
White-throated Dipper,56.28378,-4.28466,7.5,Autumn,0.1366,38,2
White-throated Dipper,56.28378,-3.30531,7.5,Autumn,0.0948,77,1
White-throated Dipper,56.28378,-3.06047,7.5,Autumn,0.052,309,6
White-throated Dipper,56.28378,-2.81564,7.5,Autumn,0.044,885,18
White-throated Dipper,56.28378,-2.5708,7.5,Autumn,0.0413,604,4
White-throated Dipper,56.41892,-5.99853,7.5,Autumn,0.0176,72,1
White-throated Dipper,56.41892,-5.75369,7.5,Autumn,0.017,123,3
White-throated Dipper,56.41892,-4.77434,7.5,Autumn,0.1313,25,2
White-throated Dipper,56.41892,-4.5295,7.5,Autumn,0.1098,10,2
White-throated Dipper,56.41892,-4.28466,7.5,Autumn,0.1408,69,8
White-throated Dipper,56.41892,-4.03983,7.5,Autumn,0.1389,23,6
White-throated Dipper,56.41892,-3.79499,7.5,Autumn,0.1369,24,3
White-throated Dipper,56.41892,-3.30531,7.5,Autumn,0.1033,131,1
White-throated Dipper,56.41892,-3.06047,7.5,Autumn,0.0621,363,1
White-throated Dipper,56.41892,-2.81564,7.5,Autumn,0.0598,548,1
White-throated Dipper,56.55405,-6.24337,7.5,Autumn,0.0322,64,1
White-throated Dipper,56.55405,-5.99853,7.5,Autumn,0.037,81,2
White-throated Dipper,56.55405,-5.75369,7.5,Autumn,0.034,70,2
White-throated Dipper,56.55405,-5.50885,7.5,Autumn,0.0288,22,1
White-throated Dipper,56.55405,-5.01918,7.5,Autumn,0.1427,10,5
White-throated Dipper,56.55405,-4.77434,7.5,Autumn,0.1311,28,2
White-throated Dipper,56.55405,-4.03983,7.5,Autumn,0.1397,32,1
White-throated Dipper,56.55405,-3.79499,7.5,Autumn,0.1377,16,1
White-throated Dipper,56.55405,-3.55015,7.5,Autumn,0.1367,128,15
White-throated Dipper,56.55405,-2.81564,7.5,Autumn,0.067,26,1
White-throated Dipper,56.68919,-5.99853,7.5,Autumn,0.0408,45,1
White-throated Dipper,56.68919,-5.01918,7.5,Autumn,0.1423,142,3
White-throated Dipper,56.68919,-4.28466,7.5,Autumn,0.1412,10,2
White-throated Dipper,56.68919,-4.03983,7.5,Autumn,0.1393,22,2
White-throated Dipper,56.68919,-3.79499,7.5,Autumn,0.138,146,22
White-throated Dipper,56.68919,-3.55015,7.5,Autumn,0.137,9,2
White-throated Dipper,56.68919,-3.30531,7.5,Autumn,0.1117,28,1
White-throated Dipper,56.68919,-3.06047,7.5,Autumn,0.0698,95,12
White-throated Dipper,56.68919,-2.32596,7.5,Autumn,0.0661,26,1
White-throated Dipper,56.82432,-5.75369,7.5,Autumn,0.04,36,2
White-throated Dipper,56.82432,-5.50885,7.5,Autumn,0.0343,63,2
White-throated Dipper,56.82432,-5.01918,7.5,Autumn,0.1466,127,7
White-throated Dipper,56.82432,-4.5295,7.5,Autumn,0.1124,1,1
White-throated Dipper,56.82432,-4.28466,7.5,Autumn,0.1409,4,2
White-throated Dipper,56.82432,-3.30531,7.5,Autumn,0.1129,52,2
White-throated Dipper,56.82432,-2.81564,7.5,Autumn,0.0736,7,1
White-throated Dipper,56.82432,-2.5708,7.5,Autumn,0.0733,79,5
White-throated Dipper,56.95946,-6.24337,7.5,Autumn,0.0384,68,11
White-throated Dipper,56.95946,-5.75369,7.5,Autumn,0.0386,105,1
White-throated Dipper,56.95946,-3.30531,7.5,Autumn,0.1143,46,14
White-throated Dipper,56.95946,-3.06047,7.5,Autumn,0.0784,12,2
White-throated Dipper,56.95946,-2.32596,7.5,Autumn,0.0745,29,1
White-throated Dipper,56.95946,-2.08112,7.5,Autumn,0.0342,92,1
White-throated Dipper,57.09459,-5.99853,7.5,Autumn,0.0397,37,2
White-throated Dipper,57.09459,-4.77434,7.5,Autumn,0.1322,37,2
White-throated Dipper,57.09459,-4.28466,7.5,Autumn,0.1402,3,1
White-throated Dipper,57.09459,-4.03983,7.5,Autumn,0.1382,242,5
White-throated Dipper,57.09459,-3.79499,7.5,Autumn,0.1369,105,4
White-throated Dipper,57.09459,-3.30531,7.5,Autumn,0.1139,18,4
White-throated Dipper,57.09459,-3.06047,7.5,Autumn,0.0779,41,2
White-throated Dipper,57.09459,-2.81564,7.5,Autumn,0.0738,64,2
White-throated Dipper,57.09459,-2.5708,7.5,Autumn,0.0766,23,5
White-throated Dipper,57.09459,-2.32596,7.5,Autumn,0.078,56,1
White-throated Dipper,57.09459,-2.08112,7.5,Autumn,0.0362,1071,2
White-throated Dipper,57.22973,-6.24337,7.5,Autumn,0.0379,53,2
White-throated Dipper,57.22973,-5.99853,7.5,Autumn,0.0389,170,4
White-throated Dipper,57.22973,-5.75369,7.5,Autumn,0.0358,61,2
White-throated Dipper,57.22973,-5.50885,7.5,Autumn,0.0319,94,1
White-throated Dipper,57.22973,-5.01918,7.5,Autumn,0.1426,6,3
White-throated Dipper,57.22973,-4.03983,7.5,Autumn,0.1383,90,17
White-throated Dipper,57.22973,-3.79499,7.5,Autumn,0.1363,655,11
White-throated Dipper,57.22973,-3.55015,7.5,Autumn,0.1359,169,19
White-throated Dipper,57.22973,-3.30531,7.5,Autumn,0.1157,35,2
White-throated Dipper,57.22973,-2.81564,7.5,Autumn,0.089,21,1
White-throated Dipper,57.22973,-2.08112,7.5,Autumn,0.0455,282,23
White-throated Dipper,57.36486,-6.48821,7.5,Autumn,0.0294,31,1
White-throated Dipper,57.36486,-6.24337,7.5,Autumn,0.0368,155,2
White-throated Dipper,57.36486,-5.99853,7.5,Autumn,0.0372,26,3
White-throated Dipper,57.36486,-4.77434,7.5,Autumn,0.1284,26,12
White-throated Dipper,57.36486,-4.5295,7.5,Autumn,0.113,158,13
White-throated Dipper,57.36486,-4.28466,7.5,Autumn,0.1493,108,2
White-throated Dipper,57.36486,-4.03983,7.5,Autumn,0.1509,23,2
White-throated Dipper,57.36486,-3.79499,7.5,Autumn,0.1478,98,1
White-throated Dipper,57.36486,-3.55015,7.5,Autumn,0.1475,167,25
White-throated Dipper,57.36486,-3.30531,7.5,Autumn,0.1218,10,2
White-throated Dipper,57.36486,-3.06047,7.5,Autumn,0.0989,5,2
White-throated Dipper,57.36486,-2.5708,7.5,Autumn,0.1032,46,11
White-throated Dipper,57.36486,-2.08112,7.5,Autumn,0.0499,200,1
White-throated Dipper,57.5,-6.73304,7.5,Autumn,0.0055,244,13
White-throated Dipper,57.5,-6.48821,7.5,Autumn,0.0164,64,2
White-throated Dipper,57.5,-6.24337,7.5,Autumn,0.0196,77,3
White-throated Dipper,57.5,-5.75369,7.5,Autumn,0.0186,50,3
White-throated Dipper,57.5,-5.50885,7.5,Autumn,0.0174,11,1
White-throated Dipper,57.5,-4.5295,7.5,Autumn,0.0161,80,1
White-throated Dipper,57.5,-4.28466,7.5,Autumn,0.0169,562,43
White-throated Dipper,57.5,-4.03983,7.5,Autumn,0.0163,423,2
White-throated Dipper,57.5,-3.55015,7.5,Autumn,0.0256,12,1
White-throated Dipper,57.5,-3.30531,7.5,Autumn,0.0273,33,5
White-throated Dipper,57.5,-2.5708,7.5,Autumn,0.029,5,1
White-throated Dipper,57.5,-2.08112,7.5,Autumn,0.0205,32,2
White-throated Dipper,57.63514,-6.48821,7.5,Autumn,0.0114,42,1
White-throated Dipper,57.63514,-6.24337,7.5,Autumn,0.0148,184,4
White-throated Dipper,57.63514,-4.77434,7.5,Autumn,0.0305,9,1
White-throated Dipper,57.63514,-4.5295,7.5,Autumn,0.0182,83,4
White-throated Dipper,57.63514,-4.28466,7.5,Autumn,0.0202,93,1
White-throated Dipper,57.63514,-4.03983,7.5,Autumn,0.0152,581,3
White-throated Dipper,57.63514,-3.79499,7.5,Autumn,0.0151,202,6
White-throated Dipper,57.63514,-3.55015,7.5,Autumn,0.0158,283,2
White-throated Dipper,57.63514,-3.30531,7.5,Autumn,0.0182,151,2
White-throated Dipper,57.63514,-3.06047,7.5,Autumn,0.0137,109,2
White-throated Dipper,57.77027,-5.75369,7.5,Autumn,0.006,55,3
White-throated Dipper,57.77027,-5.50885,7.5,Autumn,0.0093,25,2
White-throated Dipper,57.77027,-5.01918,7.5,Autumn,0.0168,22,3
White-throated Dipper,57.90541,-5.50885,7.5,Autumn,0.0056,58,1
White-throated Dipper,58.04054,-6.48821,7.5,Autumn,0.0045,5,1
White-throated Dipper,58.17568,-6.48821,7.5,Autumn,0.0049,64,1
White-throated Dipper,58.17568,-5.01918,7.5,Autumn,0.013,4,1
White-throated Dipper,58.17568,-3.55015,7.5,Autumn,0.0063,13,1
White-throated Dipper,58.31081,-5.01918,7.5,Autumn,0.0055,7,1
White-throated Dipper,58.31081,-3.30531,7.5,Autumn,0.0036,14,1
White-throated Dipper,58.44595,-3.06047,7.5,Autumn,0.0032,54,1
White-throated Dipper,54.7973,-5.01918,7.5,Spring,0.0057,84,1
White-throated Dipper,54.93243,-4.28466,7.5,Spring,0.0095,37,1
White-throated Dipper,54.93243,-3.79499,7.5,Spring,0.0062,108,1
White-throated Dipper,54.93243,-3.55015,7.5,Spring,0.0062,256,1
White-throated Dipper,55.06757,-4.5295,7.5,Spring,0.0439,70,6
White-throated Dipper,55.06757,-3.55015,7.5,Spring,0.0511,243,7
White-throated Dipper,55.06757,-3.30531,7.5,Spring,0.086,79,1
White-throated Dipper,55.06757,-3.06047,7.5,Spring,0.1064,32,2
White-throated Dipper,55.2027,-4.77434,7.5,Spring,0.0184,32,1
White-throated Dipper,55.2027,-4.03983,7.5,Spring,0.1359,25,5
White-throated Dipper,55.2027,-3.79499,7.5,Spring,0.1396,36,2
White-throated Dipper,55.2027,-3.30531,7.5,Spring,0.1807,75,3
White-throated Dipper,55.2027,-3.06047,7.5,Spring,0.191,49,10
White-throated Dipper,55.2027,-2.81564,7.5,Spring,0.2009,29,4
White-throated Dipper,55.33784,-4.77434,7.5,Spring,0.018,92,1
White-throated Dipper,55.33784,-4.5295,7.5,Spring,0.1,62,1
White-throated Dipper,55.33784,-4.28466,7.5,Spring,0.1594,147,11
White-throated Dipper,55.33784,-4.03983,7.5,Spring,0.1467,11,2
White-throated Dipper,55.33784,-3.79499,7.5,Spring,0.1499,69,7
White-throated Dipper,55.33784,-3.55015,7.5,Spring,0.1475,100,4
White-throated Dipper,55.33784,-2.5708,7.5,Spring,0.1574,10,1
White-throated Dipper,55.47297,-5.01918,7.5,Spring,0.0293,71,3
White-throated Dipper,55.47297,-4.5295,7.5,Spring,0.1055,1120,15
White-throated Dipper,55.47297,-4.28466,7.5,Spring,0.1605,36,7
White-throated Dipper,55.47297,-3.79499,7.5,Spring,0.1509,119,16
White-throated Dipper,55.47297,-3.55015,7.5,Spring,0.1503,116,5
White-throated Dipper,55.47297,-3.30531,7.5,Spring,0.1854,66,17
White-throated Dipper,55.47297,-3.06047,7.5,Spring,0.1957,13,1
White-throated Dipper,55.47297,-2.81564,7.5,Spring,0.1951,51,15
White-throated Dipper,55.47297,-2.5708,7.5,Spring,0.1625,52,2
White-throated Dipper,55.60811,-6.24337,7.5,Spring,0.0059,237,1
White-throated Dipper,55.60811,-5.26402,7.5,Spring,0.0267,166,2
White-throated Dipper,55.60811,-4.77434,7.5,Spring,0.0391,3607,26
White-throated Dipper,55.60811,-4.5295,7.5,Spring,0.0928,21683,3
White-throated Dipper,55.60811,-4.28466,7.5,Spring,0.1481,65,2
White-throated Dipper,55.60811,-4.03983,7.5,Spring,0.136,18,1
White-throated Dipper,55.60811,-3.79499,7.5,Spring,0.1422,38,9
White-throated Dipper,55.60811,-3.55015,7.5,Spring,0.1441,77,4
White-throated Dipper,55.60811,-3.30531,7.5,Spring,0.1789,97,15
White-throated Dipper,55.60811,-3.06047,7.5,Spring,0.1921,58,12
White-throated Dipper,55.60811,-2.81564,7.5,Spring,0.1816,127,13
White-throated Dipper,55.60811,-2.5708,7.5,Spring,0.1767,64,9
White-throated Dipper,55.74324,-6.24337,7.5,Spring,0.0071,131,3
White-throated Dipper,55.74324,-5.26402,7.5,Spring,0.0337,38,1
White-throated Dipper,55.74324,-4.77434,7.5,Spring,0.0622,124,2
White-throated Dipper,55.74324,-4.28466,7.5,Spring,0.1445,998,9
White-throated Dipper,55.74324,-4.03983,7.5,Spring,0.1314,315,12
White-throated Dipper,55.74324,-3.79499,7.5,Spring,0.139,52,2
White-throated Dipper,55.74324,-3.30531,7.5,Spring,0.18,64,2
White-throated Dipper,55.74324,-3.06047,7.5,Spring,0.1907,398,16
White-throated Dipper,55.74324,-2.81564,7.5,Spring,0.1806,30,2
White-throated Dipper,55.74324,-2.5708,7.5,Spring,0.1754,11,1
White-throated Dipper,55.74324,-2.32596,7.5,Spring,0.1426,14,2
White-throated Dipper,55.74324,-2.08112,7.5,Spring,0.0803,42,6
White-throated Dipper,55.87838,-5.26402,7.5,Spring,0.0339,41,2
White-throated Dipper,55.87838,-4.77434,7.5,Spring,0.0739,59,2
White-throated Dipper,55.87838,-4.5295,7.5,Spring,0.0873,458,7
White-throated Dipper,55.87838,-4.28466,7.5,Spring,0.1351,2168,114
White-throated Dipper,55.87838,-3.79499,7.5,Spring,0.124,47,1
White-throated Dipper,55.87838,-3.55015,7.5,Spring,0.1255,219,12
White-throated Dipper,55.87838,-3.30531,7.5,Spring,0.1627,2071,224
White-throated Dipper,55.87838,-3.06047,7.5,Spring,0.0863,2165,113
White-throated Dipper,55.87838,-2.81564,7.5,Spring,0.0804,239,16
White-throated Dipper,55.87838,-2.5708,7.5,Spring,0.0802,232,19
White-throated Dipper,55.87838,-2.32596,7.5,Spring,0.055,169,6
White-throated Dipper,56.01351,-5.01918,7.5,Spring,0.0859,167,11
White-throated Dipper,56.01351,-4.5295,7.5,Spring,0.065,435,2
White-throated Dipper,56.01351,-4.28466,7.5,Spring,0.0904,175,10
White-throated Dipper,56.01351,-4.03983,7.5,Spring,0.0842,39,4
White-throated Dipper,56.01351,-3.79499,7.5,Spring,0.081,421,1
White-throated Dipper,56.01351,-3.55015,7.5,Spring,0.083,493,3
White-throated Dipper,56.01351,-3.30531,7.5,Spring,0.0655,2906,123
White-throated Dipper,56.01351,-3.06047,7.5,Spring,0.0353,2432,12
White-throated Dipper,56.01351,-2.81564,7.5,Spring,0.0302,928,5
White-throated Dipper,56.01351,-2.5708,7.5,Spring,0.0286,754,9
White-throated Dipper,56.01351,-2.32596,7.5,Spring,0.0287,300,1
White-throated Dipper,56.14865,-5.26402,7.5,Spring,0.0403,28,1
White-throated Dipper,56.14865,-5.01918,7.5,Spring,0.11,25,1
White-throated Dipper,56.14865,-4.77434,7.5,Spring,0.1058,77,5
White-throated Dipper,56.14865,-4.5295,7.5,Spring,0.0895,234,4
White-throated Dipper,56.14865,-4.28466,7.5,Spring,0.1276,180,7
White-throated Dipper,56.14865,-4.03983,7.5,Spring,0.1248,535,62
White-throated Dipper,56.14865,-3.79499,7.5,Spring,0.1232,695,38
White-throated Dipper,56.14865,-3.55015,7.5,Spring,0.1209,219,19
White-throated Dipper,56.14865,-3.30531,7.5,Spring,0.0869,652,2
White-throated Dipper,56.14865,-3.06047,7.5,Spring,0.0475,422,28
White-throated Dipper,56.14865,-2.81564,7.5,Spring,0.038,399,2
White-throated Dipper,56.28378,-5.99853,7.5,Spring,0.0082,21,1
White-throated Dipper,56.28378,-5.50885,7.5,Spring,0.0087,44,1
White-throated Dipper,56.28378,-5.01918,7.5,Spring,0.1179,58,2
White-throated Dipper,56.28378,-4.77434,7.5,Spring,0.1149,86,8
White-throated Dipper,56.28378,-4.5295,7.5,Spring,0.0988,56,2
White-throated Dipper,56.28378,-4.28466,7.5,Spring,0.1407,269,10
White-throated Dipper,56.28378,-4.03983,7.5,Spring,0.1391,43,7
White-throated Dipper,56.28378,-3.79499,7.5,Spring,0.1377,106,2
White-throated Dipper,56.28378,-3.55015,7.5,Spring,0.1352,32,2
White-throated Dipper,56.28378,-3.30531,7.5,Spring,0.0948,146,1
White-throated Dipper,56.28378,-3.06047,7.5,Spring,0.0606,546,22
White-throated Dipper,56.28378,-2.81564,7.5,Spring,0.0515,1514,37
White-throated Dipper,56.28378,-2.5708,7.5,Spring,0.0482,559,6
White-throated Dipper,56.41892,-5.99853,7.5,Spring,0.0078,401,10
White-throated Dipper,56.41892,-4.77434,7.5,Spring,0.1126,54,4
White-throated Dipper,56.41892,-4.5295,7.5,Spring,0.1001,40,1
White-throated Dipper,56.41892,-4.28466,7.5,Spring,0.144,86,11
White-throated Dipper,56.41892,-4.03983,7.5,Spring,0.1422,122,13
White-throated Dipper,56.41892,-3.79499,7.5,Spring,0.1413,80,22
White-throated Dipper,56.41892,-3.55015,7.5,Spring,0.1404,238,7
White-throated Dipper,56.41892,-3.30531,7.5,Spring,0.1019,261,3
White-throated Dipper,56.41892,-3.06047,7.5,Spring,0.0697,540,1
White-throated Dipper,56.41892,-2.81564,7.5,Spring,0.0696,655,6
White-throated Dipper,56.55405,-6.24337,7.5,Spring,0.0141,182,1
White-throated Dipper,56.55405,-5.99853,7.5,Spring,0.0156,283,8
White-throated Dipper,56.55405,-5.75369,7.5,Spring,0.0166,158,2
White-throated Dipper,56.55405,-5.01918,7.5,Spring,0.1147,7,1
White-throated Dipper,56.55405,-4.77434,7.5,Spring,0.1134,40,1
White-throated Dipper,56.55405,-4.5295,7.5,Spring,0.1006,2,1
White-throated Dipper,56.55405,-4.28466,7.5,Spring,0.1444,17,2
White-throated Dipper,56.55405,-3.79499,7.5,Spring,0.1417,74,3
White-throated Dipper,56.55405,-3.55015,7.5,Spring,0.1408,294,26
White-throated Dipper,56.55405,-3.30531,7.5,Spring,0.1034,54,5
White-throated Dipper,56.55405,-3.06047,7.5,Spring,0.0749,50,2
White-throated Dipper,56.55405,-2.5708,7.5,Spring,0.0733,109,2
White-throated Dipper,56.68919,-5.99853,7.5,Spring,0.0217,205,7
White-throated Dipper,56.68919,-5.75369,7.5,Spring,0.0235,96,1
White-throated Dipper,56.68919,-5.50885,7.5,Spring,0.0208,74,1
White-throated Dipper,56.68919,-5.01918,7.5,Spring,0.119,215,6
White-throated Dipper,56.68919,-4.77434,7.5,Spring,0.1166,29,3
White-throated Dipper,56.68919,-4.5295,7.5,Spring,0.1024,10,1
White-throated Dipper,56.68919,-4.03983,7.5,Spring,0.1426,46,2
White-throated Dipper,56.68919,-3.79499,7.5,Spring,0.1416,290,26
White-throated Dipper,56.68919,-3.55015,7.5,Spring,0.1409,26,4
White-throated Dipper,56.68919,-3.30531,7.5,Spring,0.1088,83,7
White-throated Dipper,56.68919,-3.06047,7.5,Spring,0.0752,181,9
White-throated Dipper,56.68919,-2.81564,7.5,Spring,0.076,111,1
White-throated Dipper,56.82432,-5.75369,7.5,Spring,0.0283,83,2
White-throated Dipper,56.82432,-5.50885,7.5,Spring,0.0248,86,5
White-throated Dipper,56.82432,-5.01918,7.5,Spring,0.1315,256,13
White-throated Dipper,56.82432,-4.77434,7.5,Spring,0.1255,30,3
White-throated Dipper,56.82432,-4.28466,7.5,Spring,0.1443,17,1
White-throated Dipper,56.82432,-4.03983,7.5,Spring,0.1426,45,1
White-throated Dipper,56.82432,-3.30531,7.5,Spring,0.1101,111,5
White-throated Dipper,56.82432,-2.81564,7.5,Spring,0.0807,10,2
White-throated Dipper,56.82432,-2.5708,7.5,Spring,0.0802,127,4
White-throated Dipper,56.82432,-2.32596,7.5,Spring,0.0793,78,1
White-throated Dipper,56.95946,-6.24337,7.5,Spring,0.0238,108,2
White-throated Dipper,56.95946,-5.75369,7.5,Spring,0.0278,175,2
White-throated Dipper,56.95946,-5.26402,7.5,Spring,0.0648,6,1
White-throated Dipper,56.95946,-5.01918,7.5,Spring,0.129,46,1
White-throated Dipper,56.95946,-4.5295,7.5,Spring,0.1052,55,3
White-throated Dipper,56.95946,-4.28466,7.5,Spring,0.1444,91,4
White-throated Dipper,56.95946,-4.03983,7.5,Spring,0.1426,3,1
White-throated Dipper,56.95946,-3.79499,7.5,Spring,0.1416,7,1
White-throated Dipper,56.95946,-3.55015,7.5,Spring,0.1415,57,4
White-throated Dipper,56.95946,-3.30531,7.5,Spring,0.1113,107,16
White-throated Dipper,56.95946,-3.06047,7.5,Spring,0.0816,23,3
White-throated Dipper,56.95946,-2.81564,7.5,Spring,0.0813,10,2
White-throated Dipper,56.95946,-2.32596,7.5,Spring,0.0803,74,1
White-throated Dipper,56.95946,-2.08112,7.5,Spring,0.0316,269,3
White-throated Dipper,57.09459,-5.99853,7.5,Spring,0.0251,100,3
White-throated Dipper,57.09459,-4.77434,7.5,Spring,0.1225,114,1
White-throated Dipper,57.09459,-4.5295,7.5,Spring,0.1051,8,1
White-throated Dipper,57.09459,-4.28466,7.5,Spring,0.1441,5,1
White-throated Dipper,57.09459,-4.03983,7.5,Spring,0.1422,709,14
White-throated Dipper,57.09459,-3.79499,7.5,Spring,0.1413,375,24
White-throated Dipper,57.09459,-3.55015,7.5,Spring,0.1413,433,8
White-throated Dipper,57.09459,-3.30531,7.5,Spring,0.1112,78,10
White-throated Dipper,57.09459,-3.06047,7.5,Spring,0.0819,69,3
White-throated Dipper,57.09459,-2.81564,7.5,Spring,0.0814,188,4
White-throated Dipper,57.09459,-2.5708,7.5,Spring,0.0834,64,1
White-throated Dipper,57.09459,-2.32596,7.5,Spring,0.0846,89,1
White-throated Dipper,57.09459,-2.08112,7.5,Spring,0.0335,1560,35
White-throated Dipper,57.22973,-6.48821,7.5,Spring,0.0111,23,2
White-throated Dipper,57.22973,-6.24337,7.5,Spring,0.0245,115,6
White-throated Dipper,57.22973,-5.99853,7.5,Spring,0.0249,315,2
White-throated Dipper,57.22973,-5.50885,7.5,Spring,0.0232,128,1
White-throated Dipper,57.22973,-5.26402,7.5,Spring,0.0586,5,1
White-throated Dipper,57.22973,-5.01918,7.5,Spring,0.1238,41,5
White-throated Dipper,57.22973,-4.5295,7.5,Spring,0.1016,45,2
White-throated Dipper,57.22973,-4.03983,7.5,Spring,0.1369,252,31
White-throated Dipper,57.22973,-3.79499,7.5,Spring,0.1335,2240,71
White-throated Dipper,57.22973,-3.55015,7.5,Spring,0.1334,560,160
White-throated Dipper,57.22973,-3.30531,7.5,Spring,0.1086,123,15
White-throated Dipper,57.22973,-2.81564,7.5,Spring,0.0899,24,1
White-throated Dipper,57.22973,-2.32596,7.5,Spring,0.097,52,4
White-throated Dipper,57.22973,-2.08112,7.5,Spring,0.0367,488,41
White-throated Dipper,57.36486,-6.48821,7.5,Spring,0.0126,77,1
White-throated Dipper,57.36486,-6.24337,7.5,Spring,0.0209,242,1
White-throated Dipper,57.36486,-4.77434,7.5,Spring,0.1106,86,20
White-throated Dipper,57.36486,-4.5295,7.5,Spring,0.1028,272,7
White-throated Dipper,57.36486,-4.28466,7.5,Spring,0.144,333,5
White-throated Dipper,57.36486,-4.03983,7.5,Spring,0.1515,118,7
White-throated Dipper,57.36486,-3.79499,7.5,Spring,0.1494,407,1
White-throated Dipper,57.36486,-3.55015,7.5,Spring,0.1476,445,58
White-throated Dipper,57.36486,-3.30531,7.5,Spring,0.1185,43,4
White-throated Dipper,57.36486,-3.06047,7.5,Spring,0.0956,5,1
White-throated Dipper,57.36486,-2.81564,7.5,Spring,0.095,14,2
White-throated Dipper,57.36486,-2.08112,7.5,Spring,0.0395,274,1
White-throated Dipper,57.5,-6.73304,7.5,Spring,0.0031,445,5
White-throated Dipper,57.5,-6.48821,7.5,Spring,0.008,129,2
White-throated Dipper,57.5,-6.24337,7.5,Spring,0.0112,165,7
White-throated Dipper,57.5,-4.5295,7.5,Spring,0.0115,192,2
White-throated Dipper,57.5,-4.28466,7.5,Spring,0.0141,915,90
White-throated Dipper,57.5,-4.03983,7.5,Spring,0.0142,691,9
White-throated Dipper,57.5,-3.55015,7.5,Spring,0.0207,26,2
White-throated Dipper,57.5,-3.30531,7.5,Spring,0.0221,49,4
White-throated Dipper,57.5,-3.06047,7.5,Spring,0.0244,32,3
White-throated Dipper,57.5,-2.81564,7.5,Spring,0.0247,26,4
White-throated Dipper,57.5,-2.08112,7.5,Spring,0.018,46,8
White-throated Dipper,57.63514,-6.24337,7.5,Spring,0.0123,360,7
White-throated Dipper,57.63514,-4.77434,7.5,Spring,0.0334,38,6
White-throated Dipper,57.63514,-4.5295,7.5,Spring,0.0185,168,2
White-throated Dipper,57.63514,-4.28466,7.5,Spring,0.0222,160,2
White-throated Dipper,57.63514,-4.03983,7.5,Spring,0.0165,569,7
White-throated Dipper,57.63514,-3.79499,7.5,Spring,0.0155,223,1
White-throated Dipper,57.63514,-3.55015,7.5,Spring,0.0164,328,3
White-throated Dipper,57.63514,-3.30531,7.5,Spring,0.0169,232,1
White-throated Dipper,57.63514,-3.06047,7.5,Spring,0.0132,167,2
White-throated Dipper,57.77027,-5.75369,7.5,Spring,0.0072,131,1
White-throated Dipper,57.77027,-5.50885,7.5,Spring,0.0145,84,2
White-throated Dipper,57.77027,-5.01918,7.5,Spring,0.0252,49,1
White-throated Dipper,57.77027,-3.30531,7.5,Spring,0.0037,165,1
White-throated Dipper,57.90541,-4.5295,7.5,Spring,0.0131,18,1
White-throated Dipper,57.90541,-4.28466,7.5,Spring,0.0093,115,2
White-throated Dipper,58.04054,-6.97788,7.5,Spring,0.0029,23,1
White-throated Dipper,58.04054,-4.5295,7.5,Spring,0.0272,61,5
White-throated Dipper,58.04054,-4.28466,7.5,Spring,0.0317,55,2
White-throated Dipper,58.04054,-4.03983,7.5,Spring,0.0325,61,6
White-throated Dipper,58.04054,-3.79499,7.5,Spring,0.0155,75,1
White-throated Dipper,58.17568,-6.48821,7.5,Spring,0.0046,169,5
White-throated Dipper,58.17568,-5.26402,7.5,Spring,0.0104,130,3
White-throated Dipper,58.17568,-5.01918,7.5,Spring,0.0201,28,2
White-throated Dipper,58.17568,-4.03983,7.5,Spring,0.0257,8,1
White-throated Dipper,58.31081,-5.01918,7.5,Spring,0.0077,43,1
White-throated Dipper,58.31081,-3.30531,7.5,Spring,0.0039,19,5
White-throated Dipper,58.44595,-3.55015,7.5,Spring,0.0048,11,1
White-throated Dipper,58.44595,-3.06047,7.5,Spring,0.0039,87,1
White-throated Dipper,58.58108,-4.77434,7.5,Spring,0.0045,149,1
White-throated Dipper,58.85135,-2.81564,7.5,Spring,0.0019,115,1
White-throated Dipper,54.93243,-5.01918,7.5,Summer,0.0051,74,1
White-throated Dipper,54.93243,-4.28466,7.5,Summer,0.008,35,1
White-throated Dipper,54.93243,-3.30531,7.5,Summer,0.008,22,2
White-throated Dipper,55.06757,-5.01918,7.5,Summer,0.0116,12,1
White-throated Dipper,55.06757,-4.5295,7.5,Summer,0.0363,44,2
White-throated Dipper,55.06757,-3.30531,7.5,Summer,0.0512,52,2
White-throated Dipper,55.2027,-4.28466,7.5,Summer,0.1007,23,1
White-throated Dipper,55.2027,-4.03983,7.5,Summer,0.0953,23,8
White-throated Dipper,55.2027,-3.79499,7.5,Summer,0.0909,14,1
White-throated Dipper,55.2027,-3.55015,7.5,Summer,0.086,9,3
White-throated Dipper,55.2027,-3.30531,7.5,Summer,0.0966,58,2
White-throated Dipper,55.2027,-3.06047,7.5,Summer,0.0703,22,2
White-throated Dipper,55.2027,-2.81564,7.5,Summer,0.0765,13,1
White-throated Dipper,55.33784,-5.50885,7.5,Summer,0.0057,14,1
White-throated Dipper,55.33784,-4.28466,7.5,Summer,0.1158,47,6
White-throated Dipper,55.33784,-3.79499,7.5,Summer,0.1029,22,5
White-throated Dipper,55.33784,-3.55015,7.5,Summer,0.0983,45,2
White-throated Dipper,55.33784,-2.5708,7.5,Summer,0.0621,8,1
White-throated Dipper,55.47297,-5.01918,7.5,Summer,0.0124,38,2
White-throated Dipper,55.47297,-4.5295,7.5,Summer,0.0799,794,21
White-throated Dipper,55.47297,-4.28466,7.5,Summer,0.1173,34,6
White-throated Dipper,55.47297,-3.79499,7.5,Summer,0.1038,96,6
White-throated Dipper,55.47297,-3.30531,7.5,Summer,0.1091,63,13
White-throated Dipper,55.47297,-2.81564,7.5,Summer,0.0763,11,2
White-throated Dipper,55.60811,-5.26402,7.5,Summer,0.0072,104,1
White-throated Dipper,55.60811,-4.77434,7.5,Summer,0.0105,3125,12
White-throated Dipper,55.60811,-4.5295,7.5,Summer,0.0759,27860,3
White-throated Dipper,55.60811,-4.28466,7.5,Summer,0.1165,20,1
White-throated Dipper,55.60811,-4.03983,7.5,Summer,0.1076,5,1
White-throated Dipper,55.60811,-3.79499,7.5,Summer,0.1093,38,11
White-throated Dipper,55.60811,-3.55015,7.5,Summer,0.1112,78,1
White-throated Dipper,55.60811,-3.30531,7.5,Summer,0.1214,49,1
White-throated Dipper,55.60811,-3.06047,7.5,Summer,0.0979,83,2
White-throated Dipper,55.60811,-2.81564,7.5,Summer,0.0977,109,10
White-throated Dipper,55.60811,-2.5708,7.5,Summer,0.0988,41,1
White-throated Dipper,55.60811,-2.32596,7.5,Summer,0.0619,20,1
White-throated Dipper,55.74324,-4.77434,7.5,Summer,0.0187,62,1
White-throated Dipper,55.74324,-4.5295,7.5,Summer,0.0781,277,1
White-throated Dipper,55.74324,-4.28466,7.5,Summer,0.1144,507,5
White-throated Dipper,55.74324,-4.03983,7.5,Summer,0.1053,219,8
White-throated Dipper,55.74324,-3.79499,7.5,Summer,0.1072,20,2
White-throated Dipper,55.74324,-3.55015,7.5,Summer,0.109,24,1
White-throated Dipper,55.74324,-3.06047,7.5,Summer,0.1021,133,6
White-throated Dipper,55.74324,-2.81564,7.5,Summer,0.1002,18,3
White-throated Dipper,55.74324,-2.5708,7.5,Summer,0.1019,14,1
White-throated Dipper,55.74324,-2.32596,7.5,Summer,0.0643,10,1
White-throated Dipper,55.74324,-2.08112,7.5,Summer,0.0327,40,1
White-throated Dipper,55.87838,-4.77434,7.5,Summer,0.0219,45,1
White-throated Dipper,55.87838,-4.5295,7.5,Summer,0.0621,292,1
White-throated Dipper,55.87838,-4.28466,7.5,Summer,0.098,1378,37
White-throated Dipper,55.87838,-3.79499,7.5,Summer,0.0869,42,1
White-throated Dipper,55.87838,-3.55015,7.5,Summer,0.089,134,2
White-throated Dipper,55.87838,-3.30531,7.5,Summer,0.1003,1184,81
White-throated Dipper,55.87838,-3.06047,7.5,Summer,0.0427,1626,41
White-throated Dipper,55.87838,-2.81564,7.5,Summer,0.0388,98,10
White-throated Dipper,55.87838,-2.5708,7.5,Summer,0.0362,109,10
White-throated Dipper,55.87838,-2.32596,7.5,Summer,0.0268,75,1
White-throated Dipper,55.87838,-2.08112,7.5,Summer,0.0137,295,1
White-throated Dipper,56.01351,-5.01918,7.5,Summer,0.0283,85,3
White-throated Dipper,56.01351,-4.5295,7.5,Summer,0.0406,279,1
White-throated Dipper,56.01351,-3.55015,7.5,Summer,0.0562,266,2
White-throated Dipper,56.01351,-3.30531,7.5,Summer,0.0446,2181,68
White-throated Dipper,56.01351,-3.06047,7.5,Summer,0.0125,2396,4
White-throated Dipper,56.01351,-2.81564,7.5,Summer,0.0119,786,1
White-throated Dipper,56.01351,-2.5708,7.5,Summer,0.0113,613,1
White-throated Dipper,56.14865,-5.26402,7.5,Summer,0.0118,28,1
White-throated Dipper,56.14865,-4.77434,7.5,Summer,0.0345,98,1
White-throated Dipper,56.14865,-4.5295,7.5,Summer,0.0486,225,2
White-throated Dipper,56.14865,-4.03983,7.5,Summer,0.0734,349,19
White-throated Dipper,56.14865,-3.79499,7.5,Summer,0.0705,328,7
White-throated Dipper,56.14865,-3.55015,7.5,Summer,0.0709,114,10
White-throated Dipper,56.14865,-3.30531,7.5,Summer,0.0529,405,2
White-throated Dipper,56.14865,-3.06047,7.5,Summer,0.0147,158,13
White-throated Dipper,56.28378,-5.26402,7.5,Summer,0.0139,19,2
White-throated Dipper,56.28378,-4.77434,7.5,Summer,0.0452,90,3
White-throated Dipper,56.28378,-4.5295,7.5,Summer,0.0618,49,1
White-throated Dipper,56.28378,-4.28466,7.5,Summer,0.0965,205,6
White-throated Dipper,56.28378,-4.03983,7.5,Summer,0.092,8,1
White-throated Dipper,56.28378,-3.55015,7.5,Summer,0.0897,35,2
White-throated Dipper,56.28378,-3.30531,7.5,Summer,0.0649,90,4
White-throated Dipper,56.28378,-3.06047,7.5,Summer,0.0256,322,14
White-throated Dipper,56.28378,-2.81564,7.5,Summer,0.0269,1122,5
White-throated Dipper,56.28378,-2.5708,7.5,Summer,0.0251,524,1
White-throated Dipper,56.41892,-6.24337,7.5,Summer,0.0043,224,1
White-throated Dipper,56.41892,-5.99853,7.5,Summer,0.005,294,2
White-throated Dipper,56.41892,-5.50885,7.5,Summer,0.0049,433,1
White-throated Dipper,56.41892,-4.77434,7.5,Summer,0.0451,64,1
White-throated Dipper,56.41892,-4.5295,7.5,Summer,0.0621,45,1
White-throated Dipper,56.41892,-4.28466,7.5,Summer,0.0981,97,5
White-throated Dipper,56.41892,-4.03983,7.5,Summer,0.0938,50,6
White-throated Dipper,56.41892,-3.79499,7.5,Summer,0.0905,78,4
White-throated Dipper,56.41892,-3.55015,7.5,Summer,0.092,110,4
White-throated Dipper,56.55405,-5.99853,7.5,Summer,0.0113,274,5
White-throated Dipper,56.55405,-4.28466,7.5,Summer,0.1051,36,5
White-throated Dipper,56.55405,-4.03983,7.5,Summer,0.1004,49,2
White-throated Dipper,56.55405,-3.79499,7.5,Summer,0.0974,45,6
White-throated Dipper,56.55405,-3.55015,7.5,Summer,0.0988,287,14
White-throated Dipper,56.55405,-3.30531,7.5,Summer,0.0736,47,7
White-throated Dipper,56.55405,-3.06047,7.5,Summer,0.0281,31,2
White-throated Dipper,56.68919,-5.50885,7.5,Summer,0.0109,44,2
White-throated Dipper,56.68919,-5.01918,7.5,Summer,0.0413,304,3
White-throated Dipper,56.68919,-4.77434,7.5,Summer,0.0517,34,3
White-throated Dipper,56.68919,-4.28466,7.5,Summer,0.1055,18,2
White-throated Dipper,56.68919,-4.03983,7.5,Summer,0.1008,50,1
White-throated Dipper,56.68919,-3.79499,7.5,Summer,0.0979,268,17
White-throated Dipper,56.68919,-3.55015,7.5,Summer,0.1,12,2
White-throated Dipper,56.68919,-3.06047,7.5,Summer,0.0325,142,6
White-throated Dipper,56.68919,-2.5708,7.5,Summer,0.0345,238,1
White-throated Dipper,56.82432,-5.50885,7.5,Summer,0.0117,78,1
White-throated Dipper,56.82432,-5.01918,7.5,Summer,0.0463,276,7
White-throated Dipper,56.82432,-4.77434,7.5,Summer,0.058,22,1
White-throated Dipper,56.82432,-4.03983,7.5,Summer,0.0995,25,4
White-throated Dipper,56.82432,-3.79499,7.5,Summer,0.0975,56,2
White-throated Dipper,56.82432,-3.30531,7.5,Summer,0.0784,104,2
White-throated Dipper,56.82432,-3.06047,7.5,Summer,0.0391,27,3
White-throated Dipper,56.82432,-2.81564,7.5,Summer,0.0455,11,2
White-throated Dipper,56.82432,-2.5708,7.5,Summer,0.0449,78,3
White-throated Dipper,56.95946,-5.75369,7.5,Summer,0.0134,122,1
White-throated Dipper,56.95946,-5.01918,7.5,Summer,0.0483,48,2
White-throated Dipper,56.95946,-4.28466,7.5,Summer,0.1042,75,5
White-throated Dipper,56.95946,-3.55015,7.5,Summer,0.1,70,7
White-throated Dipper,56.95946,-3.30531,7.5,Summer,0.0792,105,2
White-throated Dipper,56.95946,-2.81564,7.5,Summer,0.0446,64,4
White-throated Dipper,56.95946,-2.32596,7.5,Summer,0.0457,53,1
White-throated Dipper,57.09459,-5.26402,7.5,Summer,0.0199,14,1
White-throated Dipper,57.09459,-4.77434,7.5,Summer,0.0646,136,9
White-throated Dipper,57.09459,-4.03983,7.5,Summer,0.0967,526,9
White-throated Dipper,57.09459,-3.79499,7.5,Summer,0.0955,311,11
White-throated Dipper,57.09459,-3.55015,7.5,Summer,0.0996,315,12
White-throated Dipper,57.09459,-3.30531,7.5,Summer,0.0792,90,17
White-throated Dipper,57.09459,-3.06047,7.5,Summer,0.0398,80,3
White-throated Dipper,57.09459,-2.81564,7.5,Summer,0.0477,84,2
White-throated Dipper,57.09459,-2.5708,7.5,Summer,0.0519,32,2
White-throated Dipper,57.09459,-2.32596,7.5,Summer,0.0588,68,3
White-throated Dipper,57.09459,-2.08112,7.5,Summer,0.0205,1194,7
White-throated Dipper,57.22973,-6.24337,7.5,Summer,0.0113,148,6
White-throated Dipper,57.22973,-5.99853,7.5,Summer,0.0132,364,3
White-throated Dipper,57.22973,-5.50885,7.5,Summer,0.0119,171,1
White-throated Dipper,57.22973,-5.01918,7.5,Summer,0.0491,28,5
White-throated Dipper,57.22973,-4.77434,7.5,Summer,0.0636,35,1
White-throated Dipper,57.22973,-4.5295,7.5,Summer,0.0632,77,5
White-throated Dipper,57.22973,-4.03983,7.5,Summer,0.0865,133,24
White-throated Dipper,57.22973,-3.79499,7.5,Summer,0.0836,1932,23
White-throated Dipper,57.22973,-3.55015,7.5,Summer,0.0878,441,54
White-throated Dipper,57.22973,-3.30531,7.5,Summer,0.073,128,15
White-throated Dipper,57.22973,-2.81564,7.5,Summer,0.0527,22,1
White-throated Dipper,57.22973,-2.5708,7.5,Summer,0.0596,23,1
White-throated Dipper,57.22973,-2.32596,7.5,Summer,0.0667,9,1
White-throated Dipper,57.22973,-2.08112,7.5,Summer,0.0228,267,11
White-throated Dipper,57.36486,-6.24337,7.5,Summer,0.011,292,2
White-throated Dipper,57.36486,-5.75369,7.5,Summer,0.0111,65,1
White-throated Dipper,57.36486,-4.77434,7.5,Summer,0.0586,58,7
White-throated Dipper,57.36486,-4.5295,7.5,Summer,0.071,222,9
White-throated Dipper,57.36486,-4.28466,7.5,Summer,0.1064,264,3
White-throated Dipper,57.36486,-4.03983,7.5,Summer,0.117,86,3
White-throated Dipper,57.36486,-3.79499,7.5,Summer,0.1175,308,4
White-throated Dipper,57.36486,-3.55015,7.5,Summer,0.1184,381,56
White-throated Dipper,57.36486,-3.30531,7.5,Summer,0.0942,71,3
White-throated Dipper,57.36486,-2.5708,7.5,Summer,0.0581,84,11
White-throated Dipper,57.36486,-2.08112,7.5,Summer,0.0217,330,1
White-throated Dipper,57.36486,-1.83628,7.5,Summer,0.0032,74,1
White-throated Dipper,57.5,-6.73304,7.5,Summer,0.0031,402,6
White-throated Dipper,57.5,-6.48821,7.5,Summer,0.0047,157,1
White-throated Dipper,57.5,-6.24337,7.5,Summer,0.0066,189,2
White-throated Dipper,57.5,-5.75369,7.5,Summer,0.0069,62,2
White-throated Dipper,57.5,-5.50885,7.5,Summer,0.0068,59,1
White-throated Dipper,57.5,-5.26402,7.5,Summer,0.0079,15,1
White-throated Dipper,57.5,-4.77434,7.5,Summer,0.0215,6,1
White-throated Dipper,57.5,-4.5295,7.5,Summer,0.0136,186,1
White-throated Dipper,57.5,-4.28466,7.5,Summer,0.0148,814,61
White-throated Dipper,57.5,-4.03983,7.5,Summer,0.0136,626,3
White-throated Dipper,57.5,-3.79499,7.5,Summer,0.0184,60,10
White-throated Dipper,57.5,-3.55015,7.5,Summer,0.0197,9,3
White-throated Dipper,57.5,-3.30531,7.5,Summer,0.0178,48,1
White-throated Dipper,57.5,-2.81564,7.5,Summer,0.0173,19,1
White-throated Dipper,57.63514,-6.48821,7.5,Summer,0.0048,167,1
White-throated Dipper,57.63514,-6.24337,7.5,Summer,0.007,443,3
White-throated Dipper,57.63514,-5.50885,7.5,Summer,0.0078,49,1
White-throated Dipper,57.63514,-5.26402,7.5,Summer,0.0092,100,1
White-throated Dipper,57.63514,-4.77434,7.5,Summer,0.0295,32,1
White-throated Dipper,57.63514,-4.5295,7.5,Summer,0.0217,173,4
White-throated Dipper,57.63514,-4.28466,7.5,Summer,0.0264,189,12
White-throated Dipper,57.63514,-4.03983,7.5,Summer,0.0158,742,9
White-throated Dipper,57.63514,-3.79499,7.5,Summer,0.0142,187,3
White-throated Dipper,57.63514,-3.55015,7.5,Summer,0.0143,190,2
White-throated Dipper,57.63514,-2.32596,7.5,Summer,0.0129,124,6
White-throated Dipper,57.77027,-5.75369,7.5,Summer,0.0052,159,2
White-throated Dipper,57.77027,-5.50885,7.5,Summer,0.0071,82,1
White-throated Dipper,57.90541,-4.77434,7.5,Summer,0.0185,11,3
White-throated Dipper,57.90541,-4.5295,7.5,Summer,0.0121,28,2
White-throated Dipper,57.90541,-4.03983,7.5,Summer,0.0062,246,2
White-throated Dipper,58.04054,-6.97788,7.5,Summer,0.0031,28,2
White-throated Dipper,58.04054,-6.48821,7.5,Summer,0.0037,51,3
White-throated Dipper,58.04054,-5.01918,7.5,Summer,0.0142,24,1
White-throated Dipper,58.17568,-6.73304,7.5,Summer,0.0039,84,1
White-throated Dipper,58.17568,-6.48821,7.5,Summer,0.0044,142,7
White-throated Dipper,58.17568,-5.26402,7.5,Summer,0.0065,123,2
White-throated Dipper,58.17568,-5.01918,7.5,Summer,0.0135,52,6
White-throated Dipper,58.17568,-3.55015,7.5,Summer,0.0081,44,1
White-throated Dipper,58.31081,-3.55015,7.5,Summer,0.0034,4,2
White-throated Dipper,58.31081,-3.30531,7.5,Summer,0.0028,52,2
White-throated Dipper,58.44595,-4.28466,7.5,Summer,0.006,27,1
White-throated Dipper,58.58108,-4.77434,7.5,Summer,0.0054,110,2
White-throated Dipper,54.93243,-4.28466,7.5,Winter,0.0088,45,3
White-throated Dipper,54.93243,-3.30531,7.5,Winter,0.0084,29,1
White-throated Dipper,55.06757,-3.55015,7.5,Winter,0.035,173,1
White-throated Dipper,55.2027,-4.03983,7.5,Winter,0.1045,7,1
White-throated Dipper,55.2027,-3.79499,7.5,Winter,0.111,8,1
White-throated Dipper,55.2027,-3.06047,7.5,Winter,0.1664,5,1
White-throated Dipper,55.2027,-2.81564,7.5,Winter,0.1745,6,3
White-throated Dipper,55.33784,-5.75369,7.5,Winter,0.0059,5,1
White-throated Dipper,55.33784,-3.79499,7.5,Winter,0.1299,21,3
White-throated Dipper,55.33784,-3.55015,7.5,Winter,0.1287,23,3
White-throated Dipper,55.47297,-4.77434,7.5,Winter,0.0188,596,1
White-throated Dipper,55.47297,-4.5295,7.5,Winter,0.0972,1316,27
White-throated Dipper,55.47297,-4.28466,7.5,Winter,0.1483,31,2
White-throated Dipper,55.47297,-3.79499,7.5,Winter,0.1384,63,13
White-throated Dipper,55.47297,-3.55015,7.5,Winter,0.1378,34,3
White-throated Dipper,55.47297,-3.30531,7.5,Winter,0.1786,14,4
White-throated Dipper,55.47297,-2.81564,7.5,Winter,0.1808,75,37
White-throated Dipper,55.47297,-2.5708,7.5,Winter,0.145,52,3
White-throated Dipper,55.60811,-5.26402,7.5,Winter,0.0224,26,1
White-throated Dipper,55.60811,-4.77434,7.5,Winter,0.0264,4222,8
White-throated Dipper,55.60811,-4.5295,7.5,Winter,0.0832,17240,4
White-throated Dipper,55.60811,-3.79499,7.5,Winter,0.1333,26,2
White-throated Dipper,55.60811,-3.30531,7.5,Winter,0.1787,25,5
White-throated Dipper,55.60811,-3.06047,7.5,Winter,0.1864,23,3
White-throated Dipper,55.60811,-2.81564,7.5,Winter,0.1725,95,13
White-throated Dipper,55.60811,-2.5708,7.5,Winter,0.1619,20,2
White-throated Dipper,55.60811,-2.32596,7.5,Winter,0.139,53,2
White-throated Dipper,55.74324,-6.24337,7.5,Winter,0.0119,265,3
White-throated Dipper,55.74324,-5.26402,7.5,Winter,0.0431,9,3
White-throated Dipper,55.74324,-4.77434,7.5,Winter,0.0651,99,1
White-throated Dipper,55.74324,-4.5295,7.5,Winter,0.0946,329,15
White-throated Dipper,55.74324,-4.28466,7.5,Winter,0.144,631,16
White-throated Dipper,55.74324,-4.03983,7.5,Winter,0.1313,253,4
White-throated Dipper,55.74324,-3.79499,7.5,Winter,0.1361,44,5
White-throated Dipper,55.74324,-3.55015,7.5,Winter,0.1366,34,1
White-throated Dipper,55.74324,-3.30531,7.5,Winter,0.182,43,4
White-throated Dipper,55.74324,-3.06047,7.5,Winter,0.1861,248,12
White-throated Dipper,55.74324,-2.81564,7.5,Winter,0.171,26,2
White-throated Dipper,55.74324,-2.08112,7.5,Winter,0.0768,13,1
White-throated Dipper,55.87838,-4.77434,7.5,Winter,0.0931,20,1
White-throated Dipper,55.87838,-4.5295,7.5,Winter,0.0945,384,5
White-throated Dipper,55.87838,-4.28466,7.5,Winter,0.144,1701,85
White-throated Dipper,55.87838,-4.03983,7.5,Winter,0.131,209,2
White-throated Dipper,55.87838,-3.79499,7.5,Winter,0.131,88,2
White-throated Dipper,55.87838,-3.55015,7.5,Winter,0.131,227,9
White-throated Dipper,55.87838,-3.30531,7.5,Winter,0.1767,1796,145
White-throated Dipper,55.87838,-3.06047,7.5,Winter,0.0946,1773,72
White-throated Dipper,55.87838,-2.81564,7.5,Winter,0.0822,163,10
White-throated Dipper,55.87838,-2.5708,7.5,Winter,0.0849,32,4
White-throated Dipper,55.87838,-2.32596,7.5,Winter,0.0664,71,4
White-throated Dipper,56.01351,-5.01918,7.5,Winter,0.1062,105,16
White-throated Dipper,56.01351,-4.77434,7.5,Winter,0.0991,80,1
White-throated Dipper,56.01351,-4.28466,7.5,Winter,0.1064,55,3
White-throated Dipper,56.01351,-4.03983,7.5,Winter,0.0992,24,1
White-throated Dipper,56.01351,-3.79499,7.5,Winter,0.0961,358,10
White-throated Dipper,56.01351,-3.55015,7.5,Winter,0.0977,507,4
White-throated Dipper,56.01351,-3.30531,7.5,Winter,0.0822,2000,103
White-throated Dipper,56.01351,-3.06047,7.5,Winter,0.0527,1585,21
White-throated Dipper,56.01351,-2.81564,7.5,Winter,0.0436,874,12
White-throated Dipper,56.01351,-2.5708,7.5,Winter,0.049,643,12
White-throated Dipper,56.14865,-5.01918,7.5,Winter,0.1314,7,1
White-throated Dipper,56.14865,-4.77434,7.5,Winter,0.1287,38,2
White-throated Dipper,56.14865,-4.5295,7.5,Winter,0.0977,46,1
White-throated Dipper,56.14865,-4.03983,7.5,Winter,0.144,363,68
White-throated Dipper,56.14865,-3.79499,7.5,Winter,0.1421,490,30
White-throated Dipper,56.14865,-3.55015,7.5,Winter,0.139,196,20
White-throated Dipper,56.14865,-3.30531,7.5,Winter,0.1057,535,13
White-throated Dipper,56.14865,-3.06047,7.5,Winter,0.0676,302,9
White-throated Dipper,56.28378,-5.50885,7.5,Winter,0.0229,14,1
White-throated Dipper,56.28378,-4.77434,7.5,Winter,0.1341,19,3
White-throated Dipper,56.28378,-4.28466,7.5,Winter,0.1563,56,4
White-throated Dipper,56.28378,-3.30531,7.5,Winter,0.1085,81,1
White-throated Dipper,56.28378,-3.06047,7.5,Winter,0.0722,327,18
White-throated Dipper,56.28378,-2.81564,7.5,Winter,0.0594,1177,31
White-throated Dipper,56.28378,-2.5708,7.5,Winter,0.0623,333,6
White-throated Dipper,56.41892,-5.75369,7.5,Winter,0.029,18,1
White-throated Dipper,56.41892,-4.28466,7.5,Winter,0.158,48,9
White-throated Dipper,56.41892,-4.03983,7.5,Winter,0.1561,50,5
White-throated Dipper,56.41892,-3.79499,7.5,Winter,0.1544,27,5
White-throated Dipper,56.41892,-3.55015,7.5,Winter,0.1521,90,1
White-throated Dipper,56.41892,-3.30531,7.5,Winter,0.1152,176,3
White-throated Dipper,56.41892,-2.81564,7.5,Winter,0.0732,524,1
White-throated Dipper,56.55405,-6.24337,7.5,Winter,0.0326,25,1
White-throated Dipper,56.55405,-4.77434,7.5,Winter,0.13,11,6
White-throated Dipper,56.55405,-4.28466,7.5,Winter,0.1583,36,1
White-throated Dipper,56.55405,-4.03983,7.5,Winter,0.1563,14,1
White-throated Dipper,56.55405,-3.79499,7.5,Winter,0.1546,15,1
White-throated Dipper,56.55405,-3.55015,7.5,Winter,0.1523,81,7
White-throated Dipper,56.55405,-3.30531,7.5,Winter,0.1169,24,4
White-throated Dipper,56.55405,-3.06047,7.5,Winter,0.0883,29,2
White-throated Dipper,56.55405,-2.5708,7.5,Winter,0.0871,56,2
White-throated Dipper,56.68919,-5.75369,7.5,Winter,0.0413,16,3
White-throated Dipper,56.68919,-5.50885,7.5,Winter,0.0369,9,3
White-throated Dipper,56.68919,-4.28466,7.5,Winter,0.1581,4,1
White-throated Dipper,56.68919,-3.79499,7.5,Winter,0.1544,70,8
White-throated Dipper,56.68919,-3.55015,7.5,Winter,0.1523,11,2
White-throated Dipper,56.68919,-3.30531,7.5,Winter,0.1227,15,1
White-throated Dipper,56.68919,-3.06047,7.5,Winter,0.0912,60,3
White-throated Dipper,56.82432,-5.75369,7.5,Winter,0.0451,29,1
White-throated Dipper,56.82432,-5.01918,7.5,Winter,0.1325,42,3
White-throated Dipper,56.82432,-4.77434,7.5,Winter,0.1307,7,3
White-throated Dipper,56.82432,-3.79499,7.5,Winter,0.1532,7,1
White-throated Dipper,56.82432,-3.30531,7.5,Winter,0.1235,48,2
White-throated Dipper,56.82432,-2.81564,7.5,Winter,0.0854,7,2
White-throated Dipper,56.82432,-2.32596,7.5,Winter,0.0906,83,1
White-throated Dipper,56.95946,-6.24337,7.5,Winter,0.043,45,5
White-throated Dipper,56.95946,-5.26402,7.5,Winter,0.073,1,1
White-throated Dipper,56.95946,-4.5295,7.5,Winter,0.1053,15,1
White-throated Dipper,56.95946,-3.55015,7.5,Winter,0.1518,11,2
White-throated Dipper,56.95946,-3.30531,7.5,Winter,0.1248,33,14
White-throated Dipper,56.95946,-3.06047,7.5,Winter,0.1002,4,3
White-throated Dipper,57.09459,-4.03983,7.5,Winter,0.1533,301,10
White-throated Dipper,57.09459,-3.79499,7.5,Winter,0.1516,97,6
White-throated Dipper,57.09459,-3.55015,7.5,Winter,0.1503,126,1
White-throated Dipper,57.09459,-3.30531,7.5,Winter,0.1242,25,4
White-throated Dipper,57.09459,-3.06047,7.5,Winter,0.101,15,4
White-throated Dipper,57.09459,-2.81564,7.5,Winter,0.0882,32,2
White-throated Dipper,57.09459,-2.5708,7.5,Winter,0.1003,33,1
White-throated Dipper,57.09459,-2.08112,7.5,Winter,0.0535,1022,23
White-throated Dipper,57.22973,-5.01918,7.5,Winter,0.1236,3,2
White-throated Dipper,57.22973,-4.5295,7.5,Winter,0.1017,11,2
White-throated Dipper,57.22973,-4.03983,7.5,Winter,0.1515,69,18
White-throated Dipper,57.22973,-3.79499,7.5,Winter,0.1492,583,19
White-throated Dipper,57.22973,-3.55015,7.5,Winter,0.1475,232,39
White-throated Dipper,57.22973,-3.30531,7.5,Winter,0.1255,38,1
White-throated Dipper,57.22973,-3.06047,7.5,Winter,0.1134,1,1
White-throated Dipper,57.22973,-2.5708,7.5,Winter,0.1186,31,5
White-throated Dipper,57.22973,-2.32596,7.5,Winter,0.1219,26,2
White-throated Dipper,57.22973,-2.08112,7.5,Winter,0.0709,305,47
White-throated Dipper,57.36486,-6.24337,7.5,Winter,0.0424,51,1
White-throated Dipper,57.36486,-4.5295,7.5,Winter,0.1,125,3
White-throated Dipper,57.36486,-4.28466,7.5,Winter,0.1565,66,2
White-throated Dipper,57.36486,-4.03983,7.5,Winter,0.1565,35,2
White-throated Dipper,57.36486,-3.79499,7.5,Winter,0.1536,79,1
White-throated Dipper,57.36486,-3.55015,7.5,Winter,0.1517,228,19
White-throated Dipper,57.36486,-3.30531,7.5,Winter,0.1261,32,6
White-throated Dipper,57.36486,-3.06047,7.5,Winter,0.1165,2,1
White-throated Dipper,57.36486,-2.5708,7.5,Winter,0.1209,67,17
White-throated Dipper,57.36486,-2.08112,7.5,Winter,0.0787,95,1
White-throated Dipper,57.5,-6.73304,7.5,Winter,0.0105,244,15
White-throated Dipper,57.5,-6.48821,7.5,Winter,0.0217,32,2
White-throated Dipper,57.5,-6.24337,7.5,Winter,0.0229,24,2
White-throated Dipper,57.5,-5.75369,7.5,Winter,0.0242,7,2
White-throated Dipper,57.5,-4.28466,7.5,Winter,0.0179,622,34
White-throated Dipper,57.5,-4.03983,7.5,Winter,0.0173,511,4
White-throated Dipper,57.5,-2.08112,7.5,Winter,0.0251,30,2
White-throated Dipper,57.63514,-6.24337,7.5,Winter,0.0223,95,21
White-throated Dipper,57.63514,-4.77434,7.5,Winter,0.0366,7,2
White-throated Dipper,57.63514,-4.28466,7.5,Winter,0.028,56,2
White-throated Dipper,57.63514,-4.03983,7.5,Winter,0.0207,354,2
White-throated Dipper,57.63514,-3.79499,7.5,Winter,0.0225,297,10
White-throated Dipper,57.63514,-3.55015,7.5,Winter,0.0215,318,8
White-throated Dipper,57.63514,-3.30531,7.5,Winter,0.0227,341,1
White-throated Dipper,57.77027,-5.75369,7.5,Winter,0.0078,31,1
White-throated Dipper,57.90541,-6.97788,7.5,Winter,0.0042,8,2
White-throated Dipper,57.90541,-5.50885,7.5,Winter,0.013,41,1
White-throated Dipper,57.90541,-5.26402,7.5,Winter,0.0146,35,2
White-throated Dipper,57.90541,-4.5295,7.5,Winter,0.024,10,1
White-throated Dipper,58.04054,-6.48821,7.5,Winter,0.0054,8,1
White-throated Dipper,58.04054,-4.5295,7.5,Winter,0.0171,9,1
White-throated Dipper,58.04054,-4.03983,7.5,Winter,0.011,10,1
White-throated Dipper,60.33784,-1.34661,7.5,Winter,0.0019,23,1
Willow Warbler,54.7973,-5.01918,7.5,Autumn,0.0235,38,2
Willow Warbler,54.7973,-4.5295,7.5,Autumn,0.0245,46,1
Willow Warbler,54.93243,-3.79499,7.5,Autumn,0.0248,92,17
Willow Warbler,54.93243,-3.55015,7.5,Autumn,0.0255,239,13
Willow Warbler,54.93243,-3.30531,7.5,Autumn,0.0261,26,1
Willow Warbler,54.93243,-3.06047,7.5,Autumn,0.0271,46,3
Willow Warbler,55.06757,-4.77434,7.5,Autumn,0.0252,7,1
Willow Warbler,55.06757,-4.03983,7.5,Autumn,0.0259,42,5
Willow Warbler,55.06757,-3.79499,7.5,Autumn,0.0257,21,1
Willow Warbler,55.2027,-3.79499,7.5,Autumn,0.026,13,1
Willow Warbler,55.2027,-3.30531,7.5,Autumn,0.0254,21,2
Willow Warbler,55.33784,-4.77434,7.5,Autumn,0.0241,125,2
Willow Warbler,55.33784,-4.28466,7.5,Autumn,0.0261,22,1
Willow Warbler,55.47297,-5.01918,7.5,Autumn,0.0248,41,3
Willow Warbler,55.47297,-4.77434,7.5,Autumn,0.0245,581,1
Willow Warbler,55.47297,-4.5295,7.5,Autumn,0.0279,1154,15
Willow Warbler,55.47297,-4.28466,7.5,Autumn,0.0269,12,1
Willow Warbler,55.47297,-3.55015,7.5,Autumn,0.0252,23,2
Willow Warbler,55.47297,-3.30531,7.5,Autumn,0.0255,22,2
Willow Warbler,55.47297,-2.5708,7.5,Autumn,0.0293,31,1
Willow Warbler,55.60811,-6.24337,7.5,Autumn,0.0287,96,2
Willow Warbler,55.60811,-5.26402,7.5,Autumn,0.0305,81,3
Willow Warbler,55.60811,-4.77434,7.5,Autumn,0.0309,3758,39
Willow Warbler,55.60811,-4.5295,7.5,Autumn,0.0289,21393,237
Willow Warbler,55.60811,-4.28466,7.5,Autumn,0.028,7,1
Willow Warbler,55.60811,-3.30531,7.5,Autumn,0.0264,58,2
Willow Warbler,55.74324,-4.5295,7.5,Autumn,0.0229,278,6
Willow Warbler,55.74324,-4.28466,7.5,Autumn,0.0224,566,2
Willow Warbler,55.74324,-4.03983,7.5,Autumn,0.0237,208,2
Willow Warbler,55.74324,-3.30531,7.5,Autumn,0.0234,26,1
Willow Warbler,55.74324,-3.06047,7.5,Autumn,0.0245,165,4
Willow Warbler,55.87838,-5.26402,7.5,Autumn,0.0212,14,1
Willow Warbler,55.87838,-5.01918,7.5,Autumn,0.0215,16,1
Willow Warbler,55.87838,-4.5295,7.5,Autumn,0.0219,297,3
Willow Warbler,55.87838,-4.28466,7.5,Autumn,0.0218,1614,3
Willow Warbler,55.87838,-4.03983,7.5,Autumn,0.023,110,1
Willow Warbler,55.87838,-3.55015,7.5,Autumn,0.0228,74,1
Willow Warbler,55.87838,-3.30531,7.5,Autumn,0.0231,892,3
Willow Warbler,55.87838,-3.06047,7.5,Autumn,0.0237,1429,26
Willow Warbler,55.87838,-2.32596,7.5,Autumn,0.0322,105,18
Willow Warbler,55.87838,-2.08112,7.5,Autumn,0.0252,169,10
Willow Warbler,56.01351,-5.50885,7.5,Autumn,0.021,48,1
Willow Warbler,56.01351,-4.77434,7.5,Autumn,0.0225,77,2
Willow Warbler,56.01351,-4.5295,7.5,Autumn,0.0233,132,1
Willow Warbler,56.01351,-3.79499,7.5,Autumn,0.0256,285,6
Willow Warbler,56.01351,-3.55015,7.5,Autumn,0.0242,300,3
Willow Warbler,56.01351,-3.30531,7.5,Autumn,0.0243,1675,14
Willow Warbler,56.01351,-3.06047,7.5,Autumn,0.0248,1856,17
Willow Warbler,56.01351,-2.81564,7.5,Autumn,0.0255,652,2
Willow Warbler,56.01351,-2.5708,7.5,Autumn,0.0339,447,9
Willow Warbler,56.01351,-2.32596,7.5,Autumn,0.0346,379,33
Willow Warbler,56.14865,-4.5295,7.5,Autumn,0.0241,103,2
Willow Warbler,56.14865,-4.03983,7.5,Autumn,0.0262,176,7
Willow Warbler,56.14865,-3.79499,7.5,Autumn,0.0266,274,12
Willow Warbler,56.14865,-3.55015,7.5,Autumn,0.0254,52,1
Willow Warbler,56.14865,-3.30531,7.5,Autumn,0.0253,374,2
Willow Warbler,56.14865,-2.5708,7.5,Autumn,0.0368,22,6
Willow Warbler,56.28378,-6.48821,7.5,Autumn,0.0247,55,4
Willow Warbler,56.28378,-4.5295,7.5,Autumn,0.0253,7,1
Willow Warbler,56.28378,-4.03983,7.5,Autumn,0.0274,18,1
Willow Warbler,56.28378,-3.30531,7.5,Autumn,0.0269,77,3
Willow Warbler,56.28378,-3.06047,7.5,Autumn,0.0277,309,8
Willow Warbler,56.28378,-2.81564,7.5,Autumn,0.028,885,12
Willow Warbler,56.28378,-2.5708,7.5,Autumn,0.0361,604,28
Willow Warbler,56.41892,-5.50885,7.5,Autumn,0.0213,147,1
Willow Warbler,56.41892,-5.26402,7.5,Autumn,0.0228,5,1
Willow Warbler,56.41892,-5.01918,7.5,Autumn,0.0234,16,2
Willow Warbler,56.41892,-4.28466,7.5,Autumn,0.0249,69,3
Willow Warbler,56.41892,-4.03983,7.5,Autumn,0.0268,23,1
Willow Warbler,56.41892,-3.55015,7.5,Autumn,0.0262,96,1
Willow Warbler,56.41892,-3.30531,7.5,Autumn,0.026,131,2
Willow Warbler,56.41892,-3.06047,7.5,Autumn,0.0268,363,4
Willow Warbler,56.41892,-2.81564,7.5,Autumn,0.027,548,5
Willow Warbler,56.55405,-5.75369,7.5,Autumn,0.0212,70,2
Willow Warbler,56.55405,-4.03983,7.5,Autumn,0.0267,32,3
Willow Warbler,56.55405,-3.55015,7.5,Autumn,0.0262,128,3
Willow Warbler,56.55405,-3.06047,7.5,Autumn,0.0269,12,1
Willow Warbler,56.55405,-2.5708,7.5,Autumn,0.0351,60,2
Willow Warbler,56.68919,-5.99853,7.5,Autumn,0.0206,45,1
Willow Warbler,56.68919,-5.01918,7.5,Autumn,0.0226,142,2
Willow Warbler,56.68919,-3.79499,7.5,Autumn,0.0266,146,2
Willow Warbler,56.68919,-3.06047,7.5,Autumn,0.0267,95,16
Willow Warbler,56.68919,-2.81564,7.5,Autumn,0.0274,37,3
Willow Warbler,56.68919,-2.5708,7.5,Autumn,0.035,265,6
Willow Warbler,56.68919,-2.32596,7.5,Autumn,0.033,26,2
Willow Warbler,56.82432,-5.50885,7.5,Autumn,0.0204,63,3
Willow Warbler,56.82432,-2.5708,7.5,Autumn,0.0347,79,1
Willow Warbler,56.82432,-2.32596,7.5,Autumn,0.0323,51,3
Willow Warbler,56.95946,-7.46756,7.5,Autumn,0.0218,26,1
Willow Warbler,56.95946,-4.28466,7.5,Autumn,0.0233,18,1
Willow Warbler,56.95946,-2.5708,7.5,Autumn,0.0333,12,1
Willow Warbler,56.95946,-2.08112,7.5,Autumn,0.0253,92,5
Willow Warbler,57.09459,-4.77434,7.5,Autumn,0.0218,37,2
Willow Warbler,57.09459,-4.03983,7.5,Autumn,0.0249,242,4
Willow Warbler,57.09459,-3.79499,7.5,Autumn,0.0254,105,1
Willow Warbler,57.09459,-3.06047,7.5,Autumn,0.0252,41,1
Willow Warbler,57.09459,-2.81564,7.5,Autumn,0.0259,64,1
Willow Warbler,57.09459,-2.32596,7.5,Autumn,0.0292,56,2
Willow Warbler,57.09459,-2.08112,7.5,Autumn,0.0244,1071,12
Willow Warbler,57.22973,-5.99853,7.5,Autumn,0.0198,170,2
Willow Warbler,57.22973,-5.50885,7.5,Autumn,0.0199,94,1
Willow Warbler,57.22973,-3.79499,7.5,Autumn,0.0248,655,4
Willow Warbler,57.22973,-3.55015,7.5,Autumn,0.0239,169,4
Willow Warbler,57.22973,-2.81564,7.5,Autumn,0.0255,21,3
Willow Warbler,57.22973,-2.08112,7.5,Autumn,0.0228,282,2
Willow Warbler,57.36486,-5.50885,7.5,Autumn,0.0195,30,2
Willow Warbler,57.36486,-4.77434,7.5,Autumn,0.0211,26,1
Willow Warbler,57.36486,-4.5295,7.5,Autumn,0.022,158,2
Willow Warbler,57.36486,-3.55015,7.5,Autumn,0.0235,167,3
Willow Warbler,57.36486,-2.81564,7.5,Autumn,0.0252,4,1
Willow Warbler,57.36486,-2.5708,7.5,Autumn,0.031,46,3
Willow Warbler,57.36486,-1.83628,7.5,Autumn,0.0375,66,3
Willow Warbler,57.5,-6.73304,7.5,Autumn,0.0198,244,1
Willow Warbler,57.5,-4.28466,7.5,Autumn,0.0222,562,10
Willow Warbler,57.5,-4.03983,7.5,Autumn,0.0242,423,9
Willow Warbler,57.5,-3.55015,7.5,Autumn,0.0235,12,1
Willow Warbler,57.5,-1.83628,7.5,Autumn,0.0341,45,3
Willow Warbler,57.63514,-7.46756,7.5,Autumn,0.0214,72,1
Willow Warbler,57.63514,-7.22272,7.5,Autumn,0.0206,32,1
Willow Warbler,57.63514,-4.28466,7.5,Autumn,0.0218,93,2
Willow Warbler,57.63514,-4.03983,7.5,Autumn,0.0233,581,9
Willow Warbler,57.63514,-3.55015,7.5,Autumn,0.0229,283,2
Willow Warbler,57.63514,-3.30531,7.5,Autumn,0.0231,151,2
Willow Warbler,57.63514,-3.06047,7.5,Autumn,0.0238,109,2
Willow Warbler,57.63514,-1.83628,7.5,Autumn,0.0344,165,8
Willow Warbler,57.77027,-7.22272,7.5,Autumn,0.0207,18,1
Willow Warbler,57.77027,-4.03983,7.5,Autumn,0.0233,104,1
Willow Warbler,57.77027,-3.79499,7.5,Autumn,0.0233,172,2
Willow Warbler,57.90541,-5.26402,7.5,Autumn,0.0202,101,2
Willow Warbler,57.90541,-3.79499,7.5,Autumn,0.0231,76,8
Willow Warbler,58.17568,-6.97788,7.5,Autumn,0.0197,67,1
Willow Warbler,58.44595,-6.24337,7.5,Autumn,0.0197,109,2
Willow Warbler,58.44595,-3.06047,7.5,Autumn,0.0233,54,1
Willow Warbler,58.58108,-3.30531,7.5,Autumn,0.0231,53,2
Willow Warbler,58.58108,-3.06047,7.5,Autumn,0.0235,95,1
Willow Warbler,58.85135,-3.06047,7.5,Autumn,0.0235,54,1
Willow Warbler,58.98649,-2.81564,7.5,Autumn,0.0242,98,2
Willow Warbler,59.12162,-3.30531,7.5,Autumn,0.0336,100,1
Willow Warbler,59.12162,-2.5708,7.5,Autumn,0.0828,41,6
Willow Warbler,59.39189,-2.32596,7.5,Autumn,0.0662,327,43
Willow Warbler,59.52703,-1.59145,7.5,Autumn,0.0877,323,124
Willow Warbler,59.7973,-1.34661,7.5,Autumn,0.0755,168,7
Willow Warbler,59.93243,-1.34661,7.5,Autumn,0.0443,2628,239
Willow Warbler,59.93243,-1.10177,7.5,Autumn,0.0672,77,3
Willow Warbler,60.06757,-1.34661,7.5,Autumn,0.0577,907,76
Willow Warbler,60.06757,-1.10177,7.5,Autumn,0.0802,253,11
Willow Warbler,60.2027,-1.59145,7.5,Autumn,0.0588,63,12
Willow Warbler,60.2027,-1.34661,7.5,Autumn,0.0525,500,14
Willow Warbler,60.2027,-1.10177,7.5,Autumn,0.062,824,38
Willow Warbler,60.33784,-1.59145,7.5,Autumn,0.0482,107,5
Willow Warbler,60.33784,-1.34661,7.5,Autumn,0.0476,397,18
Willow Warbler,60.33784,-1.10177,7.5,Autumn,0.064,219,18
Willow Warbler,60.33784,-0.85693,7.5,Autumn,0.0977,31,1
Willow Warbler,60.47297,-1.59145,7.5,Autumn,0.0476,176,4
Willow Warbler,60.47297,-1.34661,7.5,Autumn,0.049,240,18
Willow Warbler,60.47297,-1.10177,7.5,Autumn,0.0691,149,5
Willow Warbler,60.47297,-0.85693,7.5,Autumn,0.1039,36,11
Willow Warbler,60.60811,-1.34661,7.5,Autumn,0.0596,63,3
Willow Warbler,60.60811,-1.10177,7.5,Autumn,0.0758,106,4
Willow Warbler,60.60811,-0.85693,7.5,Autumn,0.1127,32,4
Willow Warbler,60.74324,-0.85693,7.5,Autumn,0.1095,798,90
Willow Warbler,60.87838,-0.85693,7.5,Autumn,0.1067,125,14
Willow Warbler,54.66216,-5.01918,7.5,Spring,0.1889,17,7
Willow Warbler,54.66216,-4.77434,7.5,Spring,0.1853,75,6
Willow Warbler,54.66216,-4.28466,7.5,Spring,0.2417,9,1
Willow Warbler,54.7973,-5.01918,7.5,Spring,0.3234,84,26
Willow Warbler,54.7973,-4.77434,7.5,Spring,0.3145,11,1
Willow Warbler,54.7973,-4.5295,7.5,Spring,0.3271,51,12
Willow Warbler,54.7973,-4.28466,7.5,Spring,0.3328,23,6
Willow Warbler,54.7973,-4.03983,7.5,Spring,0.3365,114,24
Willow Warbler,54.7973,-3.79499,7.5,Spring,0.3322,19,10
Willow Warbler,54.93243,-5.01918,7.5,Spring,0.3564,134,22
Willow Warbler,54.93243,-4.77434,7.5,Spring,0.3772,32,19
Willow Warbler,54.93243,-4.5295,7.5,Spring,0.4386,64,27
Willow Warbler,54.93243,-4.28466,7.5,Spring,0.4369,37,12
Willow Warbler,54.93243,-4.03983,7.5,Spring,0.4385,118,61
Willow Warbler,54.93243,-3.79499,7.5,Spring,0.3987,108,23
Willow Warbler,54.93243,-3.55015,7.5,Spring,0.3801,256,63
Willow Warbler,54.93243,-3.30531,7.5,Spring,0.3353,36,1
Willow Warbler,54.93243,-3.06047,7.5,Spring,0.3296,53,13
Willow Warbler,55.06757,-5.01918,7.5,Spring,0.3441,15,5
Willow Warbler,55.06757,-4.77434,7.5,Spring,0.37,8,4
Willow Warbler,55.06757,-4.5295,7.5,Spring,0.4376,70,50
Willow Warbler,55.06757,-4.28466,7.5,Spring,0.4289,28,14
Willow Warbler,55.06757,-4.03983,7.5,Spring,0.432,73,38
Willow Warbler,55.06757,-3.79499,7.5,Spring,0.3922,21,10
Willow Warbler,55.06757,-3.55015,7.5,Spring,0.3769,243,36
Willow Warbler,55.06757,-3.30531,7.5,Spring,0.3587,79,23
Willow Warbler,55.06757,-3.06047,7.5,Spring,0.3451,32,4
Willow Warbler,55.06757,-2.81564,7.5,Spring,0.3407,8,1
Willow Warbler,55.2027,-5.01918,7.5,Spring,0.3445,21,1
Willow Warbler,55.2027,-4.77434,7.5,Spring,0.3681,32,8
Willow Warbler,55.2027,-4.5295,7.5,Spring,0.4526,42,13
Willow Warbler,55.2027,-4.28466,7.5,Spring,0.4469,17,13
Willow Warbler,55.2027,-4.03983,7.5,Spring,0.4494,25,6
Willow Warbler,55.2027,-3.79499,7.5,Spring,0.4177,36,15
Willow Warbler,55.2027,-3.55015,7.5,Spring,0.4187,7,3
Willow Warbler,55.2027,-3.30531,7.5,Spring,0.4049,75,34
Willow Warbler,55.2027,-3.06047,7.5,Spring,0.392,49,25
Willow Warbler,55.2027,-2.81564,7.5,Spring,0.3838,29,9
Willow Warbler,55.33784,-5.75369,7.5,Spring,0.2518,19,1
Willow Warbler,55.33784,-5.50885,7.5,Spring,0.3365,4,2
Willow Warbler,55.33784,-4.77434,7.5,Spring,0.3462,92,21
Willow Warbler,55.33784,-4.5295,7.5,Spring,0.4479,62,15
Willow Warbler,55.33784,-4.28466,7.5,Spring,0.4423,147,100
Willow Warbler,55.33784,-4.03983,7.5,Spring,0.4455,11,2
Willow Warbler,55.33784,-3.79499,7.5,Spring,0.4149,69,28
Willow Warbler,55.33784,-3.55015,7.5,Spring,0.4154,100,30
Willow Warbler,55.33784,-3.30531,7.5,Spring,0.4031,18,10
Willow Warbler,55.33784,-3.06047,7.5,Spring,0.3898,2,1
Willow Warbler,55.33784,-2.81564,7.5,Spring,0.3794,9,1
Willow Warbler,55.33784,-2.5708,7.5,Spring,0.3682,10,2
Willow Warbler,55.47297,-5.75369,7.5,Spring,0.2681,50,2
Willow Warbler,55.47297,-5.50885,7.5,Spring,0.3647,29,8
Willow Warbler,55.47297,-5.26402,7.5,Spring,0.3674,53,28
Willow Warbler,55.47297,-5.01918,7.5,Spring,0.3591,71,36
Willow Warbler,55.47297,-4.77434,7.5,Spring,0.3528,561,22
Willow Warbler,55.47297,-4.5295,7.5,Spring,0.4411,1120,307
Willow Warbler,55.47297,-4.28466,7.5,Spring,0.438,36,14
Willow Warbler,55.47297,-4.03983,7.5,Spring,0.441,6,2
Willow Warbler,55.47297,-3.79499,7.5,Spring,0.408,119,21
Willow Warbler,55.47297,-3.55015,7.5,Spring,0.4085,116,60
Willow Warbler,55.47297,-3.30531,7.5,Spring,0.3974,66,35
Willow Warbler,55.47297,-2.81564,7.5,Spring,0.3693,51,5
Willow Warbler,55.47297,-2.5708,7.5,Spring,0.3602,52,10
Willow Warbler,55.47297,-2.32596,7.5,Spring,0.3398,5,1
Willow Warbler,55.60811,-6.24337,7.5,Spring,0.3787,237,43
Willow Warbler,55.60811,-5.99853,7.5,Spring,0.4103,16,8
Willow Warbler,55.60811,-5.75369,7.5,Spring,0.4143,34,10
Willow Warbler,55.60811,-5.50885,7.5,Spring,0.4157,16,4
Willow Warbler,55.60811,-5.26402,7.5,Spring,0.4169,166,64
Willow Warbler,55.60811,-5.01918,7.5,Spring,0.4166,34,8
Willow Warbler,55.60811,-4.77434,7.5,Spring,0.412,3607,147
Willow Warbler,55.60811,-4.5295,7.5,Spring,0.4205,21683,1812
Willow Warbler,55.60811,-4.28466,7.5,Spring,0.4058,65,11
Willow Warbler,55.60811,-4.03983,7.5,Spring,0.4114,18,8
Willow Warbler,55.60811,-3.79499,7.5,Spring,0.4094,38,8
Willow Warbler,55.60811,-3.55015,7.5,Spring,0.396,77,40
Willow Warbler,55.60811,-3.30531,7.5,Spring,0.3828,97,34
Willow Warbler,55.60811,-3.06047,7.5,Spring,0.3575,58,23
Willow Warbler,55.60811,-2.81564,7.5,Spring,0.3622,127,31
Willow Warbler,55.60811,-2.5708,7.5,Spring,0.3491,64,7
Willow Warbler,55.60811,-2.32596,7.5,Spring,0.3221,44,8
Willow Warbler,55.74324,-6.48821,7.5,Spring,0.3484,81,9
Willow Warbler,55.74324,-6.24337,7.5,Spring,0.3781,131,15
Willow Warbler,55.74324,-5.99853,7.5,Spring,0.4084,27,6
Willow Warbler,55.74324,-5.75369,7.5,Spring,0.4135,3418,739
Willow Warbler,55.74324,-5.50885,7.5,Spring,0.4158,40,5
Willow Warbler,55.74324,-5.26402,7.5,Spring,0.4172,38,16
Willow Warbler,55.74324,-5.01918,7.5,Spring,0.4174,108,45
Willow Warbler,55.74324,-4.77434,7.5,Spring,0.414,124,23
Willow Warbler,55.74324,-4.5295,7.5,Spring,0.4201,468,225
Willow Warbler,55.74324,-4.28466,7.5,Spring,0.4025,998,164
Willow Warbler,55.74324,-4.03983,7.5,Spring,0.4093,315,107
Willow Warbler,55.74324,-3.79499,7.5,Spring,0.4084,52,18
Willow Warbler,55.74324,-3.55015,7.5,Spring,0.3972,38,22
Willow Warbler,55.74324,-3.30531,7.5,Spring,0.388,64,17
Willow Warbler,55.74324,-3.06047,7.5,Spring,0.3618,398,122
Willow Warbler,55.74324,-2.81564,7.5,Spring,0.3668,30,4
Willow Warbler,55.74324,-2.5708,7.5,Spring,0.3589,11,6
Willow Warbler,55.74324,-2.08112,7.5,Spring,0.2672,42,6
Willow Warbler,55.87838,-6.48821,7.5,Spring,0.3331,24,5
Willow Warbler,55.87838,-6.24337,7.5,Spring,0.3636,110,30
Willow Warbler,55.87838,-5.99853,7.5,Spring,0.3964,48,17
Willow Warbler,55.87838,-5.75369,7.5,Spring,0.4016,3,2
Willow Warbler,55.87838,-5.50885,7.5,Spring,0.4026,30,5
Willow Warbler,55.87838,-5.26402,7.5,Spring,0.4039,41,22
Willow Warbler,55.87838,-5.01918,7.5,Spring,0.4037,56,23
Willow Warbler,55.87838,-4.77434,7.5,Spring,0.3998,59,16
Willow Warbler,55.87838,-4.5295,7.5,Spring,0.3957,458,97
Willow Warbler,55.87838,-4.28466,7.5,Spring,0.3732,2168,241
Willow Warbler,55.87838,-4.03983,7.5,Spring,0.3862,258,65
Willow Warbler,55.87838,-3.79499,7.5,Spring,0.387,47,13
Willow Warbler,55.87838,-3.55015,7.5,Spring,0.38,219,50
Willow Warbler,55.87838,-3.30531,7.5,Spring,0.3807,2071,339
Willow Warbler,55.87838,-3.06047,7.5,Spring,0.3503,2165,466
Willow Warbler,55.87838,-2.81564,7.5,Spring,0.3571,239,76
Willow Warbler,55.87838,-2.5708,7.5,Spring,0.3579,232,83
Willow Warbler,55.87838,-2.32596,7.5,Spring,0.3384,169,55
Willow Warbler,55.87838,-2.08112,7.5,Spring,0.27,288,67
Willow Warbler,56.01351,-6.24337,7.5,Spring,0.3857,34,15
Willow Warbler,56.01351,-5.99853,7.5,Spring,0.413,11,5
Willow Warbler,56.01351,-5.75369,7.5,Spring,0.4188,19,11
Willow Warbler,56.01351,-5.50885,7.5,Spring,0.4199,97,35
Willow Warbler,56.01351,-5.26402,7.5,Spring,0.4205,45,24
Willow Warbler,56.01351,-5.01918,7.5,Spring,0.4215,167,90
Willow Warbler,56.01351,-4.77434,7.5,Spring,0.4174,189,48
Willow Warbler,56.01351,-4.5295,7.5,Spring,0.4133,435,195
Willow Warbler,56.01351,-4.28466,7.5,Spring,0.406,175,70
Willow Warbler,56.01351,-4.03983,7.5,Spring,0.4077,39,12
Willow Warbler,56.01351,-3.79499,7.5,Spring,0.406,421,131
Willow Warbler,56.01351,-3.55015,7.5,Spring,0.3594,493,79
Willow Warbler,56.01351,-3.30531,7.5,Spring,0.3028,2906,224
Willow Warbler,56.01351,-3.06047,7.5,Spring,0.3098,2432,427
Willow Warbler,56.01351,-2.81564,7.5,Spring,0.3143,928,174
Willow Warbler,56.01351,-2.5708,7.5,Spring,0.3181,754,180
Willow Warbler,56.01351,-2.32596,7.5,Spring,0.3126,300,54
Willow Warbler,56.14865,-6.24337,7.5,Spring,0.3936,11,5
Willow Warbler,56.14865,-5.50885,7.5,Spring,0.4308,78,40
Willow Warbler,56.14865,-5.26402,7.5,Spring,0.4312,28,13
Willow Warbler,56.14865,-5.01918,7.5,Spring,0.4313,25,9
Willow Warbler,56.14865,-4.77434,7.5,Spring,0.4288,77,17
Willow Warbler,56.14865,-4.5295,7.5,Spring,0.429,234,111
Willow Warbler,56.14865,-4.28466,7.5,Spring,0.4233,180,84
Willow Warbler,56.14865,-4.03983,7.5,Spring,0.4232,535,113
Willow Warbler,56.14865,-3.79499,7.5,Spring,0.4245,695,253
Willow Warbler,56.14865,-3.55015,7.5,Spring,0.3744,219,53
Willow Warbler,56.14865,-3.30531,7.5,Spring,0.324,652,193
Willow Warbler,56.14865,-3.06047,7.5,Spring,0.3182,422,44
Willow Warbler,56.14865,-2.81564,7.5,Spring,0.3128,399,25
Willow Warbler,56.14865,-2.5708,7.5,Spring,0.3172,243,56
Willow Warbler,56.28378,-6.48821,7.5,Spring,0.3686,342,105
Willow Warbler,56.28378,-6.24337,7.5,Spring,0.396,133,39
Willow Warbler,56.28378,-5.99853,7.5,Spring,0.427,21,17
Willow Warbler,56.28378,-5.75369,7.5,Spring,0.4315,17,4
Willow Warbler,56.28378,-5.50885,7.5,Spring,0.4321,44,25
Willow Warbler,56.28378,-5.26402,7.5,Spring,0.4324,4,3
Willow Warbler,56.28378,-5.01918,7.5,Spring,0.4326,58,14
Willow Warbler,56.28378,-4.77434,7.5,Spring,0.4306,86,52
Willow Warbler,56.28378,-4.5295,7.5,Spring,0.4317,56,28
Willow Warbler,56.28378,-4.28466,7.5,Spring,0.428,269,128
Willow Warbler,56.28378,-4.03983,7.5,Spring,0.4273,43,22
Willow Warbler,56.28378,-3.79499,7.5,Spring,0.4286,106,25
Willow Warbler,56.28378,-3.55015,7.5,Spring,0.3803,32,11
Willow Warbler,56.28378,-3.30531,7.5,Spring,0.3406,146,50
Willow Warbler,56.28378,-3.06047,7.5,Spring,0.3369,546,178
Willow Warbler,56.28378,-2.81564,7.5,Spring,0.3229,1514,221
Willow Warbler,56.28378,-2.5708,7.5,Spring,0.3285,559,121
Willow Warbler,56.41892,-6.24337,7.5,Spring,0.3904,177,30
Willow Warbler,56.41892,-5.99853,7.5,Spring,0.4252,401,113
Willow Warbler,56.41892,-5.75369,7.5,Spring,0.4297,385,173
Willow Warbler,56.41892,-5.50885,7.5,Spring,0.4303,396,56
Willow Warbler,56.41892,-5.26402,7.5,Spring,0.4306,39,17
Willow Warbler,56.41892,-5.01918,7.5,Spring,0.4308,73,29
Willow Warbler,56.41892,-4.77434,7.5,Spring,0.4288,54,29
Willow Warbler,56.41892,-4.5295,7.5,Spring,0.4309,40,17
Willow Warbler,56.41892,-4.28466,7.5,Spring,0.4272,86,42
Willow Warbler,56.41892,-4.03983,7.5,Spring,0.4268,122,62
Willow Warbler,56.41892,-3.79499,7.5,Spring,0.428,80,34
Willow Warbler,56.41892,-3.55015,7.5,Spring,0.3791,238,25
Willow Warbler,56.41892,-3.30531,7.5,Spring,0.3377,261,57
Willow Warbler,56.41892,-3.06047,7.5,Spring,0.3335,540,32
Willow Warbler,56.41892,-2.81564,7.5,Spring,0.3202,655,92
Willow Warbler,56.55405,-6.97788,7.5,Spring,0.3559,33,3
Willow Warbler,56.55405,-6.48821,7.5,Spring,0.3913,149,1
Willow Warbler,56.55405,-6.24337,7.5,Spring,0.4034,182,80
Willow Warbler,56.55405,-5.99853,7.5,Spring,0.4309,283,93
Willow Warbler,56.55405,-5.75369,7.5,Spring,0.4346,158,86
Willow Warbler,56.55405,-5.50885,7.5,Spring,0.4352,85,39
Willow Warbler,56.55405,-5.26402,7.5,Spring,0.4356,50,32
Willow Warbler,56.55405,-5.01918,7.5,Spring,0.4357,7,2
Willow Warbler,56.55405,-4.77434,7.5,Spring,0.4337,40,19
Willow Warbler,56.55405,-4.5295,7.5,Spring,0.4348,2,1
Willow Warbler,56.55405,-4.28466,7.5,Spring,0.4322,17,12
Willow Warbler,56.55405,-4.03983,7.5,Spring,0.4319,55,17
Willow Warbler,56.55405,-3.79499,7.5,Spring,0.4334,74,29
Willow Warbler,56.55405,-3.55015,7.5,Spring,0.3853,294,105
Willow Warbler,56.55405,-3.30531,7.5,Spring,0.3423,54,18
Willow Warbler,56.55405,-3.06047,7.5,Spring,0.3379,50,17
Willow Warbler,56.55405,-2.81564,7.5,Spring,0.324,55,9
Willow Warbler,56.55405,-2.5708,7.5,Spring,0.3225,109,5
Willow Warbler,56.68919,-6.48821,7.5,Spring,0.3978,42,18
Willow Warbler,56.68919,-6.24337,7.5,Spring,0.4037,84,21
Willow Warbler,56.68919,-5.99853,7.5,Spring,0.4315,205,55
Willow Warbler,56.68919,-5.75369,7.5,Spring,0.4353,96,41
Willow Warbler,56.68919,-5.50885,7.5,Spring,0.4359,74,37
Willow Warbler,56.68919,-5.26402,7.5,Spring,0.4362,113,33
Willow Warbler,56.68919,-5.01918,7.5,Spring,0.4364,215,102
Willow Warbler,56.68919,-4.77434,7.5,Spring,0.4343,29,12
Willow Warbler,56.68919,-4.5295,7.5,Spring,0.4357,10,1
Willow Warbler,56.68919,-4.28466,7.5,Spring,0.4333,19,8
Willow Warbler,56.68919,-4.03983,7.5,Spring,0.4329,46,19
Willow Warbler,56.68919,-3.79499,7.5,Spring,0.4346,290,97
Willow Warbler,56.68919,-3.55015,7.5,Spring,0.3879,26,16
Willow Warbler,56.68919,-3.30531,7.5,Spring,0.3461,83,45
Willow Warbler,56.68919,-3.06047,7.5,Spring,0.343,181,87
Willow Warbler,56.68919,-2.81564,7.5,Spring,0.3317,111,41
Willow Warbler,56.68919,-2.5708,7.5,Spring,0.3302,253,59
Willow Warbler,56.68919,-2.32596,7.5,Spring,0.3244,22,4
Willow Warbler,56.82432,-7.7124,7.5,Spring,0.0746,11,3
Willow Warbler,56.82432,-6.24337,7.5,Spring,0.4035,25,6
Willow Warbler,56.82432,-5.99853,7.5,Spring,0.4314,17,7
Willow Warbler,56.82432,-5.75369,7.5,Spring,0.4353,83,47
Willow Warbler,56.82432,-5.50885,7.5,Spring,0.4357,86,47
Willow Warbler,56.82432,-5.26402,7.5,Spring,0.436,28,8
Willow Warbler,56.82432,-5.01918,7.5,Spring,0.4362,256,83
Willow Warbler,56.82432,-4.77434,7.5,Spring,0.4342,30,10
Willow Warbler,56.82432,-4.5295,7.5,Spring,0.4355,3,1
Willow Warbler,56.82432,-4.28466,7.5,Spring,0.4332,17,4
Willow Warbler,56.82432,-4.03983,7.5,Spring,0.4327,45,13
Willow Warbler,56.82432,-3.79499,7.5,Spring,0.4345,59,11
Willow Warbler,56.82432,-3.55015,7.5,Spring,0.3881,19,1
Willow Warbler,56.82432,-3.30531,7.5,Spring,0.3462,111,13
Willow Warbler,56.82432,-3.06047,7.5,Spring,0.3432,25,17
Willow Warbler,56.82432,-2.81564,7.5,Spring,0.3324,10,5
Willow Warbler,56.82432,-2.5708,7.5,Spring,0.3319,127,22
Willow Warbler,56.82432,-2.32596,7.5,Spring,0.3262,78,14
Willow Warbler,56.95946,-7.46756,7.5,Spring,0.1016,82,13
Willow Warbler,56.95946,-6.73304,7.5,Spring,0.3765,2,1
Willow Warbler,56.95946,-6.24337,7.5,Spring,0.4032,108,63
Willow Warbler,56.95946,-5.99853,7.5,Spring,0.4311,11,2
Willow Warbler,56.95946,-5.75369,7.5,Spring,0.4355,175,64
Willow Warbler,56.95946,-5.50885,7.5,Spring,0.436,2,2
Willow Warbler,56.95946,-5.26402,7.5,Spring,0.4363,6,5
Willow Warbler,56.95946,-5.01918,7.5,Spring,0.4365,46,31
Willow Warbler,56.95946,-4.77434,7.5,Spring,0.4344,11,4
Willow Warbler,56.95946,-4.5295,7.5,Spring,0.4358,55,33
Willow Warbler,56.95946,-4.28466,7.5,Spring,0.4334,91,36
Willow Warbler,56.95946,-3.79499,7.5,Spring,0.4348,7,4
Willow Warbler,56.95946,-3.55015,7.5,Spring,0.3885,57,27
Willow Warbler,56.95946,-3.30531,7.5,Spring,0.3466,107,37
Willow Warbler,56.95946,-3.06047,7.5,Spring,0.3437,23,9
Willow Warbler,56.95946,-2.81564,7.5,Spring,0.333,10,6
Willow Warbler,56.95946,-2.5708,7.5,Spring,0.3323,21,12
Willow Warbler,56.95946,-2.32596,7.5,Spring,0.3263,74,11
Willow Warbler,56.95946,-2.08112,7.5,Spring,0.3162,269,26
Willow Warbler,57.09459,-7.46756,7.5,Spring,0.08,60,5
Willow Warbler,57.09459,-7.22272,7.5,Spring,0.3728,65,16
Willow Warbler,57.09459,-6.48821,7.5,Spring,0.3978,30,12
Willow Warbler,57.09459,-6.24337,7.5,Spring,0.4031,5,3
Willow Warbler,57.09459,-5.99853,7.5,Spring,0.4309,100,31
Willow Warbler,57.09459,-5.75369,7.5,Spring,0.4354,50,14
Willow Warbler,57.09459,-5.26402,7.5,Spring,0.4361,10,2
Willow Warbler,57.09459,-5.01918,7.5,Spring,0.4363,19,14
Willow Warbler,57.09459,-4.77434,7.5,Spring,0.4343,114,34
Willow Warbler,57.09459,-4.5295,7.5,Spring,0.4354,8,3
Willow Warbler,57.09459,-4.03983,7.5,Spring,0.4333,709,294
Willow Warbler,57.09459,-3.79499,7.5,Spring,0.4353,375,198
Willow Warbler,57.09459,-3.55015,7.5,Spring,0.3888,433,167
Willow Warbler,57.09459,-3.30531,7.5,Spring,0.3468,78,20
Willow Warbler,57.09459,-3.06047,7.5,Spring,0.3443,69,27
Willow Warbler,57.09459,-2.81564,7.5,Spring,0.3338,188,112
Willow Warbler,57.09459,-2.5708,7.5,Spring,0.3342,64,19
Willow Warbler,57.09459,-2.32596,7.5,Spring,0.3288,89,17
Willow Warbler,57.09459,-2.08112,7.5,Spring,0.3187,1560,239
Willow Warbler,57.22973,-7.46756,7.5,Spring,0.0662,214,30
Willow Warbler,57.22973,-7.22272,7.5,Spring,0.3787,50,42
Willow Warbler,57.22973,-6.48821,7.5,Spring,0.399,23,7
Willow Warbler,57.22973,-6.24337,7.5,Spring,0.4035,115,32
Willow Warbler,57.22973,-5.99853,7.5,Spring,0.4312,315,63
Willow Warbler,57.22973,-5.75369,7.5,Spring,0.4353,159,65
Willow Warbler,57.22973,-5.50885,7.5,Spring,0.4357,128,42
Willow Warbler,57.22973,-5.26402,7.5,Spring,0.4361,5,4
Willow Warbler,57.22973,-5.01918,7.5,Spring,0.4363,41,29
Willow Warbler,57.22973,-4.77434,7.5,Spring,0.4343,34,12
Willow Warbler,57.22973,-4.5295,7.5,Spring,0.4355,45,6
Willow Warbler,57.22973,-4.28466,7.5,Spring,0.4341,11,5
Willow Warbler,57.22973,-4.03983,7.5,Spring,0.4337,252,70
Willow Warbler,57.22973,-3.79499,7.5,Spring,0.4359,2240,1030
Willow Warbler,57.22973,-3.55015,7.5,Spring,0.39,560,188
Willow Warbler,57.22973,-3.30531,7.5,Spring,0.3492,123,50
Willow Warbler,57.22973,-3.06047,7.5,Spring,0.3462,10,9
Willow Warbler,57.22973,-2.81564,7.5,Spring,0.3357,24,10
Willow Warbler,57.22973,-2.5708,7.5,Spring,0.3363,20,6
Willow Warbler,57.22973,-2.32596,7.5,Spring,0.3323,52,23
Willow Warbler,57.22973,-2.08112,7.5,Spring,0.3232,488,72
Willow Warbler,57.36486,-7.46756,7.5,Spring,0.0607,199,8
Willow Warbler,57.36486,-7.22272,7.5,Spring,0.3654,119,26
Willow Warbler,57.36486,-6.73304,7.5,Spring,0.3756,87,1
Willow Warbler,57.36486,-6.48821,7.5,Spring,0.394,77,29
Willow Warbler,57.36486,-6.24337,7.5,Spring,0.3983,242,66
Willow Warbler,57.36486,-5.99853,7.5,Spring,0.4259,41,7
Willow Warbler,57.36486,-5.75369,7.5,Spring,0.4311,69,23
Willow Warbler,57.36486,-5.50885,7.5,Spring,0.4315,59,8
Willow Warbler,57.36486,-5.01918,7.5,Spring,0.4321,15,9
Willow Warbler,57.36486,-4.77434,7.5,Spring,0.4301,86,53
Willow Warbler,57.36486,-4.5295,7.5,Spring,0.4314,272,84
Willow Warbler,57.36486,-4.28466,7.5,Spring,0.4299,333,180
Willow Warbler,57.36486,-4.03983,7.5,Spring,0.4291,118,27
Willow Warbler,57.36486,-3.79499,7.5,Spring,0.4307,407,111
Willow Warbler,57.36486,-3.55015,7.5,Spring,0.3847,445,150
Willow Warbler,57.36486,-3.30531,7.5,Spring,0.3477,43,23
Willow Warbler,57.36486,-2.81564,7.5,Spring,0.3351,14,3
Willow Warbler,57.36486,-2.5708,7.5,Spring,0.3364,25,4
Willow Warbler,57.36486,-2.32596,7.5,Spring,0.3325,30,13
Willow Warbler,57.36486,-2.08112,7.5,Spring,0.3238,274,83
Willow Warbler,57.36486,-1.83628,7.5,Spring,0.2013,69,7
Willow Warbler,57.5,-7.46756,7.5,Spring,0.0643,266,7
Willow Warbler,57.5,-7.22272,7.5,Spring,0.3678,151,42
Willow Warbler,57.5,-6.73304,7.5,Spring,0.3762,445,201
Willow Warbler,57.5,-6.48821,7.5,Spring,0.3944,129,33
Willow Warbler,57.5,-6.24337,7.5,Spring,0.3947,165,64
Willow Warbler,57.5,-5.99853,7.5,Spring,0.4256,6,3
Willow Warbler,57.5,-5.75369,7.5,Spring,0.4304,47,18
Willow Warbler,57.5,-5.50885,7.5,Spring,0.4308,38,6
Willow Warbler,57.5,-5.26402,7.5,Spring,0.4311,21,7
Willow Warbler,57.5,-5.01918,7.5,Spring,0.4314,14,2
Willow Warbler,57.5,-4.77434,7.5,Spring,0.4295,7,1
Willow Warbler,57.5,-4.5295,7.5,Spring,0.4307,192,70
Willow Warbler,57.5,-4.28466,7.5,Spring,0.4282,915,194
Willow Warbler,57.5,-4.03983,7.5,Spring,0.4274,691,249
Willow Warbler,57.5,-3.79499,7.5,Spring,0.4293,39,15
Willow Warbler,57.5,-3.55015,7.5,Spring,0.3843,26,7
Willow Warbler,57.5,-3.30531,7.5,Spring,0.348,49,24
Willow Warbler,57.5,-3.06047,7.5,Spring,0.3453,32,12
Willow Warbler,57.5,-2.81564,7.5,Spring,0.3351,26,5
Willow Warbler,57.5,-2.32596,7.5,Spring,0.3316,43,2
Willow Warbler,57.5,-2.08112,7.5,Spring,0.3234,46,25
Willow Warbler,57.5,-1.83628,7.5,Spring,0.2071,128,10
Willow Warbler,57.63514,-7.46756,7.5,Spring,0.0641,489,21
Willow Warbler,57.63514,-7.22272,7.5,Spring,0.2742,123,34
Willow Warbler,57.63514,-6.97788,7.5,Spring,0.3023,10,2
Willow Warbler,57.63514,-6.48821,7.5,Spring,0.3444,131,33
Willow Warbler,57.63514,-6.24337,7.5,Spring,0.3365,360,49
Willow Warbler,57.63514,-5.75369,7.5,Spring,0.408,56,33
Willow Warbler,57.63514,-5.50885,7.5,Spring,0.4166,19,12
Willow Warbler,57.63514,-5.26402,7.5,Spring,0.4168,54,24
Willow Warbler,57.63514,-5.01918,7.5,Spring,0.4174,22,3
Willow Warbler,57.63514,-4.77434,7.5,Spring,0.4156,38,25
Willow Warbler,57.63514,-4.5295,7.5,Spring,0.4173,168,62
Willow Warbler,57.63514,-4.28466,7.5,Spring,0.414,160,25
Willow Warbler,57.63514,-4.03983,7.5,Spring,0.4113,569,111
Willow Warbler,57.63514,-3.79499,7.5,Spring,0.4127,223,50
Willow Warbler,57.63514,-3.55015,7.5,Spring,0.3609,328,34
Willow Warbler,57.63514,-3.30531,7.5,Spring,0.3407,232,78
Willow Warbler,57.63514,-3.06047,7.5,Spring,0.3382,167,52
Willow Warbler,57.63514,-2.81564,7.5,Spring,0.3266,87,4
Willow Warbler,57.63514,-2.5708,7.5,Spring,0.3263,131,4
Willow Warbler,57.63514,-2.32596,7.5,Spring,0.323,147,27
Willow Warbler,57.63514,-1.83628,7.5,Spring,0.2011,232,73
Willow Warbler,57.77027,-8.69175,7.5,Spring,0.0456,65,1
Willow Warbler,57.77027,-7.22272,7.5,Spring,0.2547,66,9
Willow Warbler,57.77027,-6.97788,7.5,Spring,0.2826,68,13
Willow Warbler,57.77027,-6.73304,7.5,Spring,0.3112,10,2
Willow Warbler,57.77027,-5.75369,7.5,Spring,0.4021,131,42
Willow Warbler,57.77027,-5.50885,7.5,Spring,0.4188,84,28
Willow Warbler,57.77027,-5.01918,7.5,Spring,0.4202,49,24
Willow Warbler,57.77027,-4.77434,7.5,Spring,0.4185,3,2
Willow Warbler,57.77027,-4.5295,7.5,Spring,0.4202,3,1
Willow Warbler,57.77027,-4.28466,7.5,Spring,0.4168,40,17
Willow Warbler,57.77027,-4.03983,7.5,Spring,0.4138,201,72
Willow Warbler,57.77027,-3.79499,7.5,Spring,0.4144,199,44
Willow Warbler,57.77027,-3.55015,7.5,Spring,0.3352,157,9
Willow Warbler,57.77027,-3.30531,7.5,Spring,0.2608,165,10
Willow Warbler,57.90541,-6.97788,7.5,Spring,0.2807,91,10
Willow Warbler,57.90541,-6.73304,7.5,Spring,0.3083,58,13
Willow Warbler,57.90541,-5.75369,7.5,Spring,0.3885,31,2
Willow Warbler,57.90541,-5.50885,7.5,Spring,0.4079,117,50
Willow Warbler,57.90541,-5.26402,7.5,Spring,0.4119,130,29
Willow Warbler,57.90541,-4.77434,7.5,Spring,0.4121,3,3
Willow Warbler,57.90541,-4.5295,7.5,Spring,0.4155,18,6
Willow Warbler,57.90541,-4.28466,7.5,Spring,0.4121,115,48
Willow Warbler,57.90541,-4.03983,7.5,Spring,0.4088,326,70
Willow Warbler,57.90541,-3.79499,7.5,Spring,0.4087,70,42
Willow Warbler,58.04054,-6.97788,7.5,Spring,0.2765,23,3
Willow Warbler,58.04054,-6.73304,7.5,Spring,0.31,42,12
Willow Warbler,58.04054,-6.48821,7.5,Spring,0.3258,31,2
Willow Warbler,58.04054,-5.26402,7.5,Spring,0.4123,24,8
Willow Warbler,58.04054,-5.01918,7.5,Spring,0.4143,23,6
Willow Warbler,58.04054,-4.77434,7.5,Spring,0.4132,1,1
Willow Warbler,58.04054,-4.5295,7.5,Spring,0.4164,61,40
Willow Warbler,58.04054,-4.28466,7.5,Spring,0.4141,55,17
Willow Warbler,58.04054,-4.03983,7.5,Spring,0.411,61,32
Willow Warbler,58.04054,-3.79499,7.5,Spring,0.4107,75,14
Willow Warbler,58.17568,-6.97788,7.5,Spring,0.2504,41,1
Willow Warbler,58.17568,-6.73304,7.5,Spring,0.2793,86,12
Willow Warbler,58.17568,-6.48821,7.5,Spring,0.2945,169,45
Willow Warbler,58.17568,-6.24337,7.5,Spring,0.272,77,6
Willow Warbler,58.17568,-5.26402,7.5,Spring,0.3846,130,34
Willow Warbler,58.17568,-5.01918,7.5,Spring,0.3978,28,8
Willow Warbler,58.17568,-4.5295,7.5,Spring,0.4014,9,3
Willow Warbler,58.17568,-4.03983,7.5,Spring,0.3964,8,5
Willow Warbler,58.17568,-3.79499,7.5,Spring,0.396,13,9
Willow Warbler,58.17568,-3.55015,7.5,Spring,0.3247,19,8
Willow Warbler,58.31081,-6.97788,7.5,Spring,0.1342,33,5
Willow Warbler,58.31081,-6.73304,7.5,Spring,0.1416,84,6
Willow Warbler,58.31081,-6.48821,7.5,Spring,0.145,58,3
Willow Warbler,58.31081,-6.24337,7.5,Spring,0.1465,135,5
Willow Warbler,58.31081,-5.26402,7.5,Spring,0.3085,43,21
Willow Warbler,58.31081,-5.01918,7.5,Spring,0.3629,43,21
Willow Warbler,58.31081,-4.77434,7.5,Spring,0.364,1,1
Willow Warbler,58.31081,-4.5295,7.5,Spring,0.3716,14,10
Willow Warbler,58.31081,-4.28466,7.5,Spring,0.3698,7,3
Willow Warbler,58.31081,-4.03983,7.5,Spring,0.3647,3,1
Willow Warbler,58.31081,-3.79499,7.5,Spring,0.3591,31,14
Willow Warbler,58.31081,-3.55015,7.5,Spring,0.3047,14,3
Willow Warbler,58.31081,-3.30531,7.5,Spring,0.2404,19,5
Willow Warbler,58.44595,-6.24337,7.5,Spring,0.1331,106,1
Willow Warbler,58.44595,-5.26402,7.5,Spring,0.2905,89,38
Willow Warbler,58.44595,-5.01918,7.5,Spring,0.3461,31,16
Willow Warbler,58.44595,-4.77434,7.5,Spring,0.3483,4,1
Willow Warbler,58.44595,-4.5295,7.5,Spring,0.3707,28,8
Willow Warbler,58.44595,-4.28466,7.5,Spring,0.3693,8,4
Willow Warbler,58.44595,-4.03983,7.5,Spring,0.365,1,1
Willow Warbler,58.44595,-3.55015,7.5,Spring,0.3008,11,2
Willow Warbler,58.44595,-3.30531,7.5,Spring,0.2348,21,3
Willow Warbler,58.44595,-3.06047,7.5,Spring,0.241,87,10
Willow Warbler,58.58108,-6.24337,7.5,Spring,0.0861,71,1
Willow Warbler,58.58108,-4.77434,7.5,Spring,0.1681,149,31
Willow Warbler,58.58108,-4.5295,7.5,Spring,0.2105,1,1
Willow Warbler,58.58108,-4.28466,7.5,Spring,0.2151,22,12
Willow Warbler,58.58108,-4.03983,7.5,Spring,0.2137,19,9
Willow Warbler,58.58108,-3.79499,7.5,Spring,0.2109,34,3
Willow Warbler,58.58108,-3.55015,7.5,Spring,0.1971,95,6
Willow Warbler,58.58108,-3.30531,7.5,Spring,0.1845,100,15
Willow Warbler,58.58108,-3.06047,7.5,Spring,0.1934,142,8
Willow Warbler,58.71622,-3.30531,7.5,Spring,0.1773,86,4
Willow Warbler,58.71622,-3.06047,7.5,Spring,0.1904,32,4
Willow Warbler,58.85135,-3.30531,7.5,Spring,0.1913,97,18
Willow Warbler,58.85135,-3.06047,7.5,Spring,0.2081,66,5
Willow Warbler,58.98649,-3.30531,7.5,Spring,0.1071,299,9
Willow Warbler,58.98649,-3.06047,7.5,Spring,0.1485,323,70
Willow Warbler,58.98649,-2.81564,7.5,Spring,0.1171,106,8
Willow Warbler,59.12162,-3.30531,7.5,Spring,0.0563,228,1
Willow Warbler,59.12162,-3.06047,7.5,Spring,0.0707,182,16
Willow Warbler,59.39189,-2.32596,7.5,Spring,0.0693,344,51
Willow Warbler,59.52703,-1.59145,7.5,Spring,0.0656,456,164
Willow Warbler,59.7973,-1.34661,7.5,Spring,0.0548,175,8
Willow Warbler,59.93243,-1.34661,7.5,Spring,0.0372,1629,114
Willow Warbler,59.93243,-1.10177,7.5,Spring,0.0484,131,8
Willow Warbler,60.06757,-1.34661,7.5,Spring,0.0402,437,34
Willow Warbler,60.06757,-1.10177,7.5,Spring,0.0612,123,6
Willow Warbler,60.2027,-1.10177,7.5,Spring,0.0337,488,35
Willow Warbler,60.33784,-1.59145,7.5,Spring,0.0288,34,2
Willow Warbler,60.33784,-1.34661,7.5,Spring,0.0304,70,4
Willow Warbler,60.33784,-1.10177,7.5,Spring,0.0335,26,1
Willow Warbler,60.33784,-0.85693,7.5,Spring,0.0334,5,1
Willow Warbler,60.47297,-0.85693,7.5,Spring,0.0314,26,11
Willow Warbler,60.60811,-1.10177,7.5,Spring,0.0302,33,2
Willow Warbler,60.60811,-0.85693,7.5,Spring,0.0304,78,2
Willow Warbler,60.74324,-0.85693,7.5,Spring,0.032,385,15
Willow Warbler,60.87838,-0.85693,7.5,Spring,0.0311,114,7
Willow Warbler,54.66216,-5.01918,7.5,Summer,0.1269,12,3
Willow Warbler,54.66216,-4.77434,7.5,Summer,0.148,43,2
Willow Warbler,54.7973,-5.01918,7.5,Summer,0.1322,55,2
Willow Warbler,54.7973,-4.5295,7.5,Summer,0.1929,34,8
Willow Warbler,54.7973,-4.28466,7.5,Summer,0.1831,27,2
Willow Warbler,54.7973,-3.79499,7.5,Summer,0.2311,22,8
Willow Warbler,54.93243,-5.01918,7.5,Summer,0.2066,74,3
Willow Warbler,54.93243,-4.77434,7.5,Summer,0.2531,13,10
Willow Warbler,54.93243,-4.5295,7.5,Summer,0.3667,52,11
Willow Warbler,54.93243,-4.28466,7.5,Summer,0.3591,35,10
Willow Warbler,54.93243,-4.03983,7.5,Summer,0.3652,106,27
Willow Warbler,54.93243,-3.79499,7.5,Summer,0.3636,76,17
Willow Warbler,54.93243,-3.55015,7.5,Summer,0.3613,171,38
Willow Warbler,54.93243,-3.30531,7.5,Summer,0.2899,22,5
Willow Warbler,54.93243,-3.06047,7.5,Summer,0.2888,41,9
Willow Warbler,55.06757,-5.01918,7.5,Summer,0.2097,12,1
Willow Warbler,55.06757,-4.77434,7.5,Summer,0.2576,10,6
Willow Warbler,55.06757,-4.5295,7.5,Summer,0.3777,44,22
Willow Warbler,55.06757,-4.28466,7.5,Summer,0.364,16,6
Willow Warbler,55.06757,-4.03983,7.5,Summer,0.37,63,23
Willow Warbler,55.06757,-3.79499,7.5,Summer,0.3642,17,2
Willow Warbler,55.06757,-3.55015,7.5,Summer,0.3599,192,24
Willow Warbler,55.06757,-3.30531,7.5,Summer,0.3017,52,10
Willow Warbler,55.06757,-3.06047,7.5,Summer,0.2971,13,1
Willow Warbler,55.2027,-4.77434,7.5,Summer,0.2458,30,2
Willow Warbler,55.2027,-4.28466,7.5,Summer,0.3702,23,3
Willow Warbler,55.2027,-4.03983,7.5,Summer,0.3766,23,13
Willow Warbler,55.2027,-3.79499,7.5,Summer,0.3745,14,3
Willow Warbler,55.2027,-3.55015,7.5,Summer,0.3756,9,5
Willow Warbler,55.2027,-3.30531,7.5,Summer,0.3232,58,9
Willow Warbler,55.2027,-3.06047,7.5,Summer,0.3151,22,6
Willow Warbler,55.2027,-2.81564,7.5,Summer,0.2954,13,3
Willow Warbler,55.33784,-5.75369,7.5,Summer,0.2445,17,4
Willow Warbler,55.33784,-5.50885,7.5,Summer,0.2857,14,11
Willow Warbler,55.33784,-4.77434,7.5,Summer,0.2057,137,8
Willow Warbler,55.33784,-4.5295,7.5,Summer,0.3781,7,1
Willow Warbler,55.33784,-4.28466,7.5,Summer,0.3695,47,20
Willow Warbler,55.33784,-4.03983,7.5,Summer,0.376,3,1
Willow Warbler,55.33784,-3.79499,7.5,Summer,0.3736,22,5
Willow Warbler,55.33784,-3.55015,7.5,Summer,0.3745,45,18
Willow Warbler,55.33784,-3.30531,7.5,Summer,0.3224,14,8
Willow Warbler,55.33784,-2.5708,7.5,Summer,0.263,8,1
Willow Warbler,55.47297,-5.75369,7.5,Summer,0.2169,39,1
Willow Warbler,55.47297,-5.50885,7.5,Summer,0.2577,25,8
Willow Warbler,55.47297,-5.26402,7.5,Summer,0.204,20,9
Willow Warbler,55.47297,-5.01918,7.5,Summer,0.1879,38,6
Willow Warbler,55.47297,-4.77434,7.5,Summer,0.1947,450,4
Willow Warbler,55.47297,-4.5295,7.5,Summer,0.3703,794,171
Willow Warbler,55.47297,-4.28466,7.5,Summer,0.3624,34,14
Willow Warbler,55.47297,-4.03983,7.5,Summer,0.3688,5,1
Willow Warbler,55.47297,-3.79499,7.5,Summer,0.3678,96,9
Willow Warbler,55.47297,-3.55015,7.5,Summer,0.3694,88,46
Willow Warbler,55.47297,-3.30531,7.5,Summer,0.3178,63,31
Willow Warbler,55.47297,-3.06047,7.5,Summer,0.3082,3,2
Willow Warbler,55.47297,-2.81564,7.5,Summer,0.2872,11,1
Willow Warbler,55.47297,-2.5708,7.5,Summer,0.2585,29,4
Willow Warbler,55.60811,-6.24337,7.5,Summer,0.2911,83,8
Willow Warbler,55.60811,-5.99853,7.5,Summer,0.3123,10,7
Willow Warbler,55.60811,-5.75369,7.5,Summer,0.3172,15,5
Willow Warbler,55.60811,-5.50885,7.5,Summer,0.3198,12,6
Willow Warbler,55.60811,-5.26402,7.5,Summer,0.3189,104,15
Willow Warbler,55.60811,-5.01918,7.5,Summer,0.314,24,1
Willow Warbler,55.60811,-4.77434,7.5,Summer,0.3156,3125,137
Willow Warbler,55.60811,-4.5295,7.5,Summer,0.3274,27860,1929
Willow Warbler,55.60811,-4.28466,7.5,Summer,0.3203,20,6
Willow Warbler,55.60811,-4.03983,7.5,Summer,0.3323,5,3
Willow Warbler,55.60811,-3.79499,7.5,Summer,0.3399,38,2
Willow Warbler,55.60811,-3.55015,7.5,Summer,0.3403,78,46
Willow Warbler,55.60811,-3.30531,7.5,Summer,0.3165,49,20
Willow Warbler,55.60811,-3.06047,7.5,Summer,0.2988,83,15
Willow Warbler,55.60811,-2.81564,7.5,Summer,0.3033,109,23
Willow Warbler,55.60811,-2.5708,7.5,Summer,0.289,41,2
Willow Warbler,55.60811,-2.32596,7.5,Summer,0.282,20,5
Willow Warbler,55.74324,-6.48821,7.5,Summer,0.2788,38,11
Willow Warbler,55.74324,-6.24337,7.5,Summer,0.2944,63,5
Willow Warbler,55.74324,-5.99853,7.5,Summer,0.3158,12,1
Willow Warbler,55.74324,-5.75369,7.5,Summer,0.3205,17,3
Willow Warbler,55.74324,-5.50885,7.5,Summer,0.3231,42,15
Willow Warbler,55.74324,-5.26402,7.5,Summer,0.3239,32,7
Willow Warbler,55.74324,-5.01918,7.5,Summer,0.3218,93,9
Willow Warbler,55.74324,-4.77434,7.5,Summer,0.3233,62,2
Willow Warbler,55.74324,-4.5295,7.5,Summer,0.327,277,99
Willow Warbler,55.74324,-4.28466,7.5,Summer,0.3163,507,38
Willow Warbler,55.74324,-4.03983,7.5,Summer,0.3281,219,51
Willow Warbler,55.74324,-3.79499,7.5,Summer,0.3361,20,3
Willow Warbler,55.74324,-3.55015,7.5,Summer,0.3361,24,14
Willow Warbler,55.74324,-3.30531,7.5,Summer,0.3257,29,10
Willow Warbler,55.74324,-3.06047,7.5,Summer,0.3024,133,59
Willow Warbler,55.74324,-2.81564,7.5,Summer,0.3074,18,6
Willow Warbler,55.74324,-2.5708,7.5,Summer,0.2953,14,3
Willow Warbler,55.74324,-2.32596,7.5,Summer,0.2883,10,3
Willow Warbler,55.74324,-2.08112,7.5,Summer,0.2665,40,3
Willow Warbler,55.87838,-6.24337,7.5,Summer,0.2892,94,30
Willow Warbler,55.87838,-5.99853,7.5,Summer,0.3124,21,2
Willow Warbler,55.87838,-5.75369,7.5,Summer,0.3173,7,5
Willow Warbler,55.87838,-5.50885,7.5,Summer,0.3204,48,23
Willow Warbler,55.87838,-5.26402,7.5,Summer,0.3207,24,12
Willow Warbler,55.87838,-5.01918,7.5,Summer,0.3193,15,1
Willow Warbler,55.87838,-4.77434,7.5,Summer,0.3198,45,13
Willow Warbler,55.87838,-4.5295,7.5,Summer,0.3127,292,39
Willow Warbler,55.87838,-4.28466,7.5,Summer,0.3008,1378,74
Willow Warbler,55.87838,-4.03983,7.5,Summer,0.3138,131,17
Willow Warbler,55.87838,-3.79499,7.5,Summer,0.3225,42,20
Willow Warbler,55.87838,-3.55015,7.5,Summer,0.3234,134,50
Willow Warbler,55.87838,-3.30531,7.5,Summer,0.3187,1184,172
Willow Warbler,55.87838,-3.06047,7.5,Summer,0.2911,1626,374
Willow Warbler,55.87838,-2.81564,7.5,Summer,0.2958,98,44
Willow Warbler,55.87838,-2.5708,7.5,Summer,0.2873,109,32
Willow Warbler,55.87838,-2.32596,7.5,Summer,0.2785,75,24
Willow Warbler,55.87838,-2.08112,7.5,Summer,0.2535,295,62
Willow Warbler,56.01351,-6.24337,7.5,Summer,0.2863,22,4
Willow Warbler,56.01351,-5.75369,7.5,Summer,0.3134,13,6
Willow Warbler,56.01351,-5.50885,7.5,Summer,0.3166,37,11
Willow Warbler,56.01351,-5.26402,7.5,Summer,0.3169,22,9
Willow Warbler,56.01351,-5.01918,7.5,Summer,0.3166,85,37
Willow Warbler,56.01351,-4.77434,7.5,Summer,0.3158,128,22
Willow Warbler,56.01351,-4.5295,7.5,Summer,0.3078,279,62
Willow Warbler,56.01351,-4.28466,7.5,Summer,0.3012,90,18
Willow Warbler,56.01351,-4.03983,7.5,Summer,0.3075,53,11
Willow Warbler,56.01351,-3.79499,7.5,Summer,0.3126,365,65
Willow Warbler,56.01351,-3.55015,7.5,Summer,0.3098,266,30
Willow Warbler,56.01351,-3.30531,7.5,Summer,0.2265,2181,123
Willow Warbler,56.01351,-3.06047,7.5,Summer,0.2234,2396,272
Willow Warbler,56.01351,-2.81564,7.5,Summer,0.2348,786,77
Willow Warbler,56.01351,-2.5708,7.5,Summer,0.2315,613,101
Willow Warbler,56.01351,-2.32596,7.5,Summer,0.2274,130,14
Willow Warbler,56.14865,-6.24337,7.5,Summer,0.2928,6,1
Willow Warbler,56.14865,-5.50885,7.5,Summer,0.3227,74,25
Willow Warbler,56.14865,-5.26402,7.5,Summer,0.3232,28,5
Willow Warbler,56.14865,-4.77434,7.5,Summer,0.3244,98,14
Willow Warbler,56.14865,-4.5295,7.5,Summer,0.3315,225,51
Willow Warbler,56.14865,-4.28466,7.5,Summer,0.3269,111,43
Willow Warbler,56.14865,-4.03983,7.5,Summer,0.3324,349,45
Willow Warbler,56.14865,-3.79499,7.5,Summer,0.3369,328,89
Willow Warbler,56.14865,-3.55015,7.5,Summer,0.3341,114,26
Willow Warbler,56.14865,-3.30531,7.5,Summer,0.261,405,94
Willow Warbler,56.14865,-3.06047,7.5,Summer,0.2444,158,22
Willow Warbler,56.14865,-2.81564,7.5,Summer,0.2422,174,9
Willow Warbler,56.14865,-2.5708,7.5,Summer,0.2373,245,19
Willow Warbler,56.28378,-6.48821,7.5,Summer,0.2796,238,49
Willow Warbler,56.28378,-6.24337,7.5,Summer,0.2968,89,18
Willow Warbler,56.28378,-5.75369,7.5,Summer,0.323,34,5
Willow Warbler,56.28378,-5.50885,7.5,Summer,0.3284,51,10
Willow Warbler,56.28378,-5.26402,7.5,Summer,0.3293,19,9
Willow Warbler,56.28378,-5.01918,7.5,Summer,0.33,74,4
Willow Warbler,56.28378,-4.77434,7.5,Summer,0.3316,90,32
Willow Warbler,56.28378,-4.5295,7.5,Summer,0.3415,49,17
Willow Warbler,56.28378,-4.28466,7.5,Summer,0.3401,205,64
Willow Warbler,56.28378,-4.03983,7.5,Summer,0.3458,8,3
Willow Warbler,56.28378,-3.79499,7.5,Summer,0.3502,77,29
Willow Warbler,56.28378,-3.55015,7.5,Summer,0.3484,35,5
Willow Warbler,56.28378,-3.30531,7.5,Summer,0.295,90,31
Willow Warbler,56.28378,-3.06047,7.5,Summer,0.2939,322,87
Willow Warbler,56.28378,-2.81564,7.5,Summer,0.2819,1122,132
Willow Warbler,56.28378,-2.5708,7.5,Summer,0.2652,524,36
Willow Warbler,56.41892,-6.97788,7.5,Summer,0.2024,37,2
Willow Warbler,56.41892,-6.24337,7.5,Summer,0.291,224,14
Willow Warbler,56.41892,-5.99853,7.5,Summer,0.3163,294,48
Willow Warbler,56.41892,-5.75369,7.5,Summer,0.3212,361,116
Willow Warbler,56.41892,-5.50885,7.5,Summer,0.3265,433,39
Willow Warbler,56.41892,-5.26402,7.5,Summer,0.3268,25,1
Willow Warbler,56.41892,-5.01918,7.5,Summer,0.3278,33,7
Willow Warbler,56.41892,-4.77434,7.5,Summer,0.3294,64,19
Willow Warbler,56.41892,-4.5295,7.5,Summer,0.3416,45,9
Willow Warbler,56.41892,-4.28466,7.5,Summer,0.3404,97,42
Willow Warbler,56.41892,-4.03983,7.5,Summer,0.3462,50,21
Willow Warbler,56.41892,-3.79499,7.5,Summer,0.3504,78,8
Willow Warbler,56.41892,-3.55015,7.5,Summer,0.3488,110,11
Willow Warbler,56.41892,-3.30531,7.5,Summer,0.2963,198,47
Willow Warbler,56.41892,-3.06047,7.5,Summer,0.2955,357,21
Willow Warbler,56.41892,-2.81564,7.5,Summer,0.2884,590,89
Willow Warbler,56.55405,-6.97788,7.5,Summer,0.2087,19,1
Willow Warbler,56.55405,-6.73304,7.5,Summer,0.272,37,3
Willow Warbler,56.55405,-6.48821,7.5,Summer,0.2936,134,1
Willow Warbler,56.55405,-6.24337,7.5,Summer,0.3019,192,36
Willow Warbler,56.55405,-5.99853,7.5,Summer,0.319,274,66
Willow Warbler,56.55405,-5.75369,7.5,Summer,0.3243,81,18
Willow Warbler,56.55405,-5.50885,7.5,Summer,0.3299,37,12
Willow Warbler,56.55405,-5.26402,7.5,Summer,0.3309,36,9
Willow Warbler,56.55405,-4.77434,7.5,Summer,0.3339,50,10
Willow Warbler,56.55405,-4.5295,7.5,Summer,0.3459,1,1
Willow Warbler,56.55405,-4.28466,7.5,Summer,0.3449,36,21
Willow Warbler,56.55405,-4.03983,7.5,Summer,0.3503,49,12
Willow Warbler,56.55405,-3.79499,7.5,Summer,0.3547,45,14
Willow Warbler,56.55405,-3.55015,7.5,Summer,0.3534,287,70
Willow Warbler,56.55405,-3.30531,7.5,Summer,0.3001,47,6
Willow Warbler,56.55405,-3.06047,7.5,Summer,0.3011,31,12
Willow Warbler,56.55405,-2.81564,7.5,Summer,0.2941,30,6
Willow Warbler,56.55405,-2.5708,7.5,Summer,0.2792,98,8
Willow Warbler,56.68919,-6.48821,7.5,Summer,0.3004,30,9
Willow Warbler,56.68919,-6.24337,7.5,Summer,0.3039,70,11
Willow Warbler,56.68919,-5.99853,7.5,Summer,0.3203,168,29
Willow Warbler,56.68919,-5.75369,7.5,Summer,0.3255,30,3
Willow Warbler,56.68919,-5.50885,7.5,Summer,0.3312,44,17
Willow Warbler,56.68919,-5.26402,7.5,Summer,0.3322,139,18
Willow Warbler,56.68919,-5.01918,7.5,Summer,0.3334,304,58
Willow Warbler,56.68919,-4.77434,7.5,Summer,0.3353,34,10
Willow Warbler,56.68919,-4.5295,7.5,Summer,0.3476,12,2
Willow Warbler,56.68919,-4.28466,7.5,Summer,0.3472,18,13
Willow Warbler,56.68919,-4.03983,7.5,Summer,0.3526,50,31
Willow Warbler,56.68919,-3.79499,7.5,Summer,0.3567,268,60
Willow Warbler,56.68919,-3.55015,7.5,Summer,0.3564,12,3
Willow Warbler,56.68919,-3.30531,7.5,Summer,0.3039,40,21
Willow Warbler,56.68919,-3.06047,7.5,Summer,0.3054,142,94
Willow Warbler,56.68919,-2.81564,7.5,Summer,0.3017,56,18
Willow Warbler,56.68919,-2.5708,7.5,Summer,0.2876,238,61
Willow Warbler,56.68919,-2.32596,7.5,Summer,0.2781,30,4
Willow Warbler,56.82432,-6.24337,7.5,Summer,0.3027,21,2
Willow Warbler,56.82432,-5.99853,7.5,Summer,0.3193,11,4
Willow Warbler,56.82432,-5.75369,7.5,Summer,0.3245,93,28
Willow Warbler,56.82432,-5.50885,7.5,Summer,0.3304,78,27
Willow Warbler,56.82432,-5.26402,7.5,Summer,0.3314,33,1
Willow Warbler,56.82432,-5.01918,7.5,Summer,0.3326,276,45
Willow Warbler,56.82432,-4.77434,7.5,Summer,0.3346,22,2
Willow Warbler,56.82432,-4.28466,7.5,Summer,0.3471,15,5
Willow Warbler,56.82432,-4.03983,7.5,Summer,0.3527,25,4
Willow Warbler,56.82432,-3.79499,7.5,Summer,0.3569,56,7
Willow Warbler,56.82432,-3.55015,7.5,Summer,0.3565,25,4
Willow Warbler,56.82432,-3.30531,7.5,Summer,0.3035,104,7
Willow Warbler,56.82432,-3.06047,7.5,Summer,0.3052,27,15
Willow Warbler,56.82432,-2.81564,7.5,Summer,0.3022,11,7
Willow Warbler,56.82432,-2.5708,7.5,Summer,0.2872,78,17
Willow Warbler,56.82432,-2.32596,7.5,Summer,0.2772,71,5
Willow Warbler,56.95946,-7.46756,7.5,Summer,0.0692,118,7
Willow Warbler,56.95946,-6.24337,7.5,Summer,0.3031,43,9
Willow Warbler,56.95946,-5.99853,7.5,Summer,0.3205,9,4
Willow Warbler,56.95946,-5.75369,7.5,Summer,0.3258,122,10
Willow Warbler,56.95946,-5.26402,7.5,Summer,0.3327,6,5
Willow Warbler,56.95946,-5.01918,7.5,Summer,0.3339,48,16
Willow Warbler,56.95946,-4.77434,7.5,Summer,0.336,11,4
Willow Warbler,56.95946,-4.5295,7.5,Summer,0.3492,28,15
Willow Warbler,56.95946,-4.28466,7.5,Summer,0.3491,75,21
Willow Warbler,56.95946,-3.79499,7.5,Summer,0.3599,2,1
Willow Warbler,56.95946,-3.55015,7.5,Summer,0.3594,70,24
Willow Warbler,56.95946,-3.30531,7.5,Summer,0.3047,105,31
Willow Warbler,56.95946,-3.06047,7.5,Summer,0.305,26,5
Willow Warbler,56.95946,-2.81564,7.5,Summer,0.3021,64,34
Willow Warbler,56.95946,-2.5708,7.5,Summer,0.2889,21,8
Willow Warbler,56.95946,-2.32596,7.5,Summer,0.2793,53,4
Willow Warbler,56.95946,-2.08112,7.5,Summer,0.2782,272,16
Willow Warbler,57.09459,-7.46756,7.5,Summer,0.0607,86,2
Willow Warbler,57.09459,-6.48821,7.5,Summer,0.3145,39,9
Willow Warbler,57.09459,-5.99853,7.5,Summer,0.3276,105,17
Willow Warbler,57.09459,-5.75369,7.5,Summer,0.3334,94,19
Willow Warbler,57.09459,-5.50885,7.5,Summer,0.3394,6,2
Willow Warbler,57.09459,-5.01918,7.5,Summer,0.3416,33,10
Willow Warbler,57.09459,-4.77434,7.5,Summer,0.344,136,23
Willow Warbler,57.09459,-4.5295,7.5,Summer,0.3578,16,4
Willow Warbler,57.09459,-4.28466,7.5,Summer,0.3596,7,1
Willow Warbler,57.09459,-4.03983,7.5,Summer,0.3665,526,200
Willow Warbler,57.09459,-3.79499,7.5,Summer,0.372,311,159
Willow Warbler,57.09459,-3.55015,7.5,Summer,0.3714,315,94
Willow Warbler,57.09459,-3.30531,7.5,Summer,0.312,90,14
Willow Warbler,57.09459,-3.06047,7.5,Summer,0.3106,80,21
Willow Warbler,57.09459,-2.81564,7.5,Summer,0.3084,84,38
Willow Warbler,57.09459,-2.5708,7.5,Summer,0.2965,32,5
Willow Warbler,57.09459,-2.32596,7.5,Summer,0.2889,68,19
Willow Warbler,57.09459,-2.08112,7.5,Summer,0.2869,1194,155
Willow Warbler,57.22973,-7.46756,7.5,Summer,0.054,112,15
Willow Warbler,57.22973,-7.22272,7.5,Summer,0.2512,26,17
Willow Warbler,57.22973,-6.48821,7.5,Summer,0.3273,21,5
Willow Warbler,57.22973,-6.24337,7.5,Summer,0.3241,148,15
Willow Warbler,57.22973,-5.99853,7.5,Summer,0.3351,364,45
Willow Warbler,57.22973,-5.75369,7.5,Summer,0.3403,148,32
Willow Warbler,57.22973,-5.50885,7.5,Summer,0.3464,171,14
Willow Warbler,57.22973,-5.26402,7.5,Summer,0.3477,9,2
Willow Warbler,57.22973,-5.01918,7.5,Summer,0.3488,28,10
Willow Warbler,57.22973,-4.77434,7.5,Summer,0.3521,35,14
Willow Warbler,57.22973,-4.5295,7.5,Summer,0.3665,77,16
Willow Warbler,57.22973,-4.03983,7.5,Summer,0.3752,133,28
Willow Warbler,57.22973,-3.79499,7.5,Summer,0.3818,1932,798
Willow Warbler,57.22973,-3.55015,7.5,Summer,0.3803,441,191
Willow Warbler,57.22973,-3.30531,7.5,Summer,0.3214,128,63
Willow Warbler,57.22973,-2.81564,7.5,Summer,0.3192,22,10
Willow Warbler,57.22973,-2.5708,7.5,Summer,0.309,23,8
Willow Warbler,57.22973,-2.32596,7.5,Summer,0.3016,9,1
Willow Warbler,57.22973,-2.08112,7.5,Summer,0.2963,267,45
Willow Warbler,57.36486,-7.46756,7.5,Summer,0.047,123,1
Willow Warbler,57.36486,-7.22272,7.5,Summer,0.2379,80,20
Willow Warbler,57.36486,-6.48821,7.5,Summer,0.327,93,22
Willow Warbler,57.36486,-6.24337,7.5,Summer,0.3239,292,39
Willow Warbler,57.36486,-5.99853,7.5,Summer,0.3347,33,2
Willow Warbler,57.36486,-5.75369,7.5,Summer,0.339,65,8
Willow Warbler,57.36486,-5.50885,7.5,Summer,0.3446,51,7
Willow Warbler,57.36486,-4.77434,7.5,Summer,0.3502,58,27
Willow Warbler,57.36486,-4.5295,7.5,Summer,0.3642,222,47
Willow Warbler,57.36486,-4.28466,7.5,Summer,0.3657,264,107
Willow Warbler,57.36486,-4.03983,7.5,Summer,0.3713,86,20
Willow Warbler,57.36486,-3.79499,7.5,Summer,0.3773,308,92
Willow Warbler,57.36486,-3.55015,7.5,Summer,0.3762,381,147
Willow Warbler,57.36486,-3.30531,7.5,Summer,0.3178,71,37
Willow Warbler,57.36486,-3.06047,7.5,Summer,0.3165,14,5
Willow Warbler,57.36486,-2.81564,7.5,Summer,0.3149,7,2
Willow Warbler,57.36486,-2.5708,7.5,Summer,0.3055,84,39
Willow Warbler,57.36486,-2.32596,7.5,Summer,0.2986,37,5
Willow Warbler,57.36486,-2.08112,7.5,Summer,0.2936,330,91
Willow Warbler,57.36486,-1.83628,7.5,Summer,0.2529,74,4
Willow Warbler,57.5,-7.22272,7.5,Summer,0.2271,111,13
Willow Warbler,57.5,-6.73304,7.5,Summer,0.3095,402,185
Willow Warbler,57.5,-6.48821,7.5,Summer,0.3347,157,21
Willow Warbler,57.5,-6.24337,7.5,Summer,0.3311,189,55
Willow Warbler,57.5,-5.99853,7.5,Summer,0.3389,4,2
Willow Warbler,57.5,-5.75369,7.5,Summer,0.3422,62,8
Willow Warbler,57.5,-5.50885,7.5,Summer,0.3459,59,12
Willow Warbler,57.5,-5.26402,7.5,Summer,0.347,15,7
Willow Warbler,57.5,-5.01918,7.5,Summer,0.3478,8,1
Willow Warbler,57.5,-4.77434,7.5,Summer,0.3509,6,3
Willow Warbler,57.5,-4.5295,7.5,Summer,0.3644,186,41
Willow Warbler,57.5,-4.28466,7.5,Summer,0.3641,814,169
Willow Warbler,57.5,-4.03983,7.5,Summer,0.3686,626,186
Willow Warbler,57.5,-3.79499,7.5,Summer,0.3743,60,26
Willow Warbler,57.5,-3.55015,7.5,Summer,0.3732,9,3
Willow Warbler,57.5,-3.30531,7.5,Summer,0.3157,48,15
Willow Warbler,57.5,-3.06047,7.5,Summer,0.315,11,1
Willow Warbler,57.5,-2.81564,7.5,Summer,0.3135,19,5
Willow Warbler,57.5,-2.5708,7.5,Summer,0.3042,11,2
Willow Warbler,57.5,-2.32596,7.5,Summer,0.2977,17,4
Willow Warbler,57.5,-2.08112,7.5,Summer,0.2936,41,10
Willow Warbler,57.5,-1.83628,7.5,Summer,0.2569,107,7
Willow Warbler,57.63514,-7.46756,7.5,Summer,0.0406,350,6
Willow Warbler,57.63514,-7.22272,7.5,Summer,0.1315,116,23
Willow Warbler,57.63514,-6.73304,7.5,Summer,0.1989,13,1
Willow Warbler,57.63514,-6.48821,7.5,Summer,0.2039,167,18
Willow Warbler,57.63514,-6.24337,7.5,Summer,0.2036,443,41
Willow Warbler,57.63514,-5.75369,7.5,Summer,0.2454,46,9
Willow Warbler,57.63514,-5.50885,7.5,Summer,0.282,49,21
Willow Warbler,57.63514,-5.26402,7.5,Summer,0.2817,100,41
Willow Warbler,57.63514,-5.01918,7.5,Summer,0.2847,27,3
Willow Warbler,57.63514,-4.77434,7.5,Summer,0.2857,32,10
Willow Warbler,57.63514,-4.5295,7.5,Summer,0.2952,173,53
Willow Warbler,57.63514,-4.28466,7.5,Summer,0.2921,189,11
Willow Warbler,57.63514,-4.03983,7.5,Summer,0.2863,742,130
Willow Warbler,57.63514,-3.79499,7.5,Summer,0.2909,187,30
Willow Warbler,57.63514,-3.55015,7.5,Summer,0.2764,190,27
Willow Warbler,57.63514,-3.30531,7.5,Summer,0.2443,127,26
Willow Warbler,57.63514,-3.06047,7.5,Summer,0.2419,170,24
Willow Warbler,57.63514,-2.81564,7.5,Summer,0.2401,26,1
Willow Warbler,57.63514,-2.32596,7.5,Summer,0.2339,124,13
Willow Warbler,57.63514,-2.08112,7.5,Summer,0.232,34,1
Willow Warbler,57.63514,-1.83628,7.5,Summer,0.2089,145,38
Willow Warbler,57.77027,-6.97788,7.5,Summer,0.1276,108,7
Willow Warbler,57.77027,-6.73304,7.5,Summer,0.1961,13,1
Willow Warbler,57.77027,-5.75369,7.5,Summer,0.2516,159,28
Willow Warbler,57.77027,-5.50885,7.5,Summer,0.292,82,9
Willow Warbler,57.77027,-5.01918,7.5,Summer,0.295,41,13
Willow Warbler,57.77027,-4.28466,7.5,Summer,0.3058,33,16
Willow Warbler,57.77027,-4.03983,7.5,Summer,0.2986,134,36
Willow Warbler,57.77027,-3.79499,7.5,Summer,0.3027,180,39
Willow Warbler,57.77027,-3.55015,7.5,Summer,0.2823,104,2
Willow Warbler,57.77027,-3.30531,7.5,Summer,0.2105,140,6
Willow Warbler,57.90541,-6.97788,7.5,Summer,0.1315,77,1
Willow Warbler,57.90541,-6.73304,7.5,Summer,0.2014,63,4
Willow Warbler,57.90541,-5.75369,7.5,Summer,0.25,41,3
Willow Warbler,57.90541,-5.50885,7.5,Summer,0.2872,122,22
Willow Warbler,57.90541,-5.26402,7.5,Summer,0.2881,175,15
Willow Warbler,57.90541,-5.01918,7.5,Summer,0.2928,18,3
Willow Warbler,57.90541,-4.77434,7.5,Summer,0.2945,11,4
Willow Warbler,57.90541,-4.5295,7.5,Summer,0.3083,28,12
Willow Warbler,57.90541,-4.28466,7.5,Summer,0.3053,66,26
Willow Warbler,57.90541,-4.03983,7.5,Summer,0.2954,246,23
Willow Warbler,57.90541,-3.79499,7.5,Summer,0.2993,52,15
Willow Warbler,58.04054,-6.97788,7.5,Summer,0.1324,28,2
Willow Warbler,58.04054,-6.73304,7.5,Summer,0.2047,36,9
Willow Warbler,58.04054,-6.48821,7.5,Summer,0.2097,51,3
Willow Warbler,58.04054,-5.50885,7.5,Summer,0.2871,7,2
Willow Warbler,58.04054,-5.26402,7.5,Summer,0.2887,31,5
Willow Warbler,58.04054,-5.01918,7.5,Summer,0.2934,24,3
Willow Warbler,58.04054,-4.5295,7.5,Summer,0.3093,45,32
Willow Warbler,58.04054,-4.28466,7.5,Summer,0.3064,26,5
Willow Warbler,58.04054,-4.03983,7.5,Summer,0.2965,57,8
Willow Warbler,58.04054,-3.79499,7.5,Summer,0.2999,81,5
Willow Warbler,58.17568,-6.97788,7.5,Summer,0.1272,82,2
Willow Warbler,58.17568,-6.73304,7.5,Summer,0.1957,84,8
Willow Warbler,58.17568,-6.48821,7.5,Summer,0.2012,142,27
Willow Warbler,58.17568,-6.24337,7.5,Summer,0.1981,101,2
Willow Warbler,58.17568,-5.26402,7.5,Summer,0.2801,123,35
Willow Warbler,58.17568,-5.01918,7.5,Summer,0.2858,52,17
Willow Warbler,58.17568,-4.77434,7.5,Summer,0.2874,4,2
Willow Warbler,58.17568,-4.5295,7.5,Summer,0.3041,7,2
Willow Warbler,58.17568,-3.79499,7.5,Summer,0.2954,23,5
Willow Warbler,58.17568,-3.55015,7.5,Summer,0.2791,44,11
Willow Warbler,58.17568,-3.30531,7.5,Summer,0.2088,48,1
Willow Warbler,58.31081,-6.73304,7.5,Summer,0.1527,126,1
Willow Warbler,58.31081,-6.24337,7.5,Summer,0.1575,163,12
Willow Warbler,58.31081,-5.26402,7.5,Summer,0.2632,70,17
Willow Warbler,58.31081,-5.01918,7.5,Summer,0.2759,40,13
Willow Warbler,58.31081,-4.28466,7.5,Summer,0.2938,20,3
Willow Warbler,58.31081,-4.03983,7.5,Summer,0.284,14,3
Willow Warbler,58.31081,-3.79499,7.5,Summer,0.2867,47,15
Willow Warbler,58.31081,-3.55015,7.5,Summer,0.2704,4,1
Willow Warbler,58.31081,-3.30531,7.5,Summer,0.2035,52,13
Willow Warbler,58.31081,-3.06047,7.5,Summer,0.1934,6,1
Willow Warbler,58.44595,-6.24337,7.5,Summer,0.1478,130,2
Willow Warbler,58.44595,-5.26402,7.5,Summer,0.2629,94,23
Willow Warbler,58.44595,-5.01918,7.5,Summer,0.2774,54,19
Willow Warbler,58.44595,-4.77434,7.5,Summer,0.2791,11,2
Willow Warbler,58.44595,-4.5295,7.5,Summer,0.3005,33,14
Willow Warbler,58.44595,-4.28466,7.5,Summer,0.2984,27,20
Willow Warbler,58.44595,-3.79499,7.5,Summer,0.2911,16,2
Willow Warbler,58.44595,-3.55015,7.5,Summer,0.2742,5,2
Willow Warbler,58.44595,-3.30531,7.5,Summer,0.2051,6,1
Willow Warbler,58.44595,-3.06047,7.5,Summer,0.1948,74,8
Willow Warbler,58.58108,-4.77434,7.5,Summer,0.1062,110,4
Willow Warbler,58.58108,-4.5295,7.5,Summer,0.1454,26,4
Willow Warbler,58.58108,-4.28466,7.5,Summer,0.1486,31,5
Willow Warbler,58.58108,-4.03983,7.5,Summer,0.1491,37,9
Willow Warbler,58.58108,-3.79499,7.5,Summer,0.1489,34,2
Willow Warbler,58.58108,-3.55015,7.5,Summer,0.1426,117,5
Willow Warbler,58.58108,-3.30531,7.5,Summer,0.1298,172,33
Willow Warbler,58.58108,-3.06047,7.5,Summer,0.1294,174,2
Willow Warbler,58.71622,-3.30531,7.5,Summer,0.1128,103,6
Willow Warbler,58.71622,-3.06047,7.5,Summer,0.1198,37,1
Willow Warbler,58.85135,-3.30531,7.5,Summer,0.1115,113,17
Willow Warbler,58.85135,-3.06047,7.5,Summer,0.124,70,2
Willow Warbler,58.98649,-3.30531,7.5,Summer,0.0712,530,2
Willow Warbler,58.98649,-3.06047,7.5,Summer,0.0952,416,58
Willow Warbler,58.98649,-2.81564,7.5,Summer,0.072,119,1
Willow Warbler,59.12162,-3.30531,7.5,Summer,0.0435,447,2
Willow Warbler,59.12162,-3.06047,7.5,Summer,0.0573,316,6
Willow Warbler,59.39189,-2.32596,7.5,Summer,0.0599,184,24
Willow Warbler,59.52703,-1.59145,7.5,Summer,0.0449,354,90
Willow Warbler,59.7973,-1.34661,7.5,Summer,0.0343,226,3
Willow Warbler,59.93243,-1.34661,7.5,Summer,0.0231,1489,98
Willow Warbler,59.93243,-1.10177,7.5,Summer,0.0497,126,2
Willow Warbler,60.06757,-1.34661,7.5,Summer,0.0325,208,8
Willow Warbler,60.06757,-1.10177,7.5,Summer,0.0591,75,2
Willow Warbler,60.2027,-1.34661,7.5,Summer,0.0279,126,3
Willow Warbler,60.2027,-1.10177,7.5,Summer,0.0374,394,30
Willow Warbler,60.33784,-1.34661,7.5,Summer,0.0277,85,9
Willow Warbler,60.47297,-1.34661,7.5,Summer,0.0273,54,1
Willow Warbler,60.47297,-0.85693,7.5,Summer,0.0362,10,5
Willow Warbler,60.60811,-1.10177,7.5,Summer,0.0355,58,7
Willow Warbler,60.60811,-0.85693,7.5,Summer,0.0358,218,1
Willow Warbler,60.74324,-0.85693,7.5,Summer,0.0389,401,8
Willow Warbler,60.87838,-0.85693,7.5,Summer,0.0416,127,2
