species,lat_centre,lon_centre,cell_radius_km,season,likelihood_score,sample_checklists,detections
Arctic Tern,54.7973,-5.01918,7.5,Autumn,0.0263,38,1
Arctic Tern,55.06757,-5.26402,7.5,Autumn,0.0625,16,1
Arctic Tern,55.47297,-4.77434,7.5,Autumn,0.0017,581,1
Arctic Tern,55.60811,-6.24337,7.5,Autumn,0.0104,96,1
Arctic Tern,55.60811,-4.77434,7.5,Autumn,0.0032,3758,12
Arctic Tern,55.74324,-4.03983,7.5,Autumn,0.0048,208,1
Arctic Tern,55.87838,-3.06047,7.5,Autumn,0.0014,1429,2
Arctic Tern,55.87838,-2.32596,7.5,Autumn,0.019,105,2
Arctic Tern,55.87838,-2.08112,7.5,Autumn,0.0355,169,6
Arctic Tern,56.01351,-5.50885,7.5,Autumn,0.0417,48,2
Arctic Tern,56.01351,-3.79499,7.5,Autumn,0.007,285,2
Arctic Tern,56.01351,-3.55015,7.5,Autumn,0.01,300,3
Arctic Tern,56.01351,-3.30531,7.5,Autumn,0.009,1675,15
Arctic Tern,56.01351,-3.06047,7.5,Autumn,0.0124,1856,23
Arctic Tern,56.01351,-2.81564,7.5,Autumn,0.0031,652,2
Arctic Tern,56.01351,-2.5708,7.5,Autumn,0.0112,447,5
Arctic Tern,56.01351,-2.32596,7.5,Autumn,0.0185,379,7
Arctic Tern,56.14865,-3.30531,7.5,Autumn,0.0027,374,1
Arctic Tern,56.28378,-2.81564,7.5,Autumn,0.0056,885,5
Arctic Tern,56.28378,-2.5708,7.5,Autumn,0.048,604,29
Arctic Tern,56.41892,-6.97788,7.5,Autumn,0.5,2,1
Arctic Tern,56.41892,-5.99853,7.5,Autumn,0.0139,72,1
Arctic Tern,56.41892,-5.75369,7.5,Autumn,0.0163,123,2
Arctic Tern,56.41892,-5.50885,7.5,Autumn,0.0068,147,1
Arctic Tern,56.41892,-3.30531,7.5,Autumn,0.0153,131,2
Arctic Tern,56.41892,-2.81564,7.5,Autumn,0.0109,548,6
Arctic Tern,56.55405,-5.50885,7.5,Autumn,0.0455,22,1
Arctic Tern,56.55405,-2.81564,7.5,Autumn,0.0385,26,1
Arctic Tern,56.55405,-2.5708,7.5,Autumn,0.05,60,3
Arctic Tern,56.68919,-2.5708,7.5,Autumn,0.0302,265,8
Arctic Tern,56.68919,-2.32596,7.5,Autumn,0.4231,26,11
Arctic Tern,56.82432,-2.32596,7.5,Autumn,0.0392,51,2
Arctic Tern,56.95946,-7.46756,7.5,Autumn,0.0769,26,2
Arctic Tern,57.09459,-5.75369,7.5,Autumn,0.0606,33,2
Arctic Tern,57.09459,-2.08112,7.5,Autumn,0.0261,1071,28
Arctic Tern,57.22973,-7.46756,7.5,Autumn,0.0179,56,1
Arctic Tern,57.22973,-5.99853,7.5,Autumn,0.0235,170,4
Arctic Tern,57.22973,-2.08112,7.5,Autumn,0.0142,282,4
Arctic Tern,57.36486,-5.75369,7.5,Autumn,0.0698,43,3
Arctic Tern,57.36486,-2.08112,7.5,Autumn,0.01,200,2
Arctic Tern,57.36486,-1.83628,7.5,Autumn,0.0152,66,1
Arctic Tern,57.5,-1.83628,7.5,Autumn,0.1111,45,5
Arctic Tern,57.63514,-7.46756,7.5,Autumn,0.0139,72,1
Arctic Tern,57.63514,-4.28466,7.5,Autumn,0.0108,93,1
Arctic Tern,57.63514,-4.03983,7.5,Autumn,0.0241,581,14
Arctic Tern,57.63514,-3.79499,7.5,Autumn,0.0099,202,2
Arctic Tern,57.63514,-3.55015,7.5,Autumn,0.0106,283,3
Arctic Tern,57.63514,-3.06047,7.5,Autumn,0.0183,109,2
Arctic Tern,57.63514,-2.32596,7.5,Autumn,0.0312,32,1
Arctic Tern,57.63514,-2.08112,7.5,Autumn,0.0256,39,1
Arctic Tern,57.63514,-1.83628,7.5,Autumn,0.0121,165,2
Arctic Tern,57.77027,-4.03983,7.5,Autumn,0.0192,104,2
Arctic Tern,57.77027,-3.79499,7.5,Autumn,0.0058,172,1
Arctic Tern,57.77027,-3.55015,7.5,Autumn,0.0062,162,1
Arctic Tern,57.77027,-3.30531,7.5,Autumn,0.0099,202,2
Arctic Tern,57.90541,-4.03983,7.5,Autumn,0.006,167,1
Arctic Tern,57.90541,-3.79499,7.5,Autumn,0.0526,76,4
Arctic Tern,58.04054,-3.79499,7.5,Autumn,0.0882,34,3
Arctic Tern,58.17568,-6.97788,7.5,Autumn,0.0149,67,1
Arctic Tern,58.17568,-6.73304,7.5,Autumn,0.0714,14,1
Arctic Tern,58.17568,-6.24337,7.5,Autumn,0.0278,72,2
Arctic Tern,58.17568,-3.55015,7.5,Autumn,0.2308,13,3
Arctic Tern,58.31081,-6.73304,7.5,Autumn,0.0345,87,3
Arctic Tern,58.31081,-6.24337,7.5,Autumn,0.094,117,11
Arctic Tern,58.44595,-6.24337,7.5,Autumn,0.0183,109,2
Arctic Tern,58.44595,-3.06047,7.5,Autumn,0.037,54,2
Arctic Tern,58.58108,-6.24337,7.5,Autumn,0.069,58,4
Arctic Tern,58.58108,-4.77434,7.5,Autumn,0.0455,66,3
Arctic Tern,58.58108,-4.03983,7.5,Autumn,0.0476,21,1
Arctic Tern,58.58108,-3.55015,7.5,Autumn,0.0323,31,1
Arctic Tern,58.71622,-3.06047,7.5,Autumn,0.0571,35,2
Arctic Tern,58.85135,-3.06047,7.5,Autumn,0.0185,54,1
Arctic Tern,58.85135,-2.81564,7.5,Autumn,0.08,100,8
Arctic Tern,58.98649,-3.30531,7.5,Autumn,0.0127,157,2
Arctic Tern,58.98649,-3.06047,7.5,Autumn,0.0075,134,1
Arctic Tern,58.98649,-2.81564,7.5,Autumn,0.0408,98,4
Arctic Tern,59.12162,-3.30531,7.5,Autumn,0.01,100,1
Arctic Tern,59.12162,-3.06047,7.5,Autumn,0.025,80,2
Arctic Tern,59.39189,-2.32596,7.5,Autumn,0.0887,327,29
Arctic Tern,59.52703,-1.59145,7.5,Autumn,0.0062,323,2
Arctic Tern,59.93243,-1.34661,7.5,Autumn,0.0145,2628,38
Arctic Tern,59.93243,-1.10177,7.5,Autumn,0.0519,77,4
Arctic Tern,60.06757,-1.34661,7.5,Autumn,0.011,907,10
Arctic Tern,60.06757,-1.10177,7.5,Autumn,0.0158,253,4
Arctic Tern,60.2027,-1.34661,7.5,Autumn,0.004,500,2
Arctic Tern,60.33784,-1.59145,7.5,Autumn,0.0841,107,9
Arctic Tern,60.33784,-1.34661,7.5,Autumn,0.005,397,2
Arctic Tern,60.33784,-1.10177,7.5,Autumn,0.0046,219,1
Arctic Tern,60.47297,-1.34661,7.5,Autumn,0.0125,240,3
Arctic Tern,60.47297,-1.10177,7.5,Autumn,0.0134,149,2
Arctic Tern,60.47297,-0.85693,7.5,Autumn,0.1389,36,5
Arctic Tern,60.60811,-0.85693,7.5,Autumn,0.0312,32,1
Arctic Tern,60.74324,-0.85693,7.5,Autumn,0.0075,798,6
Arctic Tern,60.87838,-0.85693,7.5,Autumn,0.032,125,4
Arctic Tern,54.93243,-3.55015,7.5,Spring,0.0039,256,1
Arctic Tern,54.93243,-3.06047,7.5,Spring,0.0189,53,1
Arctic Tern,55.47297,-5.75369,7.5,Spring,0.04,50,2
Arctic Tern,55.47297,-4.77434,7.5,Spring,0.016,561,9
Arctic Tern,55.60811,-6.24337,7.5,Spring,0.0295,237,7
Arctic Tern,55.60811,-5.99853,7.5,Spring,0.0625,16,1
Arctic Tern,55.60811,-4.77434,7.5,Spring,0.0025,3607,9
Arctic Tern,55.74324,-6.48821,7.5,Spring,0.1728,81,14
Arctic Tern,55.74324,-6.24337,7.5,Spring,0.0153,131,2
Arctic Tern,55.87838,-5.99853,7.5,Spring,0.0208,48,1
Arctic Tern,55.87838,-5.50885,7.5,Spring,0.0333,30,1
Arctic Tern,55.87838,-4.5295,7.5,Spring,0.0022,458,1
Arctic Tern,55.87838,-4.28466,7.5,Spring,0.0018,2168,4
Arctic Tern,55.87838,-3.06047,7.5,Spring,0.0005,2165,1
Arctic Tern,55.87838,-2.32596,7.5,Spring,0.0059,169,1
Arctic Tern,56.01351,-6.24337,7.5,Spring,0.1471,34,5
Arctic Tern,56.01351,-5.75369,7.5,Spring,0.0526,19,1
Arctic Tern,56.01351,-5.26402,7.5,Spring,0.0222,45,1
Arctic Tern,56.01351,-4.77434,7.5,Spring,0.0053,189,1
Arctic Tern,56.01351,-3.30531,7.5,Spring,0.0007,2906,2
Arctic Tern,56.01351,-3.06047,7.5,Spring,0.0029,2432,7
Arctic Tern,56.01351,-2.81564,7.5,Spring,0.0075,928,7
Arctic Tern,56.01351,-2.5708,7.5,Spring,0.0053,754,4
Arctic Tern,56.14865,-6.24337,7.5,Spring,0.0909,11,1
Arctic Tern,56.14865,-5.50885,7.5,Spring,0.0128,78,1
Arctic Tern,56.14865,-3.06047,7.5,Spring,0.0095,422,4
Arctic Tern,56.14865,-2.81564,7.5,Spring,0.0576,399,23
Arctic Tern,56.14865,-2.5708,7.5,Spring,0.2428,243,59
Arctic Tern,56.28378,-6.48821,7.5,Spring,0.0906,342,31
Arctic Tern,56.28378,-2.81564,7.5,Spring,0.0073,1514,11
Arctic Tern,56.28378,-2.5708,7.5,Spring,0.0465,559,26
Arctic Tern,56.41892,-6.97788,7.5,Spring,0.3571,28,10
Arctic Tern,56.41892,-6.24337,7.5,Spring,0.0395,177,7
Arctic Tern,56.41892,-5.75369,7.5,Spring,0.0442,385,17
Arctic Tern,56.41892,-5.50885,7.5,Spring,0.0379,396,15
Arctic Tern,56.41892,-2.81564,7.5,Spring,0.0031,655,2
Arctic Tern,56.55405,-6.97788,7.5,Spring,0.2424,33,8
Arctic Tern,56.55405,-6.73304,7.5,Spring,0.2647,34,9
Arctic Tern,56.55405,-6.48821,7.5,Spring,0.094,149,14
Arctic Tern,56.55405,-6.24337,7.5,Spring,0.011,182,2
Arctic Tern,56.55405,-5.99853,7.5,Spring,0.0212,283,6
Arctic Tern,56.55405,-5.75369,7.5,Spring,0.038,158,6
Arctic Tern,56.68919,-6.73304,7.5,Spring,0.25,4,1
Arctic Tern,56.68919,-6.48821,7.5,Spring,0.1667,42,7
Arctic Tern,56.68919,-6.24337,7.5,Spring,0.0595,84,5
Arctic Tern,56.68919,-5.99853,7.5,Spring,0.0195,205,4
Arctic Tern,56.68919,-5.75369,7.5,Spring,0.0312,96,3
Arctic Tern,56.68919,-5.50885,7.5,Spring,0.027,74,2
Arctic Tern,56.68919,-5.26402,7.5,Spring,0.0088,113,1
Arctic Tern,56.68919,-5.01918,7.5,Spring,0.0047,215,1
Arctic Tern,56.68919,-2.5708,7.5,Spring,0.0158,253,4
Arctic Tern,56.82432,-6.24337,7.5,Spring,0.24,25,6
Arctic Tern,56.82432,-5.99853,7.5,Spring,0.1176,17,2
Arctic Tern,56.82432,-5.75369,7.5,Spring,0.0361,83,3
Arctic Tern,56.95946,-7.46756,7.5,Spring,0.1463,82,12
Arctic Tern,56.95946,-6.73304,7.5,Spring,1.0,2,2
Arctic Tern,56.95946,-6.24337,7.5,Spring,0.1204,108,13
Arctic Tern,56.95946,-5.99853,7.5,Spring,0.0909,11,1
Arctic Tern,56.95946,-5.75369,7.5,Spring,0.0229,175,4
Arctic Tern,57.09459,-7.46756,7.5,Spring,0.1833,60,11
Arctic Tern,57.09459,-7.22272,7.5,Spring,0.1846,65,12
Arctic Tern,57.09459,-5.99853,7.5,Spring,0.08,100,8
Arctic Tern,57.09459,-3.30531,7.5,Spring,0.0128,78,1
Arctic Tern,57.09459,-2.08112,7.5,Spring,0.0096,1560,15
Arctic Tern,57.22973,-7.46756,7.5,Spring,0.2897,214,62
Arctic Tern,57.22973,-7.22272,7.5,Spring,0.36,50,18
Arctic Tern,57.22973,-6.97788,7.5,Spring,1.0,1,1
Arctic Tern,57.22973,-6.24337,7.5,Spring,0.0522,115,6
Arctic Tern,57.22973,-5.99853,7.5,Spring,0.0032,315,1
Arctic Tern,57.22973,-5.75369,7.5,Spring,0.0063,159,1
Arctic Tern,57.22973,-3.79499,7.5,Spring,0.0004,2240,1
Arctic Tern,57.22973,-2.08112,7.5,Spring,0.0061,488,3
Arctic Tern,57.22973,-1.83628,7.5,Spring,0.1667,6,1
Arctic Tern,57.36486,-7.46756,7.5,Spring,0.2563,199,51
Arctic Tern,57.36486,-7.22272,7.5,Spring,0.1345,119,16
Arctic Tern,57.36486,-6.73304,7.5,Spring,0.0115,87,1
Arctic Tern,57.36486,-6.48821,7.5,Spring,0.013,77,1
Arctic Tern,57.36486,-6.24337,7.5,Spring,0.0083,242,2
Arctic Tern,57.36486,-5.75369,7.5,Spring,0.029,69,2
Arctic Tern,57.36486,-5.01918,7.5,Spring,0.0667,15,1
Arctic Tern,57.36486,-2.08112,7.5,Spring,0.2226,274,61
Arctic Tern,57.36486,-1.83628,7.5,Spring,0.0145,69,1
Arctic Tern,57.5,-7.46756,7.5,Spring,0.4398,266,117
Arctic Tern,57.5,-7.22272,7.5,Spring,0.1589,151,24
Arctic Tern,57.5,-6.73304,7.5,Spring,0.0135,445,6
Arctic Tern,57.5,-6.48821,7.5,Spring,0.031,129,4
Arctic Tern,57.5,-5.99853,7.5,Spring,0.1667,6,1
Arctic Tern,57.5,-5.75369,7.5,Spring,0.0638,47,3
Arctic Tern,57.5,-4.03983,7.5,Spring,0.0058,691,4
Arctic Tern,57.63514,-7.46756,7.5,Spring,0.2863,489,140
Arctic Tern,57.63514,-7.22272,7.5,Spring,0.2276,123,28
Arctic Tern,57.63514,-6.97788,7.5,Spring,0.1,10,1
Arctic Tern,57.63514,-6.73304,7.5,Spring,0.4,5,2
Arctic Tern,57.63514,-6.48821,7.5,Spring,0.0687,131,9
Arctic Tern,57.63514,-6.24337,7.5,Spring,0.0139,360,5
Arctic Tern,57.63514,-4.28466,7.5,Spring,0.0625,160,10
Arctic Tern,57.63514,-4.03983,7.5,Spring,0.0193,569,11
Arctic Tern,57.63514,-3.55015,7.5,Spring,0.0244,328,8
Arctic Tern,57.63514,-3.30531,7.5,Spring,0.0086,232,2
Arctic Tern,57.63514,-3.06047,7.5,Spring,0.1737,167,29
Arctic Tern,57.63514,-2.32596,7.5,Spring,0.0136,147,2
Arctic Tern,57.63514,-2.08112,7.5,Spring,0.0588,51,3
Arctic Tern,57.63514,-1.83628,7.5,Spring,0.0517,232,12
Arctic Tern,57.77027,-8.69175,7.5,Spring,0.0154,65,1
Arctic Tern,57.77027,-7.95723,7.5,Spring,1.0,1,1
Arctic Tern,57.77027,-7.22272,7.5,Spring,0.5303,66,35
Arctic Tern,57.77027,-6.97788,7.5,Spring,0.2059,68,14
Arctic Tern,57.77027,-5.75369,7.5,Spring,0.0687,131,9
Arctic Tern,57.77027,-3.55015,7.5,Spring,0.0382,157,6
Arctic Tern,57.77027,-3.30531,7.5,Spring,0.0788,165,13
Arctic Tern,57.90541,-6.97788,7.5,Spring,0.1648,91,15
Arctic Tern,57.90541,-6.73304,7.5,Spring,0.0517,58,3
Arctic Tern,57.90541,-6.24337,7.5,Spring,0.0323,31,1
Arctic Tern,57.90541,-5.75369,7.5,Spring,0.0968,31,3
Arctic Tern,57.90541,-5.50885,7.5,Spring,0.1111,117,13
Arctic Tern,57.90541,-4.03983,7.5,Spring,0.0061,326,2
Arctic Tern,57.90541,-3.79499,7.5,Spring,0.0143,70,1
Arctic Tern,58.04054,-6.97788,7.5,Spring,0.3478,23,8
Arctic Tern,58.04054,-6.73304,7.5,Spring,0.1429,42,6
Arctic Tern,58.04054,-6.48821,7.5,Spring,0.0323,31,1
Arctic Tern,58.04054,-5.75369,7.5,Spring,0.0769,13,1
Arctic Tern,58.04054,-3.79499,7.5,Spring,0.0933,75,7
Arctic Tern,58.17568,-6.97788,7.5,Spring,0.1707,41,7
Arctic Tern,58.17568,-6.73304,7.5,Spring,0.1163,86,10
Arctic Tern,58.17568,-6.48821,7.5,Spring,0.0828,169,14
Arctic Tern,58.17568,-6.24337,7.5,Spring,0.1688,77,13
Arctic Tern,58.17568,-5.50885,7.5,Spring,0.0588,17,1
Arctic Tern,58.17568,-5.26402,7.5,Spring,0.1077,130,14
Arctic Tern,58.31081,-6.97788,7.5,Spring,0.1515,33,5
Arctic Tern,58.31081,-6.73304,7.5,Spring,0.2381,84,20
Arctic Tern,58.31081,-6.48821,7.5,Spring,0.1552,58,9
Arctic Tern,58.31081,-6.24337,7.5,Spring,0.1556,135,21
Arctic Tern,58.31081,-5.26402,7.5,Spring,0.1395,43,6
Arctic Tern,58.31081,-5.01918,7.5,Spring,0.0698,43,3
Arctic Tern,58.44595,-6.24337,7.5,Spring,0.2264,106,24
Arctic Tern,58.44595,-5.26402,7.5,Spring,0.5056,89,45
Arctic Tern,58.44595,-5.01918,7.5,Spring,0.0323,31,1
Arctic Tern,58.44595,-3.06047,7.5,Spring,0.0805,87,7
Arctic Tern,58.58108,-6.24337,7.5,Spring,0.3944,71,28
Arctic Tern,58.58108,-4.77434,7.5,Spring,0.1007,149,15
Arctic Tern,58.58108,-4.28466,7.5,Spring,0.1818,22,4
Arctic Tern,58.58108,-3.79499,7.5,Spring,0.1765,34,6
Arctic Tern,58.58108,-3.55015,7.5,Spring,0.1158,95,11
Arctic Tern,58.58108,-3.30531,7.5,Spring,0.27,100,27
Arctic Tern,58.58108,-3.06047,7.5,Spring,0.0915,142,13
Arctic Tern,58.71622,-3.30531,7.5,Spring,0.0233,86,2
Arctic Tern,58.71622,-3.06047,7.5,Spring,0.125,32,4
Arctic Tern,58.85135,-3.55015,7.5,Spring,0.1667,6,1
Arctic Tern,58.85135,-3.30531,7.5,Spring,0.134,97,13
Arctic Tern,58.85135,-3.06047,7.5,Spring,0.197,66,13
Arctic Tern,58.85135,-2.81564,7.5,Spring,0.2696,115,31
Arctic Tern,58.98649,-3.30531,7.5,Spring,0.2609,299,78
Arctic Tern,58.98649,-3.06047,7.5,Spring,0.0898,323,29
Arctic Tern,58.98649,-2.81564,7.5,Spring,0.1226,106,13
Arctic Tern,59.12162,-3.30531,7.5,Spring,0.1623,228,37
Arctic Tern,59.12162,-3.06047,7.5,Spring,0.1044,182,19
Arctic Tern,59.12162,-2.81564,7.5,Spring,0.3333,15,5
Arctic Tern,59.12162,-2.5708,7.5,Spring,0.1429,7,1
Arctic Tern,59.25676,-3.06047,7.5,Spring,0.3704,27,10
Arctic Tern,59.25676,-2.81564,7.5,Spring,0.1739,23,4
Arctic Tern,59.25676,-2.5708,7.5,Spring,0.625,8,5
Arctic Tern,59.39189,-3.06047,7.5,Spring,0.1429,21,3
Arctic Tern,59.39189,-2.81564,7.5,Spring,0.4167,24,10
Arctic Tern,59.39189,-2.32596,7.5,Spring,0.4186,344,144
Arctic Tern,59.39189,-1.59145,7.5,Spring,0.3333,3,1
Arctic Tern,59.52703,-1.59145,7.5,Spring,0.193,456,88
Arctic Tern,59.7973,-1.34661,7.5,Spring,0.16,175,28
Arctic Tern,59.93243,-1.34661,7.5,Spring,0.2394,1629,390
Arctic Tern,59.93243,-1.10177,7.5,Spring,0.2672,131,35
Arctic Tern,60.06757,-2.08112,7.5,Spring,0.2727,22,6
Arctic Tern,60.06757,-1.34661,7.5,Spring,0.135,437,59
Arctic Tern,60.06757,-1.10177,7.5,Spring,0.2195,123,27
Arctic Tern,60.2027,-1.59145,7.5,Spring,0.2449,49,12
Arctic Tern,60.2027,-1.34661,7.5,Spring,0.1343,134,18
Arctic Tern,60.2027,-1.10177,7.5,Spring,0.2295,488,112
Arctic Tern,60.33784,-1.59145,7.5,Spring,0.3235,34,11
Arctic Tern,60.33784,-1.34661,7.5,Spring,0.1429,70,10
Arctic Tern,60.33784,-1.10177,7.5,Spring,0.1923,26,5
Arctic Tern,60.33784,-0.85693,7.5,Spring,0.4,5,2
Arctic Tern,60.47297,-1.59145,7.5,Spring,0.2958,71,21
Arctic Tern,60.47297,-1.34661,7.5,Spring,0.1731,52,9
Arctic Tern,60.47297,-1.10177,7.5,Spring,0.3276,58,19
Arctic Tern,60.47297,-0.85693,7.5,Spring,0.2308,26,6
Arctic Tern,60.60811,-1.34661,7.5,Spring,0.1667,24,4
Arctic Tern,60.60811,-1.10177,7.5,Spring,0.0303,33,1
Arctic Tern,60.60811,-0.85693,7.5,Spring,0.3333,78,26
Arctic Tern,60.74324,-1.10177,7.5,Spring,0.2,20,4
Arctic Tern,60.74324,-0.85693,7.5,Spring,0.1896,385,73
Arctic Tern,60.87838,-0.85693,7.5,Spring,0.1053,114,12
Arctic Tern,54.93243,-3.06047,7.5,Summer,0.0244,41,1
Arctic Tern,55.06757,-5.26402,7.5,Summer,0.087,23,2
Arctic Tern,55.33784,-4.77434,7.5,Summer,0.0073,137,1
Arctic Tern,55.47297,-5.75369,7.5,Summer,0.1026,39,4
Arctic Tern,55.47297,-4.77434,7.5,Summer,0.0867,450,39
Arctic Tern,55.47297,-4.5295,7.5,Summer,0.0164,794,13
Arctic Tern,55.60811,-6.24337,7.5,Summer,0.012,83,1
Arctic Tern,55.60811,-4.77434,7.5,Summer,0.0301,3125,94
Arctic Tern,55.74324,-6.48821,7.5,Summer,0.2368,38,9
Arctic Tern,55.74324,-6.24337,7.5,Summer,0.0794,63,5
Arctic Tern,55.74324,-5.75369,7.5,Summer,0.0588,17,1
Arctic Tern,55.74324,-5.26402,7.5,Summer,0.0312,32,1
Arctic Tern,55.74324,-4.03983,7.5,Summer,0.0046,219,1
Arctic Tern,55.87838,-6.24337,7.5,Summer,0.1064,94,10
Arctic Tern,55.87838,-5.99853,7.5,Summer,0.0952,21,2
Arctic Tern,55.87838,-5.50885,7.5,Summer,0.0417,48,2
Arctic Tern,55.87838,-4.77434,7.5,Summer,0.0222,45,1
Arctic Tern,55.87838,-4.5295,7.5,Summer,0.0034,292,1
Arctic Tern,55.87838,-3.06047,7.5,Summer,0.008,1626,13
Arctic Tern,55.87838,-2.08112,7.5,Summer,0.0475,295,14
Arctic Tern,56.01351,-6.24337,7.5,Summer,0.0455,22,1
Arctic Tern,56.01351,-5.99853,7.5,Summer,0.3333,3,1
Arctic Tern,56.01351,-4.77434,7.5,Summer,0.0078,128,1
Arctic Tern,56.01351,-3.30531,7.5,Summer,0.0266,2181,58
Arctic Tern,56.01351,-3.06047,7.5,Summer,0.0396,2396,95
Arctic Tern,56.01351,-2.81564,7.5,Summer,0.0382,786,30
Arctic Tern,56.01351,-2.5708,7.5,Summer,0.0587,613,36
Arctic Tern,56.01351,-2.32596,7.5,Summer,0.0308,130,4
Arctic Tern,56.14865,-3.30531,7.5,Summer,0.0025,405,1
Arctic Tern,56.14865,-3.06047,7.5,Summer,0.0443,158,7
Arctic Tern,56.14865,-2.81564,7.5,Summer,0.0747,174,13
Arctic Tern,56.14865,-2.5708,7.5,Summer,0.4694,245,115
Arctic Tern,56.28378,-6.48821,7.5,Summer,0.0588,238,14
Arctic Tern,56.28378,-6.24337,7.5,Summer,0.0112,89,1
Arctic Tern,56.28378,-5.75369,7.5,Summer,0.0588,34,2
Arctic Tern,56.28378,-2.81564,7.5,Summer,0.0187,1122,21
Arctic Tern,56.28378,-2.5708,7.5,Summer,0.25,524,131
Arctic Tern,56.28378,-1.34661,7.5,Summer,0.3333,3,1
Arctic Tern,56.41892,-6.97788,7.5,Summer,0.4865,37,18
Arctic Tern,56.41892,-6.48821,7.5,Summer,1.0,1,1
Arctic Tern,56.41892,-6.24337,7.5,Summer,0.1071,224,24
Arctic Tern,56.41892,-5.99853,7.5,Summer,0.0204,294,6
Arctic Tern,56.41892,-5.75369,7.5,Summer,0.1801,361,65
Arctic Tern,56.41892,-5.50885,7.5,Summer,0.0716,433,31
Arctic Tern,56.41892,-5.26402,7.5,Summer,0.24,25,6
Arctic Tern,56.41892,-2.81564,7.5,Summer,0.0644,590,38
Arctic Tern,56.55405,-6.97788,7.5,Summer,0.3158,19,6
Arctic Tern,56.55405,-6.73304,7.5,Summer,0.2973,37,11
Arctic Tern,56.55405,-6.48821,7.5,Summer,0.1866,134,25
Arctic Tern,56.55405,-6.24337,7.5,Summer,0.026,192,5
Arctic Tern,56.55405,-5.99853,7.5,Summer,0.0292,274,8
Arctic Tern,56.55405,-5.75369,7.5,Summer,0.0741,81,6
Arctic Tern,56.55405,-2.81564,7.5,Summer,0.0667,30,2
Arctic Tern,56.55405,-2.5708,7.5,Summer,0.0408,98,4
Arctic Tern,56.68919,-6.48821,7.5,Summer,0.4,30,12
Arctic Tern,56.68919,-6.24337,7.5,Summer,0.0143,70,1
Arctic Tern,56.68919,-5.99853,7.5,Summer,0.0417,168,7
Arctic Tern,56.68919,-5.75369,7.5,Summer,0.0333,30,1
Arctic Tern,56.68919,-5.50885,7.5,Summer,0.0227,44,1
Arctic Tern,56.68919,-5.26402,7.5,Summer,0.0288,139,4
Arctic Tern,56.68919,-2.5708,7.5,Summer,0.1429,238,34
Arctic Tern,56.68919,-2.32596,7.5,Summer,0.5,30,15
Arctic Tern,56.82432,-7.7124,7.5,Summer,0.4,5,2
Arctic Tern,56.82432,-6.24337,7.5,Summer,0.1905,21,4
Arctic Tern,56.82432,-5.99853,7.5,Summer,0.0909,11,1
Arctic Tern,56.82432,-5.75369,7.5,Summer,0.1075,93,10
Arctic Tern,56.82432,-2.32596,7.5,Summer,0.0704,71,5
Arctic Tern,56.95946,-7.46756,7.5,Summer,0.0932,118,11
Arctic Tern,56.95946,-6.24337,7.5,Summer,0.2093,43,9
Arctic Tern,56.95946,-5.99853,7.5,Summer,0.3333,9,3
Arctic Tern,56.95946,-5.75369,7.5,Summer,0.0574,122,7
Arctic Tern,56.95946,-2.08112,7.5,Summer,0.0221,272,6
Arctic Tern,57.09459,-7.46756,7.5,Summer,0.1744,86,15
Arctic Tern,57.09459,-7.22272,7.5,Summer,0.0976,41,4
Arctic Tern,57.09459,-6.48821,7.5,Summer,0.1282,39,5
Arctic Tern,57.09459,-6.24337,7.5,Summer,0.1429,7,1
Arctic Tern,57.09459,-5.99853,7.5,Summer,0.0381,105,4
Arctic Tern,57.09459,-5.75369,7.5,Summer,0.0319,94,3
Arctic Tern,57.09459,-2.08112,7.5,Summer,0.1298,1194,155
Arctic Tern,57.22973,-7.46756,7.5,Summer,0.2679,112,30
Arctic Tern,57.22973,-7.22272,7.5,Summer,0.3462,26,9
Arctic Tern,57.22973,-6.24337,7.5,Summer,0.0068,148,1
Arctic Tern,57.22973,-5.99853,7.5,Summer,0.0632,364,23
Arctic Tern,57.22973,-5.75369,7.5,Summer,0.027,148,4
Arctic Tern,57.22973,-2.08112,7.5,Summer,0.0449,267,12
Arctic Tern,57.22973,-1.83628,7.5,Summer,0.6,5,3
Arctic Tern,57.36486,-7.46756,7.5,Summer,0.1545,123,19
Arctic Tern,57.36486,-7.22272,7.5,Summer,0.225,80,18
Arctic Tern,57.36486,-6.24337,7.5,Summer,0.0137,292,4
Arctic Tern,57.36486,-5.99853,7.5,Summer,0.1212,33,4
Arctic Tern,57.36486,-5.75369,7.5,Summer,0.0154,65,1
Arctic Tern,57.36486,-3.79499,7.5,Summer,0.0032,308,1
Arctic Tern,57.36486,-2.08112,7.5,Summer,0.4545,330,150
Arctic Tern,57.36486,-1.83628,7.5,Summer,0.0541,74,4
Arctic Tern,57.5,-7.46756,7.5,Summer,0.2364,165,39
Arctic Tern,57.5,-7.22272,7.5,Summer,0.1081,111,12
Arctic Tern,57.5,-6.73304,7.5,Summer,0.0149,402,6
Arctic Tern,57.5,-6.48821,7.5,Summer,0.0573,157,9
Arctic Tern,57.5,-6.24337,7.5,Summer,0.0053,189,1
Arctic Tern,57.5,-5.75369,7.5,Summer,0.0161,62,1
Arctic Tern,57.5,-4.28466,7.5,Summer,0.0123,814,10
Arctic Tern,57.5,-4.03983,7.5,Summer,0.0064,626,4
Arctic Tern,57.5,-1.83628,7.5,Summer,0.0093,107,1
Arctic Tern,57.63514,-7.46756,7.5,Summer,0.2429,350,85
Arctic Tern,57.63514,-7.22272,7.5,Summer,0.3017,116,35
Arctic Tern,57.63514,-6.97788,7.5,Summer,0.6667,9,6
Arctic Tern,57.63514,-6.73304,7.5,Summer,0.4615,13,6
Arctic Tern,57.63514,-6.48821,7.5,Summer,0.0299,167,5
Arctic Tern,57.63514,-6.24337,7.5,Summer,0.0384,443,17
Arctic Tern,57.63514,-5.75369,7.5,Summer,0.0652,46,3
Arctic Tern,57.63514,-4.28466,7.5,Summer,0.127,189,24
Arctic Tern,57.63514,-4.03983,7.5,Summer,0.1334,742,99
Arctic Tern,57.63514,-3.79499,7.5,Summer,0.0053,187,1
Arctic Tern,57.63514,-3.55015,7.5,Summer,0.0105,190,2
Arctic Tern,57.63514,-3.06047,7.5,Summer,0.1706,170,29
Arctic Tern,57.63514,-2.08112,7.5,Summer,0.0294,34,1
Arctic Tern,57.63514,-1.83628,7.5,Summer,0.0483,145,7
Arctic Tern,57.77027,-8.69175,7.5,Summer,0.0556,36,2
Arctic Tern,57.77027,-8.44691,7.5,Summer,0.0556,18,1
Arctic Tern,57.77027,-7.22272,7.5,Summer,0.4375,64,28
Arctic Tern,57.77027,-6.97788,7.5,Summer,0.2685,108,29
Arctic Tern,57.77027,-6.73304,7.5,Summer,0.0769,13,1
Arctic Tern,57.77027,-6.48821,7.5,Summer,0.4,5,2
Arctic Tern,57.77027,-5.75369,7.5,Summer,0.1509,159,24
Arctic Tern,57.77027,-5.50885,7.5,Summer,0.0854,82,7
Arctic Tern,57.77027,-4.03983,7.5,Summer,0.0075,134,1
Arctic Tern,57.77027,-3.79499,7.5,Summer,0.0167,180,3
Arctic Tern,57.77027,-3.55015,7.5,Summer,0.0288,104,3
Arctic Tern,57.77027,-3.30531,7.5,Summer,0.1429,140,20
Arctic Tern,57.90541,-6.97788,7.5,Summer,0.2468,77,19
Arctic Tern,57.90541,-6.73304,7.5,Summer,0.0952,63,6
Arctic Tern,57.90541,-6.48821,7.5,Summer,1.0,1,1
Arctic Tern,57.90541,-6.24337,7.5,Summer,0.1765,17,3
Arctic Tern,57.90541,-5.75369,7.5,Summer,0.1951,41,8
Arctic Tern,57.90541,-5.50885,7.5,Summer,0.1311,122,16
Arctic Tern,57.90541,-4.03983,7.5,Summer,0.0325,246,8
Arctic Tern,57.90541,-3.79499,7.5,Summer,0.1154,52,6
Arctic Tern,58.04054,-6.97788,7.5,Summer,0.0714,28,2
Arctic Tern,58.04054,-6.73304,7.5,Summer,0.1111,36,4
Arctic Tern,58.04054,-6.48821,7.5,Summer,0.0392,51,2
Arctic Tern,58.04054,-5.50885,7.5,Summer,0.1429,7,1
Arctic Tern,58.04054,-5.26402,7.5,Summer,0.0645,31,2
Arctic Tern,58.04054,-3.79499,7.5,Summer,0.1728,81,14
Arctic Tern,58.17568,-6.97788,7.5,Summer,0.2683,82,22
Arctic Tern,58.17568,-6.73304,7.5,Summer,0.2262,84,19
Arctic Tern,58.17568,-6.48821,7.5,Summer,0.1408,142,20
Arctic Tern,58.17568,-6.24337,7.5,Summer,0.2772,101,28
Arctic Tern,58.17568,-5.26402,7.5,Summer,0.0894,123,11
Arctic Tern,58.17568,-3.55015,7.5,Summer,0.0227,44,1
Arctic Tern,58.31081,-6.97788,7.5,Summer,0.1818,11,2
Arctic Tern,58.31081,-6.73304,7.5,Summer,0.2063,126,26
Arctic Tern,58.31081,-6.48821,7.5,Summer,0.1094,64,7
Arctic Tern,58.31081,-6.24337,7.5,Summer,0.227,163,37
Arctic Tern,58.31081,-5.26402,7.5,Summer,0.1143,70,8
Arctic Tern,58.31081,-5.01918,7.5,Summer,0.075,40,3
Arctic Tern,58.44595,-6.48821,7.5,Summer,0.1053,19,2
Arctic Tern,58.44595,-6.24337,7.5,Summer,0.3385,130,44
Arctic Tern,58.44595,-5.26402,7.5,Summer,0.4681,94,44
Arctic Tern,58.44595,-5.01918,7.5,Summer,0.0185,54,1
Arctic Tern,58.44595,-4.5295,7.5,Summer,0.0303,33,1
Arctic Tern,58.44595,-3.06047,7.5,Summer,0.2162,74,16
Arctic Tern,58.58108,-6.24337,7.5,Summer,0.2759,87,24
Arctic Tern,58.58108,-4.77434,7.5,Summer,0.1455,110,16
Arctic Tern,58.58108,-4.5295,7.5,Summer,0.2692,26,7
Arctic Tern,58.58108,-4.28466,7.5,Summer,0.1613,31,5
Arctic Tern,58.58108,-4.03983,7.5,Summer,0.1892,37,7
Arctic Tern,58.58108,-3.79499,7.5,Summer,0.4412,34,15
Arctic Tern,58.58108,-3.55015,7.5,Summer,0.2906,117,34
Arctic Tern,58.58108,-3.30531,7.5,Summer,0.3837,172,66
Arctic Tern,58.58108,-3.06047,7.5,Summer,0.1149,174,20
Arctic Tern,58.71622,-3.30531,7.5,Summer,0.0583,103,6
Arctic Tern,58.71622,-3.06047,7.5,Summer,0.2432,37,9
Arctic Tern,58.85135,-3.55015,7.5,Summer,0.1,10,1
Arctic Tern,58.85135,-3.30531,7.5,Summer,0.0796,113,9
Arctic Tern,58.85135,-3.06047,7.5,Summer,0.4714,70,33
Arctic Tern,58.85135,-2.81564,7.5,Summer,0.3497,183,64
Arctic Tern,58.85135,-2.5708,7.5,Summer,0.2,5,1
Arctic Tern,58.98649,-3.55015,7.5,Summer,1.0,1,1
Arctic Tern,58.98649,-3.30531,7.5,Summer,0.3358,530,178
Arctic Tern,58.98649,-3.06047,7.5,Summer,0.1755,416,73
Arctic Tern,58.98649,-2.81564,7.5,Summer,0.2437,119,29
Arctic Tern,59.12162,-4.5295,7.5,Summer,1.0,1,1
Arctic Tern,59.12162,-3.30531,7.5,Summer,0.217,447,97
Arctic Tern,59.12162,-3.06047,7.5,Summer,0.1139,316,36
Arctic Tern,59.12162,-2.81564,7.5,Summer,0.2308,13,3
Arctic Tern,59.12162,-2.5708,7.5,Summer,0.0833,12,1
Arctic Tern,59.25676,-3.06047,7.5,Summer,0.2679,56,15
Arctic Tern,59.25676,-2.81564,7.5,Summer,0.1905,63,12
Arctic Tern,59.25676,-2.5708,7.5,Summer,0.8,15,12
Arctic Tern,59.25676,-2.32596,7.5,Summer,0.8,5,4
Arctic Tern,59.39189,-3.06047,7.5,Summer,0.1951,41,8
Arctic Tern,59.39189,-2.81564,7.5,Summer,0.6875,16,11
Arctic Tern,59.39189,-2.32596,7.5,Summer,0.7337,184,135
Arctic Tern,59.52703,-1.59145,7.5,Summer,0.7175,354,254
Arctic Tern,59.7973,-1.34661,7.5,Summer,0.4381,226,99
Arctic Tern,59.93243,-1.34661,7.5,Summer,0.6085,1489,906
Arctic Tern,59.93243,-1.10177,7.5,Summer,0.6905,126,87
Arctic Tern,60.06757,-2.08112,7.5,Summer,0.4706,17,8
Arctic Tern,60.06757,-1.34661,7.5,Summer,0.5385,208,112
Arctic Tern,60.06757,-1.10177,7.5,Summer,0.4933,75,37
Arctic Tern,60.06757,-0.85693,7.5,Summer,0.5,2,1
Arctic Tern,60.2027,-3.79499,7.5,Summer,0.1667,6,1
Arctic Tern,60.2027,-2.08112,7.5,Summer,0.5,4,2
Arctic Tern,60.2027,-1.59145,7.5,Summer,0.4242,33,14
Arctic Tern,60.2027,-1.34661,7.5,Summer,0.3492,126,44
Arctic Tern,60.2027,-1.10177,7.5,Summer,0.5914,394,233
Arctic Tern,60.33784,-1.59145,7.5,Summer,0.5741,54,31
Arctic Tern,60.33784,-1.34661,7.5,Summer,0.5412,85,46
Arctic Tern,60.33784,-1.10177,7.5,Summer,0.5333,45,24
Arctic Tern,60.33784,-0.85693,7.5,Summer,1.0,1,1
Arctic Tern,60.47297,-1.59145,7.5,Summer,0.5122,123,63
Arctic Tern,60.47297,-1.34661,7.5,Summer,0.3519,54,19
Arctic Tern,60.47297,-1.10177,7.5,Summer,0.6104,77,47
Arctic Tern,60.47297,-0.85693,7.5,Summer,0.8,10,8
Arctic Tern,60.60811,-1.34661,7.5,Summer,0.3667,30,11
Arctic Tern,60.60811,-1.10177,7.5,Summer,0.3966,58,23
Arctic Tern,60.60811,-0.85693,7.5,Summer,0.5505,218,120
Arctic Tern,60.74324,-1.10177,7.5,Summer,0.2903,31,9
Arctic Tern,60.74324,-0.85693,7.5,Summer,0.5062,401,203
Arctic Tern,60.87838,-1.83628,7.5,Summer,1.0,1,1
Arctic Tern,60.87838,-0.85693,7.5,Summer,0.2677,127,34
Atlantic Puffin,54.7973,-5.01918,7.5,Autumn,0.0263,38,1
Atlantic Puffin,55.60811,-4.77434,7.5,Autumn,0.0043,3758,16
Atlantic Puffin,55.87838,-3.06047,7.5,Autumn,0.0007,1429,1
Atlantic Puffin,55.87838,-2.32596,7.5,Autumn,0.019,105,2
Atlantic Puffin,55.87838,-2.08112,7.5,Autumn,0.0592,169,10
Atlantic Puffin,56.01351,-3.30531,7.5,Autumn,0.0006,1675,1
Atlantic Puffin,56.01351,-3.06047,7.5,Autumn,0.0016,1856,3
Atlantic Puffin,56.01351,-2.81564,7.5,Autumn,0.0061,652,4
Atlantic Puffin,56.01351,-2.5708,7.5,Autumn,0.0112,447,5
Atlantic Puffin,56.01351,-2.32596,7.5,Autumn,0.0211,379,8
Atlantic Puffin,56.14865,-2.81564,7.5,Autumn,0.0247,81,2
Atlantic Puffin,56.14865,-2.5708,7.5,Autumn,0.1364,22,3
Atlantic Puffin,56.28378,-2.81564,7.5,Autumn,0.0023,885,2
Atlantic Puffin,56.28378,-2.5708,7.5,Autumn,0.1391,604,84
Atlantic Puffin,56.41892,-2.81564,7.5,Autumn,0.0055,548,3
Atlantic Puffin,56.41892,-2.32596,7.5,Autumn,1.0,2,2
Atlantic Puffin,56.41892,-1.83628,7.5,Autumn,1.0,1,1
Atlantic Puffin,56.68919,-6.48821,7.5,Autumn,0.25,4,1
Atlantic Puffin,56.68919,-2.5708,7.5,Autumn,0.0113,265,3
Atlantic Puffin,56.68919,-2.32596,7.5,Autumn,0.0769,26,2
Atlantic Puffin,56.95946,-2.08112,7.5,Autumn,0.0326,92,3
Atlantic Puffin,57.09459,-2.08112,7.5,Autumn,0.014,1071,15
Atlantic Puffin,57.22973,-7.46756,7.5,Autumn,0.0179,56,1
Atlantic Puffin,57.22973,-2.08112,7.5,Autumn,0.0071,282,2
Atlantic Puffin,57.36486,-6.73304,7.5,Autumn,0.025,40,1
Atlantic Puffin,57.5,-6.73304,7.5,Autumn,0.0041,244,1
Atlantic Puffin,57.5,-4.03983,7.5,Autumn,0.0047,423,2
Atlantic Puffin,57.5,-1.34661,7.5,Autumn,1.0,2,2
Atlantic Puffin,57.63514,-4.03983,7.5,Autumn,0.0017,581,1
Atlantic Puffin,57.63514,-3.79499,7.5,Autumn,0.0099,202,2
Atlantic Puffin,57.63514,-2.5708,7.5,Autumn,0.0345,29,1
Atlantic Puffin,57.63514,-2.08112,7.5,Autumn,0.0256,39,1
Atlantic Puffin,57.63514,-1.83628,7.5,Autumn,0.0061,165,1
Atlantic Puffin,57.77027,-8.69175,7.5,Autumn,0.5,2,1
Atlantic Puffin,57.77027,-6.97788,7.5,Autumn,0.0357,28,1
Atlantic Puffin,57.77027,-3.55015,7.5,Autumn,0.0185,162,3
Atlantic Puffin,57.90541,-4.03983,7.5,Autumn,0.012,167,2
Atlantic Puffin,58.04054,-3.79499,7.5,Autumn,0.0294,34,1
Atlantic Puffin,58.04054,-2.08112,7.5,Autumn,1.0,1,1
Atlantic Puffin,58.17568,-6.97788,7.5,Autumn,0.0149,67,1
Atlantic Puffin,58.17568,-3.55015,7.5,Autumn,0.0769,13,1
Atlantic Puffin,58.31081,-6.73304,7.5,Autumn,0.0115,87,1
Atlantic Puffin,58.31081,-6.24337,7.5,Autumn,0.0085,117,1
Atlantic Puffin,58.44595,-3.06047,7.5,Autumn,0.037,54,2
Atlantic Puffin,58.58108,-6.24337,7.5,Autumn,0.0517,58,3
Atlantic Puffin,58.58108,-4.03983,7.5,Autumn,0.0952,21,2
Atlantic Puffin,58.58108,-3.06047,7.5,Autumn,0.0316,95,3
Atlantic Puffin,58.71622,-3.30531,7.5,Autumn,0.0556,18,1
Atlantic Puffin,58.85135,-3.79499,7.5,Autumn,1.0,1,1
Atlantic Puffin,58.85135,-3.06047,7.5,Autumn,0.037,54,2
Atlantic Puffin,59.39189,-2.32596,7.5,Autumn,0.055,327,18
Atlantic Puffin,59.52703,-1.59145,7.5,Autumn,0.0248,323,8
Atlantic Puffin,59.7973,-2.81564,7.5,Autumn,1.0,1,1
Atlantic Puffin,59.7973,-1.34661,7.5,Autumn,0.0179,168,3
Atlantic Puffin,59.93243,-1.34661,7.5,Autumn,0.0008,2628,2
Atlantic Puffin,60.33784,-0.85693,7.5,Autumn,0.0323,31,1
Atlantic Puffin,60.47297,-1.59145,7.5,Autumn,0.0057,176,1
Atlantic Puffin,60.47297,-0.85693,7.5,Autumn,0.0278,36,1
Atlantic Puffin,60.87838,-0.85693,7.5,Autumn,0.04,125,5
Atlantic Puffin,54.66216,-4.77434,7.5,Spring,0.12,75,9
Atlantic Puffin,54.93243,-5.26402,7.5,Spring,0.5,4,2
Atlantic Puffin,55.06757,-5.26402,7.5,Spring,0.1,20,2
Atlantic Puffin,55.2027,-5.01918,7.5,Spring,0.1905,21,4
Atlantic Puffin,55.33784,-4.77434,7.5,Spring,0.0109,92,1
Atlantic Puffin,55.47297,-5.01918,7.5,Spring,0.0423,71,3
Atlantic Puffin,55.47297,-4.77434,7.5,Spring,0.0018,561,1
Atlantic Puffin,55.60811,-4.77434,7.5,Spring,0.0094,3607,34
Atlantic Puffin,55.74324,-5.26402,7.5,Spring,0.0263,38,1
Atlantic Puffin,55.74324,-4.77434,7.5,Spring,0.0081,124,1
Atlantic Puffin,55.87838,-3.06047,7.5,Spring,0.0014,2165,3
Atlantic Puffin,55.87838,-2.32596,7.5,Spring,0.0355,169,6
Atlantic Puffin,55.87838,-2.08112,7.5,Spring,0.0521,288,15
Atlantic Puffin,56.01351,-3.30531,7.5,Spring,0.0055,2906,16
Atlantic Puffin,56.01351,-3.06047,7.5,Spring,0.0115,2432,28
Atlantic Puffin,56.01351,-2.81564,7.5,Spring,0.0722,928,67
Atlantic Puffin,56.01351,-2.5708,7.5,Spring,0.0557,754,42
Atlantic Puffin,56.01351,-2.32596,7.5,Spring,0.0433,300,13
Atlantic Puffin,56.14865,-6.24337,7.5,Spring,0.0909,11,1
Atlantic Puffin,56.14865,-5.50885,7.5,Spring,0.0128,78,1
Atlantic Puffin,56.14865,-3.06047,7.5,Spring,0.0095,422,4
Atlantic Puffin,56.14865,-2.81564,7.5,Spring,0.0226,399,9
Atlantic Puffin,56.14865,-2.5708,7.5,Spring,0.9465,243,230
Atlantic Puffin,56.28378,-6.48821,7.5,Spring,0.0234,342,8
Atlantic Puffin,56.28378,-6.24337,7.5,Spring,0.0075,133,1
Atlantic Puffin,56.28378,-2.81564,7.5,Spring,0.0007,1514,1
Atlantic Puffin,56.28378,-2.5708,7.5,Spring,0.2182,559,122
Atlantic Puffin,56.41892,-7.7124,7.5,Spring,1.0,1,1
Atlantic Puffin,56.41892,-6.48821,7.5,Spring,0.5,4,2
Atlantic Puffin,56.41892,-6.24337,7.5,Spring,0.4915,177,87
Atlantic Puffin,56.41892,-5.99853,7.5,Spring,0.0025,401,1
Atlantic Puffin,56.41892,-5.75369,7.5,Spring,0.0026,385,1
Atlantic Puffin,56.41892,-5.50885,7.5,Spring,0.0051,396,2
Atlantic Puffin,56.55405,-6.97788,7.5,Spring,0.0303,33,1
Atlantic Puffin,56.55405,-6.73304,7.5,Spring,0.0588,34,2
Atlantic Puffin,56.55405,-6.48821,7.5,Spring,0.8725,149,130
Atlantic Puffin,56.55405,-6.24337,7.5,Spring,0.022,182,4
Atlantic Puffin,56.55405,-5.99853,7.5,Spring,0.0071,283,2
Atlantic Puffin,56.55405,-5.26402,7.5,Spring,0.02,50,1
Atlantic Puffin,56.55405,-2.5708,7.5,Spring,0.055,109,6
Atlantic Puffin,56.68919,-6.48821,7.5,Spring,0.0714,42,3
Atlantic Puffin,56.68919,-6.24337,7.5,Spring,0.0952,84,8
Atlantic Puffin,56.68919,-5.99853,7.5,Spring,0.0049,205,1
Atlantic Puffin,56.68919,-5.26402,7.5,Spring,0.0088,113,1
Atlantic Puffin,56.82432,-7.7124,7.5,Spring,0.9091,11,10
Atlantic Puffin,56.82432,-7.46756,7.5,Spring,0.6,5,3
Atlantic Puffin,56.82432,-6.24337,7.5,Spring,0.16,25,4
Atlantic Puffin,56.82432,-5.99853,7.5,Spring,0.1176,17,2
Atlantic Puffin,56.82432,-2.32596,7.5,Spring,0.0128,78,1
Atlantic Puffin,56.95946,-7.46756,7.5,Spring,0.0244,82,2
Atlantic Puffin,56.95946,-6.73304,7.5,Spring,0.5,2,1
Atlantic Puffin,56.95946,-6.24337,7.5,Spring,0.037,108,4
Atlantic Puffin,56.95946,-5.99853,7.5,Spring,0.0909,11,1
Atlantic Puffin,56.95946,-2.32596,7.5,Spring,0.0135,74,1
Atlantic Puffin,56.95946,-2.08112,7.5,Spring,0.2156,269,58
Atlantic Puffin,57.09459,-7.22272,7.5,Spring,0.0154,65,1
Atlantic Puffin,57.09459,-6.48821,7.5,Spring,0.3667,30,11
Atlantic Puffin,57.09459,-5.75369,7.5,Spring,0.02,50,1
Atlantic Puffin,57.09459,-2.08112,7.5,Spring,0.0288,1560,45
Atlantic Puffin,57.22973,-6.97788,7.5,Spring,1.0,1,1
Atlantic Puffin,57.22973,-6.48821,7.5,Spring,0.0435,23,1
Atlantic Puffin,57.22973,-5.75369,7.5,Spring,0.0063,159,1
Atlantic Puffin,57.22973,-2.08112,7.5,Spring,0.002,488,1
Atlantic Puffin,57.22973,-1.83628,7.5,Spring,0.3333,6,2
Atlantic Puffin,57.36486,-6.97788,7.5,Spring,1.0,1,1
Atlantic Puffin,57.36486,-6.73304,7.5,Spring,0.0805,87,7
Atlantic Puffin,57.36486,-6.24337,7.5,Spring,0.0083,242,2
Atlantic Puffin,57.36486,-1.83628,7.5,Spring,0.0435,69,3
Atlantic Puffin,57.5,-7.22272,7.5,Spring,0.0066,151,1
Atlantic Puffin,57.5,-6.73304,7.5,Spring,0.0157,445,7
Atlantic Puffin,57.5,-4.28466,7.5,Spring,0.0011,915,1
Atlantic Puffin,57.5,-4.03983,7.5,Spring,0.0014,691,1
Atlantic Puffin,57.5,-1.83628,7.5,Spring,0.4766,128,61
Atlantic Puffin,57.5,-1.59145,7.5,Spring,0.25,4,1
Atlantic Puffin,57.63514,-7.22272,7.5,Spring,0.0325,123,4
Atlantic Puffin,57.63514,-6.97788,7.5,Spring,0.2,10,2
Atlantic Puffin,57.63514,-6.73304,7.5,Spring,1.0,5,5
Atlantic Puffin,57.63514,-6.48821,7.5,Spring,0.0382,131,5
Atlantic Puffin,57.63514,-6.24337,7.5,Spring,0.0111,360,4
Atlantic Puffin,57.63514,-3.79499,7.5,Spring,0.009,223,2
Atlantic Puffin,57.63514,-2.5708,7.5,Spring,0.0305,131,4
Atlantic Puffin,57.63514,-2.32596,7.5,Spring,0.2109,147,31
Atlantic Puffin,57.63514,-2.08112,7.5,Spring,0.0196,51,1
Atlantic Puffin,57.63514,-1.83628,7.5,Spring,0.0172,232,4
Atlantic Puffin,57.63514,-1.10177,7.5,Spring,1.0,1,1
Atlantic Puffin,57.77027,-8.69175,7.5,Spring,0.5538,65,36
Atlantic Puffin,57.77027,-8.44691,7.5,Spring,0.6522,23,15
Atlantic Puffin,57.77027,-7.95723,7.5,Spring,1.0,1,1
Atlantic Puffin,57.77027,-7.22272,7.5,Spring,0.0152,66,1
Atlantic Puffin,57.77027,-6.97788,7.5,Spring,0.0147,68,1
Atlantic Puffin,57.77027,-6.73304,7.5,Spring,0.5,10,5
Atlantic Puffin,57.77027,-3.55015,7.5,Spring,0.0064,157,1
Atlantic Puffin,57.90541,-8.44691,7.5,Spring,0.6667,3,2
Atlantic Puffin,57.90541,-6.73304,7.5,Spring,0.0345,58,2
Atlantic Puffin,57.90541,-6.48821,7.5,Spring,1.0,1,1
Atlantic Puffin,57.90541,-6.24337,7.5,Spring,0.7419,31,23
Atlantic Puffin,57.90541,-5.99853,7.5,Spring,1.0,1,1
Atlantic Puffin,57.90541,-5.75369,7.5,Spring,0.0968,31,3
Atlantic Puffin,57.90541,-5.50885,7.5,Spring,0.0171,117,2
Atlantic Puffin,57.90541,-5.26402,7.5,Spring,0.0154,130,2
Atlantic Puffin,57.90541,-4.03983,7.5,Spring,0.0031,326,1
Atlantic Puffin,57.90541,-3.79499,7.5,Spring,0.0571,70,4
Atlantic Puffin,58.04054,-6.48821,7.5,Spring,0.0323,31,1
Atlantic Puffin,58.04054,-6.24337,7.5,Spring,0.3333,3,1
Atlantic Puffin,58.04054,-5.75369,7.5,Spring,0.6923,13,9
Atlantic Puffin,58.17568,-6.97788,7.5,Spring,0.0488,41,2
Atlantic Puffin,58.17568,-6.48821,7.5,Spring,0.0237,169,4
Atlantic Puffin,58.17568,-6.24337,7.5,Spring,0.1169,77,9
Atlantic Puffin,58.17568,-5.50885,7.5,Spring,0.0588,17,1
Atlantic Puffin,58.17568,-3.55015,7.5,Spring,0.1053,19,2
Atlantic Puffin,58.17568,-1.83628,7.5,Spring,1.0,1,1
Atlantic Puffin,58.31081,-6.73304,7.5,Spring,0.0357,84,3
Atlantic Puffin,58.31081,-6.24337,7.5,Spring,0.0296,135,4
Atlantic Puffin,58.31081,-5.26402,7.5,Spring,0.0698,43,3
Atlantic Puffin,58.31081,-3.06047,7.5,Spring,0.1111,18,2
Atlantic Puffin,58.31081,-2.08112,7.5,Spring,0.6,5,3
Atlantic Puffin,58.31081,-1.83628,7.5,Spring,1.0,1,1
Atlantic Puffin,58.44595,-5.26402,7.5,Spring,0.6966,89,62
Atlantic Puffin,58.44595,-3.06047,7.5,Spring,0.0805,87,7
Atlantic Puffin,58.44595,-2.32596,7.5,Spring,0.5,4,2
Atlantic Puffin,58.58108,-6.24337,7.5,Spring,0.0141,71,1
Atlantic Puffin,58.58108,-4.77434,7.5,Spring,0.0336,149,5
Atlantic Puffin,58.58108,-4.03983,7.5,Spring,0.4737,19,9
Atlantic Puffin,58.58108,-3.79499,7.5,Spring,0.2353,34,8
Atlantic Puffin,58.58108,-3.55015,7.5,Spring,0.0211,95,2
Atlantic Puffin,58.58108,-3.30531,7.5,Spring,0.01,100,1
Atlantic Puffin,58.58108,-3.06047,7.5,Spring,0.1549,142,22
Atlantic Puffin,58.58108,-2.32596,7.5,Spring,0.3333,3,1
Atlantic Puffin,58.71622,-3.55015,7.5,Spring,0.8333,6,5
Atlantic Puffin,58.71622,-3.30531,7.5,Spring,0.4884,86,42
Atlantic Puffin,58.71622,-3.06047,7.5,Spring,0.1562,32,5
Atlantic Puffin,58.85135,-3.55015,7.5,Spring,0.8333,6,5
Atlantic Puffin,58.85135,-3.30531,7.5,Spring,0.0103,97,1
Atlantic Puffin,58.85135,-3.06047,7.5,Spring,0.1061,66,7
Atlantic Puffin,58.98649,-3.30531,7.5,Spring,0.0201,299,6
Atlantic Puffin,58.98649,-3.06047,7.5,Spring,0.0155,323,5
Atlantic Puffin,58.98649,-2.81564,7.5,Spring,0.0566,106,6
Atlantic Puffin,59.12162,-5.75369,7.5,Spring,1.0,1,1
Atlantic Puffin,59.12162,-3.30531,7.5,Spring,0.1667,228,38
Atlantic Puffin,59.12162,-3.06047,7.5,Spring,0.011,182,2
Atlantic Puffin,59.12162,-2.81564,7.5,Spring,0.0667,15,1
Atlantic Puffin,59.12162,-2.5708,7.5,Spring,0.1429,7,1
Atlantic Puffin,59.25676,-3.06047,7.5,Spring,0.0741,27,2
Atlantic Puffin,59.25676,-2.81564,7.5,Spring,0.5217,23,12
Atlantic Puffin,59.25676,-1.34661,7.5,Spring,1.0,1,1
Atlantic Puffin,59.39189,-3.06047,7.5,Spring,0.2857,21,6
Atlantic Puffin,59.39189,-2.81564,7.5,Spring,0.4167,24,10
Atlantic Puffin,59.39189,-2.32596,7.5,Spring,0.0291,344,10
Atlantic Puffin,59.39189,-2.08112,7.5,Spring,1.0,2,2
Atlantic Puffin,59.39189,-1.83628,7.5,Spring,0.5,4,2
Atlantic Puffin,59.39189,-1.59145,7.5,Spring,1.0,3,3
Atlantic Puffin,59.52703,-2.08112,7.5,Spring,1.0,1,1
Atlantic Puffin,59.52703,-1.83628,7.5,Spring,1.0,2,2
Atlantic Puffin,59.52703,-1.59145,7.5,Spring,0.5855,456,267
Atlantic Puffin,59.66216,-1.59145,7.5,Spring,1.0,2,2
Atlantic Puffin,59.66216,-1.34661,7.5,Spring,1.0,2,2
Atlantic Puffin,59.7973,-1.34661,7.5,Spring,0.6629,175,116
Atlantic Puffin,59.93243,-2.32596,7.5,Spring,1.0,1,1
Atlantic Puffin,59.93243,-1.34661,7.5,Spring,0.1105,1629,180
Atlantic Puffin,59.93243,-1.10177,7.5,Spring,0.0687,131,9
Atlantic Puffin,60.06757,-2.08112,7.5,Spring,0.5,22,11
Atlantic Puffin,60.06757,-1.34661,7.5,Spring,0.0137,437,6
Atlantic Puffin,60.06757,-1.10177,7.5,Spring,0.0732,123,9
Atlantic Puffin,60.2027,-1.59145,7.5,Spring,0.0612,49,3
Atlantic Puffin,60.2027,-1.10177,7.5,Spring,0.082,488,40
Atlantic Puffin,60.33784,-1.59145,7.5,Spring,0.0294,34,1
Atlantic Puffin,60.33784,-1.34661,7.5,Spring,0.0429,70,3
Atlantic Puffin,60.33784,-1.10177,7.5,Spring,0.1154,26,3
Atlantic Puffin,60.47297,-1.59145,7.5,Spring,0.2113,71,15
Atlantic Puffin,60.47297,-1.34661,7.5,Spring,0.0385,52,2
Atlantic Puffin,60.47297,-1.10177,7.5,Spring,0.0517,58,3
Atlantic Puffin,60.47297,-0.85693,7.5,Spring,0.3846,26,10
Atlantic Puffin,60.60811,-1.34661,7.5,Spring,0.0417,24,1
Atlantic Puffin,60.60811,-1.10177,7.5,Spring,0.0606,33,2
Atlantic Puffin,60.60811,-0.85693,7.5,Spring,0.1026,78,8
Atlantic Puffin,60.74324,-0.85693,7.5,Spring,0.0078,385,3
Atlantic Puffin,60.87838,-0.85693,7.5,Spring,0.4123,114,47
Atlantic Puffin,54.66216,-5.26402,7.5,Summer,1.0,2,2
Atlantic Puffin,54.66216,-4.77434,7.5,Summer,0.186,43,8
Atlantic Puffin,54.7973,-3.79499,7.5,Summer,0.0455,22,1
Atlantic Puffin,54.93243,-5.01918,7.5,Summer,0.0135,74,1
Atlantic Puffin,55.06757,-5.26402,7.5,Summer,0.0435,23,1
Atlantic Puffin,55.2027,-5.75369,7.5,Summer,1.0,2,2
Atlantic Puffin,55.2027,-5.01918,7.5,Summer,0.2353,17,4
Atlantic Puffin,55.47297,-6.48821,7.5,Summer,1.0,1,1
Atlantic Puffin,55.47297,-4.77434,7.5,Summer,0.0022,450,1
Atlantic Puffin,55.60811,-5.01918,7.5,Summer,0.0417,24,1
Atlantic Puffin,55.60811,-4.77434,7.5,Summer,0.0038,3125,12
Atlantic Puffin,55.74324,-5.99853,7.5,Summer,0.0833,12,1
Atlantic Puffin,55.87838,-6.73304,7.5,Summer,1.0,1,1
Atlantic Puffin,55.87838,-4.77434,7.5,Summer,0.0222,45,1
Atlantic Puffin,55.87838,-3.06047,7.5,Summer,0.0031,1626,5
Atlantic Puffin,55.87838,-2.08112,7.5,Summer,0.122,295,36
Atlantic Puffin,56.01351,-5.99853,7.5,Summer,0.3333,3,1
Atlantic Puffin,56.01351,-3.30531,7.5,Summer,0.0183,2181,40
Atlantic Puffin,56.01351,-3.06047,7.5,Summer,0.0259,2396,62
Atlantic Puffin,56.01351,-2.81564,7.5,Summer,0.1552,786,122
Atlantic Puffin,56.01351,-2.5708,7.5,Summer,0.1305,613,80
Atlantic Puffin,56.01351,-2.32596,7.5,Summer,0.0462,130,6
Atlantic Puffin,56.14865,-5.50885,7.5,Summer,0.0135,74,1
Atlantic Puffin,56.14865,-3.06047,7.5,Summer,0.0253,158,4
Atlantic Puffin,56.14865,-2.81564,7.5,Summer,0.092,174,16
Atlantic Puffin,56.14865,-2.5708,7.5,Summer,0.8898,245,218
Atlantic Puffin,56.28378,-8.69175,7.5,Summer,1.0,1,1
Atlantic Puffin,56.28378,-6.48821,7.5,Summer,0.0126,238,3
Atlantic Puffin,56.28378,-2.81564,7.5,Summer,0.0053,1122,6
Atlantic Puffin,56.28378,-2.5708,7.5,Summer,0.4485,524,235
Atlantic Puffin,56.41892,-6.97788,7.5,Summer,0.027,37,1
Atlantic Puffin,56.41892,-6.48821,7.5,Summer,1.0,1,1
Atlantic Puffin,56.41892,-6.24337,7.5,Summer,0.5312,224,119
Atlantic Puffin,56.41892,-5.50885,7.5,Summer,0.0023,433,1
Atlantic Puffin,56.55405,-6.73304,7.5,Summer,0.027,37,1
Atlantic Puffin,56.55405,-6.48821,7.5,Summer,0.9254,134,124
Atlantic Puffin,56.55405,-6.24337,7.5,Summer,0.0104,192,2
Atlantic Puffin,56.55405,-2.5708,7.5,Summer,0.1633,98,16
Atlantic Puffin,56.68919,-6.48821,7.5,Summer,0.1667,30,5
Atlantic Puffin,56.68919,-6.24337,7.5,Summer,0.1,70,7
Atlantic Puffin,56.68919,-5.01918,7.5,Summer,0.0033,304,1
Atlantic Puffin,56.68919,-2.32596,7.5,Summer,0.1,30,3
Atlantic Puffin,56.82432,-7.7124,7.5,Summer,0.8,5,4
Atlantic Puffin,56.82432,-7.22272,7.5,Summer,1.0,2,2
Atlantic Puffin,56.82432,-6.73304,7.5,Summer,0.4,5,2
Atlantic Puffin,56.82432,-6.24337,7.5,Summer,0.1429,21,3
Atlantic Puffin,56.82432,-5.99853,7.5,Summer,0.1818,11,2
Atlantic Puffin,56.82432,-2.32596,7.5,Summer,0.0563,71,4
Atlantic Puffin,56.95946,-7.46756,7.5,Summer,0.0169,118,2
Atlantic Puffin,56.95946,-7.22272,7.5,Summer,1.0,1,1
Atlantic Puffin,56.95946,-5.99853,7.5,Summer,0.2222,9,2
Atlantic Puffin,56.95946,-5.75369,7.5,Summer,0.0082,122,1
Atlantic Puffin,56.95946,-2.32596,7.5,Summer,0.1132,53,6
Atlantic Puffin,56.95946,-2.08112,7.5,Summer,0.364,272,99
Atlantic Puffin,57.09459,-7.22272,7.5,Summer,0.0244,41,1
Atlantic Puffin,57.09459,-6.97788,7.5,Summer,1.0,1,1
Atlantic Puffin,57.09459,-6.48821,7.5,Summer,0.4103,39,16
Atlantic Puffin,57.09459,-6.24337,7.5,Summer,0.1429,7,1
Atlantic Puffin,57.09459,-5.99853,7.5,Summer,0.019,105,2
Atlantic Puffin,57.09459,-5.75369,7.5,Summer,0.0213,94,2
Atlantic Puffin,57.09459,-2.08112,7.5,Summer,0.1047,1194,125
Atlantic Puffin,57.09459,-1.83628,7.5,Summer,0.5,2,1
Atlantic Puffin,57.22973,-6.97788,7.5,Summer,1.0,1,1
Atlantic Puffin,57.22973,-2.08112,7.5,Summer,0.0037,267,1
Atlantic Puffin,57.22973,-1.83628,7.5,Summer,0.2,5,1
Atlantic Puffin,57.36486,-7.46756,7.5,Summer,0.0081,123,1
Atlantic Puffin,57.36486,-6.73304,7.5,Summer,0.0638,94,6
Atlantic Puffin,57.36486,-5.99853,7.5,Summer,0.0303,33,1
Atlantic Puffin,57.36486,-2.08112,7.5,Summer,0.003,330,1
Atlantic Puffin,57.36486,-1.83628,7.5,Summer,0.1216,74,9
Atlantic Puffin,57.5,-6.73304,7.5,Summer,0.0274,402,11
Atlantic Puffin,57.5,-4.03983,7.5,Summer,0.0016,626,1
Atlantic Puffin,57.5,-1.83628,7.5,Summer,0.4579,107,49
Atlantic Puffin,57.63514,-7.46756,7.5,Summer,0.0029,350,1
Atlantic Puffin,57.63514,-7.22272,7.5,Summer,0.0086,116,1
Atlantic Puffin,57.63514,-6.97788,7.5,Summer,0.5556,9,5
Atlantic Puffin,57.63514,-6.73304,7.5,Summer,0.7692,13,10
Atlantic Puffin,57.63514,-6.48821,7.5,Summer,0.0359,167,6
Atlantic Puffin,57.63514,-6.24337,7.5,Summer,0.0068,443,3
Atlantic Puffin,57.63514,-4.03983,7.5,Summer,0.0054,742,4
Atlantic Puffin,57.63514,-2.32596,7.5,Summer,0.25,124,31
Atlantic Puffin,57.77027,-8.69175,7.5,Summer,0.4444,36,16
Atlantic Puffin,57.77027,-8.44691,7.5,Summer,0.6111,18,11
Atlantic Puffin,57.77027,-6.97788,7.5,Summer,0.0093,108,1
Atlantic Puffin,57.77027,-6.73304,7.5,Summer,0.4615,13,6
Atlantic Puffin,57.77027,-6.48821,7.5,Summer,0.8,5,4
Atlantic Puffin,57.77027,-6.24337,7.5,Summer,0.2857,14,4
Atlantic Puffin,57.77027,-5.75369,7.5,Summer,0.0063,159,1
Atlantic Puffin,57.77027,-5.50885,7.5,Summer,0.0122,82,1
Atlantic Puffin,57.77027,-4.03983,7.5,Summer,0.0075,134,1
Atlantic Puffin,57.77027,-3.79499,7.5,Summer,0.0056,180,1
Atlantic Puffin,57.77027,-3.55015,7.5,Summer,0.0096,104,1
Atlantic Puffin,57.77027,-1.83628,7.5,Summer,0.5,2,1
Atlantic Puffin,57.90541,-6.97788,7.5,Summer,0.013,77,1
Atlantic Puffin,57.90541,-6.73304,7.5,Summer,0.0159,63,1
Atlantic Puffin,57.90541,-6.24337,7.5,Summer,0.9412,17,16
Atlantic Puffin,57.90541,-5.75369,7.5,Summer,0.1707,41,7
Atlantic Puffin,57.90541,-5.50885,7.5,Summer,0.0082,122,1
Atlantic Puffin,57.90541,-5.26402,7.5,Summer,0.0114,175,2
Atlantic Puffin,57.90541,-3.79499,7.5,Summer,0.1731,52,9
Atlantic Puffin,58.04054,-7.46756,7.5,Summer,1.0,1,1
Atlantic Puffin,58.04054,-6.24337,7.5,Summer,1.0,1,1
Atlantic Puffin,58.04054,-5.75369,7.5,Summer,0.5926,27,16
Atlantic Puffin,58.04054,-3.79499,7.5,Summer,0.0123,81,1
Atlantic Puffin,58.17568,-7.22272,7.5,Summer,0.5,2,1
Atlantic Puffin,58.17568,-6.97788,7.5,Summer,0.0366,82,3
Atlantic Puffin,58.17568,-6.48821,7.5,Summer,0.0282,142,4
Atlantic Puffin,58.17568,-6.24337,7.5,Summer,0.0792,101,8
Atlantic Puffin,58.17568,-5.75369,7.5,Summer,0.6,5,3
Atlantic Puffin,58.17568,-5.50885,7.5,Summer,0.2963,27,8
Atlantic Puffin,58.17568,-5.26402,7.5,Summer,0.0163,123,2
Atlantic Puffin,58.17568,-3.55015,7.5,Summer,0.0227,44,1
Atlantic Puffin,58.17568,-3.30531,7.5,Summer,0.375,48,18
Atlantic Puffin,58.31081,-7.46756,7.5,Summer,1.0,1,1
Atlantic Puffin,58.31081,-6.73304,7.5,Summer,0.0397,126,5
Atlantic Puffin,58.31081,-6.24337,7.5,Summer,0.0798,163,13
Atlantic Puffin,58.31081,-5.26402,7.5,Summer,0.1143,70,8
Atlantic Puffin,58.31081,-3.30531,7.5,Summer,0.0769,52,4
Atlantic Puffin,58.44595,-6.24337,7.5,Summer,0.0077,130,1
Atlantic Puffin,58.44595,-5.26402,7.5,Summer,0.6064,94,57
Atlantic Puffin,58.44595,-5.01918,7.5,Summer,0.037,54,2
Atlantic Puffin,58.44595,-3.06047,7.5,Summer,0.1486,74,11
Atlantic Puffin,58.58108,-6.24337,7.5,Summer,0.1034,87,9
Atlantic Puffin,58.58108,-5.01918,7.5,Summer,0.25,8,2
Atlantic Puffin,58.58108,-4.77434,7.5,Summer,0.0636,110,7
Atlantic Puffin,58.58108,-4.5295,7.5,Summer,0.0769,26,2
Atlantic Puffin,58.58108,-4.03983,7.5,Summer,0.3784,37,14
Atlantic Puffin,58.58108,-3.79499,7.5,Summer,0.1765,34,6
Atlantic Puffin,58.58108,-3.55015,7.5,Summer,0.0513,117,6
Atlantic Puffin,58.58108,-3.30531,7.5,Summer,0.0349,172,6
Atlantic Puffin,58.58108,-3.06047,7.5,Summer,0.3333,174,58
Atlantic Puffin,58.71622,-3.55015,7.5,Summer,0.8333,6,5
Atlantic Puffin,58.71622,-3.30531,7.5,Summer,0.6214,103,64
Atlantic Puffin,58.71622,-3.06047,7.5,Summer,0.2432,37,9
Atlantic Puffin,58.85135,-3.55015,7.5,Summer,0.5,10,5
Atlantic Puffin,58.85135,-3.30531,7.5,Summer,0.0619,113,7
Atlantic Puffin,58.85135,-3.06047,7.5,Summer,0.1571,70,11
Atlantic Puffin,58.85135,-2.5708,7.5,Summer,0.6,5,3
Atlantic Puffin,58.98649,-3.55015,7.5,Summer,1.0,1,1
Atlantic Puffin,58.98649,-3.30531,7.5,Summer,0.0415,530,22
Atlantic Puffin,58.98649,-3.06047,7.5,Summer,0.0288,416,12
Atlantic Puffin,58.98649,-2.81564,7.5,Summer,0.1261,119,15
Atlantic Puffin,58.98649,-2.5708,7.5,Summer,0.5,2,1
Atlantic Puffin,59.12162,-6.24337,7.5,Summer,0.5,2,1
Atlantic Puffin,59.12162,-5.75369,7.5,Summer,1.0,4,4
Atlantic Puffin,59.12162,-4.5295,7.5,Summer,1.0,1,1
Atlantic Puffin,59.12162,-3.30531,7.5,Summer,0.2864,447,128
Atlantic Puffin,59.12162,-3.06047,7.5,Summer,0.0316,316,10
Atlantic Puffin,59.12162,-2.81564,7.5,Summer,0.0769,13,1
Atlantic Puffin,59.12162,-2.5708,7.5,Summer,0.0833,12,1
Atlantic Puffin,59.25676,-3.06047,7.5,Summer,0.2321,56,13
Atlantic Puffin,59.25676,-2.81564,7.5,Summer,0.381,63,24
Atlantic Puffin,59.25676,-1.59145,7.5,Summer,1.0,1,1
Atlantic Puffin,59.39189,-3.06047,7.5,Summer,0.4878,41,20
Atlantic Puffin,59.39189,-2.81564,7.5,Summer,0.4375,16,7
Atlantic Puffin,59.39189,-2.32596,7.5,Summer,0.1033,184,19
Atlantic Puffin,59.39189,-1.59145,7.5,Summer,0.4,5,2
Atlantic Puffin,59.52703,-1.59145,7.5,Summer,0.822,354,291
Atlantic Puffin,59.7973,-1.34661,7.5,Summer,0.8407,226,190
Atlantic Puffin,59.93243,-1.34661,7.5,Summer,0.2639,1489,393
Atlantic Puffin,59.93243,-1.10177,7.5,Summer,0.1984,126,25
Atlantic Puffin,60.06757,-2.08112,7.5,Summer,0.5294,17,9
Atlantic Puffin,60.06757,-1.34661,7.5,Summer,0.0721,208,15
Atlantic Puffin,60.06757,-1.10177,7.5,Summer,0.1467,75,11
Atlantic Puffin,60.06757,-0.85693,7.5,Summer,0.5,2,1
Atlantic Puffin,60.2027,-2.08112,7.5,Summer,0.5,4,2
Atlantic Puffin,60.2027,-1.59145,7.5,Summer,0.0909,33,3
Atlantic Puffin,60.2027,-1.34661,7.5,Summer,0.0079,126,1
Atlantic Puffin,60.2027,-1.10177,7.5,Summer,0.1396,394,55
Atlantic Puffin,60.33784,-1.59145,7.5,Summer,0.1296,54,7
Atlantic Puffin,60.33784,-1.34661,7.5,Summer,0.0235,85,2
Atlantic Puffin,60.33784,-1.10177,7.5,Summer,0.1556,45,7
Atlantic Puffin,60.47297,-1.59145,7.5,Summer,0.3252,123,40
Atlantic Puffin,60.47297,-1.34661,7.5,Summer,0.0556,54,3
Atlantic Puffin,60.47297,-1.10177,7.5,Summer,0.1688,77,13
Atlantic Puffin,60.47297,-0.85693,7.5,Summer,0.3,10,3
Atlantic Puffin,60.60811,-1.34661,7.5,Summer,0.0667,30,2
Atlantic Puffin,60.60811,-1.10177,7.5,Summer,0.0172,58,1
Atlantic Puffin,60.60811,-0.85693,7.5,Summer,0.1101,218,24
Atlantic Puffin,60.74324,-1.59145,7.5,Summer,1.0,1,1
Atlantic Puffin,60.74324,-1.10177,7.5,Summer,0.0323,31,1
Atlantic Puffin,60.74324,-0.85693,7.5,Summer,0.0698,401,28
Atlantic Puffin,60.87838,-1.83628,7.5,Summer,1.0,1,1
Atlantic Puffin,60.87838,-0.85693,7.5,Summer,0.5906,127,75
Atlantic Puffin,55.60811,-4.77434,7.5,Winter,0.0012,4222,5
Atlantic Puffin,55.87838,-4.77434,7.5,Winter,0.05,20,1
Atlantic Puffin,55.87838,-3.06047,7.5,Winter,0.0023,1773,4
Atlantic Puffin,55.87838,-2.32596,7.5,Winter,0.0141,71,1
Atlantic Puffin,55.87838,-2.08112,7.5,Winter,0.0308,65,2
Atlantic Puffin,56.01351,-3.30531,7.5,Winter,0.0015,2000,3
Atlantic Puffin,56.01351,-3.06047,7.5,Winter,0.0025,1585,4
Atlantic Puffin,56.01351,-2.81564,7.5,Winter,0.008,874,7
Atlantic Puffin,56.01351,-2.5708,7.5,Winter,0.0078,643,5
Atlantic Puffin,56.01351,-2.32596,7.5,Winter,0.0556,144,8
Atlantic Puffin,56.14865,-3.06047,7.5,Winter,0.0232,302,7
Atlantic Puffin,56.14865,-2.81564,7.5,Winter,0.0091,219,2
Atlantic Puffin,56.28378,-2.81564,7.5,Winter,0.0034,1177,4
Atlantic Puffin,56.28378,-2.5708,7.5,Winter,0.1021,333,34
Atlantic Puffin,56.68919,-2.5708,7.5,Winter,0.005,202,1
Atlantic Puffin,56.95946,-2.08112,7.5,Winter,0.0238,42,1
Atlantic Puffin,57.09459,-2.08112,7.5,Winter,0.0049,1022,5
Atlantic Puffin,57.22973,-2.08112,7.5,Winter,0.0033,305,1
Atlantic Puffin,57.63514,-2.08112,7.5,Winter,0.0351,57,2
Atlantic Puffin,57.63514,-1.83628,7.5,Winter,0.0214,140,3
Atlantic Puffin,57.77027,-3.30531,7.5,Winter,0.0054,185,1
Atlantic Puffin,57.90541,-3.79499,7.5,Winter,0.0588,17,1
Atlantic Puffin,58.04054,-3.79499,7.5,Winter,0.0263,38,1
Atlantic Puffin,58.17568,-3.55015,7.5,Winter,0.0714,14,1
Atlantic Puffin,58.31081,-3.06047,7.5,Winter,0.25,4,1
Atlantic Puffin,58.58108,-3.79499,7.5,Winter,0.1333,15,2
Atlantic Puffin,58.98649,-2.81564,7.5,Winter,0.0833,12,1
Atlantic Puffin,59.7973,-1.34661,7.5,Winter,0.0333,30,1
Atlantic Puffin,60.33784,-1.59145,7.5,Winter,0.1111,9,1
Atlantic Puffin,60.74324,-0.85693,7.5,Winter,0.0036,280,1
Atlantic Puffin,60.87838,-0.85693,7.5,Winter,0.0312,32,1
Barn Swallow,54.66216,-5.01918,7.5,Autumn,0.5238,21,11
Barn Swallow,54.66216,-4.77434,7.5,Autumn,0.5909,22,13
Barn Swallow,54.66216,-4.5295,7.5,Autumn,0.6,5,3
Barn Swallow,54.66216,-4.28466,7.5,Autumn,0.375,8,3
Barn Swallow,54.7973,-5.01918,7.5,Autumn,0.5,38,19
Barn Swallow,54.7973,-4.5295,7.5,Autumn,0.2174,46,10
Barn Swallow,54.7973,-4.03983,7.5,Autumn,0.125,8,1
Barn Swallow,54.93243,-5.01918,7.5,Autumn,0.1075,93,10
Barn Swallow,54.93243,-4.5295,7.5,Autumn,0.1579,19,3
Barn Swallow,54.93243,-4.28466,7.5,Autumn,0.1333,30,4
Barn Swallow,54.93243,-4.03983,7.5,Autumn,0.2453,53,13
Barn Swallow,54.93243,-3.79499,7.5,Autumn,0.3804,92,35
Barn Swallow,54.93243,-3.55015,7.5,Autumn,0.1423,239,34
Barn Swallow,54.93243,-3.30531,7.5,Autumn,0.0769,26,2
Barn Swallow,54.93243,-3.06047,7.5,Autumn,0.4565,46,21
Barn Swallow,55.06757,-5.26402,7.5,Autumn,0.125,16,2
Barn Swallow,55.06757,-5.01918,7.5,Autumn,0.4815,27,13
Barn Swallow,55.06757,-4.77434,7.5,Autumn,0.7143,7,5
Barn Swallow,55.06757,-4.5295,7.5,Autumn,0.1538,13,2
Barn Swallow,55.06757,-4.03983,7.5,Autumn,0.2857,42,12
Barn Swallow,55.06757,-3.79499,7.5,Autumn,0.0952,21,2
Barn Swallow,55.06757,-3.55015,7.5,Autumn,0.1515,165,25
Barn Swallow,55.06757,-3.30531,7.5,Autumn,0.0667,30,2
Barn Swallow,55.06757,-3.06047,7.5,Autumn,0.4615,13,6
Barn Swallow,55.2027,-4.77434,7.5,Autumn,0.0588,17,1
Barn Swallow,55.2027,-4.28466,7.5,Autumn,1.0,1,1
Barn Swallow,55.2027,-3.30531,7.5,Autumn,0.3333,21,7
Barn Swallow,55.33784,-5.75369,7.5,Autumn,0.375,8,3
Barn Swallow,55.33784,-5.50885,7.5,Autumn,0.2857,7,2
Barn Swallow,55.33784,-4.77434,7.5,Autumn,0.072,125,9
Barn Swallow,55.33784,-4.5295,7.5,Autumn,0.5,6,3
Barn Swallow,55.33784,-4.28466,7.5,Autumn,0.1818,22,4
Barn Swallow,55.33784,-3.55015,7.5,Autumn,0.0526,19,1
Barn Swallow,55.33784,-3.30531,7.5,Autumn,0.1667,6,1
Barn Swallow,55.33784,-2.5708,7.5,Autumn,0.5,2,1
Barn Swallow,55.47297,-5.75369,7.5,Autumn,0.375,16,6
Barn Swallow,55.47297,-5.50885,7.5,Autumn,0.1579,19,3
Barn Swallow,55.47297,-5.26402,7.5,Autumn,0.16,50,8
Barn Swallow,55.47297,-5.01918,7.5,Autumn,0.2195,41,9
Barn Swallow,55.47297,-4.77434,7.5,Autumn,0.0964,581,56
Barn Swallow,55.47297,-4.5295,7.5,Autumn,0.0988,1154,114
Barn Swallow,55.47297,-4.28466,7.5,Autumn,0.1667,12,2
Barn Swallow,55.47297,-3.55015,7.5,Autumn,0.3913,23,9
Barn Swallow,55.47297,-3.30531,7.5,Autumn,0.5455,22,12
Barn Swallow,55.47297,-2.81564,7.5,Autumn,0.0698,43,3
Barn Swallow,55.47297,-2.5708,7.5,Autumn,0.3871,31,12
Barn Swallow,55.60811,-6.24337,7.5,Autumn,0.1562,96,15
Barn Swallow,55.60811,-5.99853,7.5,Autumn,0.1667,6,1
Barn Swallow,55.60811,-5.75369,7.5,Autumn,0.0909,11,1
Barn Swallow,55.60811,-5.50885,7.5,Autumn,0.4,5,2
Barn Swallow,55.60811,-5.26402,7.5,Autumn,0.1111,81,9
Barn Swallow,55.60811,-5.01918,7.5,Autumn,0.2,20,4
Barn Swallow,55.60811,-4.77434,7.5,Autumn,0.0522,3758,196
Barn Swallow,55.60811,-4.5295,7.5,Autumn,0.0783,21393,1676
Barn Swallow,55.60811,-4.28466,7.5,Autumn,0.1429,7,1
Barn Swallow,55.60811,-4.03983,7.5,Autumn,0.25,4,1
Barn Swallow,55.60811,-3.79499,7.5,Autumn,0.1923,26,5
Barn Swallow,55.60811,-3.55015,7.5,Autumn,0.1667,48,8
Barn Swallow,55.60811,-3.30531,7.5,Autumn,0.1207,58,7
Barn Swallow,55.60811,-2.81564,7.5,Autumn,0.1205,83,10
Barn Swallow,55.60811,-2.5708,7.5,Autumn,0.1053,19,2
Barn Swallow,55.60811,-2.32596,7.5,Autumn,0.1429,28,4
Barn Swallow,55.74324,-6.48821,7.5,Autumn,0.0926,54,5
Barn Swallow,55.74324,-6.24337,7.5,Autumn,0.0578,173,10
Barn Swallow,55.74324,-5.75369,7.5,Autumn,0.3333,3,1
Barn Swallow,55.74324,-5.26402,7.5,Autumn,0.0588,34,2
Barn Swallow,55.74324,-5.01918,7.5,Autumn,0.0658,76,5
Barn Swallow,55.74324,-4.77434,7.5,Autumn,0.0282,71,2
Barn Swallow,55.74324,-4.5295,7.5,Autumn,0.0468,278,13
Barn Swallow,55.74324,-4.28466,7.5,Autumn,0.0389,566,22
Barn Swallow,55.74324,-4.03983,7.5,Autumn,0.0913,208,19
Barn Swallow,55.74324,-3.79499,7.5,Autumn,0.2222,18,4
Barn Swallow,55.74324,-3.55015,7.5,Autumn,0.2105,38,8
Barn Swallow,55.74324,-3.30531,7.5,Autumn,0.2692,26,7
Barn Swallow,55.74324,-3.06047,7.5,Autumn,0.2061,165,34
Barn Swallow,55.74324,-2.81564,7.5,Autumn,0.1,10,1
Barn Swallow,55.74324,-2.5708,7.5,Autumn,0.3333,3,1
Barn Swallow,55.74324,-2.32596,7.5,Autumn,0.5,14,7
Barn Swallow,55.87838,-6.48821,7.5,Autumn,0.5,4,2
Barn Swallow,55.87838,-6.24337,7.5,Autumn,0.1479,142,21
Barn Swallow,55.87838,-5.99853,7.5,Autumn,0.4,20,8
Barn Swallow,55.87838,-5.50885,7.5,Autumn,0.0625,16,1
Barn Swallow,55.87838,-5.26402,7.5,Autumn,0.2857,14,4
Barn Swallow,55.87838,-5.01918,7.5,Autumn,0.0625,16,1
Barn Swallow,55.87838,-4.77434,7.5,Autumn,0.1944,36,7
Barn Swallow,55.87838,-4.5295,7.5,Autumn,0.0404,297,12
Barn Swallow,55.87838,-4.28466,7.5,Autumn,0.0198,1614,32
Barn Swallow,55.87838,-4.03983,7.5,Autumn,0.0182,110,2
Barn Swallow,55.87838,-3.79499,7.5,Autumn,0.16,50,8
Barn Swallow,55.87838,-3.55015,7.5,Autumn,0.2297,74,17
Barn Swallow,55.87838,-3.30531,7.5,Autumn,0.0717,892,64
Barn Swallow,55.87838,-3.06047,7.5,Autumn,0.14,1429,200
Barn Swallow,55.87838,-2.81564,7.5,Autumn,0.1442,104,15
Barn Swallow,55.87838,-2.5708,7.5,Autumn,0.0769,13,1
Barn Swallow,55.87838,-2.32596,7.5,Autumn,0.3524,105,37
Barn Swallow,55.87838,-2.08112,7.5,Autumn,0.1893,169,32
Barn Swallow,56.01351,-6.24337,7.5,Autumn,0.16,25,4
Barn Swallow,56.01351,-5.75369,7.5,Autumn,0.4,10,4
Barn Swallow,56.01351,-5.50885,7.5,Autumn,0.1042,48,5
Barn Swallow,56.01351,-5.26402,7.5,Autumn,0.1429,7,1
Barn Swallow,56.01351,-5.01918,7.5,Autumn,0.1944,72,14
Barn Swallow,56.01351,-4.77434,7.5,Autumn,0.1169,77,9
Barn Swallow,56.01351,-4.5295,7.5,Autumn,0.1515,132,20
Barn Swallow,56.01351,-4.28466,7.5,Autumn,0.0769,26,2
Barn Swallow,56.01351,-4.03983,7.5,Autumn,0.3704,27,10
Barn Swallow,56.01351,-3.79499,7.5,Autumn,0.1404,285,40
Barn Swallow,56.01351,-3.55015,7.5,Autumn,0.1167,300,35
Barn Swallow,56.01351,-3.30531,7.5,Autumn,0.0549,1675,92
Barn Swallow,56.01351,-3.06047,7.5,Autumn,0.1719,1856,319
Barn Swallow,56.01351,-2.81564,7.5,Autumn,0.1227,652,80
Barn Swallow,56.01351,-2.5708,7.5,Autumn,0.1119,447,50
Barn Swallow,56.01351,-2.32596,7.5,Autumn,0.2032,379,77
Barn Swallow,56.14865,-6.24337,7.5,Autumn,0.3333,9,3
Barn Swallow,56.14865,-5.50885,7.5,Autumn,0.2069,29,6
Barn Swallow,56.14865,-5.01918,7.5,Autumn,0.1429,7,1
Barn Swallow,56.14865,-4.77434,7.5,Autumn,0.2264,53,12
Barn Swallow,56.14865,-4.5295,7.5,Autumn,0.2233,103,23
Barn Swallow,56.14865,-4.28466,7.5,Autumn,0.0968,31,3
Barn Swallow,56.14865,-4.03983,7.5,Autumn,0.1705,176,30
Barn Swallow,56.14865,-3.79499,7.5,Autumn,0.1788,274,49
Barn Swallow,56.14865,-3.55015,7.5,Autumn,0.1154,52,6
Barn Swallow,56.14865,-3.30531,7.5,Autumn,0.1471,374,55
Barn Swallow,56.14865,-3.06047,7.5,Autumn,0.1165,103,12
Barn Swallow,56.14865,-2.81564,7.5,Autumn,0.2593,81,21
Barn Swallow,56.14865,-2.5708,7.5,Autumn,0.5,22,11
Barn Swallow,56.28378,-6.48821,7.5,Autumn,0.1818,55,10
Barn Swallow,56.28378,-6.24337,7.5,Autumn,0.1818,22,4
Barn Swallow,56.28378,-5.99853,7.5,Autumn,0.2222,9,2
Barn Swallow,56.28378,-5.50885,7.5,Autumn,0.25,4,1
Barn Swallow,56.28378,-5.26402,7.5,Autumn,0.5,2,1
Barn Swallow,56.28378,-5.01918,7.5,Autumn,0.3043,23,7
Barn Swallow,56.28378,-4.77434,7.5,Autumn,0.3182,22,7
Barn Swallow,56.28378,-4.5295,7.5,Autumn,0.1429,7,1
Barn Swallow,56.28378,-4.28466,7.5,Autumn,0.1053,38,4
Barn Swallow,56.28378,-4.03983,7.5,Autumn,0.2222,18,4
Barn Swallow,56.28378,-3.79499,7.5,Autumn,0.1467,75,11
Barn Swallow,56.28378,-3.55015,7.5,Autumn,0.1538,13,2
Barn Swallow,56.28378,-3.30531,7.5,Autumn,0.1948,77,15
Barn Swallow,56.28378,-3.06047,7.5,Autumn,0.1812,309,56
Barn Swallow,56.28378,-2.81564,7.5,Autumn,0.1401,885,124
Barn Swallow,56.28378,-2.5708,7.5,Autumn,0.1937,604,117
Barn Swallow,56.41892,-6.24337,7.5,Autumn,0.1667,6,1
Barn Swallow,56.41892,-5.99853,7.5,Autumn,0.1806,72,13
Barn Swallow,56.41892,-5.75369,7.5,Autumn,0.1301,123,16
Barn Swallow,56.41892,-5.50885,7.5,Autumn,0.0476,147,7
Barn Swallow,56.41892,-5.26402,7.5,Autumn,0.6,5,3
Barn Swallow,56.41892,-4.77434,7.5,Autumn,0.08,25,2
Barn Swallow,56.41892,-4.5295,7.5,Autumn,0.2,10,2
Barn Swallow,56.41892,-4.28466,7.5,Autumn,0.1304,69,9
Barn Swallow,56.41892,-4.03983,7.5,Autumn,0.087,23,2
Barn Swallow,56.41892,-3.79499,7.5,Autumn,0.0833,24,2
Barn Swallow,56.41892,-3.55015,7.5,Autumn,0.0625,96,6
Barn Swallow,56.41892,-3.30531,7.5,Autumn,0.1679,131,22
Barn Swallow,56.41892,-3.06047,7.5,Autumn,0.011,363,4
Barn Swallow,56.41892,-2.81564,7.5,Autumn,0.1916,548,105
Barn Swallow,56.55405,-6.97788,7.5,Autumn,0.037,27,1
Barn Swallow,56.55405,-6.73304,7.5,Autumn,0.1667,6,1
Barn Swallow,56.55405,-6.24337,7.5,Autumn,0.0469,64,3
Barn Swallow,56.55405,-5.99853,7.5,Autumn,0.1852,81,15
Barn Swallow,56.55405,-5.75369,7.5,Autumn,0.1286,70,9
Barn Swallow,56.55405,-5.50885,7.5,Autumn,0.2727,22,6
Barn Swallow,56.55405,-4.03983,7.5,Autumn,0.0312,32,1
Barn Swallow,56.55405,-3.55015,7.5,Autumn,0.0781,128,10
Barn Swallow,56.55405,-3.30531,7.5,Autumn,0.2609,23,6
Barn Swallow,56.55405,-2.81564,7.5,Autumn,0.1154,26,3
Barn Swallow,56.55405,-2.5708,7.5,Autumn,0.1167,60,7
Barn Swallow,56.68919,-6.48821,7.5,Autumn,0.25,4,1
Barn Swallow,56.68919,-6.24337,7.5,Autumn,0.0682,44,3
Barn Swallow,56.68919,-5.99853,7.5,Autumn,0.0444,45,2
Barn Swallow,56.68919,-5.75369,7.5,Autumn,0.0333,30,1
Barn Swallow,56.68919,-5.50885,7.5,Autumn,0.45,20,9
Barn Swallow,56.68919,-5.26402,7.5,Autumn,0.0612,49,3
Barn Swallow,56.68919,-5.01918,7.5,Autumn,0.0493,142,7
Barn Swallow,56.68919,-4.77434,7.5,Autumn,0.2273,22,5
Barn Swallow,56.68919,-4.03983,7.5,Autumn,0.1818,22,4
Barn Swallow,56.68919,-3.79499,7.5,Autumn,0.0753,146,11
Barn Swallow,56.68919,-3.55015,7.5,Autumn,0.1111,9,1
Barn Swallow,56.68919,-3.30531,7.5,Autumn,0.0714,28,2
Barn Swallow,56.68919,-3.06047,7.5,Autumn,0.2842,95,27
Barn Swallow,56.68919,-2.81564,7.5,Autumn,0.1622,37,6
Barn Swallow,56.68919,-2.5708,7.5,Autumn,0.166,265,44
Barn Swallow,56.68919,-2.32596,7.5,Autumn,0.5769,26,15
Barn Swallow,56.82432,-5.99853,7.5,Autumn,1.0,2,2
Barn Swallow,56.82432,-5.75369,7.5,Autumn,0.0278,36,1
Barn Swallow,56.82432,-5.50885,7.5,Autumn,0.1111,63,7
Barn Swallow,56.82432,-5.26402,7.5,Autumn,0.1111,9,1
Barn Swallow,56.82432,-5.01918,7.5,Autumn,0.0945,127,12
Barn Swallow,56.82432,-4.77434,7.5,Autumn,0.1667,6,1
Barn Swallow,56.82432,-3.79499,7.5,Autumn,0.0455,22,1
Barn Swallow,56.82432,-3.30531,7.5,Autumn,0.0769,52,4
Barn Swallow,56.82432,-3.06047,7.5,Autumn,0.3333,6,2
Barn Swallow,56.82432,-2.5708,7.5,Autumn,0.1139,79,9
Barn Swallow,56.82432,-2.32596,7.5,Autumn,0.1569,51,8
Barn Swallow,56.95946,-5.75369,7.5,Autumn,0.0857,105,9
Barn Swallow,56.95946,-5.01918,7.5,Autumn,0.125,16,2
Barn Swallow,56.95946,-4.77434,7.5,Autumn,0.1111,9,1
Barn Swallow,56.95946,-4.5295,7.5,Autumn,0.1304,23,3
Barn Swallow,56.95946,-3.55015,7.5,Autumn,0.0909,22,2
Barn Swallow,56.95946,-3.30531,7.5,Autumn,0.0435,46,2
Barn Swallow,56.95946,-3.06047,7.5,Autumn,0.1667,12,2
Barn Swallow,56.95946,-2.5708,7.5,Autumn,0.0833,12,1
Barn Swallow,56.95946,-2.32596,7.5,Autumn,0.2759,29,8
Barn Swallow,56.95946,-2.08112,7.5,Autumn,0.2391,92,22
Barn Swallow,57.09459,-5.99853,7.5,Autumn,0.027,37,1
Barn Swallow,57.09459,-5.75369,7.5,Autumn,0.0909,33,3
Barn Swallow,57.09459,-5.50885,7.5,Autumn,1.0,1,1
Barn Swallow,57.09459,-4.77434,7.5,Autumn,0.1622,37,6
Barn Swallow,57.09459,-4.28466,7.5,Autumn,0.3333,3,1
Barn Swallow,57.09459,-4.03983,7.5,Autumn,0.1942,242,47
Barn Swallow,57.09459,-3.79499,7.5,Autumn,0.0667,105,7
Barn Swallow,57.09459,-3.06047,7.5,Autumn,0.0488,41,2
Barn Swallow,57.09459,-2.81564,7.5,Autumn,0.2656,64,17
Barn Swallow,57.09459,-2.32596,7.5,Autumn,0.0714,56,4
Barn Swallow,57.09459,-2.08112,7.5,Autumn,0.1485,1071,159
Barn Swallow,57.22973,-7.46756,7.5,Autumn,0.125,56,7
Barn Swallow,57.22973,-6.24337,7.5,Autumn,0.0377,53,2
Barn Swallow,57.22973,-5.99853,7.5,Autumn,0.1294,170,22
Barn Swallow,57.22973,-5.75369,7.5,Autumn,0.082,61,5
Barn Swallow,57.22973,-5.50885,7.5,Autumn,0.0638,94,6
Barn Swallow,57.22973,-4.5295,7.5,Autumn,0.0435,23,1
Barn Swallow,57.22973,-4.03983,7.5,Autumn,0.1,90,9
Barn Swallow,57.22973,-3.79499,7.5,Autumn,0.0748,655,49
Barn Swallow,57.22973,-3.55015,7.5,Autumn,0.1006,169,17
Barn Swallow,57.22973,-3.30531,7.5,Autumn,0.0571,35,2
Barn Swallow,57.22973,-2.81564,7.5,Autumn,0.381,21,8
Barn Swallow,57.22973,-2.5708,7.5,Autumn,0.3333,12,4
Barn Swallow,57.22973,-2.32596,7.5,Autumn,0.125,8,1
Barn Swallow,57.22973,-2.08112,7.5,Autumn,0.0674,282,19
Barn Swallow,57.36486,-7.46756,7.5,Autumn,0.1096,73,8
Barn Swallow,57.36486,-6.73304,7.5,Autumn,0.1,40,4
Barn Swallow,57.36486,-6.48821,7.5,Autumn,0.129,31,4
Barn Swallow,57.36486,-6.24337,7.5,Autumn,0.0387,155,6
Barn Swallow,57.36486,-5.99853,7.5,Autumn,0.0769,26,2
Barn Swallow,57.36486,-5.75369,7.5,Autumn,0.0233,43,1
Barn Swallow,57.36486,-5.50885,7.5,Autumn,0.1333,30,4
Barn Swallow,57.36486,-4.77434,7.5,Autumn,0.1154,26,3
Barn Swallow,57.36486,-4.5295,7.5,Autumn,0.1709,158,27
Barn Swallow,57.36486,-4.28466,7.5,Autumn,0.1204,108,13
Barn Swallow,57.36486,-4.03983,7.5,Autumn,0.087,23,2
Barn Swallow,57.36486,-3.79499,7.5,Autumn,0.0918,98,9
Barn Swallow,57.36486,-3.55015,7.5,Autumn,0.0898,167,15
Barn Swallow,57.36486,-2.81564,7.5,Autumn,0.5,4,2
Barn Swallow,57.36486,-2.5708,7.5,Autumn,0.1957,46,9
Barn Swallow,57.36486,-2.32596,7.5,Autumn,0.1,10,1
Barn Swallow,57.36486,-2.08112,7.5,Autumn,0.135,200,27
Barn Swallow,57.36486,-1.83628,7.5,Autumn,0.1212,66,8
Barn Swallow,57.5,-7.46756,7.5,Autumn,0.02,50,1
Barn Swallow,57.5,-7.22272,7.5,Autumn,0.2143,14,3
Barn Swallow,57.5,-6.73304,7.5,Autumn,0.1516,244,37
Barn Swallow,57.5,-6.48821,7.5,Autumn,0.0312,64,2
Barn Swallow,57.5,-6.24337,7.5,Autumn,0.026,77,2
Barn Swallow,57.5,-5.75369,7.5,Autumn,0.22,50,11
Barn Swallow,57.5,-4.77434,7.5,Autumn,0.25,4,1
Barn Swallow,57.5,-4.5295,7.5,Autumn,0.1875,80,15
Barn Swallow,57.5,-4.28466,7.5,Autumn,0.1192,562,67
Barn Swallow,57.5,-4.03983,7.5,Autumn,0.1678,423,71
Barn Swallow,57.5,-3.55015,7.5,Autumn,0.0833,12,1
Barn Swallow,57.5,-3.30531,7.5,Autumn,0.0303,33,1
Barn Swallow,57.5,-3.06047,7.5,Autumn,0.1429,14,2
Barn Swallow,57.5,-2.08112,7.5,Autumn,0.1562,32,5
Barn Swallow,57.5,-1.83628,7.5,Autumn,0.2222,45,10
Barn Swallow,57.63514,-7.46756,7.5,Autumn,0.1528,72,11
Barn Swallow,57.63514,-7.22272,7.5,Autumn,0.0625,32,2
Barn Swallow,57.63514,-6.48821,7.5,Autumn,0.0714,42,3
Barn Swallow,57.63514,-6.24337,7.5,Autumn,0.1739,184,32
Barn Swallow,57.63514,-5.50885,7.5,Autumn,0.1818,11,2
Barn Swallow,57.63514,-5.01918,7.5,Autumn,0.1111,9,1
Barn Swallow,57.63514,-4.77434,7.5,Autumn,0.1111,9,1
Barn Swallow,57.63514,-4.5295,7.5,Autumn,0.1687,83,14
Barn Swallow,57.63514,-4.28466,7.5,Autumn,0.129,93,12
Barn Swallow,57.63514,-4.03983,7.5,Autumn,0.1979,581,115
Barn Swallow,57.63514,-3.79499,7.5,Autumn,0.2277,202,46
Barn Swallow,57.63514,-3.55015,7.5,Autumn,0.0848,283,24
Barn Swallow,57.63514,-3.30531,7.5,Autumn,0.1126,151,17
Barn Swallow,57.63514,-3.06047,7.5,Autumn,0.156,109,17
Barn Swallow,57.63514,-2.81564,7.5,Autumn,0.05,40,2
Barn Swallow,57.63514,-2.32596,7.5,Autumn,0.125,32,4
Barn Swallow,57.63514,-2.08112,7.5,Autumn,0.0769,39,3
Barn Swallow,57.63514,-1.83628,7.5,Autumn,0.2182,165,36
Barn Swallow,57.77027,-7.22272,7.5,Autumn,0.0556,18,1
Barn Swallow,57.77027,-5.75369,7.5,Autumn,0.1455,55,8
Barn Swallow,57.77027,-5.50885,7.5,Autumn,0.04,25,1
Barn Swallow,57.77027,-5.01918,7.5,Autumn,0.0909,22,2
Barn Swallow,57.77027,-4.28466,7.5,Autumn,0.25,4,1
Barn Swallow,57.77027,-4.03983,7.5,Autumn,0.2212,104,23
Barn Swallow,57.77027,-3.79499,7.5,Autumn,0.2849,172,49
Barn Swallow,57.77027,-3.55015,7.5,Autumn,0.1173,162,19
Barn Swallow,57.77027,-3.30531,7.5,Autumn,0.1436,202,29
Barn Swallow,57.90541,-5.26402,7.5,Autumn,0.0792,101,8
Barn Swallow,57.90541,-4.77434,7.5,Autumn,0.5,2,1
Barn Swallow,57.90541,-4.5295,7.5,Autumn,0.25,32,8
Barn Swallow,57.90541,-4.28466,7.5,Autumn,0.1628,86,14
Barn Swallow,57.90541,-4.03983,7.5,Autumn,0.1557,167,26
Barn Swallow,57.90541,-3.79499,7.5,Autumn,0.2632,76,20
Barn Swallow,58.04054,-5.50885,7.5,Autumn,0.5,2,1
Barn Swallow,58.04054,-4.5295,7.5,Autumn,0.125,24,3
Barn Swallow,58.04054,-4.28466,7.5,Autumn,0.0526,19,1
Barn Swallow,58.04054,-4.03983,7.5,Autumn,0.1429,14,2
Barn Swallow,58.04054,-3.79499,7.5,Autumn,0.2353,34,8
Barn Swallow,58.17568,-6.73304,7.5,Autumn,0.2143,14,3
Barn Swallow,58.17568,-6.48821,7.5,Autumn,0.1094,64,7
Barn Swallow,58.17568,-6.24337,7.5,Autumn,0.0139,72,1
Barn Swallow,58.17568,-5.26402,7.5,Autumn,0.08,50,4
Barn Swallow,58.17568,-3.55015,7.5,Autumn,0.3077,13,4
Barn Swallow,58.31081,-6.97788,7.5,Autumn,0.125,8,1
Barn Swallow,58.31081,-6.73304,7.5,Autumn,0.0575,87,5
Barn Swallow,58.31081,-6.48821,7.5,Autumn,0.0909,22,2
Barn Swallow,58.31081,-6.24337,7.5,Autumn,0.0769,117,9
Barn Swallow,58.31081,-5.26402,7.5,Autumn,0.2,10,2
Barn Swallow,58.31081,-5.01918,7.5,Autumn,0.1429,7,1
Barn Swallow,58.31081,-4.03983,7.5,Autumn,0.25,4,1
Barn Swallow,58.31081,-3.79499,7.5,Autumn,0.2143,14,3
Barn Swallow,58.31081,-3.30531,7.5,Autumn,0.2143,14,3
Barn Swallow,58.44595,-6.24337,7.5,Autumn,0.0734,109,8
Barn Swallow,58.44595,-4.77434,7.5,Autumn,1.0,2,2
Barn Swallow,58.44595,-3.79499,7.5,Autumn,0.125,8,1
Barn Swallow,58.44595,-3.55015,7.5,Autumn,0.5,4,2
Barn Swallow,58.44595,-3.30531,7.5,Autumn,0.3333,3,1
Barn Swallow,58.44595,-3.06047,7.5,Autumn,0.2593,54,14
Barn Swallow,58.58108,-6.24337,7.5,Autumn,0.0172,58,1
Barn Swallow,58.58108,-4.77434,7.5,Autumn,0.2273,66,15
Barn Swallow,58.58108,-4.03983,7.5,Autumn,0.0476,21,1
Barn Swallow,58.58108,-3.79499,7.5,Autumn,0.1111,9,1
Barn Swallow,58.58108,-3.55015,7.5,Autumn,0.2581,31,8
Barn Swallow,58.58108,-3.30531,7.5,Autumn,0.1509,53,8
Barn Swallow,58.58108,-3.06047,7.5,Autumn,0.0737,95,7
Barn Swallow,58.71622,-3.55015,7.5,Autumn,1.0,4,4
Barn Swallow,58.71622,-3.30531,7.5,Autumn,0.0556,18,1
Barn Swallow,58.71622,-3.06047,7.5,Autumn,0.1714,35,6
Barn Swallow,58.71622,-2.81564,7.5,Autumn,0.6,5,3
Barn Swallow,58.85135,-3.30531,7.5,Autumn,0.4286,14,6
Barn Swallow,58.85135,-3.06047,7.5,Autumn,0.1481,54,8
Barn Swallow,58.85135,-2.81564,7.5,Autumn,0.2,100,20
Barn Swallow,58.98649,-3.30531,7.5,Autumn,0.2548,157,40
Barn Swallow,58.98649,-3.06047,7.5,Autumn,0.1716,134,23
Barn Swallow,58.98649,-2.81564,7.5,Autumn,0.5408,98,53
Barn Swallow,59.12162,-3.30531,7.5,Autumn,0.3,100,30
Barn Swallow,59.12162,-3.06047,7.5,Autumn,0.1625,80,13
Barn Swallow,59.12162,-2.81564,7.5,Autumn,0.25,4,1
Barn Swallow,59.12162,-2.5708,7.5,Autumn,0.0732,41,3
Barn Swallow,59.25676,-2.81564,7.5,Autumn,0.5,2,1
Barn Swallow,59.25676,-2.5708,7.5,Autumn,0.625,8,5
Barn Swallow,59.25676,-2.32596,7.5,Autumn,0.3333,3,1
Barn Swallow,59.39189,-2.32596,7.5,Autumn,0.2722,327,89
Barn Swallow,59.52703,-1.59145,7.5,Autumn,0.3189,323,103
Barn Swallow,59.7973,-1.34661,7.5,Autumn,0.0536,168,9
Barn Swallow,59.93243,-1.34661,7.5,Autumn,0.1457,2628,383
Barn Swallow,59.93243,-1.10177,7.5,Autumn,0.0779,77,6
Barn Swallow,60.06757,-4.03983,7.5,Autumn,0.1429,7,1
Barn Swallow,60.06757,-2.08112,7.5,Autumn,0.25,16,4
Barn Swallow,60.06757,-1.34661,7.5,Autumn,0.0684,907,62
Barn Swallow,60.06757,-1.10177,7.5,Autumn,0.0514,253,13
Barn Swallow,60.2027,-1.59145,7.5,Autumn,0.0317,63,2
Barn Swallow,60.2027,-1.34661,7.5,Autumn,0.02,500,10
Barn Swallow,60.2027,-1.10177,7.5,Autumn,0.0303,824,25
Barn Swallow,60.33784,-1.59145,7.5,Autumn,0.0093,107,1
Barn Swallow,60.33784,-1.34661,7.5,Autumn,0.0756,397,30
Barn Swallow,60.33784,-1.10177,7.5,Autumn,0.0228,219,5
Barn Swallow,60.33784,-0.85693,7.5,Autumn,0.0645,31,2
Barn Swallow,60.47297,-1.59145,7.5,Autumn,0.0511,176,9
Barn Swallow,60.47297,-1.34661,7.5,Autumn,0.0083,240,2
Barn Swallow,60.47297,-1.10177,7.5,Autumn,0.0134,149,2
Barn Swallow,60.47297,-0.85693,7.5,Autumn,0.0278,36,1
Barn Swallow,60.60811,-0.85693,7.5,Autumn,0.0312,32,1
Barn Swallow,60.74324,-0.85693,7.5,Autumn,0.0551,798,44
Barn Swallow,60.87838,-0.85693,7.5,Autumn,0.04,125,5
Barn Swallow,54.66216,-5.01918,7.5,Spring,0.7059,17,12
Barn Swallow,54.66216,-4.77434,7.5,Spring,0.7333,75,55
Barn Swallow,54.66216,-4.28466,7.5,Spring,0.5556,9,5
Barn Swallow,54.7973,-5.26402,7.5,Spring,0.25,4,1
Barn Swallow,54.7973,-5.01918,7.5,Spring,0.4286,84,36
Barn Swallow,54.7973,-4.77434,7.5,Spring,0.1818,11,2
Barn Swallow,54.7973,-4.5295,7.5,Spring,0.4118,51,21
Barn Swallow,54.7973,-4.28466,7.5,Spring,0.4783,23,11
Barn Swallow,54.7973,-4.03983,7.5,Spring,0.1842,114,21
Barn Swallow,54.7973,-3.79499,7.5,Spring,0.5263,19,10
Barn Swallow,54.93243,-5.26402,7.5,Spring,0.25,4,1
Barn Swallow,54.93243,-5.01918,7.5,Spring,0.2836,134,38
Barn Swallow,54.93243,-4.77434,7.5,Spring,0.625,32,20
Barn Swallow,54.93243,-4.5295,7.5,Spring,0.4062,64,26
Barn Swallow,54.93243,-4.28466,7.5,Spring,0.2973,37,11
Barn Swallow,54.93243,-4.03983,7.5,Spring,0.4068,118,48
Barn Swallow,54.93243,-3.79499,7.5,Spring,0.3796,108,41
Barn Swallow,54.93243,-3.55015,7.5,Spring,0.2812,256,72
Barn Swallow,54.93243,-3.30531,7.5,Spring,0.25,36,9
Barn Swallow,54.93243,-3.06047,7.5,Spring,0.4906,53,26
Barn Swallow,55.06757,-5.26402,7.5,Spring,0.3,20,6
Barn Swallow,55.06757,-5.01918,7.5,Spring,0.1333,15,2
Barn Swallow,55.06757,-4.77434,7.5,Spring,0.875,8,7
Barn Swallow,55.06757,-4.5295,7.5,Spring,0.3286,70,23
Barn Swallow,55.06757,-4.28466,7.5,Spring,0.1429,28,4
Barn Swallow,55.06757,-4.03983,7.5,Spring,0.3288,73,24
Barn Swallow,55.06757,-3.79499,7.5,Spring,0.0476,21,1
Barn Swallow,55.06757,-3.55015,7.5,Spring,0.2099,243,51
Barn Swallow,55.06757,-3.30531,7.5,Spring,0.2152,79,17
Barn Swallow,55.06757,-3.06047,7.5,Spring,0.2188,32,7
Barn Swallow,55.2027,-5.01918,7.5,Spring,0.0952,21,2
Barn Swallow,55.2027,-4.77434,7.5,Spring,0.4375,32,14
Barn Swallow,55.2027,-4.5295,7.5,Spring,0.0238,42,1
Barn Swallow,55.2027,-4.28466,7.5,Spring,0.3529,17,6
Barn Swallow,55.2027,-4.03983,7.5,Spring,0.4,25,10
Barn Swallow,55.2027,-3.79499,7.5,Spring,0.2222,36,8
Barn Swallow,55.2027,-3.55015,7.5,Spring,0.1429,7,1
Barn Swallow,55.2027,-3.30531,7.5,Spring,0.5333,75,40
Barn Swallow,55.2027,-3.06047,7.5,Spring,0.3265,49,16
Barn Swallow,55.2027,-2.81564,7.5,Spring,0.2759,29,8
Barn Swallow,55.33784,-5.75369,7.5,Spring,0.2632,19,5
Barn Swallow,55.33784,-5.50885,7.5,Spring,0.5,4,2
Barn Swallow,55.33784,-4.77434,7.5,Spring,0.3913,92,36
Barn Swallow,55.33784,-4.5295,7.5,Spring,0.129,62,8
Barn Swallow,55.33784,-4.28466,7.5,Spring,0.3878,147,57
Barn Swallow,55.33784,-4.03983,7.5,Spring,0.1818,11,2
Barn Swallow,55.33784,-3.79499,7.5,Spring,0.3333,69,23
Barn Swallow,55.33784,-3.55015,7.5,Spring,0.24,100,24
Barn Swallow,55.33784,-3.30531,7.5,Spring,0.0556,18,1
Barn Swallow,55.33784,-3.06047,7.5,Spring,0.5,2,1
Barn Swallow,55.33784,-2.81564,7.5,Spring,0.1111,9,1
Barn Swallow,55.33784,-2.5708,7.5,Spring,0.3,10,3
Barn Swallow,55.47297,-5.75369,7.5,Spring,0.26,50,13
Barn Swallow,55.47297,-5.50885,7.5,Spring,0.2414,29,7
Barn Swallow,55.47297,-5.26402,7.5,Spring,0.2642,53,14
Barn Swallow,55.47297,-5.01918,7.5,Spring,0.4507,71,32
Barn Swallow,55.47297,-4.77434,7.5,Spring,0.0909,561,51
Barn Swallow,55.47297,-4.5295,7.5,Spring,0.1679,1120,188
Barn Swallow,55.47297,-4.28466,7.5,Spring,0.3333,36,12
Barn Swallow,55.47297,-3.79499,7.5,Spring,0.2269,119,27
Barn Swallow,55.47297,-3.55015,7.5,Spring,0.2845,116,33
Barn Swallow,55.47297,-3.30531,7.5,Spring,0.4848,66,32
Barn Swallow,55.47297,-3.06047,7.5,Spring,0.0769,13,1
Barn Swallow,55.47297,-2.81564,7.5,Spring,0.1373,51,7
Barn Swallow,55.47297,-2.5708,7.5,Spring,0.1731,52,9
Barn Swallow,55.47297,-2.32596,7.5,Spring,0.2,5,1
Barn Swallow,55.60811,-6.24337,7.5,Spring,0.3165,237,75
Barn Swallow,55.60811,-5.99853,7.5,Spring,0.25,16,4
Barn Swallow,55.60811,-5.75369,7.5,Spring,0.2059,34,7
Barn Swallow,55.60811,-5.50885,7.5,Spring,0.25,16,4
Barn Swallow,55.60811,-5.26402,7.5,Spring,0.3795,166,63
Barn Swallow,55.60811,-5.01918,7.5,Spring,0.3529,34,12
Barn Swallow,55.60811,-4.77434,7.5,Spring,0.0823,3607,297
Barn Swallow,55.60811,-4.5295,7.5,Spring,0.157,21683,3404
Barn Swallow,55.60811,-4.28466,7.5,Spring,0.0615,65,4
Barn Swallow,55.60811,-4.03983,7.5,Spring,0.3333,18,6
Barn Swallow,55.60811,-3.79499,7.5,Spring,0.2105,38,8
Barn Swallow,55.60811,-3.55015,7.5,Spring,0.3506,77,27
Barn Swallow,55.60811,-3.30531,7.5,Spring,0.3093,97,30
Barn Swallow,55.60811,-3.06047,7.5,Spring,0.4483,58,26
Barn Swallow,55.60811,-2.81564,7.5,Spring,0.252,127,32
Barn Swallow,55.60811,-2.5708,7.5,Spring,0.1562,64,10
Barn Swallow,55.60811,-2.32596,7.5,Spring,0.25,44,11
Barn Swallow,55.74324,-6.48821,7.5,Spring,0.1975,81,16
Barn Swallow,55.74324,-6.24337,7.5,Spring,0.1679,131,22
Barn Swallow,55.74324,-5.99853,7.5,Spring,0.1852,27,5
Barn Swallow,55.74324,-5.75369,7.5,Spring,0.0117,3418,40
Barn Swallow,55.74324,-5.50885,7.5,Spring,0.275,40,11
Barn Swallow,55.74324,-5.26402,7.5,Spring,0.3947,38,15
Barn Swallow,55.74324,-5.01918,7.5,Spring,0.3241,108,35
Barn Swallow,55.74324,-4.77434,7.5,Spring,0.1452,124,18
Barn Swallow,55.74324,-4.5295,7.5,Spring,0.3162,468,148
Barn Swallow,55.74324,-4.28466,7.5,Spring,0.1263,998,126
Barn Swallow,55.74324,-4.03983,7.5,Spring,0.1333,315,42
Barn Swallow,55.74324,-3.79499,7.5,Spring,0.3077,52,16
Barn Swallow,55.74324,-3.55015,7.5,Spring,0.3947,38,15
Barn Swallow,55.74324,-3.30531,7.5,Spring,0.2969,64,19
Barn Swallow,55.74324,-3.06047,7.5,Spring,0.2387,398,95
Barn Swallow,55.74324,-2.81564,7.5,Spring,0.1,30,3
Barn Swallow,55.74324,-2.5708,7.5,Spring,0.3636,11,4
Barn Swallow,55.74324,-2.32596,7.5,Spring,0.2143,14,3
Barn Swallow,55.74324,-2.08112,7.5,Spring,0.1905,42,8
Barn Swallow,55.87838,-6.48821,7.5,Spring,0.4167,24,10
Barn Swallow,55.87838,-6.24337,7.5,Spring,0.3091,110,34
Barn Swallow,55.87838,-5.99853,7.5,Spring,0.4167,48,20
Barn Swallow,55.87838,-5.75369,7.5,Spring,0.6667,3,2
Barn Swallow,55.87838,-5.50885,7.5,Spring,0.2667,30,8
Barn Swallow,55.87838,-5.26402,7.5,Spring,0.2927,41,12
Barn Swallow,55.87838,-5.01918,7.5,Spring,0.3929,56,22
Barn Swallow,55.87838,-4.77434,7.5,Spring,0.1695,59,10
Barn Swallow,55.87838,-4.5295,7.5,Spring,0.0852,458,39
Barn Swallow,55.87838,-4.28466,7.5,Spring,0.0572,2168,124
Barn Swallow,55.87838,-4.03983,7.5,Spring,0.1085,258,28
Barn Swallow,55.87838,-3.79499,7.5,Spring,0.234,47,11
Barn Swallow,55.87838,-3.55015,7.5,Spring,0.1416,219,31
Barn Swallow,55.87838,-3.30531,7.5,Spring,0.1062,2071,220
Barn Swallow,55.87838,-3.06047,7.5,Spring,0.1751,2165,379
Barn Swallow,55.87838,-2.81564,7.5,Spring,0.1674,239,40
Barn Swallow,55.87838,-2.5708,7.5,Spring,0.2241,232,52
Barn Swallow,55.87838,-2.32596,7.5,Spring,0.3432,169,58
Barn Swallow,55.87838,-2.08112,7.5,Spring,0.4375,288,126
Barn Swallow,56.01351,-6.24337,7.5,Spring,0.5588,34,19
Barn Swallow,56.01351,-5.99853,7.5,Spring,0.8182,11,9
Barn Swallow,56.01351,-5.75369,7.5,Spring,0.5263,19,10
Barn Swallow,56.01351,-5.50885,7.5,Spring,0.3505,97,34
Barn Swallow,56.01351,-5.26402,7.5,Spring,0.2444,45,11
Barn Swallow,56.01351,-5.01918,7.5,Spring,0.3114,167,52
Barn Swallow,56.01351,-4.77434,7.5,Spring,0.1481,189,28
Barn Swallow,56.01351,-4.5295,7.5,Spring,0.2851,435,124
Barn Swallow,56.01351,-4.28466,7.5,Spring,0.2171,175,38
Barn Swallow,56.01351,-4.03983,7.5,Spring,0.1538,39,6
Barn Swallow,56.01351,-3.79499,7.5,Spring,0.2898,421,122
Barn Swallow,56.01351,-3.55015,7.5,Spring,0.1623,493,80
Barn Swallow,56.01351,-3.30531,7.5,Spring,0.0747,2906,217
Barn Swallow,56.01351,-3.06047,7.5,Spring,0.2097,2432,510
Barn Swallow,56.01351,-2.81564,7.5,Spring,0.2619,928,243
Barn Swallow,56.01351,-2.5708,7.5,Spring,0.3024,754,228
Barn Swallow,56.01351,-2.32596,7.5,Spring,0.4267,300,128
Barn Swallow,56.14865,-6.24337,7.5,Spring,0.3636,11,4
Barn Swallow,56.14865,-5.50885,7.5,Spring,0.4231,78,33
Barn Swallow,56.14865,-5.26402,7.5,Spring,0.3929,28,11
Barn Swallow,56.14865,-5.01918,7.5,Spring,0.28,25,7
Barn Swallow,56.14865,-4.77434,7.5,Spring,0.2857,77,22
Barn Swallow,56.14865,-4.5295,7.5,Spring,0.312,234,73
Barn Swallow,56.14865,-4.28466,7.5,Spring,0.2333,180,42
Barn Swallow,56.14865,-4.03983,7.5,Spring,0.1981,535,106
Barn Swallow,56.14865,-3.79499,7.5,Spring,0.2518,695,175
Barn Swallow,56.14865,-3.55015,7.5,Spring,0.1963,219,43
Barn Swallow,56.14865,-3.30531,7.5,Spring,0.3052,652,199
Barn Swallow,56.14865,-3.06047,7.5,Spring,0.2536,422,107
Barn Swallow,56.14865,-2.81564,7.5,Spring,0.3509,399,140
Barn Swallow,56.14865,-2.5708,7.5,Spring,0.3457,243,84
Barn Swallow,56.28378,-6.48821,7.5,Spring,0.5029,342,172
Barn Swallow,56.28378,-6.24337,7.5,Spring,0.3684,133,49
Barn Swallow,56.28378,-5.99853,7.5,Spring,0.381,21,8
Barn Swallow,56.28378,-5.75369,7.5,Spring,0.2941,17,5
Barn Swallow,56.28378,-5.50885,7.5,Spring,0.4091,44,18
Barn Swallow,56.28378,-5.26402,7.5,Spring,0.5,4,2
Barn Swallow,56.28378,-5.01918,7.5,Spring,0.4483,58,26
Barn Swallow,56.28378,-4.77434,7.5,Spring,0.3372,86,29
Barn Swallow,56.28378,-4.5295,7.5,Spring,0.3214,56,18
Barn Swallow,56.28378,-4.28466,7.5,Spring,0.2491,269,67
Barn Swallow,56.28378,-4.03983,7.5,Spring,0.186,43,8
Barn Swallow,56.28378,-3.79499,7.5,Spring,0.1981,106,21
Barn Swallow,56.28378,-3.55015,7.5,Spring,0.1875,32,6
Barn Swallow,56.28378,-3.30531,7.5,Spring,0.2534,146,37
Barn Swallow,56.28378,-3.06047,7.5,Spring,0.2766,546,151
Barn Swallow,56.28378,-2.81564,7.5,Spring,0.247,1514,374
Barn Swallow,56.28378,-2.5708,7.5,Spring,0.3739,559,209
Barn Swallow,56.41892,-6.97788,7.5,Spring,0.3214,28,9
Barn Swallow,56.41892,-6.24337,7.5,Spring,0.2034,177,36
Barn Swallow,56.41892,-5.99853,7.5,Spring,0.207,401,83
Barn Swallow,56.41892,-5.75369,7.5,Spring,0.3377,385,130
Barn Swallow,56.41892,-5.50885,7.5,Spring,0.1313,396,52
Barn Swallow,56.41892,-5.26402,7.5,Spring,0.1026,39,4
Barn Swallow,56.41892,-5.01918,7.5,Spring,0.4384,73,32
Barn Swallow,56.41892,-4.77434,7.5,Spring,0.3333,54,18
Barn Swallow,56.41892,-4.5295,7.5,Spring,0.275,40,11
Barn Swallow,56.41892,-4.28466,7.5,Spring,0.3605,86,31
Barn Swallow,56.41892,-4.03983,7.5,Spring,0.2213,122,27
Barn Swallow,56.41892,-3.79499,7.5,Spring,0.15,80,12
Barn Swallow,56.41892,-3.55015,7.5,Spring,0.1597,238,38
Barn Swallow,56.41892,-3.30531,7.5,Spring,0.2452,261,64
Barn Swallow,56.41892,-3.06047,7.5,Spring,0.0944,540,51
Barn Swallow,56.41892,-2.81564,7.5,Spring,0.2458,655,161
Barn Swallow,56.55405,-6.97788,7.5,Spring,0.1515,33,5
Barn Swallow,56.55405,-6.73304,7.5,Spring,0.2353,34,8
Barn Swallow,56.55405,-6.48821,7.5,Spring,0.0403,149,6
Barn Swallow,56.55405,-6.24337,7.5,Spring,0.2692,182,49
Barn Swallow,56.55405,-5.99853,7.5,Spring,0.265,283,75
Barn Swallow,56.55405,-5.75369,7.5,Spring,0.2278,158,36
Barn Swallow,56.55405,-5.50885,7.5,Spring,0.5176,85,44
Barn Swallow,56.55405,-5.26402,7.5,Spring,0.28,50,14
Barn Swallow,56.55405,-4.77434,7.5,Spring,0.2,40,8
Barn Swallow,56.55405,-4.5295,7.5,Spring,0.5,2,1
Barn Swallow,56.55405,-4.28466,7.5,Spring,0.2941,17,5
Barn Swallow,56.55405,-4.03983,7.5,Spring,0.2,55,11
Barn Swallow,56.55405,-3.79499,7.5,Spring,0.2568,74,19
Barn Swallow,56.55405,-3.55015,7.5,Spring,0.2789,294,82
Barn Swallow,56.55405,-3.30531,7.5,Spring,0.1852,54,10
Barn Swallow,56.55405,-3.06047,7.5,Spring,0.26,50,13
Barn Swallow,56.55405,-2.81564,7.5,Spring,0.2182,55,12
Barn Swallow,56.55405,-2.5708,7.5,Spring,0.1835,109,20
Barn Swallow,56.68919,-6.73304,7.5,Spring,0.25,4,1
Barn Swallow,56.68919,-6.48821,7.5,Spring,0.381,42,16
Barn Swallow,56.68919,-6.24337,7.5,Spring,0.2143,84,18
Barn Swallow,56.68919,-5.99853,7.5,Spring,0.1463,205,30
Barn Swallow,56.68919,-5.75369,7.5,Spring,0.1458,96,14
Barn Swallow,56.68919,-5.50885,7.5,Spring,0.1757,74,13
Barn Swallow,56.68919,-5.26402,7.5,Spring,0.2832,113,32
Barn Swallow,56.68919,-5.01918,7.5,Spring,0.1023,215,22
Barn Swallow,56.68919,-4.77434,7.5,Spring,0.2069,29,6
Barn Swallow,56.68919,-4.5295,7.5,Spring,0.2,10,2
Barn Swallow,56.68919,-4.03983,7.5,Spring,0.1957,46,9
Barn Swallow,56.68919,-3.79499,7.5,Spring,0.2241,290,65
Barn Swallow,56.68919,-3.55015,7.5,Spring,0.4231,26,11
Barn Swallow,56.68919,-3.30531,7.5,Spring,0.241,83,20
Barn Swallow,56.68919,-3.06047,7.5,Spring,0.2652,181,48
Barn Swallow,56.68919,-2.81564,7.5,Spring,0.2072,111,23
Barn Swallow,56.68919,-2.5708,7.5,Spring,0.2134,253,54
Barn Swallow,56.68919,-2.32596,7.5,Spring,0.2273,22,5
Barn Swallow,56.82432,-7.46756,7.5,Spring,0.8,5,4
Barn Swallow,56.82432,-6.24337,7.5,Spring,0.36,25,9
Barn Swallow,56.82432,-5.99853,7.5,Spring,0.1765,17,3
Barn Swallow,56.82432,-5.75369,7.5,Spring,0.2169,83,18
Barn Swallow,56.82432,-5.50885,7.5,Spring,0.2326,86,20
Barn Swallow,56.82432,-5.26402,7.5,Spring,0.0357,28,1
Barn Swallow,56.82432,-5.01918,7.5,Spring,0.1367,256,35
Barn Swallow,56.82432,-4.77434,7.5,Spring,0.3,30,9
Barn Swallow,56.82432,-4.28466,7.5,Spring,0.2353,17,4
Barn Swallow,56.82432,-4.03983,7.5,Spring,0.2,45,9
Barn Swallow,56.82432,-3.79499,7.5,Spring,0.2712,59,16
Barn Swallow,56.82432,-3.55015,7.5,Spring,0.0526,19,1
Barn Swallow,56.82432,-3.30531,7.5,Spring,0.1532,111,17
Barn Swallow,56.82432,-3.06047,7.5,Spring,0.4,25,10
Barn Swallow,56.82432,-2.81564,7.5,Spring,0.1,10,1
Barn Swallow,56.82432,-2.5708,7.5,Spring,0.3228,127,41
Barn Swallow,56.82432,-2.32596,7.5,Spring,0.2821,78,22
Barn Swallow,56.95946,-7.46756,7.5,Spring,0.2195,82,18
Barn Swallow,56.95946,-6.73304,7.5,Spring,0.5,2,1
Barn Swallow,56.95946,-6.24337,7.5,Spring,0.3056,108,33
Barn Swallow,56.95946,-5.99853,7.5,Spring,0.0909,11,1
Barn Swallow,56.95946,-5.75369,7.5,Spring,0.2457,175,43
Barn Swallow,56.95946,-5.01918,7.5,Spring,0.2826,46,13
Barn Swallow,56.95946,-4.77434,7.5,Spring,0.1818,11,2
Barn Swallow,56.95946,-4.5295,7.5,Spring,0.4182,55,23
Barn Swallow,56.95946,-4.28466,7.5,Spring,0.2747,91,25
Barn Swallow,56.95946,-3.79499,7.5,Spring,0.2857,7,2
Barn Swallow,56.95946,-3.55015,7.5,Spring,0.2982,57,17
Barn Swallow,56.95946,-3.30531,7.5,Spring,0.1215,107,13
Barn Swallow,56.95946,-3.06047,7.5,Spring,0.087,23,2
Barn Swallow,56.95946,-2.81564,7.5,Spring,0.4,10,4
Barn Swallow,56.95946,-2.5708,7.5,Spring,0.2857,21,6
Barn Swallow,56.95946,-2.32596,7.5,Spring,0.3108,74,23
Barn Swallow,56.95946,-2.08112,7.5,Spring,0.3383,269,91
Barn Swallow,57.09459,-7.46756,7.5,Spring,0.3,60,18
Barn Swallow,57.09459,-7.22272,7.5,Spring,0.0923,65,6
Barn Swallow,57.09459,-6.48821,7.5,Spring,0.4667,30,14
Barn Swallow,57.09459,-5.99853,7.5,Spring,0.12,100,12
Barn Swallow,57.09459,-5.75369,7.5,Spring,0.3,50,15
Barn Swallow,57.09459,-4.77434,7.5,Spring,0.3509,114,40
Barn Swallow,57.09459,-4.5295,7.5,Spring,0.125,8,1
Barn Swallow,57.09459,-4.28466,7.5,Spring,0.2,5,1
Barn Swallow,57.09459,-4.03983,7.5,Spring,0.2102,709,149
Barn Swallow,57.09459,-3.79499,7.5,Spring,0.088,375,33
Barn Swallow,57.09459,-3.55015,7.5,Spring,0.0485,433,21
Barn Swallow,57.09459,-3.30531,7.5,Spring,0.0513,78,4
Barn Swallow,57.09459,-3.06047,7.5,Spring,0.1304,69,9
Barn Swallow,57.09459,-2.81564,7.5,Spring,0.2713,188,51
Barn Swallow,57.09459,-2.5708,7.5,Spring,0.25,64,16
Barn Swallow,57.09459,-2.32596,7.5,Spring,0.1573,89,14
Barn Swallow,57.09459,-2.08112,7.5,Spring,0.2558,1560,399
Barn Swallow,57.22973,-7.46756,7.5,Spring,0.271,214,58
Barn Swallow,57.22973,-7.22272,7.5,Spring,0.06,50,3
Barn Swallow,57.22973,-6.48821,7.5,Spring,0.2609,23,6
Barn Swallow,57.22973,-6.24337,7.5,Spring,0.0609,115,7
Barn Swallow,57.22973,-5.99853,7.5,Spring,0.2127,315,67
Barn Swallow,57.22973,-5.75369,7.5,Spring,0.1509,159,24
Barn Swallow,57.22973,-5.50885,7.5,Spring,0.1719,128,22
Barn Swallow,57.22973,-5.26402,7.5,Spring,0.2,5,1
Barn Swallow,57.22973,-5.01918,7.5,Spring,0.1951,41,8
Barn Swallow,57.22973,-4.77434,7.5,Spring,0.2941,34,10
Barn Swallow,57.22973,-4.5295,7.5,Spring,0.2,45,9
Barn Swallow,57.22973,-4.28466,7.5,Spring,0.1818,11,2
Barn Swallow,57.22973,-4.03983,7.5,Spring,0.2183,252,55
Barn Swallow,57.22973,-3.79499,7.5,Spring,0.1214,2240,272
Barn Swallow,57.22973,-3.55015,7.5,Spring,0.1232,560,69
Barn Swallow,57.22973,-3.30531,7.5,Spring,0.2439,123,30
Barn Swallow,57.22973,-3.06047,7.5,Spring,0.9,10,9
Barn Swallow,57.22973,-2.81564,7.5,Spring,0.25,24,6
Barn Swallow,57.22973,-2.5708,7.5,Spring,0.3,20,6
Barn Swallow,57.22973,-2.32596,7.5,Spring,0.1923,52,10
Barn Swallow,57.22973,-2.08112,7.5,Spring,0.1578,488,77
Barn Swallow,57.36486,-7.46756,7.5,Spring,0.1457,199,29
Barn Swallow,57.36486,-7.22272,7.5,Spring,0.042,119,5
Barn Swallow,57.36486,-6.73304,7.5,Spring,0.023,87,2
Barn Swallow,57.36486,-6.48821,7.5,Spring,0.1299,77,10
Barn Swallow,57.36486,-6.24337,7.5,Spring,0.1033,242,25
Barn Swallow,57.36486,-5.99853,7.5,Spring,0.0732,41,3
Barn Swallow,57.36486,-5.75369,7.5,Spring,0.2319,69,16
Barn Swallow,57.36486,-5.50885,7.5,Spring,0.1186,59,7
Barn Swallow,57.36486,-5.01918,7.5,Spring,0.2667,15,4
Barn Swallow,57.36486,-4.77434,7.5,Spring,0.3023,86,26
Barn Swallow,57.36486,-4.5295,7.5,Spring,0.2647,272,72
Barn Swallow,57.36486,-4.28466,7.5,Spring,0.2042,333,68
Barn Swallow,57.36486,-4.03983,7.5,Spring,0.1271,118,15
Barn Swallow,57.36486,-3.79499,7.5,Spring,0.086,407,35
Barn Swallow,57.36486,-3.55015,7.5,Spring,0.1079,445,48
Barn Swallow,57.36486,-3.30531,7.5,Spring,0.3488,43,15
Barn Swallow,57.36486,-2.81564,7.5,Spring,0.1429,14,2
Barn Swallow,57.36486,-2.5708,7.5,Spring,0.48,25,12
Barn Swallow,57.36486,-2.32596,7.5,Spring,0.5333,30,16
Barn Swallow,57.36486,-2.08112,7.5,Spring,0.2956,274,81
Barn Swallow,57.36486,-1.83628,7.5,Spring,0.2319,69,16
Barn Swallow,57.5,-7.46756,7.5,Spring,0.2857,266,76
Barn Swallow,57.5,-7.22272,7.5,Spring,0.1457,151,22
Barn Swallow,57.5,-6.73304,7.5,Spring,0.1303,445,58
Barn Swallow,57.5,-6.48821,7.5,Spring,0.1008,129,13
Barn Swallow,57.5,-6.24337,7.5,Spring,0.097,165,16
Barn Swallow,57.5,-5.75369,7.5,Spring,0.3404,47,16
Barn Swallow,57.5,-5.50885,7.5,Spring,0.2105,38,8
Barn Swallow,57.5,-5.01918,7.5,Spring,0.0714,14,1
Barn Swallow,57.5,-4.77434,7.5,Spring,0.2857,7,2
Barn Swallow,57.5,-4.5295,7.5,Spring,0.1979,192,38
Barn Swallow,57.5,-4.28466,7.5,Spring,0.2317,915,212
Barn Swallow,57.5,-4.03983,7.5,Spring,0.2793,691,193
Barn Swallow,57.5,-3.79499,7.5,Spring,0.2051,39,8
Barn Swallow,57.5,-3.55015,7.5,Spring,0.1923,26,5
Barn Swallow,57.5,-3.30531,7.5,Spring,0.3265,49,16
Barn Swallow,57.5,-3.06047,7.5,Spring,0.1875,32,6
Barn Swallow,57.5,-2.81564,7.5,Spring,0.2692,26,7
Barn Swallow,57.5,-2.32596,7.5,Spring,0.2558,43,11
Barn Swallow,57.5,-2.08112,7.5,Spring,0.1957,46,9
Barn Swallow,57.5,-1.83628,7.5,Spring,0.25,128,32
Barn Swallow,57.63514,-7.46756,7.5,Spring,0.3231,489,158
Barn Swallow,57.63514,-7.22272,7.5,Spring,0.0813,123,10
Barn Swallow,57.63514,-6.48821,7.5,Spring,0.1756,131,23
Barn Swallow,57.63514,-6.24337,7.5,Spring,0.1639,360,59
Barn Swallow,57.63514,-5.75369,7.5,Spring,0.6786,56,38
Barn Swallow,57.63514,-5.50885,7.5,Spring,0.3158,19,6
Barn Swallow,57.63514,-5.26402,7.5,Spring,0.1111,54,6
Barn Swallow,57.63514,-5.01918,7.5,Spring,0.3182,22,7
Barn Swallow,57.63514,-4.77434,7.5,Spring,0.1842,38,7
Barn Swallow,57.63514,-4.5295,7.5,Spring,0.2738,168,46
Barn Swallow,57.63514,-4.28466,7.5,Spring,0.15,160,24
Barn Swallow,57.63514,-4.03983,7.5,Spring,0.239,569,136
Barn Swallow,57.63514,-3.79499,7.5,Spring,0.157,223,35
Barn Swallow,57.63514,-3.55015,7.5,Spring,0.1128,328,37
Barn Swallow,57.63514,-3.30531,7.5,Spring,0.2802,232,65
Barn Swallow,57.63514,-3.06047,7.5,Spring,0.3653,167,61
Barn Swallow,57.63514,-2.81564,7.5,Spring,0.1494,87,13
Barn Swallow,57.63514,-2.5708,7.5,Spring,0.1832,131,24
Barn Swallow,57.63514,-2.32596,7.5,Spring,0.4218,147,62
Barn Swallow,57.63514,-2.08112,7.5,Spring,0.1961,51,10
Barn Swallow,57.63514,-1.83628,7.5,Spring,0.5474,232,127
Barn Swallow,57.77027,-8.69175,7.5,Spring,0.3077,65,20
Barn Swallow,57.77027,-8.44691,7.5,Spring,0.2174,23,5
Barn Swallow,57.77027,-7.22272,7.5,Spring,0.1515,66,10
Barn Swallow,57.77027,-6.97788,7.5,Spring,0.0441,68,3
Barn Swallow,57.77027,-5.75369,7.5,Spring,0.2366,131,31
Barn Swallow,57.77027,-5.50885,7.5,Spring,0.25,84,21
Barn Swallow,57.77027,-5.01918,7.5,Spring,0.2041,49,10
Barn Swallow,57.77027,-4.28466,7.5,Spring,0.25,40,10
Barn Swallow,57.77027,-4.03983,7.5,Spring,0.2736,201,55
Barn Swallow,57.77027,-3.79499,7.5,Spring,0.3518,199,70
Barn Swallow,57.77027,-3.55015,7.5,Spring,0.1911,157,30
Barn Swallow,57.77027,-3.30531,7.5,Spring,0.1273,165,21
Barn Swallow,57.77027,-2.81564,7.5,Spring,0.2195,41,9
Barn Swallow,57.90541,-6.97788,7.5,Spring,0.044,91,4
Barn Swallow,57.90541,-6.73304,7.5,Spring,0.069,58,4
Barn Swallow,57.90541,-5.75369,7.5,Spring,0.0968,31,3
Barn Swallow,57.90541,-5.50885,7.5,Spring,0.1966,117,23
Barn Swallow,57.90541,-5.26402,7.5,Spring,0.1538,130,20
Barn Swallow,57.90541,-4.5295,7.5,Spring,0.3333,18,6
Barn Swallow,57.90541,-4.28466,7.5,Spring,0.113,115,13
Barn Swallow,57.90541,-4.03983,7.5,Spring,0.1963,326,64
Barn Swallow,57.90541,-3.79499,7.5,Spring,0.3714,70,26
Barn Swallow,58.04054,-7.22272,7.5,Spring,0.25,4,1
Barn Swallow,58.04054,-6.48821,7.5,Spring,0.0968,31,3
Barn Swallow,58.04054,-5.50885,7.5,Spring,0.1667,6,1
Barn Swallow,58.04054,-4.5295,7.5,Spring,0.2951,61,18
Barn Swallow,58.04054,-4.28466,7.5,Spring,0.1273,55,7
Barn Swallow,58.04054,-4.03983,7.5,Spring,0.1967,61,12
Barn Swallow,58.04054,-3.79499,7.5,Spring,0.32,75,24
Barn Swallow,58.17568,-6.97788,7.5,Spring,0.0488,41,2
Barn Swallow,58.17568,-6.73304,7.5,Spring,0.1628,86,14
Barn Swallow,58.17568,-6.48821,7.5,Spring,0.0592,169,10
Barn Swallow,58.17568,-6.24337,7.5,Spring,0.1558,77,12
Barn Swallow,58.17568,-5.26402,7.5,Spring,0.1308,130,17
Barn Swallow,58.17568,-5.01918,7.5,Spring,0.0357,28,1
Barn Swallow,58.17568,-4.5295,7.5,Spring,0.1111,9,1
Barn Swallow,58.17568,-4.03983,7.5,Spring,0.75,8,6
Barn Swallow,58.17568,-3.79499,7.5,Spring,0.3846,13,5
Barn Swallow,58.17568,-3.55015,7.5,Spring,0.3684,19,7
Barn Swallow,58.17568,-1.83628,7.5,Spring,1.0,1,1
Barn Swallow,58.31081,-6.73304,7.5,Spring,0.1667,84,14
Barn Swallow,58.31081,-6.48821,7.5,Spring,0.1724,58,10
Barn Swallow,58.31081,-6.24337,7.5,Spring,0.1926,135,26
Barn Swallow,58.31081,-5.26402,7.5,Spring,0.1395,43,6
Barn Swallow,58.31081,-5.01918,7.5,Spring,0.0465,43,2
Barn Swallow,58.31081,-4.77434,7.5,Spring,1.0,1,1
Barn Swallow,58.31081,-4.5295,7.5,Spring,0.6429,14,9
Barn Swallow,58.31081,-4.03983,7.5,Spring,0.3333,3,1
Barn Swallow,58.31081,-3.79499,7.5,Spring,0.5806,31,18
Barn Swallow,58.31081,-3.55015,7.5,Spring,0.0714,14,1
Barn Swallow,58.31081,-3.30531,7.5,Spring,0.2632,19,5
Barn Swallow,58.31081,-3.06047,7.5,Spring,0.0556,18,1
Barn Swallow,58.44595,-6.48821,7.5,Spring,0.25,12,3
Barn Swallow,58.44595,-6.24337,7.5,Spring,0.3208,106,34
Barn Swallow,58.44595,-5.26402,7.5,Spring,0.1798,89,16
Barn Swallow,58.44595,-5.01918,7.5,Spring,0.129,31,4
Barn Swallow,58.44595,-4.5295,7.5,Spring,0.3214,28,9
Barn Swallow,58.44595,-4.03983,7.5,Spring,1.0,1,1
Barn Swallow,58.44595,-3.55015,7.5,Spring,0.0909,11,1
Barn Swallow,58.44595,-3.30531,7.5,Spring,0.1905,21,4
Barn Swallow,58.44595,-3.06047,7.5,Spring,0.3448,87,30
Barn Swallow,58.44595,0.36726,7.5,Spring,1.0,2,2
Barn Swallow,58.58108,-6.24337,7.5,Spring,0.1831,71,13
Barn Swallow,58.58108,-4.77434,7.5,Spring,0.3423,149,51
Barn Swallow,58.58108,-4.5295,7.5,Spring,1.0,1,1
Barn Swallow,58.58108,-4.28466,7.5,Spring,0.3182,22,7
Barn Swallow,58.58108,-4.03983,7.5,Spring,0.5263,19,10
Barn Swallow,58.58108,-3.79499,7.5,Spring,0.2647,34,9
Barn Swallow,58.58108,-3.55015,7.5,Spring,0.2842,95,27
Barn Swallow,58.58108,-3.30531,7.5,Spring,0.2,100,20
Barn Swallow,58.58108,-3.06047,7.5,Spring,0.2887,142,41
Barn Swallow,58.71622,-3.30531,7.5,Spring,0.314,86,27
Barn Swallow,58.71622,-3.06047,7.5,Spring,0.4375,32,14
Barn Swallow,58.85135,-3.30531,7.5,Spring,0.1443,97,14
Barn Swallow,58.85135,-3.06047,7.5,Spring,0.3636,66,24
Barn Swallow,58.85135,-2.81564,7.5,Spring,0.2783,115,32
Barn Swallow,58.98649,-3.30531,7.5,Spring,0.1973,299,59
Barn Swallow,58.98649,-3.06047,7.5,Spring,0.2229,323,72
Barn Swallow,58.98649,-2.81564,7.5,Spring,0.4906,106,52
Barn Swallow,59.12162,-3.30531,7.5,Spring,0.2807,228,64
Barn Swallow,59.12162,-3.06047,7.5,Spring,0.1703,182,31
Barn Swallow,59.12162,-2.81564,7.5,Spring,0.1333,15,2
Barn Swallow,59.12162,-2.5708,7.5,Spring,0.2857,7,2
Barn Swallow,59.25676,-3.06047,7.5,Spring,0.5556,27,15
Barn Swallow,59.25676,-2.81564,7.5,Spring,0.0435,23,1
Barn Swallow,59.25676,-2.5708,7.5,Spring,0.25,8,2
Barn Swallow,59.39189,-3.06047,7.5,Spring,0.1905,21,4
Barn Swallow,59.39189,-2.81564,7.5,Spring,0.3333,24,8
Barn Swallow,59.39189,-2.32596,7.5,Spring,0.5407,344,186
Barn Swallow,59.52703,-1.59145,7.5,Spring,0.4364,456,199
Barn Swallow,59.7973,-1.34661,7.5,Spring,0.1657,175,29
Barn Swallow,59.93243,-1.34661,7.5,Spring,0.1608,1629,262
Barn Swallow,59.93243,-1.10177,7.5,Spring,0.0153,131,2
Barn Swallow,60.06757,-2.08112,7.5,Spring,0.2727,22,6
Barn Swallow,60.06757,-1.34661,7.5,Spring,0.1098,437,48
Barn Swallow,60.06757,-1.10177,7.5,Spring,0.0569,123,7
Barn Swallow,60.2027,-1.59145,7.5,Spring,0.0816,49,4
Barn Swallow,60.2027,-1.34661,7.5,Spring,0.0672,134,9
Barn Swallow,60.2027,-1.10177,7.5,Spring,0.0594,488,29
Barn Swallow,60.33784,-1.59145,7.5,Spring,0.0588,34,2
Barn Swallow,60.33784,-1.10177,7.5,Spring,0.0385,26,1
Barn Swallow,60.47297,-1.59145,7.5,Spring,0.0704,71,5
Barn Swallow,60.47297,-1.10177,7.5,Spring,0.0345,58,2
Barn Swallow,60.47297,-0.85693,7.5,Spring,0.2692,26,7
Barn Swallow,60.60811,-1.34661,7.5,Spring,0.1667,24,4
Barn Swallow,60.60811,-0.85693,7.5,Spring,0.0897,78,7
Barn Swallow,60.74324,-1.10177,7.5,Spring,0.05,20,1
Barn Swallow,60.74324,-0.85693,7.5,Spring,0.0935,385,36
Barn Swallow,60.87838,-0.85693,7.5,Spring,0.114,114,13
Barn Swallow,54.66216,-5.01918,7.5,Summer,0.4167,12,5
Barn Swallow,54.66216,-4.77434,7.5,Summer,0.6047,43,26
Barn Swallow,54.66216,-4.28466,7.5,Summer,0.5455,11,6
Barn Swallow,54.7973,-5.01918,7.5,Summer,0.4909,55,27
Barn Swallow,54.7973,-4.77434,7.5,Summer,0.375,8,3
Barn Swallow,54.7973,-4.5295,7.5,Summer,0.6765,34,23
Barn Swallow,54.7973,-4.28466,7.5,Summer,0.5185,27,14
Barn Swallow,54.7973,-4.03983,7.5,Summer,0.4783,46,22
Barn Swallow,54.7973,-3.79499,7.5,Summer,0.6364,22,14
Barn Swallow,54.93243,-5.26402,7.5,Summer,0.5,2,1
Barn Swallow,54.93243,-5.01918,7.5,Summer,0.3378,74,25
Barn Swallow,54.93243,-4.77434,7.5,Summer,0.6923,13,9
Barn Swallow,54.93243,-4.5295,7.5,Summer,0.4615,52,24
Barn Swallow,54.93243,-4.28466,7.5,Summer,0.5714,35,20
Barn Swallow,54.93243,-4.03983,7.5,Summer,0.5849,106,62
Barn Swallow,54.93243,-3.79499,7.5,Summer,0.8684,76,66
Barn Swallow,54.93243,-3.55015,7.5,Summer,0.5965,171,102
Barn Swallow,54.93243,-3.30531,7.5,Summer,0.7727,22,17
Barn Swallow,54.93243,-3.06047,7.5,Summer,0.8049,41,33
Barn Swallow,55.06757,-5.26402,7.5,Summer,0.3913,23,9
Barn Swallow,55.06757,-5.01918,7.5,Summer,0.4167,12,5
Barn Swallow,55.06757,-4.77434,7.5,Summer,0.9,10,9
Barn Swallow,55.06757,-4.5295,7.5,Summer,0.4318,44,19
Barn Swallow,55.06757,-4.28466,7.5,Summer,0.4375,16,7
Barn Swallow,55.06757,-4.03983,7.5,Summer,0.7143,63,45
Barn Swallow,55.06757,-3.79499,7.5,Summer,0.5294,17,9
Barn Swallow,55.06757,-3.55015,7.5,Summer,0.4271,192,82
Barn Swallow,55.06757,-3.30531,7.5,Summer,0.3077,52,16
Barn Swallow,55.06757,-3.06047,7.5,Summer,0.6154,13,8
Barn Swallow,55.2027,-5.01918,7.5,Summer,0.2353,17,4
Barn Swallow,55.2027,-4.77434,7.5,Summer,0.4667,30,14
Barn Swallow,55.2027,-4.28466,7.5,Summer,0.7826,23,18
Barn Swallow,55.2027,-4.03983,7.5,Summer,0.8696,23,20
Barn Swallow,55.2027,-3.79499,7.5,Summer,0.3571,14,5
Barn Swallow,55.2027,-3.55015,7.5,Summer,0.8889,9,8
Barn Swallow,55.2027,-3.30531,7.5,Summer,0.6552,58,38
Barn Swallow,55.2027,-3.06047,7.5,Summer,0.5,22,11
Barn Swallow,55.2027,-2.81564,7.5,Summer,0.4615,13,6
Barn Swallow,55.2027,-2.5708,7.5,Summer,1.0,1,1
Barn Swallow,55.33784,-5.75369,7.5,Summer,0.4706,17,8
Barn Swallow,55.33784,-5.50885,7.5,Summer,0.5714,14,8
Barn Swallow,55.33784,-4.77434,7.5,Summer,0.4234,137,58
Barn Swallow,55.33784,-4.5295,7.5,Summer,0.7143,7,5
Barn Swallow,55.33784,-4.28466,7.5,Summer,0.6596,47,31
Barn Swallow,55.33784,-4.03983,7.5,Summer,0.3333,3,1
Barn Swallow,55.33784,-3.79499,7.5,Summer,0.6364,22,14
Barn Swallow,55.33784,-3.55015,7.5,Summer,0.4667,45,21
Barn Swallow,55.33784,-3.30531,7.5,Summer,0.2857,14,4
Barn Swallow,55.33784,-3.06047,7.5,Summer,1.0,1,1
Barn Swallow,55.33784,-2.81564,7.5,Summer,0.5,2,1
Barn Swallow,55.33784,-2.5708,7.5,Summer,0.25,8,2
Barn Swallow,55.47297,-5.75369,7.5,Summer,0.4103,39,16
Barn Swallow,55.47297,-5.50885,7.5,Summer,0.32,25,8
Barn Swallow,55.47297,-5.26402,7.5,Summer,0.65,20,13
Barn Swallow,55.47297,-5.01918,7.5,Summer,0.4737,38,18
Barn Swallow,55.47297,-4.77434,7.5,Summer,0.2778,450,125
Barn Swallow,55.47297,-4.5295,7.5,Summer,0.4358,794,346
Barn Swallow,55.47297,-4.28466,7.5,Summer,0.6176,34,21
Barn Swallow,55.47297,-4.03983,7.5,Summer,0.4,5,2
Barn Swallow,55.47297,-3.79499,7.5,Summer,0.4062,96,39
Barn Swallow,55.47297,-3.55015,7.5,Summer,0.3864,88,34
Barn Swallow,55.47297,-3.30531,7.5,Summer,0.6508,63,41
Barn Swallow,55.47297,-3.06047,7.5,Summer,0.6667,3,2
Barn Swallow,55.47297,-2.81564,7.5,Summer,0.5455,11,6
Barn Swallow,55.47297,-2.5708,7.5,Summer,0.5517,29,16
Barn Swallow,55.47297,-2.32596,7.5,Summer,0.6667,3,2
Barn Swallow,55.60811,-6.24337,7.5,Summer,0.4217,83,35
Barn Swallow,55.60811,-5.99853,7.5,Summer,0.4,10,4
Barn Swallow,55.60811,-5.75369,7.5,Summer,0.2667,15,4
Barn Swallow,55.60811,-5.50885,7.5,Summer,0.3333,12,4
Barn Swallow,55.60811,-5.26402,7.5,Summer,0.5,104,52
Barn Swallow,55.60811,-5.01918,7.5,Summer,0.125,24,3
Barn Swallow,55.60811,-4.77434,7.5,Summer,0.2477,3125,774
Barn Swallow,55.60811,-4.5295,7.5,Summer,0.3696,27860,10296
Barn Swallow,55.60811,-4.28466,7.5,Summer,0.25,20,5
Barn Swallow,55.60811,-4.03983,7.5,Summer,0.6,5,3
Barn Swallow,55.60811,-3.79499,7.5,Summer,0.3684,38,14
Barn Swallow,55.60811,-3.55015,7.5,Summer,0.6795,78,53
Barn Swallow,55.60811,-3.30531,7.5,Summer,0.551,49,27
Barn Swallow,55.60811,-3.06047,7.5,Summer,0.4217,83,35
Barn Swallow,55.60811,-2.81564,7.5,Summer,0.4954,109,54
Barn Swallow,55.60811,-2.5708,7.5,Summer,0.5366,41,22
Barn Swallow,55.60811,-2.32596,7.5,Summer,0.35,20,7
Barn Swallow,55.74324,-6.48821,7.5,Summer,0.5526,38,21
Barn Swallow,55.74324,-6.24337,7.5,Summer,0.3016,63,19
Barn Swallow,55.74324,-5.99853,7.5,Summer,0.3333,12,4
Barn Swallow,55.74324,-5.75369,7.5,Summer,0.4118,17,7
Barn Swallow,55.74324,-5.50885,7.5,Summer,0.5476,42,23
Barn Swallow,55.74324,-5.26402,7.5,Summer,0.5312,32,17
Barn Swallow,55.74324,-5.01918,7.5,Summer,0.4409,93,41
Barn Swallow,55.74324,-4.77434,7.5,Summer,0.2419,62,15
Barn Swallow,55.74324,-4.5295,7.5,Summer,0.426,277,118
Barn Swallow,55.74324,-4.28466,7.5,Summer,0.2623,507,133
Barn Swallow,55.74324,-4.03983,7.5,Summer,0.2466,219,54
Barn Swallow,55.74324,-3.79499,7.5,Summer,0.4,20,8
Barn Swallow,55.74324,-3.55015,7.5,Summer,0.7083,24,17
Barn Swallow,55.74324,-3.30531,7.5,Summer,0.7241,29,21
Barn Swallow,55.74324,-3.06047,7.5,Summer,0.6767,133,90
Barn Swallow,55.74324,-2.81564,7.5,Summer,0.5556,18,10
Barn Swallow,55.74324,-2.5708,7.5,Summer,0.3571,14,5
Barn Swallow,55.74324,-2.32596,7.5,Summer,0.6,10,6
Barn Swallow,55.74324,-2.08112,7.5,Summer,0.55,40,22
Barn Swallow,55.87838,-6.48821,7.5,Summer,1.0,11,11
Barn Swallow,55.87838,-6.24337,7.5,Summer,0.7021,94,66
Barn Swallow,55.87838,-5.99853,7.5,Summer,0.4762,21,10
Barn Swallow,55.87838,-5.75369,7.5,Summer,0.7143,7,5
Barn Swallow,55.87838,-5.50885,7.5,Summer,0.6458,48,31
Barn Swallow,55.87838,-5.26402,7.5,Summer,0.625,24,15
Barn Swallow,55.87838,-5.01918,7.5,Summer,0.2667,15,4
Barn Swallow,55.87838,-4.77434,7.5,Summer,0.2667,45,12
Barn Swallow,55.87838,-4.5295,7.5,Summer,0.1952,292,57
Barn Swallow,55.87838,-4.28466,7.5,Summer,0.1045,1378,144
Barn Swallow,55.87838,-4.03983,7.5,Summer,0.1221,131,16
Barn Swallow,55.87838,-3.79499,7.5,Summer,0.5238,42,22
Barn Swallow,55.87838,-3.55015,7.5,Summer,0.403,134,54
Barn Swallow,55.87838,-3.30531,7.5,Summer,0.2399,1184,284
Barn Swallow,55.87838,-3.06047,7.5,Summer,0.3678,1626,598
Barn Swallow,55.87838,-2.81564,7.5,Summer,0.5408,98,53
Barn Swallow,55.87838,-2.5708,7.5,Summer,0.5046,109,55
Barn Swallow,55.87838,-2.32596,7.5,Summer,0.6933,75,52
Barn Swallow,55.87838,-2.08112,7.5,Summer,0.6475,295,191
Barn Swallow,56.01351,-6.24337,7.5,Summer,0.4091,22,9
Barn Swallow,56.01351,-5.99853,7.5,Summer,0.6667,3,2
Barn Swallow,56.01351,-5.75369,7.5,Summer,0.6154,13,8
Barn Swallow,56.01351,-5.50885,7.5,Summer,0.3784,37,14
Barn Swallow,56.01351,-5.26402,7.5,Summer,0.4091,22,9
Barn Swallow,56.01351,-5.01918,7.5,Summer,0.4941,85,42
Barn Swallow,56.01351,-4.77434,7.5,Summer,0.3125,128,40
Barn Swallow,56.01351,-4.5295,7.5,Summer,0.3799,279,106
Barn Swallow,56.01351,-4.28466,7.5,Summer,0.3333,90,30
Barn Swallow,56.01351,-4.03983,7.5,Summer,0.3962,53,21
Barn Swallow,56.01351,-3.79499,7.5,Summer,0.5342,365,195
Barn Swallow,56.01351,-3.55015,7.5,Summer,0.406,266,108
Barn Swallow,56.01351,-3.30531,7.5,Summer,0.1508,2181,329
Barn Swallow,56.01351,-3.06047,7.5,Summer,0.4616,2396,1106
Barn Swallow,56.01351,-2.81564,7.5,Summer,0.4644,786,365
Barn Swallow,56.01351,-2.5708,7.5,Summer,0.5171,613,317
Barn Swallow,56.01351,-2.32596,7.5,Summer,0.8462,130,110
Barn Swallow,56.14865,-6.24337,7.5,Summer,0.3333,6,2
Barn Swallow,56.14865,-5.75369,7.5,Summer,0.2,5,1
Barn Swallow,56.14865,-5.50885,7.5,Summer,0.5676,74,42
Barn Swallow,56.14865,-5.26402,7.5,Summer,0.5714,28,16
Barn Swallow,56.14865,-5.01918,7.5,Summer,0.5,10,5
Barn Swallow,56.14865,-4.77434,7.5,Summer,0.3367,98,33
Barn Swallow,56.14865,-4.5295,7.5,Summer,0.4667,225,105
Barn Swallow,56.14865,-4.28466,7.5,Summer,0.3964,111,44
Barn Swallow,56.14865,-4.03983,7.5,Summer,0.3725,349,130
Barn Swallow,56.14865,-3.79499,7.5,Summer,0.5457,328,179
Barn Swallow,56.14865,-3.55015,7.5,Summer,0.4825,114,55
Barn Swallow,56.14865,-3.30531,7.5,Summer,0.7062,405,286
Barn Swallow,56.14865,-3.06047,7.5,Summer,0.4747,158,75
Barn Swallow,56.14865,-2.81564,7.5,Summer,0.4943,174,86
Barn Swallow,56.14865,-2.5708,7.5,Summer,0.6163,245,151
Barn Swallow,56.28378,-8.69175,7.5,Summer,1.0,1,1
Barn Swallow,56.28378,-6.48821,7.5,Summer,0.6008,238,143
Barn Swallow,56.28378,-6.24337,7.5,Summer,0.4607,89,41
Barn Swallow,56.28378,-5.99853,7.5,Summer,0.3333,3,1
Barn Swallow,56.28378,-5.75369,7.5,Summer,0.2353,34,8
Barn Swallow,56.28378,-5.50885,7.5,Summer,0.3529,51,18
Barn Swallow,56.28378,-5.26402,7.5,Summer,0.4737,19,9
Barn Swallow,56.28378,-5.01918,7.5,Summer,0.473,74,35
Barn Swallow,56.28378,-4.77434,7.5,Summer,0.3889,90,35
Barn Swallow,56.28378,-4.5295,7.5,Summer,0.3469,49,17
Barn Swallow,56.28378,-4.28466,7.5,Summer,0.3415,205,70
Barn Swallow,56.28378,-4.03983,7.5,Summer,0.75,8,6
Barn Swallow,56.28378,-3.79499,7.5,Summer,0.5325,77,41
Barn Swallow,56.28378,-3.55015,7.5,Summer,0.4286,35,15
Barn Swallow,56.28378,-3.30531,7.5,Summer,0.6556,90,59
Barn Swallow,56.28378,-3.06047,7.5,Summer,0.5652,322,182
Barn Swallow,56.28378,-2.81564,7.5,Summer,0.5891,1122,661
Barn Swallow,56.28378,-2.5708,7.5,Summer,0.3817,524,200
Barn Swallow,56.28378,-1.34661,7.5,Summer,0.3333,3,1
Barn Swallow,56.41892,-6.97788,7.5,Summer,0.6216,37,23
Barn Swallow,56.41892,-6.24337,7.5,Summer,0.1429,224,32
Barn Swallow,56.41892,-5.99853,7.5,Summer,0.2789,294,82
Barn Swallow,56.41892,-5.75369,7.5,Summer,0.4488,361,162
Barn Swallow,56.41892,-5.50885,7.5,Summer,0.164,433,71
Barn Swallow,56.41892,-5.26402,7.5,Summer,0.16,25,4
Barn Swallow,56.41892,-5.01918,7.5,Summer,0.5152,33,17
Barn Swallow,56.41892,-4.77434,7.5,Summer,0.2969,64,19
Barn Swallow,56.41892,-4.5295,7.5,Summer,0.4,45,18
Barn Swallow,56.41892,-4.28466,7.5,Summer,0.5464,97,53
Barn Swallow,56.41892,-4.03983,7.5,Summer,0.5,50,25
Barn Swallow,56.41892,-3.79499,7.5,Summer,0.3974,78,31
Barn Swallow,56.41892,-3.55015,7.5,Summer,0.3727,110,41
Barn Swallow,56.41892,-3.30531,7.5,Summer,0.4596,198,91
Barn Swallow,56.41892,-3.06047,7.5,Summer,0.112,357,40
Barn Swallow,56.41892,-2.81564,7.5,Summer,0.478,590,282
Barn Swallow,56.55405,-6.97788,7.5,Summer,0.5263,19,10
Barn Swallow,56.55405,-6.73304,7.5,Summer,0.5676,37,21
Barn Swallow,56.55405,-6.48821,7.5,Summer,0.0746,134,10
Barn Swallow,56.55405,-6.24337,7.5,Summer,0.3958,192,76
Barn Swallow,56.55405,-5.99853,7.5,Summer,0.3759,274,103
Barn Swallow,56.55405,-5.75369,7.5,Summer,0.284,81,23
Barn Swallow,56.55405,-5.50885,7.5,Summer,0.5135,37,19
Barn Swallow,56.55405,-5.26402,7.5,Summer,0.3333,36,12
Barn Swallow,56.55405,-4.77434,7.5,Summer,0.22,50,11
Barn Swallow,56.55405,-4.5295,7.5,Summer,1.0,1,1
Barn Swallow,56.55405,-4.28466,7.5,Summer,0.3611,36,13
Barn Swallow,56.55405,-4.03983,7.5,Summer,0.5714,49,28
Barn Swallow,56.55405,-3.79499,7.5,Summer,0.3333,45,15
Barn Swallow,56.55405,-3.55015,7.5,Summer,0.4495,287,129
Barn Swallow,56.55405,-3.30531,7.5,Summer,0.4255,47,20
Barn Swallow,56.55405,-3.06047,7.5,Summer,0.4839,31,15
Barn Swallow,56.55405,-2.81564,7.5,Summer,0.4333,30,13
Barn Swallow,56.55405,-2.5708,7.5,Summer,0.4796,98,47
Barn Swallow,56.68919,-6.48821,7.5,Summer,0.4333,30,13
Barn Swallow,56.68919,-6.24337,7.5,Summer,0.3,70,21
Barn Swallow,56.68919,-5.99853,7.5,Summer,0.3631,168,61
Barn Swallow,56.68919,-5.75369,7.5,Summer,0.2667,30,8
Barn Swallow,56.68919,-5.50885,7.5,Summer,0.5455,44,24
Barn Swallow,56.68919,-5.26402,7.5,Summer,0.295,139,41
Barn Swallow,56.68919,-5.01918,7.5,Summer,0.2204,304,67
Barn Swallow,56.68919,-4.77434,7.5,Summer,0.1471,34,5
Barn Swallow,56.68919,-4.5295,7.5,Summer,0.3333,12,4
Barn Swallow,56.68919,-4.28466,7.5,Summer,0.3889,18,7
Barn Swallow,56.68919,-4.03983,7.5,Summer,0.46,50,23
Barn Swallow,56.68919,-3.79499,7.5,Summer,0.3172,268,85
Barn Swallow,56.68919,-3.55015,7.5,Summer,0.5,12,6
Barn Swallow,56.68919,-3.30531,7.5,Summer,0.65,40,26
Barn Swallow,56.68919,-3.06047,7.5,Summer,0.5845,142,83
Barn Swallow,56.68919,-2.81564,7.5,Summer,0.4821,56,27
Barn Swallow,56.68919,-2.5708,7.5,Summer,0.5924,238,141
Barn Swallow,56.68919,-2.32596,7.5,Summer,0.7,30,21
Barn Swallow,56.82432,-6.24337,7.5,Summer,0.4762,21,10
Barn Swallow,56.82432,-5.99853,7.5,Summer,0.1818,11,2
Barn Swallow,56.82432,-5.75369,7.5,Summer,0.3548,93,33
Barn Swallow,56.82432,-5.50885,7.5,Summer,0.3974,78,31
Barn Swallow,56.82432,-5.26402,7.5,Summer,0.2424,33,8
Barn Swallow,56.82432,-5.01918,7.5,Summer,0.3116,276,86
Barn Swallow,56.82432,-4.77434,7.5,Summer,0.2727,22,6
Barn Swallow,56.82432,-4.28466,7.5,Summer,0.6,15,9
Barn Swallow,56.82432,-4.03983,7.5,Summer,0.36,25,9
Barn Swallow,56.82432,-3.79499,7.5,Summer,0.3393,56,19
Barn Swallow,56.82432,-3.55015,7.5,Summer,0.28,25,7
Barn Swallow,56.82432,-3.30531,7.5,Summer,0.3173,104,33
Barn Swallow,56.82432,-3.06047,7.5,Summer,0.6667,27,18
Barn Swallow,56.82432,-2.81564,7.5,Summer,0.8182,11,9
Barn Swallow,56.82432,-2.5708,7.5,Summer,0.6667,78,52
Barn Swallow,56.82432,-2.32596,7.5,Summer,0.5211,71,37
Barn Swallow,56.95946,-7.46756,7.5,Summer,0.1017,118,12
Barn Swallow,56.95946,-6.24337,7.5,Summer,0.4419,43,19
Barn Swallow,56.95946,-5.99853,7.5,Summer,0.4444,9,4
Barn Swallow,56.95946,-5.75369,7.5,Summer,0.2869,122,35
Barn Swallow,56.95946,-5.26402,7.5,Summer,0.6667,6,4
Barn Swallow,56.95946,-5.01918,7.5,Summer,0.1875,48,9
Barn Swallow,56.95946,-4.77434,7.5,Summer,0.3636,11,4
Barn Swallow,56.95946,-4.5295,7.5,Summer,0.6786,28,19
Barn Swallow,56.95946,-4.28466,7.5,Summer,0.32,75,24
Barn Swallow,56.95946,-3.79499,7.5,Summer,1.0,2,2
Barn Swallow,56.95946,-3.55015,7.5,Summer,0.2571,70,18
Barn Swallow,56.95946,-3.30531,7.5,Summer,0.1905,105,20
Barn Swallow,56.95946,-2.81564,7.5,Summer,0.7031,64,45
Barn Swallow,56.95946,-2.5708,7.5,Summer,0.2857,21,6
Barn Swallow,56.95946,-2.32596,7.5,Summer,0.5094,53,27
Barn Swallow,56.95946,-2.08112,7.5,Summer,0.4632,272,126
Barn Swallow,57.09459,-7.46756,7.5,Summer,0.2674,86,23
Barn Swallow,57.09459,-7.22272,7.5,Summer,0.2683,41,11
Barn Swallow,57.09459,-6.48821,7.5,Summer,0.5385,39,21
Barn Swallow,57.09459,-5.99853,7.5,Summer,0.3619,105,38
Barn Swallow,57.09459,-5.75369,7.5,Summer,0.3404,94,32
Barn Swallow,57.09459,-5.50885,7.5,Summer,0.1667,6,1
Barn Swallow,57.09459,-5.01918,7.5,Summer,0.0303,33,1
Barn Swallow,57.09459,-4.77434,7.5,Summer,0.4706,136,64
Barn Swallow,57.09459,-4.5295,7.5,Summer,0.125,16,2
Barn Swallow,57.09459,-4.28466,7.5,Summer,0.2857,7,2
Barn Swallow,57.09459,-4.03983,7.5,Summer,0.3726,526,196
Barn Swallow,57.09459,-3.79499,7.5,Summer,0.1286,311,40
Barn Swallow,57.09459,-3.55015,7.5,Summer,0.0921,315,29
Barn Swallow,57.09459,-3.30531,7.5,Summer,0.4333,90,39
Barn Swallow,57.09459,-3.06047,7.5,Summer,0.1,80,8
Barn Swallow,57.09459,-2.81564,7.5,Summer,0.4405,84,37
Barn Swallow,57.09459,-2.5708,7.5,Summer,0.4062,32,13
Barn Swallow,57.09459,-2.32596,7.5,Summer,0.4412,68,30
Barn Swallow,57.09459,-2.08112,7.5,Summer,0.4648,1194,555
Barn Swallow,57.22973,-7.46756,7.5,Summer,0.3214,112,36
Barn Swallow,57.22973,-6.48821,7.5,Summer,0.4762,21,10
Barn Swallow,57.22973,-6.24337,7.5,Summer,0.0878,148,13
Barn Swallow,57.22973,-5.99853,7.5,Summer,0.2995,364,109
Barn Swallow,57.22973,-5.75369,7.5,Summer,0.2095,148,31
Barn Swallow,57.22973,-5.50885,7.5,Summer,0.2749,171,47
Barn Swallow,57.22973,-5.01918,7.5,Summer,0.1786,28,5
Barn Swallow,57.22973,-4.77434,7.5,Summer,0.5714,35,20
Barn Swallow,57.22973,-4.5295,7.5,Summer,0.2468,77,19
Barn Swallow,57.22973,-4.03983,7.5,Summer,0.4211,133,56
Barn Swallow,57.22973,-3.79499,7.5,Summer,0.206,1932,398
Barn Swallow,57.22973,-3.55015,7.5,Summer,0.3583,441,158
Barn Swallow,57.22973,-3.30531,7.5,Summer,0.3906,128,50
Barn Swallow,57.22973,-3.06047,7.5,Summer,0.4286,7,3
Barn Swallow,57.22973,-2.81564,7.5,Summer,0.5,22,11
Barn Swallow,57.22973,-2.5708,7.5,Summer,0.6087,23,14
Barn Swallow,57.22973,-2.32596,7.5,Summer,0.6667,9,6
Barn Swallow,57.22973,-2.08112,7.5,Summer,0.3558,267,95
Barn Swallow,57.36486,-7.46756,7.5,Summer,0.3008,123,37
Barn Swallow,57.36486,-7.22272,7.5,Summer,0.1,80,8
Barn Swallow,57.36486,-6.73304,7.5,Summer,0.2021,94,19
Barn Swallow,57.36486,-6.48821,7.5,Summer,0.3226,93,30
Barn Swallow,57.36486,-6.24337,7.5,Summer,0.0959,292,28
Barn Swallow,57.36486,-5.99853,7.5,Summer,0.2424,33,8
Barn Swallow,57.36486,-5.75369,7.5,Summer,0.2769,65,18
Barn Swallow,57.36486,-5.50885,7.5,Summer,0.4118,51,21
Barn Swallow,57.36486,-5.01918,7.5,Summer,0.3333,3,1
Barn Swallow,57.36486,-4.77434,7.5,Summer,0.3966,58,23
Barn Swallow,57.36486,-4.5295,7.5,Summer,0.4865,222,108
Barn Swallow,57.36486,-4.28466,7.5,Summer,0.3902,264,103
Barn Swallow,57.36486,-4.03983,7.5,Summer,0.3953,86,34
Barn Swallow,57.36486,-3.79499,7.5,Summer,0.3344,308,103
Barn Swallow,57.36486,-3.55015,7.5,Summer,0.2415,381,92
Barn Swallow,57.36486,-3.30531,7.5,Summer,0.4789,71,34
Barn Swallow,57.36486,-3.06047,7.5,Summer,0.4286,14,6
Barn Swallow,57.36486,-2.81564,7.5,Summer,0.4286,7,3
Barn Swallow,57.36486,-2.5708,7.5,Summer,0.9048,84,76
Barn Swallow,57.36486,-2.32596,7.5,Summer,0.5676,37,21
Barn Swallow,57.36486,-2.08112,7.5,Summer,0.5061,330,167
Barn Swallow,57.36486,-1.83628,7.5,Summer,0.2568,74,19
Barn Swallow,57.5,-7.46756,7.5,Summer,0.1758,165,29
Barn Swallow,57.5,-7.22272,7.5,Summer,0.2072,111,23
Barn Swallow,57.5,-6.73304,7.5,Summer,0.3383,402,136
Barn Swallow,57.5,-6.48821,7.5,Summer,0.293,157,46
Barn Swallow,57.5,-6.24337,7.5,Summer,0.2328,189,44
Barn Swallow,57.5,-5.99853,7.5,Summer,0.5,4,2
Barn Swallow,57.5,-5.75369,7.5,Summer,0.4032,62,25
Barn Swallow,57.5,-5.50885,7.5,Summer,0.322,59,19
Barn Swallow,57.5,-5.26402,7.5,Summer,0.2,15,3
Barn Swallow,57.5,-5.01918,7.5,Summer,0.25,8,2
Barn Swallow,57.5,-4.77434,7.5,Summer,0.5,6,3
Barn Swallow,57.5,-4.5295,7.5,Summer,0.328,186,61
Barn Swallow,57.5,-4.28466,7.5,Summer,0.3943,814,321
Barn Swallow,57.5,-4.03983,7.5,Summer,0.5304,626,332
Barn Swallow,57.5,-3.79499,7.5,Summer,0.4,60,24
Barn Swallow,57.5,-3.55015,7.5,Summer,0.2222,9,2
Barn Swallow,57.5,-3.30531,7.5,Summer,0.375,48,18
Barn Swallow,57.5,-3.06047,7.5,Summer,0.2727,11,3
Barn Swallow,57.5,-2.81564,7.5,Summer,0.2105,19,4
Barn Swallow,57.5,-2.5708,7.5,Summer,0.0909,11,1
Barn Swallow,57.5,-2.32596,7.5,Summer,0.7059,17,12
Barn Swallow,57.5,-2.08112,7.5,Summer,0.3415,41,14
Barn Swallow,57.5,-1.83628,7.5,Summer,0.514,107,55
Barn Swallow,57.63514,-7.46756,7.5,Summer,0.3943,350,138
Barn Swallow,57.63514,-7.22272,7.5,Summer,0.1293,116,15
Barn Swallow,57.63514,-6.73304,7.5,Summer,0.0769,13,1
Barn Swallow,57.63514,-6.48821,7.5,Summer,0.2575,167,43
Barn Swallow,57.63514,-6.24337,7.5,Summer,0.2731,443,121
Barn Swallow,57.63514,-5.75369,7.5,Summer,0.4348,46,20
Barn Swallow,57.63514,-5.50885,7.5,Summer,0.0612,49,3
Barn Swallow,57.63514,-5.26402,7.5,Summer,0.21,100,21
Barn Swallow,57.63514,-5.01918,7.5,Summer,0.3704,27,10
Barn Swallow,57.63514,-4.77434,7.5,Summer,0.125,32,4
Barn Swallow,57.63514,-4.5295,7.5,Summer,0.3757,173,65
Barn Swallow,57.63514,-4.28466,7.5,Summer,0.4339,189,82
Barn Swallow,57.63514,-4.03983,7.5,Summer,0.5283,742,392
Barn Swallow,57.63514,-3.79499,7.5,Summer,0.4706,187,88
Barn Swallow,57.63514,-3.55015,7.5,Summer,0.4211,190,80
Barn Swallow,57.63514,-3.30531,7.5,Summer,0.3543,127,45
Barn Swallow,57.63514,-3.06047,7.5,Summer,0.4235,170,72
Barn Swallow,57.63514,-2.81564,7.5,Summer,0.4231,26,11
Barn Swallow,57.63514,-2.5708,7.5,Summer,0.303,33,10
Barn Swallow,57.63514,-2.32596,7.5,Summer,0.4758,124,59
Barn Swallow,57.63514,-2.08112,7.5,Summer,0.2059,34,7
Barn Swallow,57.63514,-1.83628,7.5,Summer,0.7103,145,103
Barn Swallow,57.77027,-8.69175,7.5,Summer,0.0278,36,1
Barn Swallow,57.77027,-7.22272,7.5,Summer,0.0781,64,5
Barn Swallow,57.77027,-6.97788,7.5,Summer,0.1389,108,15
Barn Swallow,57.77027,-6.24337,7.5,Summer,0.2857,14,4
Barn Swallow,57.77027,-5.75369,7.5,Summer,0.2453,159,39
Barn Swallow,57.77027,-5.50885,7.5,Summer,0.2317,82,19
Barn Swallow,57.77027,-5.26402,7.5,Summer,1.0,1,1
Barn Swallow,57.77027,-5.01918,7.5,Summer,0.3171,41,13
Barn Swallow,57.77027,-4.28466,7.5,Summer,0.5758,33,19
Barn Swallow,57.77027,-4.03983,7.5,Summer,0.5746,134,77
Barn Swallow,57.77027,-3.79499,7.5,Summer,0.8333,180,150
Barn Swallow,57.77027,-3.55015,7.5,Summer,0.3846,104,40
Barn Swallow,57.77027,-3.30531,7.5,Summer,0.3857,140,54
Barn Swallow,57.77027,-2.81564,7.5,Summer,0.2917,24,7
Barn Swallow,57.77027,-1.83628,7.5,Summer,0.5,2,1
Barn Swallow,57.90541,-6.97788,7.5,Summer,0.0519,77,4
Barn Swallow,57.90541,-6.73304,7.5,Summer,0.0476,63,3
Barn Swallow,57.90541,-5.75369,7.5,Summer,0.1463,41,6
Barn Swallow,57.90541,-5.50885,7.5,Summer,0.2623,122,32
Barn Swallow,57.90541,-5.26402,7.5,Summer,0.3143,175,55
Barn Swallow,57.90541,-5.01918,7.5,Summer,0.2222,18,4
Barn Swallow,57.90541,-4.77434,7.5,Summer,0.0909,11,1
Barn Swallow,57.90541,-4.5295,7.5,Summer,0.2143,28,6
Barn Swallow,57.90541,-4.28466,7.5,Summer,0.6061,66,40
Barn Swallow,57.90541,-4.03983,7.5,Summer,0.3496,246,86
Barn Swallow,57.90541,-3.79499,7.5,Summer,0.3654,52,19
Barn Swallow,58.04054,-6.73304,7.5,Summer,0.0278,36,1
Barn Swallow,58.04054,-6.48821,7.5,Summer,0.0392,51,2
Barn Swallow,58.04054,-5.50885,7.5,Summer,0.2857,7,2
Barn Swallow,58.04054,-5.26402,7.5,Summer,0.2258,31,7
Barn Swallow,58.04054,-5.01918,7.5,Summer,0.1667,24,4
Barn Swallow,58.04054,-4.77434,7.5,Summer,0.1,10,1
Barn Swallow,58.04054,-4.5295,7.5,Summer,0.4444,45,20
Barn Swallow,58.04054,-4.28466,7.5,Summer,0.3077,26,8
Barn Swallow,58.04054,-4.03983,7.5,Summer,0.3333,57,19
Barn Swallow,58.04054,-3.79499,7.5,Summer,0.321,81,26
Barn Swallow,58.17568,-6.97788,7.5,Summer,0.0366,82,3
Barn Swallow,58.17568,-6.73304,7.5,Summer,0.3095,84,26
Barn Swallow,58.17568,-6.48821,7.5,Summer,0.0775,142,11
Barn Swallow,58.17568,-6.24337,7.5,Summer,0.297,101,30
Barn Swallow,58.17568,-5.50885,7.5,Summer,0.1111,27,3
Barn Swallow,58.17568,-5.26402,7.5,Summer,0.3577,123,44
Barn Swallow,58.17568,-5.01918,7.5,Summer,0.2885,52,15
Barn Swallow,58.17568,-4.77434,7.5,Summer,0.25,4,1
Barn Swallow,58.17568,-4.5295,7.5,Summer,0.1429,7,1
Barn Swallow,58.17568,-3.79499,7.5,Summer,0.2609,23,6
Barn Swallow,58.17568,-3.55015,7.5,Summer,0.5,44,22
Barn Swallow,58.17568,-3.30531,7.5,Summer,0.0833,48,4
Barn Swallow,58.31081,-6.73304,7.5,Summer,0.246,126,31
Barn Swallow,58.31081,-6.48821,7.5,Summer,0.0625,64,4
Barn Swallow,58.31081,-6.24337,7.5,Summer,0.227,163,37
Barn Swallow,58.31081,-5.50885,7.5,Summer,0.1667,6,1
Barn Swallow,58.31081,-5.26402,7.5,Summer,0.4,70,28
Barn Swallow,58.31081,-5.01918,7.5,Summer,0.175,40,7
Barn Swallow,58.31081,-4.28466,7.5,Summer,0.5,20,10
Barn Swallow,58.31081,-4.03983,7.5,Summer,0.0714,14,1
Barn Swallow,58.31081,-3.79499,7.5,Summer,0.4894,47,23
Barn Swallow,58.31081,-3.55015,7.5,Summer,0.25,4,1
Barn Swallow,58.31081,-3.30531,7.5,Summer,0.3846,52,20
Barn Swallow,58.31081,-3.06047,7.5,Summer,0.5,6,3
Barn Swallow,58.44595,-6.48821,7.5,Summer,0.1579,19,3
Barn Swallow,58.44595,-6.24337,7.5,Summer,0.3538,130,46
Barn Swallow,58.44595,-5.26402,7.5,Summer,0.2979,94,28
Barn Swallow,58.44595,-5.01918,7.5,Summer,0.3704,54,20
Barn Swallow,58.44595,-4.77434,7.5,Summer,0.0909,11,1
Barn Swallow,58.44595,-4.5295,7.5,Summer,0.303,33,10
Barn Swallow,58.44595,-4.28466,7.5,Summer,0.3333,27,9
Barn Swallow,58.44595,-3.79499,7.5,Summer,0.375,16,6
Barn Swallow,58.44595,-3.55015,7.5,Summer,0.4,5,2
Barn Swallow,58.44595,-3.30531,7.5,Summer,0.5,6,3
Barn Swallow,58.44595,-3.06047,7.5,Summer,0.5135,74,38
Barn Swallow,58.58108,-6.24337,7.5,Summer,0.1379,87,12
Barn Swallow,58.58108,-5.01918,7.5,Summer,0.125,8,1
Barn Swallow,58.58108,-4.77434,7.5,Summer,0.3909,110,43
Barn Swallow,58.58108,-4.5295,7.5,Summer,0.5769,26,15
Barn Swallow,58.58108,-4.28466,7.5,Summer,0.4839,31,15
Barn Swallow,58.58108,-4.03983,7.5,Summer,0.4865,37,18
Barn Swallow,58.58108,-3.79499,7.5,Summer,0.2647,34,9
Barn Swallow,58.58108,-3.55015,7.5,Summer,0.5299,117,62
Barn Swallow,58.58108,-3.30531,7.5,Summer,0.5698,172,98
Barn Swallow,58.58108,-3.06047,7.5,Summer,0.3333,174,58
Barn Swallow,58.71622,-3.30531,7.5,Summer,0.3592,103,37
Barn Swallow,58.71622,-3.06047,7.5,Summer,0.3514,37,13
Barn Swallow,58.71622,-2.81564,7.5,Summer,0.6667,3,2
Barn Swallow,58.85135,-3.30531,7.5,Summer,0.1593,113,18
Barn Swallow,58.85135,-3.06047,7.5,Summer,0.5714,70,40
Barn Swallow,58.85135,-2.81564,7.5,Summer,0.3716,183,68
Barn Swallow,58.98649,-3.30531,7.5,Summer,0.3472,530,184
Barn Swallow,58.98649,-3.06047,7.5,Summer,0.2885,416,120
Barn Swallow,58.98649,-2.81564,7.5,Summer,0.521,119,62
Barn Swallow,59.12162,-3.30531,7.5,Summer,0.4027,447,180
Barn Swallow,59.12162,-3.06047,7.5,Summer,0.3165,316,100
Barn Swallow,59.12162,-2.81564,7.5,Summer,0.4615,13,6
Barn Swallow,59.12162,-2.5708,7.5,Summer,0.5,12,6
Barn Swallow,59.25676,-3.06047,7.5,Summer,0.5179,56,29
Barn Swallow,59.25676,-2.81564,7.5,Summer,0.4127,63,26
Barn Swallow,59.25676,-2.5708,7.5,Summer,0.3333,15,5
Barn Swallow,59.25676,-2.32596,7.5,Summer,0.4,5,2
Barn Swallow,59.39189,-3.06047,7.5,Summer,0.2439,41,10
Barn Swallow,59.39189,-2.81564,7.5,Summer,0.6875,16,11
Barn Swallow,59.39189,-2.32596,7.5,Summer,0.7337,184,135
Barn Swallow,59.52703,-1.59145,7.5,Summer,0.6271,354,222
Barn Swallow,59.7973,-1.34661,7.5,Summer,0.1681,226,38
Barn Swallow,59.93243,-1.34661,7.5,Summer,0.2861,1489,426
Barn Swallow,59.93243,-1.10177,7.5,Summer,0.0476,126,6
Barn Swallow,60.06757,-2.08112,7.5,Summer,0.0588,17,1
Barn Swallow,60.06757,-1.34661,7.5,Summer,0.3221,208,67
Barn Swallow,60.06757,-1.10177,7.5,Summer,0.08,75,6
Barn Swallow,60.2027,-2.08112,7.5,Summer,1.0,4,4
Barn Swallow,60.2027,-1.59145,7.5,Summer,0.0303,33,1
Barn Swallow,60.2027,-1.34661,7.5,Summer,0.0635,126,8
Barn Swallow,60.2027,-1.10177,7.5,Summer,0.0711,394,28
Barn Swallow,60.33784,-1.59145,7.5,Summer,0.0741,54,4
Barn Swallow,60.33784,-1.34661,7.5,Summer,0.0353,85,3
Barn Swallow,60.47297,-1.59145,7.5,Summer,0.0325,123,4
Barn Swallow,60.47297,-1.34661,7.5,Summer,0.037,54,2
Barn Swallow,60.47297,-1.10177,7.5,Summer,0.026,77,2
Barn Swallow,60.47297,-0.85693,7.5,Summer,0.2,10,2
Barn Swallow,60.60811,-1.10177,7.5,Summer,0.069,58,4
Barn Swallow,60.60811,-0.85693,7.5,Summer,0.0459,218,10
Barn Swallow,60.74324,-0.85693,7.5,Summer,0.1421,401,57
Barn Swallow,60.87838,-0.85693,7.5,Summer,0.0709,127,9
Barn Swallow,55.47297,-4.77434,7.5,Winter,0.0117,596,7
Barn Swallow,60.33784,-1.59145,7.5,Winter,0.1111,9,1
Common Cuckoo,55.87838,-2.32596,7.5,Autumn,0.019,105,2
Common Cuckoo,56.01351,-3.06047,7.5,Autumn,0.0005,1856,1
Common Cuckoo,56.95946,-3.30531,7.5,Autumn,0.0217,46,1
Common Cuckoo,57.22973,-3.30531,7.5,Autumn,0.0286,35,1
Common Cuckoo,57.36486,-2.08112,7.5,Autumn,0.005,200,1
Common Cuckoo,57.63514,-4.5295,7.5,Autumn,0.012,83,1
Common Cuckoo,57.77027,-3.79499,7.5,Autumn,0.0058,172,1
Common Cuckoo,59.39189,-2.32596,7.5,Autumn,0.0031,327,1
Common Cuckoo,54.7973,-4.5295,7.5,Spring,0.0196,51,1
Common Cuckoo,54.7973,-4.28466,7.5,Spring,0.087,23,2
Common Cuckoo,54.7973,-3.79499,7.5,Spring,0.2632,19,5
Common Cuckoo,54.93243,-5.01918,7.5,Spring,0.0299,134,4
Common Cuckoo,54.93243,-4.77434,7.5,Spring,0.3438,32,11
Common Cuckoo,54.93243,-4.5295,7.5,Spring,0.2188,64,14
Common Cuckoo,54.93243,-4.28466,7.5,Spring,0.3514,37,13
Common Cuckoo,54.93243,-4.03983,7.5,Spring,0.0254,118,3
Common Cuckoo,54.93243,-3.79499,7.5,Spring,0.1019,108,11
Common Cuckoo,54.93243,-3.55015,7.5,Spring,0.0195,256,5
Common Cuckoo,55.06757,-4.77434,7.5,Spring,0.75,8,6
Common Cuckoo,55.06757,-4.5295,7.5,Spring,0.3857,70,27
Common Cuckoo,55.06757,-4.28466,7.5,Spring,0.2857,28,8
Common Cuckoo,55.06757,-4.03983,7.5,Spring,0.137,73,10
Common Cuckoo,55.06757,-3.79499,7.5,Spring,0.2381,21,5
Common Cuckoo,55.06757,-3.55015,7.5,Spring,0.0288,243,7
Common Cuckoo,55.06757,-3.06047,7.5,Spring,0.0312,32,1
Common Cuckoo,55.2027,-4.77434,7.5,Spring,0.0312,32,1
Common Cuckoo,55.2027,-4.5295,7.5,Spring,0.0476,42,2
Common Cuckoo,55.2027,-4.28466,7.5,Spring,0.2941,17,5
Common Cuckoo,55.2027,-4.03983,7.5,Spring,0.08,25,2
Common Cuckoo,55.2027,-3.79499,7.5,Spring,0.1111,36,4
Common Cuckoo,55.2027,-3.55015,7.5,Spring,0.1429,7,1
Common Cuckoo,55.2027,-3.06047,7.5,Spring,0.2245,49,11
Common Cuckoo,55.2027,-2.81564,7.5,Spring,0.2069,29,6
Common Cuckoo,55.33784,-5.75369,7.5,Spring,0.1579,19,3
Common Cuckoo,55.33784,-4.5295,7.5,Spring,0.0323,62,2
Common Cuckoo,55.33784,-4.28466,7.5,Spring,0.1497,147,22
Common Cuckoo,55.33784,-4.03983,7.5,Spring,0.1818,11,2
Common Cuckoo,55.33784,-3.79499,7.5,Spring,0.1304,69,9
Common Cuckoo,55.33784,-3.30531,7.5,Spring,0.0556,18,1
Common Cuckoo,55.47297,-5.75369,7.5,Spring,0.04,50,2
Common Cuckoo,55.47297,-5.50885,7.5,Spring,0.0345,29,1
Common Cuckoo,55.47297,-5.26402,7.5,Spring,0.3208,53,17
Common Cuckoo,55.47297,-5.01918,7.5,Spring,0.0986,71,7
Common Cuckoo,55.47297,-4.5295,7.5,Spring,0.0009,1120,1
Common Cuckoo,55.47297,-3.79499,7.5,Spring,0.0168,119,2
Common Cuckoo,55.47297,-3.55015,7.5,Spring,0.0259,116,3
Common Cuckoo,55.47297,-3.30531,7.5,Spring,0.0152,66,1
Common Cuckoo,55.60811,-6.24337,7.5,Spring,0.1266,237,30
Common Cuckoo,55.60811,-5.99853,7.5,Spring,0.25,16,4
Common Cuckoo,55.60811,-5.50885,7.5,Spring,0.125,16,2
Common Cuckoo,55.60811,-5.26402,7.5,Spring,0.2169,166,36
Common Cuckoo,55.60811,-5.01918,7.5,Spring,0.0588,34,2
Common Cuckoo,55.60811,-4.77434,7.5,Spring,0.0003,3607,1
Common Cuckoo,55.60811,-4.5295,7.5,Spring,0.0002,21683,4
Common Cuckoo,55.60811,-4.28466,7.5,Spring,0.0462,65,3
Common Cuckoo,55.60811,-3.55015,7.5,Spring,0.026,77,2
Common Cuckoo,55.60811,-3.30531,7.5,Spring,0.0515,97,5
Common Cuckoo,55.60811,-3.06047,7.5,Spring,0.1034,58,6
Common Cuckoo,55.60811,-2.81564,7.5,Spring,0.0236,127,3
Common Cuckoo,55.74324,-6.48821,7.5,Spring,0.0988,81,8
Common Cuckoo,55.74324,-6.24337,7.5,Spring,0.1069,131,14
Common Cuckoo,55.74324,-5.99853,7.5,Spring,0.1481,27,4
Common Cuckoo,55.74324,-5.75369,7.5,Spring,0.0003,3418,1
Common Cuckoo,55.74324,-5.50885,7.5,Spring,0.05,40,2
Common Cuckoo,55.74324,-5.26402,7.5,Spring,0.2895,38,11
Common Cuckoo,55.74324,-5.01918,7.5,Spring,0.0093,108,1
Common Cuckoo,55.74324,-4.77434,7.5,Spring,0.0403,124,5
Common Cuckoo,55.74324,-4.5295,7.5,Spring,0.0085,468,4
Common Cuckoo,55.74324,-4.28466,7.5,Spring,0.0281,998,28
Common Cuckoo,55.74324,-4.03983,7.5,Spring,0.0095,315,3
Common Cuckoo,55.74324,-3.79499,7.5,Spring,0.0192,52,1
Common Cuckoo,55.74324,-3.55015,7.5,Spring,0.1842,38,7
Common Cuckoo,55.74324,-3.30531,7.5,Spring,0.0156,64,1
Common Cuckoo,55.74324,-3.06047,7.5,Spring,0.0829,398,33
Common Cuckoo,55.87838,-6.48821,7.5,Spring,0.125,24,3
Common Cuckoo,55.87838,-6.24337,7.5,Spring,0.1818,110,20
Common Cuckoo,55.87838,-5.99853,7.5,Spring,0.3542,48,17
Common Cuckoo,55.87838,-5.75369,7.5,Spring,0.3333,3,1
Common Cuckoo,55.87838,-5.50885,7.5,Spring,0.1,30,3
Common Cuckoo,55.87838,-5.26402,7.5,Spring,0.1951,41,8
Common Cuckoo,55.87838,-5.01918,7.5,Spring,0.1071,56,6
Common Cuckoo,55.87838,-4.77434,7.5,Spring,0.2203,59,13
Common Cuckoo,55.87838,-4.5295,7.5,Spring,0.0131,458,6
Common Cuckoo,55.87838,-4.28466,7.5,Spring,0.0009,2168,2
Common Cuckoo,55.87838,-4.03983,7.5,Spring,0.0116,258,3
Common Cuckoo,55.87838,-3.79499,7.5,Spring,0.0426,47,2
Common Cuckoo,55.87838,-3.55015,7.5,Spring,0.0228,219,5
Common Cuckoo,55.87838,-3.30531,7.5,Spring,0.0256,2071,53
Common Cuckoo,55.87838,-3.06047,7.5,Spring,0.0018,2165,4
Common Cuckoo,55.87838,-2.81564,7.5,Spring,0.0042,239,1
Common Cuckoo,55.87838,-2.5708,7.5,Spring,0.125,232,29
Common Cuckoo,55.87838,-2.32596,7.5,Spring,0.0178,169,3
Common Cuckoo,55.87838,-2.08112,7.5,Spring,0.0035,288,1
Common Cuckoo,56.01351,-6.24337,7.5,Spring,0.4706,34,16
Common Cuckoo,56.01351,-5.99853,7.5,Spring,0.7273,11,8
Common Cuckoo,56.01351,-5.75369,7.5,Spring,0.2632,19,5
Common Cuckoo,56.01351,-5.50885,7.5,Spring,0.0619,97,6
Common Cuckoo,56.01351,-5.26402,7.5,Spring,0.3111,45,14
Common Cuckoo,56.01351,-5.01918,7.5,Spring,0.2695,167,45
Common Cuckoo,56.01351,-4.77434,7.5,Spring,0.0899,189,17
Common Cuckoo,56.01351,-4.5295,7.5,Spring,0.0966,435,42
Common Cuckoo,56.01351,-4.28466,7.5,Spring,0.0971,175,17
Common Cuckoo,56.01351,-4.03983,7.5,Spring,0.0513,39,2
Common Cuckoo,56.01351,-3.79499,7.5,Spring,0.0071,421,3
Common Cuckoo,56.01351,-3.55015,7.5,Spring,0.0041,493,2
Common Cuckoo,56.01351,-3.30531,7.5,Spring,0.0014,2906,4
Common Cuckoo,56.01351,-3.06047,7.5,Spring,0.0045,2432,11
Common Cuckoo,56.01351,-2.81564,7.5,Spring,0.0032,928,3
Common Cuckoo,56.01351,-2.5708,7.5,Spring,0.0093,754,7
Common Cuckoo,56.14865,-6.24337,7.5,Spring,0.5455,11,6
Common Cuckoo,56.14865,-5.50885,7.5,Spring,0.3333,78,26
Common Cuckoo,56.14865,-5.26402,7.5,Spring,0.3214,28,9
Common Cuckoo,56.14865,-5.01918,7.5,Spring,0.24,25,6
Common Cuckoo,56.14865,-4.77434,7.5,Spring,0.0649,77,5
Common Cuckoo,56.14865,-4.5295,7.5,Spring,0.2393,234,56
Common Cuckoo,56.14865,-4.28466,7.5,Spring,0.1333,180,24
Common Cuckoo,56.14865,-4.03983,7.5,Spring,0.0336,535,18
Common Cuckoo,56.14865,-3.79499,7.5,Spring,0.0302,695,21
Common Cuckoo,56.14865,-3.55015,7.5,Spring,0.0411,219,9
Common Cuckoo,56.14865,-3.30531,7.5,Spring,0.0107,652,7
Common Cuckoo,56.14865,-2.81564,7.5,Spring,0.0025,399,1
Common Cuckoo,56.28378,-6.48821,7.5,Spring,0.1667,342,57
Common Cuckoo,56.28378,-6.24337,7.5,Spring,0.3008,133,40
Common Cuckoo,56.28378,-5.99853,7.5,Spring,0.2381,21,5
Common Cuckoo,56.28378,-5.75369,7.5,Spring,0.0588,17,1
Common Cuckoo,56.28378,-5.50885,7.5,Spring,0.2727,44,12
Common Cuckoo,56.28378,-5.26402,7.5,Spring,0.5,4,2
Common Cuckoo,56.28378,-5.01918,7.5,Spring,0.1034,58,6
Common Cuckoo,56.28378,-4.77434,7.5,Spring,0.3605,86,31
Common Cuckoo,56.28378,-4.5295,7.5,Spring,0.3036,56,17
Common Cuckoo,56.28378,-4.28466,7.5,Spring,0.1375,269,37
Common Cuckoo,56.28378,-4.03983,7.5,Spring,0.4884,43,21
Common Cuckoo,56.28378,-3.79499,7.5,Spring,0.0283,106,3
Common Cuckoo,56.28378,-3.30531,7.5,Spring,0.0616,146,9
Common Cuckoo,56.28378,-3.06047,7.5,Spring,0.0037,546,2
Common Cuckoo,56.28378,-2.81564,7.5,Spring,0.0013,1514,2
Common Cuckoo,56.28378,-2.5708,7.5,Spring,0.0054,559,3
Common Cuckoo,56.41892,-6.97788,7.5,Spring,0.0714,28,2
Common Cuckoo,56.41892,-6.24337,7.5,Spring,0.0565,177,10
Common Cuckoo,56.41892,-5.99853,7.5,Spring,0.1746,401,70
Common Cuckoo,56.41892,-5.75369,7.5,Spring,0.2831,385,109
Common Cuckoo,56.41892,-5.50885,7.5,Spring,0.0606,396,24
Common Cuckoo,56.41892,-5.26402,7.5,Spring,0.1282,39,5
Common Cuckoo,56.41892,-5.01918,7.5,Spring,0.2329,73,17
Common Cuckoo,56.41892,-4.77434,7.5,Spring,0.1852,54,10
Common Cuckoo,56.41892,-4.5295,7.5,Spring,0.15,40,6
Common Cuckoo,56.41892,-4.28466,7.5,Spring,0.2674,86,23
Common Cuckoo,56.41892,-4.03983,7.5,Spring,0.2049,122,25
Common Cuckoo,56.41892,-3.79499,7.5,Spring,0.1125,80,9
Common Cuckoo,56.41892,-3.55015,7.5,Spring,0.0042,238,1
Common Cuckoo,56.41892,-3.30531,7.5,Spring,0.0038,261,1
Common Cuckoo,56.55405,-6.73304,7.5,Spring,0.0588,34,2
Common Cuckoo,56.55405,-6.48821,7.5,Spring,0.0067,149,1
Common Cuckoo,56.55405,-6.24337,7.5,Spring,0.1538,182,28
Common Cuckoo,56.55405,-5.99853,7.5,Spring,0.1307,283,37
Common Cuckoo,56.55405,-5.75369,7.5,Spring,0.3418,158,54
Common Cuckoo,56.55405,-5.50885,7.5,Spring,0.2118,85,18
Common Cuckoo,56.55405,-5.26402,7.5,Spring,0.3,50,15
Common Cuckoo,56.55405,-5.01918,7.5,Spring,0.4286,7,3
Common Cuckoo,56.55405,-4.77434,7.5,Spring,0.225,40,9
Common Cuckoo,56.55405,-4.5295,7.5,Spring,0.5,2,1
Common Cuckoo,56.55405,-4.28466,7.5,Spring,0.2941,17,5
Common Cuckoo,56.55405,-4.03983,7.5,Spring,0.0909,55,5
Common Cuckoo,56.55405,-3.79499,7.5,Spring,0.1351,74,10
Common Cuckoo,56.55405,-3.55015,7.5,Spring,0.0544,294,16
Common Cuckoo,56.55405,-3.06047,7.5,Spring,0.02,50,1
Common Cuckoo,56.68919,-6.48821,7.5,Spring,0.3571,42,15
Common Cuckoo,56.68919,-6.24337,7.5,Spring,0.2143,84,18
Common Cuckoo,56.68919,-5.99853,7.5,Spring,0.1073,205,22
Common Cuckoo,56.68919,-5.75369,7.5,Spring,0.2396,96,23
Common Cuckoo,56.68919,-5.50885,7.5,Spring,0.2297,74,17
Common Cuckoo,56.68919,-5.26402,7.5,Spring,0.177,113,20
Common Cuckoo,56.68919,-5.01918,7.5,Spring,0.1442,215,31
Common Cuckoo,56.68919,-4.77434,7.5,Spring,0.1379,29,4
Common Cuckoo,56.68919,-4.5295,7.5,Spring,0.1,10,1
Common Cuckoo,56.68919,-4.03983,7.5,Spring,0.1087,46,5
Common Cuckoo,56.68919,-3.79499,7.5,Spring,0.0379,290,11
Common Cuckoo,56.68919,-3.55015,7.5,Spring,0.2308,26,6
Common Cuckoo,56.68919,-3.30531,7.5,Spring,0.1446,83,12
Common Cuckoo,56.68919,-3.06047,7.5,Spring,0.0387,181,7
Common Cuckoo,56.82432,-7.7124,7.5,Spring,0.0909,11,1
Common Cuckoo,56.82432,-6.24337,7.5,Spring,0.16,25,4
Common Cuckoo,56.82432,-5.99853,7.5,Spring,0.1765,17,3
Common Cuckoo,56.82432,-5.75369,7.5,Spring,0.4337,83,36
Common Cuckoo,56.82432,-5.50885,7.5,Spring,0.093,86,8
Common Cuckoo,56.82432,-5.26402,7.5,Spring,0.1786,28,5
Common Cuckoo,56.82432,-5.01918,7.5,Spring,0.1445,256,37
Common Cuckoo,56.82432,-4.77434,7.5,Spring,0.2333,30,7
Common Cuckoo,56.82432,-4.5295,7.5,Spring,0.3333,3,1
Common Cuckoo,56.82432,-4.28466,7.5,Spring,0.1765,17,3
Common Cuckoo,56.82432,-4.03983,7.5,Spring,0.2,45,9
Common Cuckoo,56.82432,-3.79499,7.5,Spring,0.0339,59,2
Common Cuckoo,56.82432,-3.55015,7.5,Spring,0.0526,19,1
Common Cuckoo,56.82432,-3.30531,7.5,Spring,0.027,111,3
Common Cuckoo,56.82432,-3.06047,7.5,Spring,0.16,25,4
Common Cuckoo,56.82432,-2.81564,7.5,Spring,0.5,10,5
Common Cuckoo,56.95946,-7.46756,7.5,Spring,0.2561,82,21
Common Cuckoo,56.95946,-6.24337,7.5,Spring,0.6296,108,68
Common Cuckoo,56.95946,-5.99853,7.5,Spring,0.0909,11,1
Common Cuckoo,56.95946,-5.75369,7.5,Spring,0.2,175,35
Common Cuckoo,56.95946,-5.26402,7.5,Spring,0.5,6,3
Common Cuckoo,56.95946,-5.01918,7.5,Spring,0.3261,46,15
Common Cuckoo,56.95946,-4.77434,7.5,Spring,0.2727,11,3
Common Cuckoo,56.95946,-4.5295,7.5,Spring,0.2727,55,15
Common Cuckoo,56.95946,-4.28466,7.5,Spring,0.1538,91,14
Common Cuckoo,56.95946,-3.79499,7.5,Spring,0.2857,7,2
Common Cuckoo,56.95946,-3.55015,7.5,Spring,0.2632,57,15
Common Cuckoo,56.95946,-3.30531,7.5,Spring,0.0841,107,9
Common Cuckoo,56.95946,-3.06047,7.5,Spring,0.1304,23,3
Common Cuckoo,56.95946,-2.81564,7.5,Spring,0.1,10,1
Common Cuckoo,56.95946,-2.5708,7.5,Spring,0.2381,21,5
Common Cuckoo,56.95946,-2.08112,7.5,Spring,0.0037,269,1
Common Cuckoo,57.09459,-7.46756,7.5,Spring,0.25,60,15
Common Cuckoo,57.09459,-7.22272,7.5,Spring,0.1692,65,11
Common Cuckoo,57.09459,-6.48821,7.5,Spring,0.4667,30,14
Common Cuckoo,57.09459,-6.24337,7.5,Spring,0.6,5,3
Common Cuckoo,57.09459,-5.99853,7.5,Spring,0.18,100,18
Common Cuckoo,57.09459,-5.75369,7.5,Spring,0.24,50,12
Common Cuckoo,57.09459,-5.50885,7.5,Spring,0.5,2,1
Common Cuckoo,57.09459,-5.01918,7.5,Spring,0.2632,19,5
Common Cuckoo,57.09459,-4.77434,7.5,Spring,0.0702,114,8
Common Cuckoo,57.09459,-4.5295,7.5,Spring,0.125,8,1
Common Cuckoo,57.09459,-4.03983,7.5,Spring,0.0874,709,62
Common Cuckoo,57.09459,-3.79499,7.5,Spring,0.1467,375,55
Common Cuckoo,57.09459,-3.55015,7.5,Spring,0.0785,433,34
Common Cuckoo,57.09459,-3.30531,7.5,Spring,0.0128,78,1
Common Cuckoo,57.09459,-3.06047,7.5,Spring,0.029,69,2
Common Cuckoo,57.09459,-2.81564,7.5,Spring,0.2819,188,53
Common Cuckoo,57.09459,-2.5708,7.5,Spring,0.0469,64,3
Common Cuckoo,57.09459,-2.32596,7.5,Spring,0.0112,89,1
Common Cuckoo,57.09459,-2.08112,7.5,Spring,0.0006,1560,1
Common Cuckoo,57.22973,-7.46756,7.5,Spring,0.1215,214,26
Common Cuckoo,57.22973,-7.22272,7.5,Spring,0.74,50,37
Common Cuckoo,57.22973,-6.48821,7.5,Spring,0.4348,23,10
Common Cuckoo,57.22973,-6.24337,7.5,Spring,0.3304,115,38
Common Cuckoo,57.22973,-5.99853,7.5,Spring,0.2635,315,83
Common Cuckoo,57.22973,-5.75369,7.5,Spring,0.2138,159,34
Common Cuckoo,57.22973,-5.50885,7.5,Spring,0.1172,128,15
Common Cuckoo,57.22973,-5.26402,7.5,Spring,1.0,5,5
Common Cuckoo,57.22973,-5.01918,7.5,Spring,0.3659,41,15
Common Cuckoo,57.22973,-4.77434,7.5,Spring,0.1765,34,6
Common Cuckoo,57.22973,-4.5295,7.5,Spring,0.0222,45,1
Common Cuckoo,57.22973,-4.28466,7.5,Spring,0.1818,11,2
Common Cuckoo,57.22973,-4.03983,7.5,Spring,0.1032,252,26
Common Cuckoo,57.22973,-3.79499,7.5,Spring,0.1335,2240,299
Common Cuckoo,57.22973,-3.55015,7.5,Spring,0.0625,560,35
Common Cuckoo,57.22973,-3.30531,7.5,Spring,0.0894,123,11
Common Cuckoo,57.22973,-2.81564,7.5,Spring,0.0417,24,1
Common Cuckoo,57.22973,-2.5708,7.5,Spring,0.1,20,2
Common Cuckoo,57.22973,-2.08112,7.5,Spring,0.002,488,1
Common Cuckoo,57.36486,-7.46756,7.5,Spring,0.0603,199,12
Common Cuckoo,57.36486,-7.22272,7.5,Spring,0.4034,119,48
Common Cuckoo,57.36486,-6.73304,7.5,Spring,0.0115,87,1
Common Cuckoo,57.36486,-6.48821,7.5,Spring,0.3247,77,25
Common Cuckoo,57.36486,-6.24337,7.5,Spring,0.1901,242,46
Common Cuckoo,57.36486,-5.99853,7.5,Spring,0.2195,41,9
Common Cuckoo,57.36486,-5.75369,7.5,Spring,0.2319,69,16
Common Cuckoo,57.36486,-5.50885,7.5,Spring,0.1186,59,7
Common Cuckoo,57.36486,-5.01918,7.5,Spring,0.5333,15,8
Common Cuckoo,57.36486,-4.77434,7.5,Spring,0.3605,86,31
Common Cuckoo,57.36486,-4.5295,7.5,Spring,0.0993,272,27
Common Cuckoo,57.36486,-4.28466,7.5,Spring,0.2132,333,71
Common Cuckoo,57.36486,-4.03983,7.5,Spring,0.0508,118,6
Common Cuckoo,57.36486,-3.79499,7.5,Spring,0.199,407,81
Common Cuckoo,57.36486,-3.55015,7.5,Spring,0.0697,445,31
Common Cuckoo,57.36486,-3.30531,7.5,Spring,0.2326,43,10
Common Cuckoo,57.36486,-3.06047,7.5,Spring,0.2,5,1
Common Cuckoo,57.36486,-2.81564,7.5,Spring,0.1429,14,2
Common Cuckoo,57.36486,-2.5708,7.5,Spring,0.08,25,2
Common Cuckoo,57.36486,-2.08112,7.5,Spring,0.0219,274,6
Common Cuckoo,57.5,-7.46756,7.5,Spring,0.1128,266,30
Common Cuckoo,57.5,-7.22272,7.5,Spring,0.298,151,45
Common Cuckoo,57.5,-6.73304,7.5,Spring,0.2809,445,125
Common Cuckoo,57.5,-6.48821,7.5,Spring,0.1318,129,17
Common Cuckoo,57.5,-6.24337,7.5,Spring,0.2182,165,36
Common Cuckoo,57.5,-5.99853,7.5,Spring,0.3333,6,2
Common Cuckoo,57.5,-5.75369,7.5,Spring,0.2766,47,13
Common Cuckoo,57.5,-5.50885,7.5,Spring,0.1053,38,4
Common Cuckoo,57.5,-5.26402,7.5,Spring,0.1905,21,4
Common Cuckoo,57.5,-5.01918,7.5,Spring,0.2857,14,4
Common Cuckoo,57.5,-4.77434,7.5,Spring,0.1429,7,1
Common Cuckoo,57.5,-4.5295,7.5,Spring,0.0781,192,15
Common Cuckoo,57.5,-4.28466,7.5,Spring,0.0164,915,15
Common Cuckoo,57.5,-4.03983,7.5,Spring,0.0101,691,7
Common Cuckoo,57.5,-3.79499,7.5,Spring,0.1795,39,7
Common Cuckoo,57.5,-3.55015,7.5,Spring,0.1538,26,4
Common Cuckoo,57.5,-3.30531,7.5,Spring,0.0816,49,4
Common Cuckoo,57.5,-3.06047,7.5,Spring,0.125,32,4
Common Cuckoo,57.5,-2.81564,7.5,Spring,0.0385,26,1
Common Cuckoo,57.5,-2.08112,7.5,Spring,0.0435,46,2
Common Cuckoo,57.63514,-7.46756,7.5,Spring,0.1534,489,75
Common Cuckoo,57.63514,-7.22272,7.5,Spring,0.3171,123,39
Common Cuckoo,57.63514,-6.97788,7.5,Spring,0.5,10,5
Common Cuckoo,57.63514,-6.48821,7.5,Spring,0.1603,131,21
Common Cuckoo,57.63514,-6.24337,7.5,Spring,0.1611,360,58
Common Cuckoo,57.63514,-5.75369,7.5,Spring,0.3929,56,22
Common Cuckoo,57.63514,-5.50885,7.5,Spring,0.3684,19,7
Common Cuckoo,57.63514,-5.26402,7.5,Spring,0.3333,54,18
Common Cuckoo,57.63514,-5.01918,7.5,Spring,0.0909,22,2
Common Cuckoo,57.63514,-4.77434,7.5,Spring,0.0526,38,2
Common Cuckoo,57.63514,-4.5295,7.5,Spring,0.0655,168,11
Common Cuckoo,57.63514,-4.28466,7.5,Spring,0.0188,160,3
Common Cuckoo,57.63514,-4.03983,7.5,Spring,0.007,569,4
Common Cuckoo,57.63514,-3.55015,7.5,Spring,0.003,328,1
Common Cuckoo,57.63514,-2.81564,7.5,Spring,0.0115,87,1
Common Cuckoo,57.63514,-1.83628,7.5,Spring,0.0259,232,6
Common Cuckoo,57.77027,-8.69175,7.5,Spring,0.0154,65,1
Common Cuckoo,57.77027,-7.22272,7.5,Spring,0.1061,66,7
Common Cuckoo,57.77027,-6.97788,7.5,Spring,0.2353,68,16
Common Cuckoo,57.77027,-6.73304,7.5,Spring,0.3,10,3
Common Cuckoo,57.77027,-6.24337,7.5,Spring,0.2857,7,2
Common Cuckoo,57.77027,-5.75369,7.5,Spring,0.313,131,41
Common Cuckoo,57.77027,-5.50885,7.5,Spring,0.2262,84,19
Common Cuckoo,57.77027,-5.01918,7.5,Spring,0.1633,49,8
Common Cuckoo,57.77027,-4.28466,7.5,Spring,0.15,40,6
Common Cuckoo,57.77027,-4.03983,7.5,Spring,0.0199,201,4
Common Cuckoo,57.90541,-6.97788,7.5,Spring,0.1758,91,16
Common Cuckoo,57.90541,-6.73304,7.5,Spring,0.2241,58,13
Common Cuckoo,57.90541,-5.75369,7.5,Spring,0.0968,31,3
Common Cuckoo,57.90541,-5.50885,7.5,Spring,0.1795,117,21
Common Cuckoo,57.90541,-5.26402,7.5,Spring,0.2462,130,32
Common Cuckoo,57.90541,-4.77434,7.5,Spring,0.6667,3,2
Common Cuckoo,57.90541,-4.5295,7.5,Spring,0.6667,18,12
Common Cuckoo,57.90541,-4.28466,7.5,Spring,0.1826,115,21
Common Cuckoo,57.90541,-4.03983,7.5,Spring,0.0521,326,17
Common Cuckoo,58.04054,-7.22272,7.5,Spring,0.25,4,1
Common Cuckoo,58.04054,-6.97788,7.5,Spring,0.4783,23,11
Common Cuckoo,58.04054,-6.73304,7.5,Spring,0.5714,42,24
Common Cuckoo,58.04054,-6.48821,7.5,Spring,0.4839,31,15
Common Cuckoo,58.04054,-5.26402,7.5,Spring,0.2917,24,7
Common Cuckoo,58.04054,-5.01918,7.5,Spring,0.4783,23,11
Common Cuckoo,58.04054,-4.5295,7.5,Spring,0.3115,61,19
Common Cuckoo,58.04054,-4.28466,7.5,Spring,0.2364,55,13
Common Cuckoo,58.04054,-4.03983,7.5,Spring,0.1967,61,12
Common Cuckoo,58.04054,-3.79499,7.5,Spring,0.0533,75,4
Common Cuckoo,58.17568,-6.97788,7.5,Spring,0.2439,41,10
Common Cuckoo,58.17568,-6.73304,7.5,Spring,0.2442,86,21
Common Cuckoo,58.17568,-6.48821,7.5,Spring,0.1065,169,18
Common Cuckoo,58.17568,-6.24337,7.5,Spring,0.026,77,2
Common Cuckoo,58.17568,-5.50885,7.5,Spring,0.0588,17,1
Common Cuckoo,58.17568,-5.26402,7.5,Spring,0.2077,130,27
Common Cuckoo,58.17568,-5.01918,7.5,Spring,0.1786,28,5
Common Cuckoo,58.17568,-4.5295,7.5,Spring,0.3333,9,3
Common Cuckoo,58.17568,-4.03983,7.5,Spring,0.625,8,5
Common Cuckoo,58.17568,-3.79499,7.5,Spring,0.5385,13,7
Common Cuckoo,58.17568,-3.55015,7.5,Spring,0.0526,19,1
Common Cuckoo,58.31081,-6.97788,7.5,Spring,0.0606,33,2
Common Cuckoo,58.31081,-6.73304,7.5,Spring,0.1429,84,12
Common Cuckoo,58.31081,-6.48821,7.5,Spring,0.1379,58,8
Common Cuckoo,58.31081,-6.24337,7.5,Spring,0.1926,135,26
Common Cuckoo,58.31081,-5.26402,7.5,Spring,0.3953,43,17
Common Cuckoo,58.31081,-5.01918,7.5,Spring,0.3488,43,15
Common Cuckoo,58.31081,-4.77434,7.5,Spring,1.0,1,1
Common Cuckoo,58.31081,-4.5295,7.5,Spring,0.5714,14,8
Common Cuckoo,58.31081,-4.28466,7.5,Spring,0.2857,7,2
Common Cuckoo,58.31081,-4.03983,7.5,Spring,0.3333,3,1
Common Cuckoo,58.31081,-3.79499,7.5,Spring,0.3548,31,11
Common Cuckoo,58.31081,-3.55015,7.5,Spring,0.0714,14,1
Common Cuckoo,58.31081,-3.30531,7.5,Spring,0.2632,19,5
Common Cuckoo,58.31081,-3.06047,7.5,Spring,0.0556,18,1
Common Cuckoo,58.44595,-6.48821,7.5,Spring,0.0833,12,1
Common Cuckoo,58.44595,-6.24337,7.5,Spring,0.0755,106,8
Common Cuckoo,58.44595,-5.26402,7.5,Spring,0.3708,89,33
Common Cuckoo,58.44595,-5.01918,7.5,Spring,0.4516,31,14
Common Cuckoo,58.44595,-4.77434,7.5,Spring,0.25,4,1
Common Cuckoo,58.44595,-4.5295,7.5,Spring,0.2857,28,8
Common Cuckoo,58.44595,-4.28466,7.5,Spring,0.625,8,5
Common Cuckoo,58.44595,-4.03983,7.5,Spring,1.0,1,1
Common Cuckoo,58.44595,-3.79499,7.5,Spring,0.25,4,1
Common Cuckoo,58.44595,-3.55015,7.5,Spring,0.1818,11,2
Common Cuckoo,58.44595,-3.30531,7.5,Spring,0.1429,21,3
Common Cuckoo,58.44595,-3.06047,7.5,Spring,0.0345,87,3
Common Cuckoo,58.58108,-4.77434,7.5,Spring,0.1074,149,16
Common Cuckoo,58.58108,-4.5295,7.5,Spring,1.0,1,1
Common Cuckoo,58.58108,-4.03983,7.5,Spring,0.2105,19,4
Common Cuckoo,58.58108,-3.79499,7.5,Spring,0.1765,34,6
Common Cuckoo,58.58108,-3.06047,7.5,Spring,0.0563,142,8
Common Cuckoo,58.85135,-3.30531,7.5,Spring,0.1031,97,10
Common Cuckoo,58.85135,-3.06047,7.5,Spring,0.0303,66,2
Common Cuckoo,58.98649,-3.30531,7.5,Spring,0.0033,299,1
Common Cuckoo,58.98649,-3.06047,7.5,Spring,0.0836,323,27
Common Cuckoo,59.12162,-3.06047,7.5,Spring,0.1154,182,21
Common Cuckoo,59.12162,-2.81564,7.5,Spring,0.0667,15,1
Common Cuckoo,59.39189,-3.06047,7.5,Spring,0.0476,21,1
Common Cuckoo,59.39189,-2.32596,7.5,Spring,0.0145,344,5
Common Cuckoo,59.52703,-1.59145,7.5,Spring,0.0482,456,22
Common Cuckoo,59.93243,-1.34661,7.5,Spring,0.0055,1629,9
Common Cuckoo,60.06757,-1.34661,7.5,Spring,0.0046,437,2
Common Cuckoo,60.06757,-1.10177,7.5,Spring,0.0081,123,1
Common Cuckoo,60.2027,-1.34661,7.5,Spring,0.0896,134,12
Common Cuckoo,60.2027,-1.10177,7.5,Spring,0.002,488,1
Common Cuckoo,60.33784,-1.34661,7.5,Spring,0.0286,70,2
Common Cuckoo,54.7973,-4.03983,7.5,Summer,0.0435,46,2
Common Cuckoo,54.93243,-4.77434,7.5,Summer,0.3077,13,4
Common Cuckoo,54.93243,-4.5295,7.5,Summer,0.0385,52,2
Common Cuckoo,54.93243,-4.28466,7.5,Summer,0.0286,35,1
Common Cuckoo,54.93243,-3.55015,7.5,Summer,0.0175,171,3
Common Cuckoo,54.93243,-3.06047,7.5,Summer,0.0244,41,1
Common Cuckoo,55.06757,-5.01918,7.5,Summer,0.0833,12,1
Common Cuckoo,55.06757,-4.77434,7.5,Summer,0.5,10,5
Common Cuckoo,55.06757,-4.5295,7.5,Summer,0.0455,44,2
Common Cuckoo,55.06757,-4.03983,7.5,Summer,0.0159,63,1
Common Cuckoo,55.06757,-3.55015,7.5,Summer,0.0104,192,2
Common Cuckoo,55.2027,-3.55015,7.5,Summer,0.2222,9,2
Common Cuckoo,55.2027,-3.06047,7.5,Summer,0.0909,22,2
Common Cuckoo,55.2027,-2.81564,7.5,Summer,0.1538,13,2
Common Cuckoo,55.33784,-5.75369,7.5,Summer,0.1176,17,2
Common Cuckoo,55.33784,-5.50885,7.5,Summer,0.0714,14,1
Common Cuckoo,55.33784,-4.5295,7.5,Summer,0.1429,7,1
Common Cuckoo,55.33784,-4.28466,7.5,Summer,0.0426,47,2
Common Cuckoo,55.33784,-3.79499,7.5,Summer,0.0455,22,1
Common Cuckoo,55.33784,-3.55015,7.5,Summer,0.0444,45,2
Common Cuckoo,55.33784,-2.5708,7.5,Summer,0.125,8,1
Common Cuckoo,55.47297,-5.26402,7.5,Summer,0.05,20,1
Common Cuckoo,55.47297,-4.28466,7.5,Summer,0.0588,34,2
Common Cuckoo,55.47297,-3.79499,7.5,Summer,0.0208,96,2
Common Cuckoo,55.60811,-6.24337,7.5,Summer,0.0241,83,2
Common Cuckoo,55.60811,-5.50885,7.5,Summer,0.0833,12,1
Common Cuckoo,55.60811,-5.26402,7.5,Summer,0.0385,104,4
Common Cuckoo,55.60811,-4.5295,7.5,Summer,0.0001,27860,3
Common Cuckoo,55.60811,-3.79499,7.5,Summer,0.0263,38,1
Common Cuckoo,55.60811,-3.06047,7.5,Summer,0.0361,83,3
Common Cuckoo,55.60811,-2.81564,7.5,Summer,0.0092,109,1
Common Cuckoo,55.74324,-6.48821,7.5,Summer,0.0526,38,2
Common Cuckoo,55.74324,-6.24337,7.5,Summer,0.0159,63,1
Common Cuckoo,55.74324,-5.50885,7.5,Summer,0.0238,42,1
Common Cuckoo,55.74324,-5.26402,7.5,Summer,0.0938,32,3
Common Cuckoo,55.74324,-5.01918,7.5,Summer,0.0108,93,1
Common Cuckoo,55.74324,-4.5295,7.5,Summer,0.0036,277,1
Common Cuckoo,55.74324,-3.55015,7.5,Summer,0.1667,24,4
Common Cuckoo,55.74324,-3.06047,7.5,Summer,0.0827,133,11
Common Cuckoo,55.87838,-6.48821,7.5,Summer,0.0909,11,1
Common Cuckoo,55.87838,-6.24337,7.5,Summer,0.0532,94,5
Common Cuckoo,55.87838,-5.99853,7.5,Summer,0.1429,21,3
Common Cuckoo,55.87838,-5.50885,7.5,Summer,0.0417,48,2
Common Cuckoo,55.87838,-4.77434,7.5,Summer,0.1111,45,5
Common Cuckoo,55.87838,-4.5295,7.5,Summer,0.0034,292,1
Common Cuckoo,55.87838,-3.79499,7.5,Summer,0.0238,42,1
Common Cuckoo,55.87838,-3.55015,7.5,Summer,0.0522,134,7
Common Cuckoo,55.87838,-3.30531,7.5,Summer,0.0101,1184,12
Common Cuckoo,55.87838,-3.06047,7.5,Summer,0.0018,1626,3
Common Cuckoo,55.87838,-2.81564,7.5,Summer,0.0102,98,1
Common Cuckoo,55.87838,-2.5708,7.5,Summer,0.0734,109,8
Common Cuckoo,55.87838,-2.32596,7.5,Summer,0.0533,75,4
Common Cuckoo,55.87838,-2.08112,7.5,Summer,0.0034,295,1
Common Cuckoo,56.01351,-6.24337,7.5,Summer,0.2727,22,6
Common Cuckoo,56.01351,-5.99853,7.5,Summer,1.0,3,3
Common Cuckoo,56.01351,-5.75369,7.5,Summer,0.0769,13,1
Common Cuckoo,56.01351,-5.50885,7.5,Summer,0.0541,37,2
Common Cuckoo,56.01351,-5.01918,7.5,Summer,0.0706,85,6
Common Cuckoo,56.01351,-4.77434,7.5,Summer,0.0156,128,2
Common Cuckoo,56.01351,-4.5295,7.5,Summer,0.0358,279,10
Common Cuckoo,56.01351,-4.28466,7.5,Summer,0.0667,90,6
Common Cuckoo,56.01351,-4.03983,7.5,Summer,0.0566,53,3
Common Cuckoo,56.01351,-3.55015,7.5,Summer,0.0038,266,1
Common Cuckoo,56.01351,-3.30531,7.5,Summer,0.0018,2181,4
Common Cuckoo,56.01351,-3.06047,7.5,Summer,0.0042,2396,10
Common Cuckoo,56.01351,-2.81564,7.5,Summer,0.0025,786,2
Common Cuckoo,56.01351,-2.5708,7.5,Summer,0.0016,613,1
Common Cuckoo,56.01351,-2.32596,7.5,Summer,0.0154,130,2
Common Cuckoo,56.14865,-5.50885,7.5,Summer,0.0676,74,5
Common Cuckoo,56.14865,-5.01918,7.5,Summer,0.1,10,1
Common Cuckoo,56.14865,-4.5295,7.5,Summer,0.0222,225,5
Common Cuckoo,56.14865,-4.28466,7.5,Summer,0.0541,111,6
Common Cuckoo,56.14865,-4.03983,7.5,Summer,0.0057,349,2
Common Cuckoo,56.14865,-3.79499,7.5,Summer,0.0061,328,2
Common Cuckoo,56.14865,-2.5708,7.5,Summer,0.0245,245,6
Common Cuckoo,56.28378,-6.48821,7.5,Summer,0.063,238,15
Common Cuckoo,56.28378,-6.24337,7.5,Summer,0.0562,89,5
Common Cuckoo,56.28378,-5.75369,7.5,Summer,0.0294,34,1
Common Cuckoo,56.28378,-5.50885,7.5,Summer,0.0392,51,2
Common Cuckoo,56.28378,-5.01918,7.5,Summer,0.0135,74,1
Common Cuckoo,56.28378,-4.77434,7.5,Summer,0.0889,90,8
Common Cuckoo,56.28378,-4.5295,7.5,Summer,0.0408,49,2
Common Cuckoo,56.28378,-4.28466,7.5,Summer,0.0146,205,3
Common Cuckoo,56.28378,-4.03983,7.5,Summer,0.125,8,1
Common Cuckoo,56.28378,-3.30531,7.5,Summer,0.0222,90,2
Common Cuckoo,56.28378,-3.06047,7.5,Summer,0.0031,322,1
Common Cuckoo,56.28378,-2.81564,7.5,Summer,0.0027,1122,3
Common Cuckoo,56.28378,-2.5708,7.5,Summer,0.0057,524,3
Common Cuckoo,56.41892,-6.24337,7.5,Summer,0.0268,224,6
Common Cuckoo,56.41892,-5.99853,7.5,Summer,0.0748,294,22
Common Cuckoo,56.41892,-5.75369,7.5,Summer,0.036,361,13
Common Cuckoo,56.41892,-5.50885,7.5,Summer,0.0092,433,4
Common Cuckoo,56.41892,-5.01918,7.5,Summer,0.0606,33,2
Common Cuckoo,56.41892,-4.28466,7.5,Summer,0.0206,97,2
Common Cuckoo,56.41892,-4.03983,7.5,Summer,0.18,50,9
Common Cuckoo,56.41892,-3.79499,7.5,Summer,0.0128,78,1
Common Cuckoo,56.41892,-3.55015,7.5,Summer,0.0182,110,2
Common Cuckoo,56.41892,-3.30531,7.5,Summer,0.0101,198,2
Common Cuckoo,56.41892,-2.81564,7.5,Summer,0.0068,590,4
Common Cuckoo,56.55405,-6.73304,7.5,Summer,0.1081,37,4
Common Cuckoo,56.55405,-6.48821,7.5,Summer,0.0075,134,1
Common Cuckoo,56.55405,-6.24337,7.5,Summer,0.0521,192,10
Common Cuckoo,56.55405,-5.99853,7.5,Summer,0.0255,274,7
Common Cuckoo,56.55405,-5.75369,7.5,Summer,0.0123,81,1
Common Cuckoo,56.55405,-5.50885,7.5,Summer,0.0541,37,2
Common Cuckoo,56.55405,-5.26402,7.5,Summer,0.0833,36,3
Common Cuckoo,56.55405,-5.01918,7.5,Summer,0.25,4,1
Common Cuckoo,56.55405,-4.77434,7.5,Summer,0.04,50,2
Common Cuckoo,56.55405,-4.28466,7.5,Summer,0.1667,36,6
Common Cuckoo,56.55405,-4.03983,7.5,Summer,0.0816,49,4
Common Cuckoo,56.55405,-3.79499,7.5,Summer,0.1111,45,5
Common Cuckoo,56.55405,-3.55015,7.5,Summer,0.0209,287,6
Common Cuckoo,56.68919,-6.48821,7.5,Summer,0.1667,30,5
Common Cuckoo,56.68919,-6.24337,7.5,Summer,0.0571,70,4
Common Cuckoo,56.68919,-5.99853,7.5,Summer,0.0119,168,2
Common Cuckoo,56.68919,-5.50885,7.5,Summer,0.0455,44,2
Common Cuckoo,56.68919,-5.26402,7.5,Summer,0.0288,139,4
Common Cuckoo,56.68919,-5.01918,7.5,Summer,0.0132,304,4
Common Cuckoo,56.68919,-4.77434,7.5,Summer,0.0588,34,2
Common Cuckoo,56.68919,-4.28466,7.5,Summer,0.3333,18,6
Common Cuckoo,56.68919,-4.03983,7.5,Summer,0.02,50,1
Common Cuckoo,56.68919,-3.79499,7.5,Summer,0.0187,268,5
Common Cuckoo,56.68919,-3.30531,7.5,Summer,0.175,40,7
Common Cuckoo,56.68919,-3.06047,7.5,Summer,0.0211,142,3
Common Cuckoo,56.68919,-2.81564,7.5,Summer,0.0179,56,1
Common Cuckoo,56.68919,-2.5708,7.5,Summer,0.0084,238,2
Common Cuckoo,56.82432,-5.99853,7.5,Summer,0.1818,11,2
Common Cuckoo,56.82432,-5.75369,7.5,Summer,0.0538,93,5
Common Cuckoo,56.82432,-5.26402,7.5,Summer,0.0303,33,1
Common Cuckoo,56.82432,-5.01918,7.5,Summer,0.0109,276,3
Common Cuckoo,56.82432,-4.28466,7.5,Summer,0.0667,15,1
Common Cuckoo,56.82432,-3.30531,7.5,Summer,0.0096,104,1
Common Cuckoo,56.82432,-3.06047,7.5,Summer,0.1481,27,4
Common Cuckoo,56.82432,-2.81564,7.5,Summer,0.3636,11,4
Common Cuckoo,56.95946,-7.46756,7.5,Summer,0.1356,118,16
Common Cuckoo,56.95946,-6.24337,7.5,Summer,0.0465,43,2
Common Cuckoo,56.95946,-5.99853,7.5,Summer,0.1111,9,1
Common Cuckoo,56.95946,-5.75369,7.5,Summer,0.0246,122,3
Common Cuckoo,56.95946,-5.01918,7.5,Summer,0.0417,48,2
Common Cuckoo,56.95946,-4.28466,7.5,Summer,0.0267,75,2
Common Cuckoo,56.95946,-3.79499,7.5,Summer,0.5,2,1
Common Cuckoo,56.95946,-3.55015,7.5,Summer,0.1714,70,12
Common Cuckoo,56.95946,-3.30531,7.5,Summer,0.0476,105,5
Common Cuckoo,56.95946,-3.06047,7.5,Summer,0.0385,26,1
Common Cuckoo,56.95946,-2.81564,7.5,Summer,0.0781,64,5
Common Cuckoo,56.95946,-2.5708,7.5,Summer,0.0952,21,2
Common Cuckoo,56.95946,-2.32596,7.5,Summer,0.0189,53,1
Common Cuckoo,56.95946,-2.08112,7.5,Summer,0.0221,272,6
Common Cuckoo,57.09459,-7.22272,7.5,Summer,0.0732,41,3
Common Cuckoo,57.09459,-6.48821,7.5,Summer,0.0769,39,3
Common Cuckoo,57.09459,-5.99853,7.5,Summer,0.0571,105,6
Common Cuckoo,57.09459,-5.75369,7.5,Summer,0.0106,94,1
Common Cuckoo,57.09459,-5.50885,7.5,Summer,0.1667,6,1
Common Cuckoo,57.09459,-5.01918,7.5,Summer,0.1212,33,4
Common Cuckoo,57.09459,-4.77434,7.5,Summer,0.0221,136,3
Common Cuckoo,57.09459,-4.03983,7.5,Summer,0.0361,526,19
Common Cuckoo,57.09459,-3.79499,7.5,Summer,0.0354,311,11
Common Cuckoo,57.09459,-3.55015,7.5,Summer,0.019,315,6
Common Cuckoo,57.09459,-3.30531,7.5,Summer,0.0111,90,1
Common Cuckoo,57.09459,-3.06047,7.5,Summer,0.0625,80,5
Common Cuckoo,57.09459,-2.81564,7.5,Summer,0.0952,84,8
Common Cuckoo,57.09459,-2.32596,7.5,Summer,0.0147,68,1
Common Cuckoo,57.09459,-2.08112,7.5,Summer,0.005,1194,6
Common Cuckoo,57.22973,-7.46756,7.5,Summer,0.0804,112,9
Common Cuckoo,57.22973,-7.22272,7.5,Summer,0.4615,26,12
Common Cuckoo,57.22973,-6.48821,7.5,Summer,0.1905,21,4
Common Cuckoo,57.22973,-6.24337,7.5,Summer,0.0878,148,13
Common Cuckoo,57.22973,-5.99853,7.5,Summer,0.0549,364,20
Common Cuckoo,57.22973,-5.75369,7.5,Summer,0.0676,148,10
Common Cuckoo,57.22973,-5.01918,7.5,Summer,0.0714,28,2
Common Cuckoo,57.22973,-4.77434,7.5,Summer,0.0286,35,1
Common Cuckoo,57.22973,-4.5295,7.5,Summer,0.0649,77,5
Common Cuckoo,57.22973,-4.03983,7.5,Summer,0.0827,133,11
Common Cuckoo,57.22973,-3.79499,7.5,Summer,0.0502,1932,97
Common Cuckoo,57.22973,-3.55015,7.5,Summer,0.0635,441,28
Common Cuckoo,57.22973,-3.30531,7.5,Summer,0.0781,128,10
Common Cuckoo,57.22973,-2.08112,7.5,Summer,0.0075,267,2
Common Cuckoo,57.36486,-7.46756,7.5,Summer,0.0325,123,4
Common Cuckoo,57.36486,-7.22272,7.5,Summer,0.275,80,22
Common Cuckoo,57.36486,-6.48821,7.5,Summer,0.043,93,4
Common Cuckoo,57.36486,-6.24337,7.5,Summer,0.0308,292,9
Common Cuckoo,57.36486,-5.99853,7.5,Summer,0.0909,33,3
Common Cuckoo,57.36486,-5.75369,7.5,Summer,0.1385,65,9
Common Cuckoo,57.36486,-5.50885,7.5,Summer,0.0392,51,2
Common Cuckoo,57.36486,-5.01918,7.5,Summer,0.3333,3,1
Common Cuckoo,57.36486,-4.5295,7.5,Summer,0.027,222,6
Common Cuckoo,57.36486,-4.28466,7.5,Summer,0.072,264,19
Common Cuckoo,57.36486,-4.03983,7.5,Summer,0.1047,86,9
Common Cuckoo,57.36486,-3.79499,7.5,Summer,0.2695,308,83
Common Cuckoo,57.36486,-3.55015,7.5,Summer,0.042,381,16
Common Cuckoo,57.36486,-3.30531,7.5,Summer,0.1549,71,11
Common Cuckoo,57.36486,-3.06047,7.5,Summer,0.1429,14,2
Common Cuckoo,57.36486,-2.5708,7.5,Summer,0.0119,84,1
Common Cuckoo,57.36486,-1.83628,7.5,Summer,0.027,74,2
Common Cuckoo,57.5,-7.46756,7.5,Summer,0.0182,165,3
Common Cuckoo,57.5,-7.22272,7.5,Summer,0.1441,111,16
Common Cuckoo,57.5,-6.73304,7.5,Summer,0.1294,402,52
Common Cuckoo,57.5,-6.48821,7.5,Summer,0.0446,157,7
Common Cuckoo,57.5,-6.24337,7.5,Summer,0.0635,189,12
Common Cuckoo,57.5,-5.99853,7.5,Summer,0.25,4,1
Common Cuckoo,57.5,-5.75369,7.5,Summer,0.0484,62,3
Common Cuckoo,57.5,-5.50885,7.5,Summer,0.0169,59,1
Common Cuckoo,57.5,-5.26402,7.5,Summer,0.2,15,3
Common Cuckoo,57.5,-5.01918,7.5,Summer,0.25,8,2
Common Cuckoo,57.5,-4.77434,7.5,Summer,0.1667,6,1
Common Cuckoo,57.5,-4.5295,7.5,Summer,0.0108,186,2
Common Cuckoo,57.5,-4.28466,7.5,Summer,0.0086,814,7
Common Cuckoo,57.5,-4.03983,7.5,Summer,0.0016,626,1
Common Cuckoo,57.63514,-7.46756,7.5,Summer,0.0686,350,24
Common Cuckoo,57.63514,-7.22272,7.5,Summer,0.1207,116,14
Common Cuckoo,57.63514,-6.97788,7.5,Summer,0.1111,9,1
Common Cuckoo,57.63514,-6.48821,7.5,Summer,0.0719,167,12
Common Cuckoo,57.63514,-6.24337,7.5,Summer,0.0587,443,26
Common Cuckoo,57.63514,-5.75369,7.5,Summer,0.1522,46,7
Common Cuckoo,57.63514,-5.50885,7.5,Summer,0.0612,49,3
Common Cuckoo,57.63514,-5.26402,7.5,Summer,0.12,100,12
Common Cuckoo,57.63514,-5.01918,7.5,Summer,0.037,27,1
Common Cuckoo,57.63514,-4.5295,7.5,Summer,0.0405,173,7
Common Cuckoo,57.63514,-4.03983,7.5,Summer,0.0013,742,1
Common Cuckoo,57.63514,-2.81564,7.5,Summer,0.0385,26,1
Common Cuckoo,57.77027,-7.22272,7.5,Summer,0.0469,64,3
Common Cuckoo,57.77027,-6.97788,7.5,Summer,0.0926,108,10
Common Cuckoo,57.77027,-6.73304,7.5,Summer,0.1538,13,2
Common Cuckoo,57.77027,-5.75369,7.5,Summer,0.044,159,7
Common Cuckoo,57.77027,-5.50885,7.5,Summer,0.0366,82,3
Common Cuckoo,57.77027,-5.01918,7.5,Summer,0.0976,41,4
Common Cuckoo,57.77027,-4.28466,7.5,Summer,0.0303,33,1
Common Cuckoo,57.90541,-6.97788,7.5,Summer,0.026,77,2
Common Cuckoo,57.90541,-6.73304,7.5,Summer,0.1111,63,7
Common Cuckoo,57.90541,-6.48821,7.5,Summer,1.0,1,1
Common Cuckoo,57.90541,-5.50885,7.5,Summer,0.0902,122,11
Common Cuckoo,57.90541,-5.26402,7.5,Summer,0.1314,175,23
Common Cuckoo,57.90541,-5.01918,7.5,Summer,0.0556,18,1
Common Cuckoo,57.90541,-4.77434,7.5,Summer,0.0909,11,1
Common Cuckoo,57.90541,-4.5295,7.5,Summer,0.0357,28,1
Common Cuckoo,57.90541,-4.28466,7.5,Summer,0.0758,66,5
Common Cuckoo,57.90541,-4.03983,7.5,Summer,0.0081,246,2
Common Cuckoo,58.04054,-6.97788,7.5,Summer,0.25,28,7
Common Cuckoo,58.04054,-6.73304,7.5,Summer,0.1389,36,5
Common Cuckoo,58.04054,-6.48821,7.5,Summer,0.0392,51,2
Common Cuckoo,58.04054,-5.26402,7.5,Summer,0.0645,31,2
Common Cuckoo,58.04054,-5.01918,7.5,Summer,0.0833,24,2
Common Cuckoo,58.04054,-4.77434,7.5,Summer,0.2,10,2
Common Cuckoo,58.04054,-4.5295,7.5,Summer,0.1333,45,6
Common Cuckoo,58.04054,-4.03983,7.5,Summer,0.0702,57,4
Common Cuckoo,58.04054,-3.79499,7.5,Summer,0.0247,81,2
Common Cuckoo,58.17568,-6.97788,7.5,Summer,0.0366,82,3
Common Cuckoo,58.17568,-6.73304,7.5,Summer,0.1548,84,13
Common Cuckoo,58.17568,-6.48821,7.5,Summer,0.0563,142,8
Common Cuckoo,58.17568,-6.24337,7.5,Summer,0.0198,101,2
Common Cuckoo,58.17568,-5.26402,7.5,Summer,0.1707,123,21
Common Cuckoo,58.17568,-5.01918,7.5,Summer,0.2308,52,12
Common Cuckoo,58.17568,-4.77434,7.5,Summer,0.25,4,1
Common Cuckoo,58.17568,-3.79499,7.5,Summer,0.1739,23,4
Common Cuckoo,58.17568,-3.55015,7.5,Summer,0.0455,44,2
Common Cuckoo,58.31081,-6.97788,7.5,Summer,0.0909,11,1
Common Cuckoo,58.31081,-6.73304,7.5,Summer,0.0317,126,4
Common Cuckoo,58.31081,-6.48821,7.5,Summer,0.0781,64,5
Common Cuckoo,58.31081,-6.24337,7.5,Summer,0.0491,163,8
Common Cuckoo,58.31081,-5.26402,7.5,Summer,0.0857,70,6
Common Cuckoo,58.31081,-5.01918,7.5,Summer,0.15,40,6
Common Cuckoo,58.31081,-4.28466,7.5,Summer,0.2,20,4
Common Cuckoo,58.31081,-4.03983,7.5,Summer,0.0714,14,1
Common Cuckoo,58.31081,-3.79499,7.5,Summer,0.2979,47,14
Common Cuckoo,58.31081,-3.06047,7.5,Summer,0.1667,6,1
Common Cuckoo,58.44595,-6.24337,7.5,Summer,0.0154,130,2
Common Cuckoo,58.44595,-5.26402,7.5,Summer,0.0745,94,7
Common Cuckoo,58.44595,-5.01918,7.5,Summer,0.2407,54,13
Common Cuckoo,58.44595,-4.5295,7.5,Summer,0.1212,33,4
Common Cuckoo,58.44595,-4.28466,7.5,Summer,0.3704,27,10
Common Cuckoo,58.44595,-3.79499,7.5,Summer,0.125,16,2
Common Cuckoo,58.44595,-3.55015,7.5,Summer,0.2,5,1
Common Cuckoo,58.58108,-4.77434,7.5,Summer,0.0909,110,10
Common Cuckoo,58.58108,-4.5295,7.5,Summer,0.1538,26,4
Common Cuckoo,58.58108,-4.03983,7.5,Summer,0.1892,37,7
Common Cuckoo,58.58108,-3.55015,7.5,Summer,0.0171,117,2
Common Cuckoo,58.58108,-3.06047,7.5,Summer,0.023,174,4
Common Cuckoo,58.71622,-3.30531,7.5,Summer,0.0097,103,1
Common Cuckoo,58.85135,-3.30531,7.5,Summer,0.1681,113,19
Common Cuckoo,58.98649,-3.06047,7.5,Summer,0.0264,416,11
Common Cuckoo,58.98649,-2.81564,7.5,Summer,0.0336,119,4
Common Cuckoo,59.12162,-3.06047,7.5,Summer,0.0791,316,25
Common Cuckoo,59.39189,-2.32596,7.5,Summer,0.0054,184,1
Common Cuckoo,59.52703,-1.59145,7.5,Summer,0.0056,354,2
Common Cuckoo,59.93243,-1.34661,7.5,Summer,0.0027,1489,4
Common Cuckoo,60.2027,-1.34661,7.5,Summer,0.0556,126,7
Common Cuckoo,60.2027,-1.10177,7.5,Summer,0.0051,394,2
Common Cuckoo,60.33784,-1.34661,7.5,Summer,0.0118,85,1
Common Cuckoo,60.47297,-1.34661,7.5,Summer,0.037,54,2
Common Cuckoo,60.74324,-0.85693,7.5,Summer,0.005,401,2
Crested Tit,56.95946,-4.28466,7.5,Autumn,0.0556,18,1
Crested Tit,57.09459,-4.03983,7.5,Autumn,0.0331,242,8
Crested Tit,57.09459,-3.79499,7.5,Autumn,0.3048,105,32
Crested Tit,57.09459,-3.55015,7.5,Autumn,0.0172,58,1
Crested Tit,57.22973,-5.01918,7.5,Autumn,0.1667,6,1
Crested Tit,57.22973,-3.79499,7.5,Autumn,0.3374,655,221
Crested Tit,57.22973,-3.55015,7.5,Autumn,0.2071,169,35
Crested Tit,57.36486,-4.77434,7.5,Autumn,0.1154,26,3
Crested Tit,57.36486,-4.5295,7.5,Autumn,0.0063,158,1
Crested Tit,57.36486,-4.28466,7.5,Autumn,0.0278,108,3
Crested Tit,57.36486,-3.79499,7.5,Autumn,0.0816,98,8
Crested Tit,57.36486,-3.55015,7.5,Autumn,0.1976,167,33
Crested Tit,57.36486,-3.30531,7.5,Autumn,0.1,10,1
Crested Tit,57.5,-4.5295,7.5,Autumn,0.1,80,8
Crested Tit,57.5,-4.28466,7.5,Autumn,0.016,562,9
Crested Tit,57.5,-3.79499,7.5,Autumn,0.1176,17,2
Crested Tit,57.63514,-4.5295,7.5,Autumn,0.012,83,1
Crested Tit,57.63514,-4.28466,7.5,Autumn,0.0108,93,1
Crested Tit,57.63514,-4.03983,7.5,Autumn,0.0017,581,1
Crested Tit,57.63514,-3.79499,7.5,Autumn,0.0396,202,8
Crested Tit,57.63514,-3.55015,7.5,Autumn,0.0318,283,9
Crested Tit,57.63514,-3.30531,7.5,Autumn,0.0066,151,1
Crested Tit,57.77027,-3.30531,7.5,Autumn,0.0446,202,9
Crested Tit,56.82432,-5.50885,7.5,Spring,0.0116,86,1
Crested Tit,56.95946,-3.79499,7.5,Spring,0.1429,7,1
Crested Tit,57.09459,-4.77434,7.5,Spring,0.0088,114,1
Crested Tit,57.09459,-4.03983,7.5,Spring,0.0085,709,6
Crested Tit,57.09459,-3.79499,7.5,Spring,0.1653,375,62
Crested Tit,57.09459,-3.55015,7.5,Spring,0.0023,433,1
Crested Tit,57.22973,-5.01918,7.5,Spring,0.1463,41,6
Crested Tit,57.22973,-3.79499,7.5,Spring,0.1603,2240,359
Crested Tit,57.22973,-3.55015,7.5,Spring,0.1536,560,86
Crested Tit,57.36486,-4.77434,7.5,Spring,0.0465,86,4
Crested Tit,57.36486,-4.5295,7.5,Spring,0.0184,272,5
Crested Tit,57.36486,-3.79499,7.5,Spring,0.0123,407,5
Crested Tit,57.36486,-3.55015,7.5,Spring,0.1056,445,47
Crested Tit,57.5,-4.5295,7.5,Spring,0.0156,192,3
Crested Tit,57.5,-4.28466,7.5,Spring,0.0077,915,7
Crested Tit,57.5,-4.03983,7.5,Spring,0.0014,691,1
Crested Tit,57.63514,-4.28466,7.5,Spring,0.0125,160,2
Crested Tit,57.63514,-3.79499,7.5,Spring,0.0135,223,3
Crested Tit,57.63514,-3.55015,7.5,Spring,0.0213,328,7
Crested Tit,57.77027,-4.03983,7.5,Spring,0.005,201,1
Crested Tit,57.77027,-3.30531,7.5,Spring,0.0061,165,1
Crested Tit,56.95946,-4.28466,7.5,Summer,0.0133,75,1
Crested Tit,57.09459,-4.03983,7.5,Summer,0.0247,526,13
Crested Tit,57.09459,-3.79499,7.5,Summer,0.2026,311,63
Crested Tit,57.09459,-3.55015,7.5,Summer,0.0063,315,2
Crested Tit,57.22973,-5.01918,7.5,Summer,0.25,28,7
Crested Tit,57.22973,-4.5295,7.5,Summer,0.013,77,1
Crested Tit,57.22973,-4.03983,7.5,Summer,0.0075,133,1
Crested Tit,57.22973,-3.79499,7.5,Summer,0.2407,1932,465
Crested Tit,57.22973,-3.55015,7.5,Summer,0.102,441,45
Crested Tit,57.22973,-3.30531,7.5,Summer,0.0078,128,1
Crested Tit,57.22973,-2.08112,7.5,Summer,0.0075,267,2
Crested Tit,57.36486,-4.77434,7.5,Summer,0.0517,58,3
Crested Tit,57.36486,-4.5295,7.5,Summer,0.0045,222,1
Crested Tit,57.36486,-4.28466,7.5,Summer,0.0076,264,2
Crested Tit,57.36486,-3.79499,7.5,Summer,0.0195,308,6
Crested Tit,57.36486,-3.55015,7.5,Summer,0.1627,381,62
Crested Tit,57.5,-4.5295,7.5,Summer,0.0323,186,6
Crested Tit,57.5,-4.28466,7.5,Summer,0.0061,814,5
Crested Tit,57.63514,-4.5295,7.5,Summer,0.0058,173,1
Crested Tit,57.63514,-3.79499,7.5,Summer,0.0321,187,6
Crested Tit,57.63514,-3.55015,7.5,Summer,0.0105,190,2
Crested Tit,57.63514,-3.30531,7.5,Summer,0.0157,127,2
Crested Tit,57.77027,-4.03983,7.5,Summer,0.0149,134,2
Crested Tit,57.77027,-3.30531,7.5,Summer,0.0643,140,9
Crested Tit,56.95946,-3.79499,7.5,Winter,0.3333,3,1
Crested Tit,57.09459,-4.03983,7.5,Winter,0.0465,301,14
Crested Tit,57.09459,-3.79499,7.5,Winter,0.4948,97,48
Crested Tit,57.22973,-5.01918,7.5,Winter,0.3333,3,1
Crested Tit,57.22973,-4.77434,7.5,Winter,0.25,4,1
Crested Tit,57.22973,-3.79499,7.5,Winter,0.3928,583,229
Crested Tit,57.22973,-3.55015,7.5,Winter,0.3233,232,75
Crested Tit,57.36486,-4.28466,7.5,Winter,0.0152,66,1
Crested Tit,57.36486,-3.79499,7.5,Winter,0.0759,79,6
Crested Tit,57.36486,-3.55015,7.5,Winter,0.2412,228,55
Crested Tit,57.5,-4.5295,7.5,Winter,0.04,25,1
Crested Tit,57.5,-4.28466,7.5,Winter,0.0129,622,8
Crested Tit,57.5,-3.79499,7.5,Winter,0.0435,23,1
Crested Tit,57.63514,-4.77434,7.5,Winter,0.1429,7,1
Crested Tit,57.63514,-4.03983,7.5,Winter,0.0028,354,1
Crested Tit,57.63514,-3.79499,7.5,Winter,0.0269,297,8
Crested Tit,57.63514,-3.55015,7.5,Winter,0.022,318,7
Crested Tit,57.63514,-3.30531,7.5,Winter,0.0059,341,2
Crested Tit,57.77027,-3.30531,7.5,Winter,0.0649,185,12
Osprey,54.93243,-4.03983,7.5,Autumn,0.0189,53,1
Osprey,54.93243,-3.79499,7.5,Autumn,0.0109,92,1
Osprey,54.93243,-3.06047,7.5,Autumn,0.0435,46,2
Osprey,55.60811,-4.77434,7.5,Autumn,0.0003,3758,1
Osprey,55.60811,-2.81564,7.5,Autumn,0.012,83,1
Osprey,55.74324,-6.24337,7.5,Autumn,0.0058,173,1
Osprey,55.74324,-3.06047,7.5,Autumn,0.0121,165,2
Osprey,55.74324,-2.08112,7.5,Autumn,0.1111,9,1
Osprey,55.87838,-5.50885,7.5,Autumn,0.0625,16,1
Osprey,55.87838,-4.5295,7.5,Autumn,0.0067,297,2
Osprey,55.87838,-3.79499,7.5,Autumn,0.06,50,3
Osprey,55.87838,-3.06047,7.5,Autumn,0.0007,1429,1
Osprey,56.01351,-5.75369,7.5,Autumn,0.2,10,2
Osprey,56.01351,-5.50885,7.5,Autumn,0.0417,48,2
Osprey,56.01351,-4.77434,7.5,Autumn,0.013,77,1
Osprey,56.01351,-4.5295,7.5,Autumn,0.0227,132,3
Osprey,56.01351,-4.03983,7.5,Autumn,0.037,27,1
Osprey,56.01351,-3.55015,7.5,Autumn,0.0033,300,1
Osprey,56.01351,-3.06047,7.5,Autumn,0.0027,1856,5
Osprey,56.01351,-2.81564,7.5,Autumn,0.0015,652,1
Osprey,56.14865,-6.24337,7.5,Autumn,0.1111,9,1
Osprey,56.14865,-4.77434,7.5,Autumn,0.0189,53,1
Osprey,56.14865,-4.03983,7.5,Autumn,0.0057,176,1
Osprey,56.14865,-3.79499,7.5,Autumn,0.0073,274,2
Osprey,56.14865,-3.30531,7.5,Autumn,0.0882,374,33
Osprey,56.28378,-5.26402,7.5,Autumn,0.5,2,1
Osprey,56.28378,-4.77434,7.5,Autumn,0.0455,22,1
Osprey,56.28378,-4.28466,7.5,Autumn,0.0263,38,1
Osprey,56.28378,-3.30531,7.5,Autumn,0.026,77,2
Osprey,56.28378,-3.06047,7.5,Autumn,0.0065,309,2
Osprey,56.28378,-2.81564,7.5,Autumn,0.0011,885,1
Osprey,56.41892,-4.28466,7.5,Autumn,0.0145,69,1
Osprey,56.41892,-2.81564,7.5,Autumn,0.1095,548,60
Osprey,56.55405,-3.55015,7.5,Autumn,0.0078,128,1
Osprey,56.68919,-3.79499,7.5,Autumn,0.0068,146,1
Osprey,56.68919,-3.06047,7.5,Autumn,0.0211,95,2
Osprey,56.68919,-2.81564,7.5,Autumn,0.0811,37,3
Osprey,56.68919,-2.5708,7.5,Autumn,0.0528,265,14
Osprey,56.82432,-5.01918,7.5,Autumn,0.0079,127,1
Osprey,56.82432,-2.5708,7.5,Autumn,0.0127,79,1
Osprey,57.09459,-5.99853,7.5,Autumn,0.027,37,1
Osprey,57.09459,-4.03983,7.5,Autumn,0.0041,242,1
Osprey,57.09459,-3.79499,7.5,Autumn,0.0095,105,1
Osprey,57.22973,-5.75369,7.5,Autumn,0.0164,61,1
Osprey,57.22973,-3.79499,7.5,Autumn,0.0046,655,3
Osprey,57.36486,-4.5295,7.5,Autumn,0.0063,158,1
Osprey,57.36486,-4.28466,7.5,Autumn,0.037,108,4
Osprey,57.36486,-2.08112,7.5,Autumn,0.015,200,3
Osprey,57.5,-5.75369,7.5,Autumn,0.04,50,2
Osprey,57.5,-4.77434,7.5,Autumn,0.25,4,1
Osprey,57.5,-4.5295,7.5,Autumn,0.025,80,2
Osprey,57.5,-4.28466,7.5,Autumn,0.0356,562,20
Osprey,57.5,-4.03983,7.5,Autumn,0.0213,423,9
Osprey,57.63514,-4.77434,7.5,Autumn,0.1111,9,1
Osprey,57.63514,-4.5295,7.5,Autumn,0.0241,83,2
Osprey,57.63514,-4.28466,7.5,Autumn,0.0215,93,2
Osprey,57.63514,-4.03983,7.5,Autumn,0.0688,581,40
Osprey,57.63514,-3.55015,7.5,Autumn,0.0883,283,25
Osprey,57.63514,-3.06047,7.5,Autumn,0.0459,109,5
Osprey,57.63514,-2.5708,7.5,Autumn,0.069,29,2
Osprey,57.63514,-1.83628,7.5,Autumn,0.0061,165,1
Osprey,57.77027,-4.03983,7.5,Autumn,0.0481,104,5
Osprey,57.77027,-3.79499,7.5,Autumn,0.0116,172,2
Osprey,57.77027,-3.30531,7.5,Autumn,0.0149,202,3
Osprey,57.90541,-5.26402,7.5,Autumn,0.0099,101,1
Osprey,57.90541,-4.03983,7.5,Autumn,0.0359,167,6
Osprey,57.90541,-3.79499,7.5,Autumn,0.0263,76,2
Osprey,58.04054,-4.03983,7.5,Autumn,0.0714,14,1
Osprey,58.58108,-4.77434,7.5,Autumn,0.0152,66,1
Osprey,58.58108,-4.03983,7.5,Autumn,0.0476,21,1
Osprey,54.7973,-4.28466,7.5,Spring,0.0435,23,1
Osprey,54.7973,-4.03983,7.5,Spring,0.0088,114,1
Osprey,54.93243,-4.5295,7.5,Spring,0.0156,64,1
Osprey,54.93243,-4.03983,7.5,Spring,0.4407,118,52
Osprey,54.93243,-3.55015,7.5,Spring,0.0117,256,3
Osprey,54.93243,-3.06047,7.5,Spring,0.0189,53,1
Osprey,55.06757,-4.5295,7.5,Spring,0.0286,70,2
Osprey,55.06757,-4.03983,7.5,Spring,0.0274,73,2
Osprey,55.06757,-3.55015,7.5,Spring,0.0041,243,1
Osprey,55.06757,-3.30531,7.5,Spring,0.0127,79,1
Osprey,55.2027,-3.55015,7.5,Spring,0.1429,7,1
Osprey,55.2027,-3.30531,7.5,Spring,0.0133,75,1
Osprey,55.2027,-3.06047,7.5,Spring,0.0408,49,2
Osprey,55.33784,-4.28466,7.5,Spring,0.1905,147,28
Osprey,55.33784,-3.55015,7.5,Spring,0.01,100,1
Osprey,55.47297,-4.28466,7.5,Spring,0.0278,36,1
Osprey,55.47297,-3.79499,7.5,Spring,0.0084,119,1
Osprey,55.47297,-3.30531,7.5,Spring,0.0455,66,3
Osprey,55.47297,-2.5708,7.5,Spring,0.0192,52,1
Osprey,55.60811,-5.99853,7.5,Spring,0.0625,16,1
Osprey,55.60811,-5.75369,7.5,Spring,0.0294,34,1
Osprey,55.60811,-4.77434,7.5,Spring,0.0003,3607,1
Osprey,55.60811,-3.30531,7.5,Spring,0.0309,97,3
Osprey,55.60811,-3.06047,7.5,Spring,0.069,58,4
Osprey,55.60811,-2.81564,7.5,Spring,0.0236,127,3
Osprey,55.60811,-2.5708,7.5,Spring,0.0469,64,3
Osprey,55.60811,-2.32596,7.5,Spring,0.0227,44,1
Osprey,55.74324,-5.50885,7.5,Spring,0.05,40,2
Osprey,55.74324,-5.01918,7.5,Spring,0.0185,108,2
Osprey,55.74324,-4.5295,7.5,Spring,0.0449,468,21
Osprey,55.74324,-4.28466,7.5,Spring,0.001,998,1
Osprey,55.74324,-4.03983,7.5,Spring,0.0032,315,1
Osprey,55.74324,-3.55015,7.5,Spring,0.0526,38,2
Osprey,55.74324,-3.06047,7.5,Spring,0.0879,398,35
Osprey,55.74324,-2.08112,7.5,Spring,0.0238,42,1
Osprey,55.87838,-6.24337,7.5,Spring,0.0273,110,3
Osprey,55.87838,-5.50885,7.5,Spring,0.0333,30,1
Osprey,55.87838,-5.01918,7.5,Spring,0.1071,56,6
Osprey,55.87838,-4.77434,7.5,Spring,0.0339,59,2
Osprey,55.87838,-4.5295,7.5,Spring,0.0197,458,9
Osprey,55.87838,-4.28466,7.5,Spring,0.0009,2168,2
Osprey,55.87838,-4.03983,7.5,Spring,0.0039,258,1
Osprey,55.87838,-3.79499,7.5,Spring,0.0426,47,2
Osprey,55.87838,-3.55015,7.5,Spring,0.0046,219,1
Osprey,55.87838,-3.30531,7.5,Spring,0.0082,2071,17
Osprey,55.87838,-3.06047,7.5,Spring,0.0009,2165,2
Osprey,55.87838,-2.5708,7.5,Spring,0.0431,232,10
Osprey,56.01351,-5.50885,7.5,Spring,0.0825,97,8
Osprey,56.01351,-5.26402,7.5,Spring,0.0667,45,3
Osprey,56.01351,-5.01918,7.5,Spring,0.012,167,2
Osprey,56.01351,-4.77434,7.5,Spring,0.0159,189,3
Osprey,56.01351,-4.5295,7.5,Spring,0.177,435,77
Osprey,56.01351,-4.03983,7.5,Spring,0.1538,39,6
Osprey,56.01351,-3.06047,7.5,Spring,0.0029,2432,7
Osprey,56.01351,-2.81564,7.5,Spring,0.0011,928,1
Osprey,56.01351,-2.32596,7.5,Spring,0.0067,300,2
Osprey,56.14865,-5.50885,7.5,Spring,0.0641,78,5
Osprey,56.14865,-5.26402,7.5,Spring,0.0714,28,2
Osprey,56.14865,-4.5295,7.5,Spring,0.0385,234,9
Osprey,56.14865,-4.28466,7.5,Spring,0.0611,180,11
Osprey,56.14865,-4.03983,7.5,Spring,0.0037,535,2
Osprey,56.14865,-3.79499,7.5,Spring,0.0014,695,1
Osprey,56.14865,-3.55015,7.5,Spring,0.0046,219,1
Osprey,56.14865,-3.30531,7.5,Spring,0.0307,652,20
Osprey,56.14865,-2.81564,7.5,Spring,0.0025,399,1
Osprey,56.28378,-5.01918,7.5,Spring,0.0172,58,1
Osprey,56.28378,-4.77434,7.5,Spring,0.0233,86,2
Osprey,56.28378,-4.5295,7.5,Spring,0.0536,56,3
Osprey,56.28378,-4.28466,7.5,Spring,0.052,269,14
Osprey,56.28378,-4.03983,7.5,Spring,0.2326,43,10
Osprey,56.28378,-3.79499,7.5,Spring,0.0094,106,1
Osprey,56.28378,-3.55015,7.5,Spring,0.0312,32,1
Osprey,56.28378,-3.30531,7.5,Spring,0.0342,146,5
Osprey,56.28378,-3.06047,7.5,Spring,0.0092,546,5
Osprey,56.28378,-2.81564,7.5,Spring,0.0086,1514,13
Osprey,56.28378,-2.5708,7.5,Spring,0.0018,559,1
Osprey,56.41892,-5.75369,7.5,Spring,0.013,385,5
Osprey,56.41892,-5.50885,7.5,Spring,0.0025,396,1
Osprey,56.41892,-5.01918,7.5,Spring,0.1781,73,13
Osprey,56.41892,-4.28466,7.5,Spring,0.0581,86,5
Osprey,56.41892,-4.03983,7.5,Spring,0.0738,122,9
Osprey,56.41892,-3.79499,7.5,Spring,0.025,80,2
Osprey,56.41892,-3.55015,7.5,Spring,0.0336,238,8
Osprey,56.41892,-3.30531,7.5,Spring,0.0115,261,3
Osprey,56.41892,-3.06047,7.5,Spring,0.0074,540,4
Osprey,56.41892,-2.81564,7.5,Spring,0.0611,655,40
Osprey,56.55405,-6.24337,7.5,Spring,0.0055,182,1
Osprey,56.55405,-5.50885,7.5,Spring,0.0235,85,2
Osprey,56.55405,-4.28466,7.5,Spring,0.0588,17,1
Osprey,56.55405,-4.03983,7.5,Spring,0.0182,55,1
Osprey,56.55405,-3.55015,7.5,Spring,0.432,294,127
Osprey,56.55405,-3.30531,7.5,Spring,0.0741,54,4
Osprey,56.55405,-2.81564,7.5,Spring,0.0727,55,4
Osprey,56.68919,-4.5295,7.5,Spring,0.1,10,1
Osprey,56.68919,-4.28466,7.5,Spring,0.1053,19,2
Osprey,56.68919,-4.03983,7.5,Spring,0.0217,46,1
Osprey,56.68919,-3.79499,7.5,Spring,0.0069,290,2
Osprey,56.68919,-3.30531,7.5,Spring,0.0843,83,7
Osprey,56.68919,-3.06047,7.5,Spring,0.2652,181,48
Osprey,56.68919,-2.81564,7.5,Spring,0.2162,111,24
Osprey,56.68919,-2.5708,7.5,Spring,0.0356,253,9
Osprey,56.82432,-5.50885,7.5,Spring,0.0233,86,2
Osprey,56.82432,-5.01918,7.5,Spring,0.0078,256,2
Osprey,56.82432,-3.79499,7.5,Spring,0.0169,59,1
Osprey,56.82432,-3.30531,7.5,Spring,0.018,111,2
Osprey,56.82432,-3.06047,7.5,Spring,0.04,25,1
Osprey,56.82432,-2.5708,7.5,Spring,0.0157,127,2
Osprey,56.82432,-2.32596,7.5,Spring,0.0128,78,1
Osprey,56.95946,-4.28466,7.5,Spring,0.011,91,1
Osprey,56.95946,-3.55015,7.5,Spring,0.0877,57,5
Osprey,56.95946,-3.30531,7.5,Spring,0.0748,107,8
Osprey,57.09459,-5.75369,7.5,Spring,0.02,50,1
Osprey,57.09459,-4.77434,7.5,Spring,0.0088,114,1
Osprey,57.09459,-4.03983,7.5,Spring,0.2031,709,144
Osprey,57.09459,-3.79499,7.5,Spring,0.0293,375,11
Osprey,57.09459,-3.55015,7.5,Spring,0.0023,433,1
Osprey,57.09459,-3.30531,7.5,Spring,0.0385,78,3
Osprey,57.09459,-3.06047,7.5,Spring,0.0145,69,1
Osprey,57.09459,-2.81564,7.5,Spring,0.0426,188,8
Osprey,57.09459,-2.5708,7.5,Spring,0.0312,64,2
Osprey,57.09459,-2.32596,7.5,Spring,0.0112,89,1
Osprey,57.09459,-2.08112,7.5,Spring,0.0019,1560,3
Osprey,57.22973,-7.22272,7.5,Spring,0.06,50,3
Osprey,57.22973,-5.99853,7.5,Spring,0.0032,315,1
Osprey,57.22973,-5.01918,7.5,Spring,0.0244,41,1
Osprey,57.22973,-4.77434,7.5,Spring,0.0294,34,1
Osprey,57.22973,-4.5295,7.5,Spring,0.0222,45,1
Osprey,57.22973,-4.28466,7.5,Spring,0.1818,11,2
Osprey,57.22973,-4.03983,7.5,Spring,0.0595,252,15
Osprey,57.22973,-3.79499,7.5,Spring,0.1629,2240,365
Osprey,57.22973,-3.55015,7.5,Spring,0.0482,560,27
Osprey,57.22973,-3.30531,7.5,Spring,0.0081,123,1
Osprey,57.22973,-2.5708,7.5,Spring,0.05,20,1
Osprey,57.22973,-2.32596,7.5,Spring,0.0192,52,1
Osprey,57.22973,-2.08112,7.5,Spring,0.002,488,1
Osprey,57.36486,-5.50885,7.5,Spring,0.0169,59,1
Osprey,57.36486,-4.77434,7.5,Spring,0.0116,86,1
Osprey,57.36486,-4.5295,7.5,Spring,0.011,272,3
Osprey,57.36486,-4.28466,7.5,Spring,0.1772,333,59
Osprey,57.36486,-4.03983,7.5,Spring,0.0085,118,1
Osprey,57.36486,-3.79499,7.5,Spring,0.0909,407,37
Osprey,57.36486,-3.55015,7.5,Spring,0.0225,445,10
Osprey,57.36486,-3.30531,7.5,Spring,0.0233,43,1
Osprey,57.36486,-2.5708,7.5,Spring,0.04,25,1
Osprey,57.36486,-2.32596,7.5,Spring,0.1667,30,5
Osprey,57.36486,-2.08112,7.5,Spring,0.1058,274,29
Osprey,57.36486,-1.83628,7.5,Spring,0.029,69,2
Osprey,57.5,-4.77434,7.5,Spring,0.1429,7,1
Osprey,57.5,-4.5295,7.5,Spring,0.099,192,19
Osprey,57.5,-4.28466,7.5,Spring,0.0437,915,40
Osprey,57.5,-4.03983,7.5,Spring,0.0376,691,26
Osprey,57.5,-3.79499,7.5,Spring,0.0513,39,2
Osprey,57.5,-3.55015,7.5,Spring,0.0769,26,2
Osprey,57.5,-2.81564,7.5,Spring,0.0385,26,1
Osprey,57.5,-2.32596,7.5,Spring,0.1163,43,5
Osprey,57.5,-2.08112,7.5,Spring,0.2391,46,11
Osprey,57.63514,-6.24337,7.5,Spring,0.0056,360,2
Osprey,57.63514,-5.01918,7.5,Spring,0.0455,22,1
Osprey,57.63514,-4.77434,7.5,Spring,0.1316,38,5
Osprey,57.63514,-4.5295,7.5,Spring,0.006,168,1
Osprey,57.63514,-4.28466,7.5,Spring,0.0375,160,6
Osprey,57.63514,-4.03983,7.5,Spring,0.0668,569,38
Osprey,57.63514,-3.79499,7.5,Spring,0.0359,223,8
Osprey,57.63514,-3.55015,7.5,Spring,0.0793,328,26
Osprey,57.63514,-3.30531,7.5,Spring,0.0302,232,7
Osprey,57.63514,-3.06047,7.5,Spring,0.2934,167,49
Osprey,57.63514,-2.81564,7.5,Spring,0.0115,87,1
Osprey,57.63514,-1.83628,7.5,Spring,0.069,232,16
Osprey,57.77027,-5.75369,7.5,Spring,0.0076,131,1
Osprey,57.77027,-5.50885,7.5,Spring,0.0119,84,1
Osprey,57.77027,-5.01918,7.5,Spring,0.0204,49,1
Osprey,57.77027,-4.28466,7.5,Spring,0.075,40,3
Osprey,57.77027,-4.03983,7.5,Spring,0.1393,201,28
Osprey,57.77027,-3.79499,7.5,Spring,0.0101,199,2
Osprey,57.77027,-3.55015,7.5,Spring,0.0064,157,1
Osprey,57.77027,-3.30531,7.5,Spring,0.1758,165,29
Osprey,57.90541,-5.50885,7.5,Spring,0.0085,117,1
Osprey,57.90541,-5.26402,7.5,Spring,0.0077,130,1
Osprey,57.90541,-4.5295,7.5,Spring,0.0556,18,1
Osprey,57.90541,-4.28466,7.5,Spring,0.113,115,13
Osprey,57.90541,-4.03983,7.5,Spring,0.227,326,74
Osprey,58.04054,-5.26402,7.5,Spring,0.0833,24,2
Osprey,58.04054,-4.5295,7.5,Spring,0.0164,61,1
Osprey,58.04054,-4.28466,7.5,Spring,0.0909,55,5
Osprey,58.04054,-4.03983,7.5,Spring,0.0656,61,4
Osprey,58.04054,-3.79499,7.5,Spring,0.0133,75,1
Osprey,58.17568,-3.79499,7.5,Spring,0.0769,13,1
Osprey,58.31081,-6.24337,7.5,Spring,0.0074,135,1
Osprey,58.31081,-5.01918,7.5,Spring,0.093,43,4
Osprey,58.31081,-4.28466,7.5,Spring,0.1429,7,1
Osprey,58.31081,-4.03983,7.5,Spring,0.6667,3,2
Osprey,58.31081,-3.79499,7.5,Spring,0.0323,31,1
Osprey,58.31081,-3.55015,7.5,Spring,0.0714,14,1
Osprey,58.44595,-5.26402,7.5,Spring,0.0112,89,1
Osprey,58.44595,-3.55015,7.5,Spring,0.0909,11,1
Osprey,58.44595,-3.30531,7.5,Spring,0.0952,21,2
Osprey,58.44595,-3.06047,7.5,Spring,0.0115,87,1
Osprey,58.58108,-4.77434,7.5,Spring,0.0067,149,1
Osprey,58.58108,-3.30531,7.5,Spring,0.01,100,1
Osprey,58.98649,-3.30531,7.5,Spring,0.0067,299,2
Osprey,59.39189,-2.32596,7.5,Spring,0.0029,344,1
Osprey,59.52703,-1.59145,7.5,Spring,0.0219,456,10
Osprey,59.93243,-1.34661,7.5,Spring,0.0012,1629,2
Osprey,60.33784,-1.34661,7.5,Spring,0.0429,70,3
Osprey,54.7973,-4.5295,7.5,Summer,0.0294,34,1
Osprey,54.7973,-4.28466,7.5,Summer,0.037,27,1
Osprey,54.7973,-4.03983,7.5,Summer,0.0217,46,1
Osprey,54.7973,-3.79499,7.5,Summer,0.0455,22,1
Osprey,54.93243,-5.01918,7.5,Summer,0.0135,74,1
Osprey,54.93243,-4.28466,7.5,Summer,0.0286,35,1
Osprey,54.93243,-4.03983,7.5,Summer,0.2925,106,31
Osprey,54.93243,-3.55015,7.5,Summer,0.0117,171,2
Osprey,55.06757,-4.5295,7.5,Summer,0.0455,44,2
Osprey,55.06757,-4.03983,7.5,Summer,0.0476,63,3
Osprey,55.06757,-3.55015,7.5,Summer,0.0052,192,1
Osprey,55.2027,-4.03983,7.5,Summer,0.0435,23,1
Osprey,55.33784,-5.75369,7.5,Summer,0.0588,17,1
Osprey,55.33784,-4.28466,7.5,Summer,0.2553,47,12
Osprey,55.47297,-5.50885,7.5,Summer,0.04,25,1
Osprey,55.47297,-5.26402,7.5,Summer,0.05,20,1
Osprey,55.47297,-4.5295,7.5,Summer,0.0025,794,2
Osprey,55.47297,-3.55015,7.5,Summer,0.0341,88,3
Osprey,55.47297,-3.30531,7.5,Summer,0.127,63,8
Osprey,55.60811,-5.75369,7.5,Summer,0.1333,15,2
Osprey,55.60811,-4.77434,7.5,Summer,0.001,3125,3
Osprey,55.60811,-4.5295,7.5,Summer,0.0001,27860,3
Osprey,55.60811,-3.06047,7.5,Summer,0.0723,83,6
Osprey,55.60811,-2.81564,7.5,Summer,0.0275,109,3
Osprey,55.60811,-2.5708,7.5,Summer,0.0244,41,1
Osprey,55.74324,-6.48821,7.5,Summer,0.0263,38,1
Osprey,55.74324,-6.24337,7.5,Summer,0.0159,63,1
Osprey,55.74324,-4.5295,7.5,Summer,0.0325,277,9
Osprey,55.74324,-4.03983,7.5,Summer,0.0091,219,2
Osprey,55.74324,-3.55015,7.5,Summer,0.0417,24,1
Osprey,55.74324,-3.06047,7.5,Summer,0.1955,133,26
Osprey,55.74324,-2.5708,7.5,Summer,0.0714,14,1
Osprey,55.74324,-2.08112,7.5,Summer,0.05,40,2
Osprey,55.87838,-6.24337,7.5,Summer,0.0106,94,1
Osprey,55.87838,-5.99853,7.5,Summer,0.0476,21,1
Osprey,55.87838,-5.50885,7.5,Summer,0.0208,48,1
Osprey,55.87838,-5.26402,7.5,Summer,0.0417,24,1
Osprey,55.87838,-4.5295,7.5,Summer,0.0137,292,4
Osprey,55.87838,-4.03983,7.5,Summer,0.0153,131,2
Osprey,55.87838,-3.79499,7.5,Summer,0.1429,42,6
Osprey,55.87838,-3.55015,7.5,Summer,0.0299,134,4
Osprey,55.87838,-3.30531,7.5,Summer,0.0068,1184,8
Osprey,55.87838,-2.5708,7.5,Summer,0.0367,109,4
Osprey,56.01351,-5.50885,7.5,Summer,0.0811,37,3
Osprey,56.01351,-5.26402,7.5,Summer,0.0909,22,2
Osprey,56.01351,-5.01918,7.5,Summer,0.0941,85,8
Osprey,56.01351,-4.77434,7.5,Summer,0.0234,128,3
Osprey,56.01351,-4.5295,7.5,Summer,0.19,279,53
Osprey,56.01351,-4.28466,7.5,Summer,0.0333,90,3
Osprey,56.01351,-4.03983,7.5,Summer,0.1887,53,10
Osprey,56.01351,-3.79499,7.5,Summer,0.0055,365,2
Osprey,56.01351,-3.55015,7.5,Summer,0.0113,266,3
Osprey,56.01351,-3.30531,7.5,Summer,0.0005,2181,1
Osprey,56.01351,-3.06047,7.5,Summer,0.0042,2396,10
Osprey,56.01351,-2.5708,7.5,Summer,0.0065,613,4
Osprey,56.14865,-6.24337,7.5,Summer,0.1667,6,1
Osprey,56.14865,-5.50885,7.5,Summer,0.0541,74,4
Osprey,56.14865,-4.5295,7.5,Summer,0.0622,225,14
Osprey,56.14865,-4.28466,7.5,Summer,0.0811,111,9
Osprey,56.14865,-4.03983,7.5,Summer,0.0287,349,10
Osprey,56.14865,-3.79499,7.5,Summer,0.0091,328,3
Osprey,56.14865,-3.30531,7.5,Summer,0.1407,405,57
Osprey,56.28378,-6.48821,7.5,Summer,0.0042,238,1
Osprey,56.28378,-5.50885,7.5,Summer,0.0784,51,4
Osprey,56.28378,-4.77434,7.5,Summer,0.0222,90,2
Osprey,56.28378,-4.5295,7.5,Summer,0.102,49,5
Osprey,56.28378,-4.28466,7.5,Summer,0.078,205,16
Osprey,56.28378,-4.03983,7.5,Summer,0.125,8,1
Osprey,56.28378,-3.79499,7.5,Summer,0.039,77,3
Osprey,56.28378,-3.55015,7.5,Summer,0.0571,35,2
Osprey,56.28378,-3.30531,7.5,Summer,0.0667,90,6
Osprey,56.28378,-3.06047,7.5,Summer,0.0186,322,6
Osprey,56.28378,-2.81564,7.5,Summer,0.008,1122,9
Osprey,56.28378,-2.5708,7.5,Summer,0.0038,524,2
Osprey,56.41892,-6.24337,7.5,Summer,0.0045,224,1
Osprey,56.41892,-5.99853,7.5,Summer,0.0034,294,1
Osprey,56.41892,-5.75369,7.5,Summer,0.0111,361,4
Osprey,56.41892,-5.50885,7.5,Summer,0.0023,433,1
Osprey,56.41892,-5.01918,7.5,Summer,0.0606,33,2
Osprey,56.41892,-4.5295,7.5,Summer,0.0222,45,1
Osprey,56.41892,-4.28466,7.5,Summer,0.0928,97,9
Osprey,56.41892,-4.03983,7.5,Summer,0.22,50,11
Osprey,56.41892,-3.55015,7.5,Summer,0.0091,110,1
Osprey,56.41892,-3.30531,7.5,Summer,0.0202,198,4
Osprey,56.41892,-3.06047,7.5,Summer,0.0084,357,3
Osprey,56.41892,-2.81564,7.5,Summer,0.1559,590,92
Osprey,56.55405,-5.99853,7.5,Summer,0.0109,274,3
Osprey,56.55405,-4.77434,7.5,Summer,0.02,50,1
Osprey,56.55405,-4.03983,7.5,Summer,0.0408,49,2
Osprey,56.55405,-3.55015,7.5,Summer,0.3659,287,105
Osprey,56.55405,-3.30531,7.5,Summer,0.0638,47,3
Osprey,56.55405,-2.81564,7.5,Summer,0.0333,30,1
Osprey,56.68919,-5.50885,7.5,Summer,0.0227,44,1
Osprey,56.68919,-5.26402,7.5,Summer,0.0072,139,1
Osprey,56.68919,-5.01918,7.5,Summer,0.0066,304,2
Osprey,56.68919,-4.5295,7.5,Summer,0.0833,12,1
Osprey,56.68919,-4.03983,7.5,Summer,0.04,50,2
Osprey,56.68919,-3.79499,7.5,Summer,0.041,268,11
Osprey,56.68919,-3.55015,7.5,Summer,0.0833,12,1
Osprey,56.68919,-3.30531,7.5,Summer,0.2,40,8
Osprey,56.68919,-3.06047,7.5,Summer,0.2958,142,42
Osprey,56.68919,-2.81564,7.5,Summer,0.3214,56,18
Osprey,56.68919,-2.5708,7.5,Summer,0.1681,238,40
Osprey,56.68919,-2.32596,7.5,Summer,0.1667,30,5
Osprey,56.82432,-5.75369,7.5,Summer,0.086,93,8
Osprey,56.82432,-5.01918,7.5,Summer,0.0072,276,2
Osprey,56.82432,-4.28466,7.5,Summer,0.1333,15,2
Osprey,56.82432,-4.03983,7.5,Summer,0.04,25,1
Osprey,56.82432,-3.30531,7.5,Summer,0.0096,104,1
Osprey,56.82432,-3.06047,7.5,Summer,0.037,27,1
Osprey,56.82432,-2.5708,7.5,Summer,0.1026,78,8
Osprey,56.82432,-2.32596,7.5,Summer,0.0141,71,1
Osprey,56.95946,-4.5295,7.5,Summer,0.0357,28,1
Osprey,56.95946,-4.28466,7.5,Summer,0.0133,75,1
Osprey,56.95946,-4.03983,7.5,Summer,1.0,1,1
Osprey,56.95946,-3.55015,7.5,Summer,0.0714,70,5
Osprey,56.95946,-3.30531,7.5,Summer,0.0286,105,3
Osprey,56.95946,-2.81564,7.5,Summer,0.0781,64,5
Osprey,57.09459,-4.77434,7.5,Summer,0.0147,136,2
Osprey,57.09459,-4.03983,7.5,Summer,0.154,526,81
Osprey,57.09459,-3.79499,7.5,Summer,0.0289,311,9
Osprey,57.09459,-3.55015,7.5,Summer,0.0063,315,2
Osprey,57.09459,-3.30531,7.5,Summer,0.0222,90,2
Osprey,57.09459,-3.06047,7.5,Summer,0.05,80,4
Osprey,57.09459,-2.81564,7.5,Summer,0.0357,84,3
Osprey,57.09459,-2.5708,7.5,Summer,0.0312,32,1
Osprey,57.09459,-2.32596,7.5,Summer,0.0147,68,1
Osprey,57.09459,-2.08112,7.5,Summer,0.0042,1194,5
Osprey,57.22973,-5.75369,7.5,Summer,0.027,148,4
Osprey,57.22973,-5.26402,7.5,Summer,0.1111,9,1
Osprey,57.22973,-5.01918,7.5,Summer,0.0357,28,1
Osprey,57.22973,-4.5295,7.5,Summer,0.0519,77,4
Osprey,57.22973,-4.03983,7.5,Summer,0.0677,133,9
Osprey,57.22973,-3.79499,7.5,Summer,0.1667,1932,322
Osprey,57.22973,-3.55015,7.5,Summer,0.0023,441,1
Osprey,57.22973,-3.30531,7.5,Summer,0.0078,128,1
Osprey,57.22973,-2.81564,7.5,Summer,0.0455,22,1
Osprey,57.22973,-2.5708,7.5,Summer,0.0435,23,1
Osprey,57.22973,-2.08112,7.5,Summer,0.015,267,4
Osprey,57.36486,-6.24337,7.5,Summer,0.0034,292,1
Osprey,57.36486,-5.99853,7.5,Summer,0.0303,33,1
Osprey,57.36486,-5.01918,7.5,Summer,0.3333,3,1
Osprey,57.36486,-4.5295,7.5,Summer,0.027,222,6
Osprey,57.36486,-4.28466,7.5,Summer,0.2311,264,61
Osprey,57.36486,-4.03983,7.5,Summer,0.0581,86,5
Osprey,57.36486,-3.79499,7.5,Summer,0.0877,308,27
Osprey,57.36486,-3.55015,7.5,Summer,0.0289,381,11
Osprey,57.36486,-2.32596,7.5,Summer,0.1351,37,5
Osprey,57.36486,-2.08112,7.5,Summer,0.1727,330,57
Osprey,57.5,-7.22272,7.5,Summer,0.009,111,1
Osprey,57.5,-6.24337,7.5,Summer,0.0053,189,1
Osprey,57.5,-5.01918,7.5,Summer,0.125,8,1
Osprey,57.5,-4.77434,7.5,Summer,0.3333,6,2
Osprey,57.5,-4.5295,7.5,Summer,0.1237,186,23
Osprey,57.5,-4.28466,7.5,Summer,0.1069,814,87
Osprey,57.5,-4.03983,7.5,Summer,0.0783,626,49
Osprey,57.5,-3.79499,7.5,Summer,0.0667,60,4
Osprey,57.5,-2.5708,7.5,Summer,0.0909,11,1
Osprey,57.5,-2.08112,7.5,Summer,0.4146,41,17
Osprey,57.5,-1.83628,7.5,Summer,0.0187,107,2
Osprey,57.63514,-7.46756,7.5,Summer,0.0029,350,1
Osprey,57.63514,-6.24337,7.5,Summer,0.0023,443,1
Osprey,57.63514,-5.75369,7.5,Summer,0.0217,46,1
Osprey,57.63514,-5.50885,7.5,Summer,0.0204,49,1
Osprey,57.63514,-5.26402,7.5,Summer,0.01,100,1
Osprey,57.63514,-4.77434,7.5,Summer,0.3438,32,11
Osprey,57.63514,-4.5295,7.5,Summer,0.052,173,9
Osprey,57.63514,-4.28466,7.5,Summer,0.1905,189,36
Osprey,57.63514,-4.03983,7.5,Summer,0.1173,742,87
Osprey,57.63514,-3.79499,7.5,Summer,0.0695,187,13
Osprey,57.63514,-3.55015,7.5,Summer,0.3368,190,64
Osprey,57.63514,-3.30531,7.5,Summer,0.063,127,8
Osprey,57.63514,-3.06047,7.5,Summer,0.3882,170,66
Osprey,57.63514,-2.5708,7.5,Summer,0.0303,33,1
Osprey,57.63514,-1.83628,7.5,Summer,0.1862,145,27
Osprey,57.77027,-6.48821,7.5,Summer,0.2,5,1
Osprey,57.77027,-5.75369,7.5,Summer,0.0063,159,1
Osprey,57.77027,-5.01918,7.5,Summer,0.0732,41,3
Osprey,57.77027,-4.03983,7.5,Summer,0.194,134,26
Osprey,57.77027,-3.79499,7.5,Summer,0.0444,180,8
Osprey,57.77027,-3.55015,7.5,Summer,0.0288,104,3
Osprey,57.77027,-3.30531,7.5,Summer,0.1571,140,22
Osprey,57.90541,-5.26402,7.5,Summer,0.0114,175,2
Osprey,57.90541,-5.01918,7.5,Summer,0.0556,18,1
Osprey,57.90541,-4.77434,7.5,Summer,0.0909,11,1
Osprey,57.90541,-4.5295,7.5,Summer,0.0714,28,2
Osprey,57.90541,-4.28466,7.5,Summer,0.1667,66,11
Osprey,57.90541,-4.03983,7.5,Summer,0.3008,246,74
Osprey,57.90541,-3.79499,7.5,Summer,0.0192,52,1
Osprey,58.04054,-5.26402,7.5,Summer,0.0645,31,2
Osprey,58.04054,-4.77434,7.5,Summer,0.2,10,2
Osprey,58.04054,-4.5295,7.5,Summer,0.2,45,9
Osprey,58.04054,-4.28466,7.5,Summer,0.2692,26,7
Osprey,58.04054,-4.03983,7.5,Summer,0.0351,57,2
Osprey,58.04054,-3.79499,7.5,Summer,0.0247,81,2
Osprey,58.17568,-5.01918,7.5,Summer,0.1346,52,7
Osprey,58.17568,-3.79499,7.5,Summer,0.0435,23,1
Osprey,58.31081,-4.03983,7.5,Summer,0.4286,14,6
Osprey,58.31081,-3.79499,7.5,Summer,0.0426,47,2
Osprey,58.31081,-3.30531,7.5,Summer,0.0192,52,1
Osprey,58.44595,-5.26402,7.5,Summer,0.0106,94,1
Osprey,58.44595,-5.01918,7.5,Summer,0.0556,54,3
Osprey,58.44595,-4.5295,7.5,Summer,0.0606,33,2
Osprey,58.44595,-3.55015,7.5,Summer,0.2,5,1
Osprey,58.44595,-3.30531,7.5,Summer,0.1667,6,1
Osprey,58.58108,-4.77434,7.5,Summer,0.0091,110,1
Osprey,58.58108,-4.5295,7.5,Summer,0.0385,26,1
Osprey,58.58108,-4.28466,7.5,Summer,0.0645,31,2
Osprey,58.58108,-3.79499,7.5,Summer,0.0294,34,1
Osprey,58.71622,-3.30531,7.5,Summer,0.0097,103,1
Osprey,58.85135,-3.06047,7.5,Summer,0.0143,70,1
Osprey,58.98649,-3.06047,7.5,Summer,0.0048,416,2
Osprey,59.39189,-2.32596,7.5,Summer,0.0054,184,1
Osprey,59.52703,-1.59145,7.5,Summer,0.0028,354,1
Osprey,60.74324,-1.10177,7.5,Summer,0.0323,31,1
Osprey,60.74324,-0.85693,7.5,Summer,0.0125,401,5
Red Grouse,55.33784,-3.79499,7.5,Autumn,0.2,15,3
Red Grouse,55.33784,-3.55015,7.5,Autumn,0.0526,19,1
Red Grouse,55.47297,-3.79499,7.5,Autumn,0.1961,51,10
Red Grouse,55.60811,-2.81564,7.5,Autumn,0.0241,83,2
Red Grouse,55.74324,-4.28466,7.5,Autumn,0.0071,566,4
Red Grouse,55.74324,-3.55015,7.5,Autumn,0.0526,38,2
Red Grouse,55.74324,-3.30531,7.5,Autumn,0.0385,26,1
Red Grouse,55.74324,-3.06047,7.5,Autumn,0.1333,165,22
Red Grouse,55.87838,-4.5295,7.5,Autumn,0.0067,297,2
Red Grouse,55.87838,-3.79499,7.5,Autumn,0.02,50,1
Red Grouse,55.87838,-3.55015,7.5,Autumn,0.0135,74,1
Red Grouse,55.87838,-3.30531,7.5,Autumn,0.0561,892,50
Red Grouse,55.87838,-2.81564,7.5,Autumn,0.0288,104,3
Red Grouse,55.87838,-2.5708,7.5,Autumn,0.8462,13,11
Red Grouse,56.01351,-4.5295,7.5,Autumn,0.0152,132,2
Red Grouse,56.01351,-4.28466,7.5,Autumn,0.0769,26,2
Red Grouse,56.01351,-3.06047,7.5,Autumn,0.0005,1856,1
Red Grouse,56.14865,-3.79499,7.5,Autumn,0.0036,274,1
Red Grouse,56.14865,-3.30531,7.5,Autumn,0.0027,374,1
Red Grouse,56.28378,-4.03983,7.5,Autumn,0.0556,18,1
Red Grouse,56.28378,-3.30531,7.5,Autumn,0.0519,77,4
Red Grouse,56.41892,-4.28466,7.5,Autumn,0.0145,69,1
Red Grouse,56.41892,-4.03983,7.5,Autumn,0.0435,23,1
Red Grouse,56.41892,-3.79499,7.5,Autumn,0.1667,24,4
Red Grouse,56.55405,-4.28466,7.5,Autumn,0.1667,12,2
Red Grouse,56.55405,-4.03983,7.5,Autumn,0.125,32,4
Red Grouse,56.55405,-3.79499,7.5,Autumn,0.375,16,6
Red Grouse,56.55405,-3.55015,7.5,Autumn,0.0156,128,2
Red Grouse,56.68919,-5.50885,7.5,Autumn,0.05,20,1
Red Grouse,56.68919,-4.77434,7.5,Autumn,0.1364,22,3
Red Grouse,56.68919,-4.03983,7.5,Autumn,0.3182,22,7
Red Grouse,56.68919,-3.30531,7.5,Autumn,0.0357,28,1
Red Grouse,56.68919,-3.06047,7.5,Autumn,0.0105,95,1
Red Grouse,56.82432,-4.5295,7.5,Autumn,1.0,1,1
Red Grouse,56.82432,-4.28466,7.5,Autumn,0.5,4,2
Red Grouse,56.82432,-4.03983,7.5,Autumn,0.125,8,1
Red Grouse,56.82432,-3.55015,7.5,Autumn,0.2,5,1
Red Grouse,56.82432,-3.30531,7.5,Autumn,0.4423,52,23
Red Grouse,56.82432,-3.06047,7.5,Autumn,0.1667,6,1
Red Grouse,56.95946,-6.24337,7.5,Autumn,0.1176,68,8
Red Grouse,56.95946,-4.28466,7.5,Autumn,0.0556,18,1
Red Grouse,56.95946,-3.79499,7.5,Autumn,1.0,2,2
Red Grouse,56.95946,-3.55015,7.5,Autumn,0.0455,22,1
Red Grouse,56.95946,-3.30531,7.5,Autumn,0.0652,46,3
Red Grouse,56.95946,-3.06047,7.5,Autumn,0.1667,12,2
Red Grouse,56.95946,-2.5708,7.5,Autumn,0.4167,12,5
Red Grouse,57.09459,-4.28466,7.5,Autumn,0.3333,3,1
Red Grouse,57.09459,-4.03983,7.5,Autumn,0.0248,242,6
Red Grouse,57.09459,-3.79499,7.5,Autumn,0.0857,105,9
Red Grouse,57.09459,-3.55015,7.5,Autumn,0.2586,58,15
Red Grouse,57.09459,-3.30531,7.5,Autumn,0.1667,18,3
Red Grouse,57.09459,-3.06047,7.5,Autumn,0.0976,41,4
Red Grouse,57.22973,-6.24337,7.5,Autumn,0.0377,53,2
Red Grouse,57.22973,-4.03983,7.5,Autumn,0.0444,90,4
Red Grouse,57.22973,-3.79499,7.5,Autumn,0.0092,655,6
Red Grouse,57.22973,-3.55015,7.5,Autumn,0.0414,169,7
Red Grouse,57.22973,-3.30531,7.5,Autumn,0.1714,35,6
Red Grouse,57.36486,-7.22272,7.5,Autumn,0.0455,22,1
Red Grouse,57.36486,-4.28466,7.5,Autumn,0.0463,108,5
Red Grouse,57.36486,-4.03983,7.5,Autumn,0.2174,23,5
Red Grouse,57.36486,-3.79499,7.5,Autumn,0.6939,98,68
Red Grouse,57.36486,-3.55015,7.5,Autumn,0.0599,167,10
Red Grouse,57.36486,-3.30531,7.5,Autumn,0.2,10,2
Red Grouse,57.36486,-3.06047,7.5,Autumn,0.2,5,1
Red Grouse,57.5,-5.50885,7.5,Autumn,0.0909,11,1
Red Grouse,57.5,-4.28466,7.5,Autumn,0.0053,562,3
Red Grouse,57.5,-3.79499,7.5,Autumn,0.2353,17,4
Red Grouse,57.5,-3.55015,7.5,Autumn,0.5,12,6
Red Grouse,57.5,-3.06047,7.5,Autumn,0.0714,14,1
Red Grouse,57.63514,-4.5295,7.5,Autumn,0.012,83,1
Red Grouse,57.90541,-6.97788,7.5,Autumn,0.0625,32,2
Red Grouse,57.90541,-6.73304,7.5,Autumn,0.1111,9,1
Red Grouse,57.90541,-4.77434,7.5,Autumn,0.5,2,1
Red Grouse,57.90541,-4.28466,7.5,Autumn,0.0465,86,4
Red Grouse,58.04054,-4.28466,7.5,Autumn,0.1579,19,3
Red Grouse,58.17568,-5.01918,7.5,Autumn,0.25,4,1
Red Grouse,58.31081,-4.03983,7.5,Autumn,0.25,4,1
Red Grouse,58.44595,-3.79499,7.5,Autumn,0.125,8,1
Red Grouse,58.98649,-3.06047,7.5,Autumn,0.0224,134,3
Red Grouse,59.12162,-3.06047,7.5,Autumn,0.1125,80,9
Red Grouse,59.93243,-1.34661,7.5,Autumn,0.0008,2628,2
Red Grouse,60.06757,-1.34661,7.5,Autumn,0.0066,907,6
Red Grouse,60.06757,-1.10177,7.5,Autumn,0.0079,253,2
Red Grouse,60.2027,-1.59145,7.5,Autumn,0.0476,63,3
Red Grouse,60.2027,-1.34661,7.5,Autumn,0.064,500,32
Red Grouse,60.2027,-1.10177,7.5,Autumn,0.0388,824,32
Red Grouse,60.33784,-1.59145,7.5,Autumn,0.0093,107,1
Red Grouse,60.33784,-1.34661,7.5,Autumn,0.0504,397,20
Red Grouse,60.33784,-1.10177,7.5,Autumn,0.0411,219,9
Red Grouse,60.33784,-0.85693,7.5,Autumn,0.1613,31,5
Red Grouse,60.47297,-1.59145,7.5,Autumn,0.0114,176,2
Red Grouse,60.47297,-1.34661,7.5,Autumn,0.05,240,12
Red Grouse,60.47297,-1.10177,7.5,Autumn,0.0134,149,2
Red Grouse,60.60811,-1.34661,7.5,Autumn,0.0317,63,2
Red Grouse,54.93243,-4.77434,7.5,Spring,0.0312,32,1
Red Grouse,55.06757,-4.28466,7.5,Spring,0.0357,28,1
Red Grouse,55.2027,-4.5295,7.5,Spring,0.0476,42,2
Red Grouse,55.2027,-3.06047,7.5,Spring,0.1224,49,6
Red Grouse,55.2027,-2.81564,7.5,Spring,0.069,29,2
Red Grouse,55.33784,-4.28466,7.5,Spring,0.0068,147,1
Red Grouse,55.33784,-4.03983,7.5,Spring,0.1818,11,2
Red Grouse,55.33784,-3.79499,7.5,Spring,0.1014,69,7
Red Grouse,55.47297,-3.79499,7.5,Spring,0.0504,119,6
Red Grouse,55.47297,-3.30531,7.5,Spring,0.0303,66,2
Red Grouse,55.60811,-6.24337,7.5,Spring,0.0084,237,2
Red Grouse,55.60811,-5.75369,7.5,Spring,0.0882,34,3
Red Grouse,55.60811,-4.03983,7.5,Spring,0.1111,18,2
Red Grouse,55.60811,-3.55015,7.5,Spring,0.013,77,1
Red Grouse,55.60811,-3.06047,7.5,Spring,0.0345,58,2
Red Grouse,55.60811,-2.81564,7.5,Spring,0.0157,127,2
Red Grouse,55.74324,-4.77434,7.5,Spring,0.0081,124,1
Red Grouse,55.74324,-4.28466,7.5,Spring,0.011,998,11
Red Grouse,55.74324,-3.06047,7.5,Spring,0.1131,398,45
Red Grouse,55.74324,-2.81564,7.5,Spring,0.1333,30,4
Red Grouse,55.74324,-2.5708,7.5,Spring,0.2727,11,3
Red Grouse,55.87838,-4.28466,7.5,Spring,0.0005,2168,1
Red Grouse,55.87838,-3.55015,7.5,Spring,0.0046,219,1
Red Grouse,55.87838,-3.30531,7.5,Spring,0.0478,2071,99
Red Grouse,55.87838,-2.81564,7.5,Spring,0.0167,239,4
Red Grouse,55.87838,-2.5708,7.5,Spring,0.6121,232,142
Red Grouse,56.01351,-5.01918,7.5,Spring,0.018,167,3
Red Grouse,56.01351,-4.5295,7.5,Spring,0.0023,435,1
Red Grouse,56.01351,-4.28466,7.5,Spring,0.0057,175,1
Red Grouse,56.01351,-4.03983,7.5,Spring,0.0769,39,3
Red Grouse,56.01351,-2.5708,7.5,Spring,0.0013,754,1
Red Grouse,56.14865,-4.28466,7.5,Spring,0.0056,180,1
Red Grouse,56.14865,-3.79499,7.5,Spring,0.0101,695,7
Red Grouse,56.14865,-3.30531,7.5,Spring,0.0046,652,3
Red Grouse,56.28378,-4.77434,7.5,Spring,0.0116,86,1
Red Grouse,56.28378,-4.03983,7.5,Spring,0.0233,43,1
Red Grouse,56.28378,-3.30531,7.5,Spring,0.1027,146,15
Red Grouse,56.41892,-4.77434,7.5,Spring,0.037,54,2
Red Grouse,56.41892,-4.28466,7.5,Spring,0.0349,86,3
Red Grouse,56.41892,-4.03983,7.5,Spring,0.2295,122,28
Red Grouse,56.41892,-3.79499,7.5,Spring,0.225,80,18
Red Grouse,56.55405,-4.77434,7.5,Spring,0.075,40,3
Red Grouse,56.55405,-4.28466,7.5,Spring,0.0588,17,1
Red Grouse,56.55405,-4.03983,7.5,Spring,0.1818,55,10
Red Grouse,56.55405,-3.79499,7.5,Spring,0.3108,74,23
Red Grouse,56.55405,-3.55015,7.5,Spring,0.0306,294,9
Red Grouse,56.55405,-3.06047,7.5,Spring,0.02,50,1
Red Grouse,56.68919,-4.77434,7.5,Spring,0.069,29,2
Red Grouse,56.68919,-4.5295,7.5,Spring,0.1,10,1
Red Grouse,56.68919,-4.03983,7.5,Spring,0.0652,46,3
Red Grouse,56.68919,-3.79499,7.5,Spring,0.0103,290,3
Red Grouse,56.68919,-3.30531,7.5,Spring,0.0241,83,2
Red Grouse,56.68919,-3.06047,7.5,Spring,0.0718,181,13
Red Grouse,56.68919,-2.5708,7.5,Spring,0.004,253,1
Red Grouse,56.82432,-6.24337,7.5,Spring,0.04,25,1
Red Grouse,56.82432,-5.01918,7.5,Spring,0.0039,256,1
Red Grouse,56.82432,-4.28466,7.5,Spring,0.5294,17,9
Red Grouse,56.82432,-4.03983,7.5,Spring,0.0667,45,3
Red Grouse,56.82432,-3.79499,7.5,Spring,0.0169,59,1
Red Grouse,56.82432,-3.55015,7.5,Spring,0.2632,19,5
Red Grouse,56.82432,-3.30531,7.5,Spring,0.6937,111,77
Red Grouse,56.82432,-3.06047,7.5,Spring,0.44,25,11
Red Grouse,56.82432,-2.81564,7.5,Spring,0.3,10,3
Red Grouse,56.95946,-6.24337,7.5,Spring,0.0463,108,5
Red Grouse,56.95946,-4.5295,7.5,Spring,0.0364,55,2
Red Grouse,56.95946,-4.28466,7.5,Spring,0.0989,91,9
Red Grouse,56.95946,-4.03983,7.5,Spring,0.3333,3,1
Red Grouse,56.95946,-3.55015,7.5,Spring,0.0526,57,3
Red Grouse,56.95946,-3.30531,7.5,Spring,0.1028,107,11
Red Grouse,56.95946,-3.06047,7.5,Spring,0.1304,23,3
Red Grouse,56.95946,-2.81564,7.5,Spring,0.1,10,1
Red Grouse,56.95946,-2.5708,7.5,Spring,0.0476,21,1
Red Grouse,56.95946,-2.08112,7.5,Spring,0.0037,269,1
Red Grouse,57.09459,-5.99853,7.5,Spring,0.01,100,1
Red Grouse,57.09459,-4.5295,7.5,Spring,0.25,8,2
Red Grouse,57.09459,-4.03983,7.5,Spring,0.0056,709,4
Red Grouse,57.09459,-3.79499,7.5,Spring,0.0613,375,23
Red Grouse,57.09459,-3.55015,7.5,Spring,0.3303,433,143
Red Grouse,57.09459,-3.30531,7.5,Spring,0.0128,78,1
Red Grouse,57.09459,-3.06047,7.5,Spring,0.087,69,6
Red Grouse,57.22973,-6.24337,7.5,Spring,0.0435,115,5
Red Grouse,57.22973,-5.75369,7.5,Spring,0.0063,159,1
Red Grouse,57.22973,-5.26402,7.5,Spring,0.2,5,1
Red Grouse,57.22973,-4.5295,7.5,Spring,0.0444,45,2
Red Grouse,57.22973,-4.03983,7.5,Spring,0.0476,252,12
Red Grouse,57.22973,-3.79499,7.5,Spring,0.008,2240,18
Red Grouse,57.22973,-3.55015,7.5,Spring,0.0304,560,17
Red Grouse,57.22973,-3.30531,7.5,Spring,0.1789,123,22
Red Grouse,57.22973,-3.06047,7.5,Spring,0.1,10,1
Red Grouse,57.22973,-2.81564,7.5,Spring,0.0417,24,1
Red Grouse,57.22973,-2.08112,7.5,Spring,0.002,488,1
Red Grouse,57.36486,-7.22272,7.5,Spring,0.0252,119,3
Red Grouse,57.36486,-6.24337,7.5,Spring,0.0041,242,1
Red Grouse,57.36486,-5.99853,7.5,Spring,0.0244,41,1
Red Grouse,57.36486,-4.77434,7.5,Spring,0.0349,86,3
Red Grouse,57.36486,-4.28466,7.5,Spring,0.006,333,2
Red Grouse,57.36486,-4.03983,7.5,Spring,0.1525,118,18
Red Grouse,57.36486,-3.79499,7.5,Spring,0.57,407,232
Red Grouse,57.36486,-3.55015,7.5,Spring,0.0787,445,35
Red Grouse,57.36486,-3.30531,7.5,Spring,0.186,43,8
Red Grouse,57.5,-7.22272,7.5,Spring,0.0265,151,4
Red Grouse,57.5,-6.24337,7.5,Spring,0.0061,165,1
Red Grouse,57.5,-5.01918,7.5,Spring,0.1429,14,2
Red Grouse,57.5,-4.5295,7.5,Spring,0.0052,192,1
Red Grouse,57.5,-4.28466,7.5,Spring,0.0131,915,12
Red Grouse,57.5,-4.03983,7.5,Spring,0.0014,691,1
Red Grouse,57.5,-3.79499,7.5,Spring,0.2308,39,9
Red Grouse,57.5,-3.55015,7.5,Spring,0.1154,26,3
Red Grouse,57.63514,-7.46756,7.5,Spring,0.0286,489,14
Red Grouse,57.63514,-6.24337,7.5,Spring,0.0056,360,2
Red Grouse,57.63514,-4.03983,7.5,Spring,0.0018,569,1
Red Grouse,57.63514,-2.81564,7.5,Spring,0.0115,87,1
Red Grouse,57.77027,-5.01918,7.5,Spring,0.0408,49,2
Red Grouse,57.77027,-4.28466,7.5,Spring,0.025,40,1
Red Grouse,57.90541,-6.97788,7.5,Spring,0.022,91,2
Red Grouse,57.90541,-6.73304,7.5,Spring,0.0345,58,2
Red Grouse,57.90541,-4.5295,7.5,Spring,0.0556,18,1
Red Grouse,57.90541,-4.28466,7.5,Spring,0.1043,115,12
Red Grouse,57.90541,-4.03983,7.5,Spring,0.0031,326,1
Red Grouse,58.04054,-6.48821,7.5,Spring,0.0323,31,1
Red Grouse,58.04054,-4.28466,7.5,Spring,0.0909,55,5
Red Grouse,58.17568,-6.48821,7.5,Spring,0.0059,169,1
Red Grouse,58.17568,-5.26402,7.5,Spring,0.0077,130,1
Red Grouse,58.17568,-4.5295,7.5,Spring,0.3333,9,3
Red Grouse,58.31081,-6.48821,7.5,Spring,0.0172,58,1
Red Grouse,58.31081,-6.24337,7.5,Spring,0.0074,135,1
Red Grouse,58.31081,-5.26402,7.5,Spring,0.0465,43,2
Red Grouse,58.31081,-4.5295,7.5,Spring,0.2857,14,4
Red Grouse,58.31081,-4.28466,7.5,Spring,0.1429,7,1
Red Grouse,58.31081,-3.79499,7.5,Spring,0.0645,31,2
Red Grouse,58.31081,-3.30531,7.5,Spring,0.2105,19,4
Red Grouse,58.44595,-5.26402,7.5,Spring,0.1798,89,16
Red Grouse,58.44595,-5.01918,7.5,Spring,0.0323,31,1
Red Grouse,58.44595,-4.5295,7.5,Spring,0.0714,28,2
Red Grouse,58.44595,-3.79499,7.5,Spring,0.25,4,1
Red Grouse,58.44595,-3.55015,7.5,Spring,0.0909,11,1
Red Grouse,58.44595,-3.30531,7.5,Spring,0.0476,21,1
Red Grouse,58.58108,-3.79499,7.5,Spring,0.0588,34,2
Red Grouse,58.58108,-3.06047,7.5,Spring,0.007,142,1
Red Grouse,58.85135,-3.30531,7.5,Spring,0.0103,97,1
Red Grouse,58.85135,-3.06047,7.5,Spring,0.0303,66,2
Red Grouse,58.98649,-3.06047,7.5,Spring,0.0217,323,7
Red Grouse,59.12162,-3.30531,7.5,Spring,0.0175,228,4
Red Grouse,59.12162,-3.06047,7.5,Spring,0.044,182,8
Red Grouse,59.25676,-3.06047,7.5,Spring,0.037,27,1
Red Grouse,60.06757,-1.34661,7.5,Spring,0.0046,437,2
Red Grouse,60.2027,-1.59145,7.5,Spring,0.102,49,5
Red Grouse,60.2027,-1.34661,7.5,Spring,0.0448,134,6
Red Grouse,60.2027,-1.10177,7.5,Spring,0.0184,488,9
Red Grouse,60.33784,-1.59145,7.5,Spring,0.0588,34,2
Red Grouse,60.33784,-1.34661,7.5,Spring,0.1286,70,9
Red Grouse,60.33784,-1.10177,7.5,Spring,0.0385,26,1
Red Grouse,60.33784,-0.85693,7.5,Spring,0.6,5,3
Red Grouse,60.47297,-1.59145,7.5,Spring,0.0141,71,1
Red Grouse,60.47297,-1.34661,7.5,Spring,0.1538,52,8
Red Grouse,60.47297,-1.10177,7.5,Spring,0.0517,58,3
Red Grouse,55.2027,-3.06047,7.5,Summer,0.0909,22,2
Red Grouse,55.2027,-2.81564,7.5,Summer,0.0769,13,1
Red Grouse,55.33784,-3.79499,7.5,Summer,0.0455,22,1
Red Grouse,55.60811,-4.5295,7.5,Summer,0.0,27860,1
Red Grouse,55.60811,-3.06047,7.5,Summer,0.012,83,1
Red Grouse,55.74324,-4.28466,7.5,Summer,0.0059,507,3
Red Grouse,55.74324,-3.55015,7.5,Summer,0.125,24,3
Red Grouse,55.74324,-3.30531,7.5,Summer,0.0345,29,1
Red Grouse,55.74324,-3.06047,7.5,Summer,0.0827,133,11
Red Grouse,55.74324,-2.81564,7.5,Summer,0.1667,18,3
Red Grouse,55.74324,-2.5708,7.5,Summer,0.2143,14,3
Red Grouse,55.87838,-5.99853,7.5,Summer,0.0476,21,1
Red Grouse,55.87838,-5.50885,7.5,Summer,0.0208,48,1
Red Grouse,55.87838,-3.55015,7.5,Summer,0.0075,134,1
Red Grouse,55.87838,-3.30531,7.5,Summer,0.0228,1184,27
Red Grouse,55.87838,-3.06047,7.5,Summer,0.0006,1626,1
Red Grouse,55.87838,-2.81564,7.5,Summer,0.051,98,5
Red Grouse,55.87838,-2.5708,7.5,Summer,0.5046,109,55
Red Grouse,56.01351,-4.03983,7.5,Summer,0.0189,53,1
Red Grouse,56.01351,-3.06047,7.5,Summer,0.0004,2396,1
Red Grouse,56.01351,-2.81564,7.5,Summer,0.0013,786,1
Red Grouse,56.14865,-5.26402,7.5,Summer,0.0357,28,1
Red Grouse,56.14865,-4.5295,7.5,Summer,0.0089,225,2
Red Grouse,56.14865,-3.79499,7.5,Summer,0.0122,328,4
Red Grouse,56.28378,-4.28466,7.5,Summer,0.0049,205,1
Red Grouse,56.28378,-3.30531,7.5,Summer,0.0222,90,2
Red Grouse,56.41892,-4.28466,7.5,Summer,0.0103,97,1
Red Grouse,56.41892,-4.03983,7.5,Summer,0.12,50,6
Red Grouse,56.41892,-3.79499,7.5,Summer,0.0128,78,1
Red Grouse,56.55405,-4.77434,7.5,Summer,0.08,50,4
Red Grouse,56.55405,-4.28466,7.5,Summer,0.0278,36,1
Red Grouse,56.55405,-4.03983,7.5,Summer,0.102,49,5
Red Grouse,56.55405,-3.79499,7.5,Summer,0.0667,45,3
Red Grouse,56.55405,-3.55015,7.5,Summer,0.0105,287,3
Red Grouse,56.68919,-4.5295,7.5,Summer,0.0833,12,1
Red Grouse,56.68919,-3.79499,7.5,Summer,0.0112,268,3
Red Grouse,56.68919,-3.06047,7.5,Summer,0.0352,142,5
Red Grouse,56.82432,-4.28466,7.5,Summer,0.4667,15,7
Red Grouse,56.82432,-3.55015,7.5,Summer,0.12,25,3
Red Grouse,56.82432,-3.30531,7.5,Summer,0.4231,104,44
Red Grouse,56.82432,-3.06047,7.5,Summer,0.2593,27,7
Red Grouse,56.82432,-2.81564,7.5,Summer,0.4545,11,5
Red Grouse,56.82432,-2.5708,7.5,Summer,0.0128,78,1
Red Grouse,56.95946,-4.5295,7.5,Summer,0.0357,28,1
Red Grouse,56.95946,-4.28466,7.5,Summer,0.04,75,3
Red Grouse,56.95946,-3.55015,7.5,Summer,0.0429,70,3
Red Grouse,56.95946,-3.30531,7.5,Summer,0.0381,105,4
Red Grouse,56.95946,-2.81564,7.5,Summer,0.0938,64,6
Red Grouse,57.09459,-5.26402,7.5,Summer,0.1429,14,2
Red Grouse,57.09459,-4.03983,7.5,Summer,0.0038,526,2
Red Grouse,57.09459,-3.79499,7.5,Summer,0.0386,311,12
Red Grouse,57.09459,-3.55015,7.5,Summer,0.1619,315,51
Red Grouse,57.09459,-3.06047,7.5,Summer,0.05,80,4
Red Grouse,57.09459,-2.5708,7.5,Summer,0.0312,32,1
Red Grouse,57.22973,-6.24337,7.5,Summer,0.0135,148,2
Red Grouse,57.22973,-5.01918,7.5,Summer,0.1071,28,3
Red Grouse,57.22973,-4.28466,7.5,Summer,0.25,4,1
Red Grouse,57.22973,-4.03983,7.5,Summer,0.0451,133,6
Red Grouse,57.22973,-3.79499,7.5,Summer,0.0062,1932,12
Red Grouse,57.22973,-3.55015,7.5,Summer,0.0272,441,12
Red Grouse,57.22973,-3.30531,7.5,Summer,0.0938,128,12
Red Grouse,57.22973,-2.5708,7.5,Summer,0.0435,23,1
Red Grouse,57.36486,-6.24337,7.5,Summer,0.0034,292,1
Red Grouse,57.36486,-5.75369,7.5,Summer,0.0154,65,1
Red Grouse,57.36486,-4.28466,7.5,Summer,0.0076,264,2
Red Grouse,57.36486,-4.03983,7.5,Summer,0.1163,86,10
Red Grouse,57.36486,-3.79499,7.5,Summer,0.5714,308,176
Red Grouse,57.36486,-3.55015,7.5,Summer,0.0157,381,6
Red Grouse,57.36486,-3.30531,7.5,Summer,0.0141,71,1
Red Grouse,57.36486,-3.06047,7.5,Summer,0.3571,14,5
Red Grouse,57.36486,-2.81564,7.5,Summer,0.1429,7,1
Red Grouse,57.5,-5.99853,7.5,Summer,0.25,4,1
Red Grouse,57.5,-4.03983,7.5,Summer,0.0016,626,1
Red Grouse,57.5,-3.79499,7.5,Summer,0.05,60,3
Red Grouse,57.5,-3.55015,7.5,Summer,0.2222,9,2
Red Grouse,57.63514,-7.22272,7.5,Summer,0.0086,116,1
Red Grouse,57.63514,-5.50885,7.5,Summer,0.0204,49,1
Red Grouse,57.63514,-5.26402,7.5,Summer,0.01,100,1
Red Grouse,57.63514,-4.5295,7.5,Summer,0.0058,173,1
Red Grouse,57.63514,-2.32596,7.5,Summer,0.0081,124,1
Red Grouse,57.77027,-3.79499,7.5,Summer,0.0056,180,1
Red Grouse,57.77027,-3.55015,7.5,Summer,0.0192,104,2
Red Grouse,57.90541,-5.50885,7.5,Summer,0.0082,122,1
Red Grouse,57.90541,-4.77434,7.5,Summer,0.0909,11,1
Red Grouse,58.04054,-6.73304,7.5,Summer,0.0278,36,1
Red Grouse,58.04054,-6.48821,7.5,Summer,0.0196,51,1
Red Grouse,58.04054,-4.77434,7.5,Summer,0.7,10,7
Red Grouse,58.04054,-4.28466,7.5,Summer,0.1923,26,5
Red Grouse,58.04054,-4.03983,7.5,Summer,0.0175,57,1
Red Grouse,58.17568,-6.97788,7.5,Summer,0.0244,82,2
Red Grouse,58.17568,-6.73304,7.5,Summer,0.0238,84,2
Red Grouse,58.17568,-3.55015,7.5,Summer,0.0227,44,1
Red Grouse,58.31081,-5.01918,7.5,Summer,0.025,40,1
Red Grouse,58.31081,-3.30531,7.5,Summer,0.0385,52,2
Red Grouse,58.44595,-5.26402,7.5,Summer,0.1809,94,17
Red Grouse,58.44595,-3.55015,7.5,Summer,0.2,5,1
Red Grouse,58.58108,-5.01918,7.5,Summer,0.125,8,1
Red Grouse,58.58108,-4.77434,7.5,Summer,0.0182,110,2
Red Grouse,58.58108,-3.06047,7.5,Summer,0.0115,174,2
Red Grouse,58.71622,-3.30531,7.5,Summer,0.0097,103,1
Red Grouse,58.85135,-3.06047,7.5,Summer,0.0143,70,1
Red Grouse,58.98649,-3.30531,7.5,Summer,0.0019,530,1
Red Grouse,58.98649,-3.06047,7.5,Summer,0.0216,416,9
Red Grouse,59.12162,-3.06047,7.5,Summer,0.0506,316,16
Red Grouse,60.2027,-1.59145,7.5,Summer,0.0606,33,2
Red Grouse,60.2027,-1.34661,7.5,Summer,0.0476,126,6
Red Grouse,60.2027,-1.10177,7.5,Summer,0.0076,394,3
Red Grouse,60.33784,-1.59145,7.5,Summer,0.037,54,2
Red Grouse,60.33784,-1.34661,7.5,Summer,0.0471,85,4
Red Grouse,60.33784,-1.10177,7.5,Summer,0.0667,45,3
Red Grouse,60.47297,-1.59145,7.5,Summer,0.0081,123,1
Red Grouse,60.47297,-1.34661,7.5,Summer,0.0185,54,1
Red Grouse,60.47297,-1.10177,7.5,Summer,0.013,77,1
Red Grouse,55.06757,-4.28466,7.5,Winter,0.125,8,1
Red Grouse,55.06757,-3.79499,7.5,Winter,0.0385,26,1
Red Grouse,55.2027,-4.5295,7.5,Winter,0.3333,3,1
Red Grouse,55.2027,-2.81564,7.5,Winter,0.1667,6,1
Red Grouse,55.33784,-3.79499,7.5,Winter,0.1905,21,4
Red Grouse,55.33784,-3.55015,7.5,Winter,0.0435,23,1
Red Grouse,55.47297,-4.03983,7.5,Winter,0.0833,12,1
Red Grouse,55.47297,-3.79499,7.5,Winter,0.2222,63,14
Red Grouse,55.60811,-5.75369,7.5,Winter,0.16,25,4
Red Grouse,55.60811,-2.81564,7.5,Winter,0.0105,95,1
Red Grouse,55.74324,-6.48821,7.5,Winter,0.0108,93,1
Red Grouse,55.74324,-4.28466,7.5,Winter,0.0143,631,9
Red Grouse,55.74324,-3.55015,7.5,Winter,0.0588,34,2
Red Grouse,55.74324,-3.30531,7.5,Winter,0.0465,43,2
Red Grouse,55.74324,-3.06047,7.5,Winter,0.1895,248,47
Red Grouse,55.74324,-2.81564,7.5,Winter,0.0385,26,1
Red Grouse,55.74324,-2.5708,7.5,Winter,1.0,3,3
Red Grouse,55.87838,-3.79499,7.5,Winter,0.0455,88,4
Red Grouse,55.87838,-3.30531,7.5,Winter,0.039,1796,70
Red Grouse,55.87838,-3.06047,7.5,Winter,0.0006,1773,1
Red Grouse,55.87838,-2.81564,7.5,Winter,0.0798,163,13
Red Grouse,55.87838,-2.5708,7.5,Winter,0.5938,32,19
Red Grouse,56.01351,-4.5295,7.5,Winter,0.0062,162,1
Red Grouse,56.01351,-4.03983,7.5,Winter,0.0417,24,1
Red Grouse,56.01351,-2.81564,7.5,Winter,0.0011,874,1
Red Grouse,56.01351,-2.5708,7.5,Winter,0.0031,643,2
Red Grouse,56.14865,-4.5295,7.5,Winter,0.0217,46,1
Red Grouse,56.14865,-3.79499,7.5,Winter,0.0061,490,3
Red Grouse,56.14865,-3.30531,7.5,Winter,0.0056,535,3
Red Grouse,56.28378,-3.30531,7.5,Winter,0.1358,81,11
Red Grouse,56.41892,-4.28466,7.5,Winter,0.0208,48,1
Red Grouse,56.41892,-4.03983,7.5,Winter,0.44,50,22
Red Grouse,56.41892,-3.79499,7.5,Winter,0.1481,27,4
Red Grouse,56.55405,-6.24337,7.5,Winter,0.04,25,1
Red Grouse,56.55405,-3.79499,7.5,Winter,0.1333,15,2
Red Grouse,56.55405,-3.55015,7.5,Winter,0.0123,81,1
Red Grouse,56.68919,-4.5295,7.5,Winter,0.0833,12,1
Red Grouse,56.68919,-4.03983,7.5,Winter,0.2,5,1
Red Grouse,56.68919,-3.79499,7.5,Winter,0.0286,70,2
Red Grouse,56.82432,-5.01918,7.5,Winter,0.0238,42,1
Red Grouse,56.82432,-4.77434,7.5,Winter,0.5714,7,4
Red Grouse,56.82432,-4.28466,7.5,Winter,1.0,2,2
Red Grouse,56.82432,-3.55015,7.5,Winter,1.0,4,4
Red Grouse,56.82432,-3.30531,7.5,Winter,0.8542,48,41
Red Grouse,56.82432,-3.06047,7.5,Winter,0.5,6,3
Red Grouse,56.82432,-2.81564,7.5,Winter,0.2857,7,2
Red Grouse,56.95946,-4.5295,7.5,Winter,0.1333,15,2
Red Grouse,56.95946,-4.28466,7.5,Winter,0.1,10,1
Red Grouse,56.95946,-4.03983,7.5,Winter,1.0,1,1
Red Grouse,56.95946,-3.55015,7.5,Winter,0.3636,11,4
Red Grouse,56.95946,-3.30531,7.5,Winter,0.1818,33,6
Red Grouse,56.95946,-3.06047,7.5,Winter,0.75,4,3
Red Grouse,56.95946,-2.81564,7.5,Winter,0.5,2,1
Red Grouse,56.95946,-2.5708,7.5,Winter,0.5,2,1
Red Grouse,57.09459,-4.03983,7.5,Winter,0.0033,301,1
Red Grouse,57.09459,-3.79499,7.5,Winter,0.1134,97,11
Red Grouse,57.09459,-3.55015,7.5,Winter,0.2143,126,27
Red Grouse,57.09459,-3.30531,7.5,Winter,0.08,25,2
Red Grouse,57.09459,-3.06047,7.5,Winter,0.2,15,3
Red Grouse,57.22973,-5.99853,7.5,Winter,0.0123,81,1
Red Grouse,57.22973,-5.75369,7.5,Winter,0.0625,16,1
Red Grouse,57.22973,-5.01918,7.5,Winter,0.3333,3,1
Red Grouse,57.22973,-4.03983,7.5,Winter,0.087,69,6
Red Grouse,57.22973,-3.79499,7.5,Winter,0.0086,583,5
Red Grouse,57.22973,-3.55015,7.5,Winter,0.069,232,16
Red Grouse,57.22973,-3.30531,7.5,Winter,0.1579,38,6
Red Grouse,57.22973,-3.06047,7.5,Winter,1.0,1,1
Red Grouse,57.22973,-2.5708,7.5,Winter,0.0968,31,3
Red Grouse,57.36486,-5.75369,7.5,Winter,0.0909,11,1
Red Grouse,57.36486,-4.28466,7.5,Winter,0.0303,66,2
Red Grouse,57.36486,-4.03983,7.5,Winter,0.1429,35,5
Red Grouse,57.36486,-3.79499,7.5,Winter,0.5823,79,46
Red Grouse,57.36486,-3.55015,7.5,Winter,0.0526,228,12
Red Grouse,57.5,-6.73304,7.5,Winter,0.0041,244,1
Red Grouse,57.5,-4.28466,7.5,Winter,0.0016,622,1
Red Grouse,57.5,-3.79499,7.5,Winter,0.087,23,2
Red Grouse,57.63514,-4.5295,7.5,Winter,0.0152,66,1
Red Grouse,57.77027,-5.75369,7.5,Winter,0.0323,31,1
Red Grouse,57.90541,-4.28466,7.5,Winter,0.0465,43,2
Red Grouse,58.04054,-4.28466,7.5,Winter,0.2143,14,3
Red Grouse,58.31081,-6.24337,7.5,Winter,0.0189,53,1
Red Grouse,58.85135,-3.06047,7.5,Winter,0.0625,16,1
Red Grouse,58.98649,-3.06047,7.5,Winter,0.0968,31,3
Red Grouse,58.98649,-2.81564,7.5,Winter,0.25,12,3
Red Grouse,59.12162,-3.06047,7.5,Winter,0.0357,28,1
Red Grouse,60.06757,-1.34661,7.5,Winter,0.0034,290,1
Red Grouse,60.2027,-1.59145,7.5,Winter,0.125,8,1
Red Grouse,60.2027,-1.34661,7.5,Winter,0.0213,47,1
Red Grouse,60.2027,-1.10177,7.5,Winter,0.0118,254,3
Red Grouse,60.33784,-1.34661,7.5,Winter,0.1739,23,4
Red Grouse,60.33784,-1.10177,7.5,Winter,0.1667,18,3
Red Grouse,60.47297,-1.10177,7.5,Winter,0.0769,13,1
Red Kite,54.7973,-5.01918,7.5,Autumn,0.0263,38,1
Red Kite,54.7973,-4.5295,7.5,Autumn,0.087,46,4
Red Kite,54.7973,-4.03983,7.5,Autumn,0.125,8,1
Red Kite,54.7973,-3.79499,7.5,Autumn,0.5714,7,4
Red Kite,54.93243,-4.5295,7.5,Autumn,0.1053,19,2
Red Kite,54.93243,-4.28466,7.5,Autumn,0.2,30,6
Red Kite,54.93243,-4.03983,7.5,Autumn,0.6226,53,33
Red Kite,54.93243,-3.79499,7.5,Autumn,0.0978,92,9
Red Kite,54.93243,-3.55015,7.5,Autumn,0.0042,239,1
Red Kite,55.06757,-4.28466,7.5,Autumn,0.2308,13,3
Red Kite,55.06757,-4.03983,7.5,Autumn,0.7619,42,32
Red Kite,55.06757,-3.79499,7.5,Autumn,0.1429,21,3
Red Kite,55.06757,-3.55015,7.5,Autumn,0.0121,165,2
Red Kite,55.06757,-3.30531,7.5,Autumn,0.0333,30,1
Red Kite,55.2027,-4.03983,7.5,Autumn,0.1818,11,2
Red Kite,55.2027,-3.79499,7.5,Autumn,0.4615,13,6
Red Kite,55.2027,-3.30531,7.5,Autumn,0.0476,21,1
Red Kite,55.33784,-4.28466,7.5,Autumn,0.0455,22,1
Red Kite,55.33784,-3.79499,7.5,Autumn,0.5333,15,8
Red Kite,55.33784,-2.5708,7.5,Autumn,0.5,2,1
Red Kite,55.47297,-4.5295,7.5,Autumn,0.0009,1154,1
Red Kite,55.47297,-3.79499,7.5,Autumn,0.2549,51,13
Red Kite,55.47297,-3.55015,7.5,Autumn,0.0435,23,1
Red Kite,55.47297,-3.30531,7.5,Autumn,0.0909,22,2
Red Kite,55.60811,-3.79499,7.5,Autumn,0.0769,26,2
Red Kite,55.74324,-4.03983,7.5,Autumn,0.0048,208,1
Red Kite,55.74324,-3.06047,7.5,Autumn,0.0303,165,5
Red Kite,55.87838,-3.79499,7.5,Autumn,0.06,50,3
Red Kite,55.87838,-3.55015,7.5,Autumn,0.0135,74,1
Red Kite,55.87838,-3.30531,7.5,Autumn,0.0011,892,1
Red Kite,55.87838,-2.5708,7.5,Autumn,0.1538,13,2
Red Kite,56.01351,-3.06047,7.5,Autumn,0.0005,1856,1
Red Kite,56.01351,-2.5708,7.5,Autumn,0.0045,447,2
Red Kite,56.14865,-4.28466,7.5,Autumn,0.129,31,4
Red Kite,56.14865,-4.03983,7.5,Autumn,0.1932,176,34
Red Kite,56.14865,-3.79499,7.5,Autumn,0.0109,274,3
Red Kite,56.14865,-3.30531,7.5,Autumn,0.0027,374,1
Red Kite,56.28378,-4.77434,7.5,Autumn,0.0455,22,1
Red Kite,56.28378,-4.5295,7.5,Autumn,0.1429,7,1
Red Kite,56.28378,-4.28466,7.5,Autumn,0.0526,38,2
Red Kite,56.28378,-4.03983,7.5,Autumn,0.3333,18,6
Red Kite,56.28378,-3.79499,7.5,Autumn,0.1067,75,8
Red Kite,56.28378,-2.81564,7.5,Autumn,0.0011,885,1
Red Kite,56.41892,-4.28466,7.5,Autumn,0.029,69,2
Red Kite,56.41892,-4.03983,7.5,Autumn,0.6087,23,14
Red Kite,56.41892,-3.79499,7.5,Autumn,0.0417,24,1
Red Kite,56.41892,-3.30531,7.5,Autumn,0.0076,131,1
Red Kite,56.55405,-3.79499,7.5,Autumn,0.0625,16,1
Red Kite,56.55405,-3.55015,7.5,Autumn,0.0078,128,1
Red Kite,56.68919,-4.03983,7.5,Autumn,0.0909,22,2
Red Kite,56.68919,-3.79499,7.5,Autumn,0.0068,146,1
Red Kite,56.68919,-3.30531,7.5,Autumn,0.1071,28,3
Red Kite,56.68919,-3.06047,7.5,Autumn,0.2421,95,23
Red Kite,56.68919,-2.81564,7.5,Autumn,0.0541,37,2
Red Kite,56.68919,-2.5708,7.5,Autumn,0.0075,265,2
Red Kite,56.82432,-5.01918,7.5,Autumn,0.0079,127,1
Red Kite,56.82432,-3.79499,7.5,Autumn,0.0455,22,1
Red Kite,56.82432,-3.30531,7.5,Autumn,0.1346,52,7
Red Kite,56.82432,-3.06047,7.5,Autumn,0.6667,6,4
Red Kite,56.82432,-2.81564,7.5,Autumn,1.0,7,7
Red Kite,56.82432,-2.5708,7.5,Autumn,0.0633,79,5
Red Kite,56.95946,-5.01918,7.5,Autumn,0.125,16,2
Red Kite,56.95946,-3.55015,7.5,Autumn,0.0909,22,2
Red Kite,56.95946,-3.30531,7.5,Autumn,0.0217,46,1
Red Kite,56.95946,-2.5708,7.5,Autumn,0.1667,12,2
Red Kite,56.95946,-2.32596,7.5,Autumn,0.069,29,2
Red Kite,57.09459,-5.75369,7.5,Autumn,0.0303,33,1
Red Kite,57.09459,-4.03983,7.5,Autumn,0.1074,242,26
Red Kite,57.09459,-3.79499,7.5,Autumn,0.0095,105,1
Red Kite,57.09459,-3.55015,7.5,Autumn,0.0172,58,1
Red Kite,57.09459,-3.30531,7.5,Autumn,0.1111,18,2
Red Kite,57.09459,-3.06047,7.5,Autumn,0.122,41,5
Red Kite,57.09459,-2.81564,7.5,Autumn,0.125,64,8
Red Kite,57.09459,-2.5708,7.5,Autumn,0.0435,23,1
Red Kite,57.09459,-2.32596,7.5,Autumn,0.1071,56,6
Red Kite,57.22973,-4.5295,7.5,Autumn,0.087,23,2
Red Kite,57.22973,-4.28466,7.5,Autumn,0.5,2,1
Red Kite,57.22973,-4.03983,7.5,Autumn,0.6556,90,59
Red Kite,57.22973,-3.79499,7.5,Autumn,0.0137,655,9
Red Kite,57.22973,-3.55015,7.5,Autumn,0.0118,169,2
Red Kite,57.22973,-3.30531,7.5,Autumn,0.0286,35,1
Red Kite,57.22973,-2.5708,7.5,Autumn,0.0833,12,1
Red Kite,57.22973,-2.32596,7.5,Autumn,0.125,8,1
Red Kite,57.36486,-6.48821,7.5,Autumn,0.0323,31,1
Red Kite,57.36486,-4.77434,7.5,Autumn,0.0385,26,1
Red Kite,57.36486,-4.5295,7.5,Autumn,0.1203,158,19
Red Kite,57.36486,-4.28466,7.5,Autumn,0.3333,108,36
Red Kite,57.36486,-4.03983,7.5,Autumn,0.4348,23,10
Red Kite,57.36486,-3.79499,7.5,Autumn,0.1224,98,12
Red Kite,57.36486,-3.55015,7.5,Autumn,0.0659,167,11
Red Kite,57.36486,-3.06047,7.5,Autumn,0.2,5,1
Red Kite,57.5,-5.01918,7.5,Autumn,0.3333,3,1
Red Kite,57.5,-4.77434,7.5,Autumn,0.25,4,1
Red Kite,57.5,-4.5295,7.5,Autumn,0.275,80,22
Red Kite,57.5,-4.28466,7.5,Autumn,0.1157,562,65
Red Kite,57.5,-4.03983,7.5,Autumn,0.0898,423,38
Red Kite,57.5,-3.79499,7.5,Autumn,0.0588,17,1
Red Kite,57.5,-3.55015,7.5,Autumn,0.3333,12,4
Red Kite,57.63514,-4.5295,7.5,Autumn,0.3614,83,30
Red Kite,57.63514,-4.28466,7.5,Autumn,0.129,93,12
Red Kite,57.63514,-4.03983,7.5,Autumn,0.0568,581,33
Red Kite,57.63514,-3.55015,7.5,Autumn,0.0071,283,2
Red Kite,57.63514,-3.30531,7.5,Autumn,0.0066,151,1
Red Kite,57.63514,-1.83628,7.5,Autumn,0.0061,165,1
Red Kite,57.77027,-4.03983,7.5,Autumn,0.1058,104,11
Red Kite,57.77027,-3.79499,7.5,Autumn,0.0349,172,6
Red Kite,57.90541,-4.28466,7.5,Autumn,0.0349,86,3
Red Kite,57.90541,-4.03983,7.5,Autumn,0.0778,167,13
Red Kite,57.90541,-3.79499,7.5,Autumn,0.0132,76,1
Red Kite,58.04054,-4.5295,7.5,Autumn,0.0833,24,2
Red Kite,58.04054,-4.28466,7.5,Autumn,0.1053,19,2
Red Kite,58.04054,-3.79499,7.5,Autumn,0.0588,34,2
Red Kite,58.17568,-3.55015,7.5,Autumn,0.0769,13,1
Red Kite,58.31081,-3.79499,7.5,Autumn,0.0714,14,1
Red Kite,59.39189,-2.32596,7.5,Autumn,0.0031,327,1
Red Kite,59.93243,-1.34661,7.5,Autumn,0.0042,2628,11
Red Kite,60.47297,-1.34661,7.5,Autumn,0.0042,240,1
Red Kite,54.7973,-4.5295,7.5,Spring,0.2157,51,11
Red Kite,54.7973,-4.28466,7.5,Spring,0.087,23,2
Red Kite,54.7973,-4.03983,7.5,Spring,0.2807,114,32
Red Kite,54.7973,-3.79499,7.5,Spring,0.2105,19,4
Red Kite,54.93243,-4.77434,7.5,Spring,0.1562,32,5
Red Kite,54.93243,-4.5295,7.5,Spring,0.125,64,8
Red Kite,54.93243,-4.28466,7.5,Spring,0.2162,37,8
Red Kite,54.93243,-4.03983,7.5,Spring,0.678,118,80
Red Kite,54.93243,-3.79499,7.5,Spring,0.1111,108,12
Red Kite,54.93243,-3.55015,7.5,Spring,0.0508,256,13
Red Kite,55.06757,-4.5295,7.5,Spring,0.1143,70,8
Red Kite,55.06757,-4.28466,7.5,Spring,0.2143,28,6
Red Kite,55.06757,-4.03983,7.5,Spring,0.5342,73,39
Red Kite,55.06757,-3.79499,7.5,Spring,0.2857,21,6
Red Kite,55.06757,-3.55015,7.5,Spring,0.0617,243,15
Red Kite,55.06757,-3.30531,7.5,Spring,0.0253,79,2
Red Kite,55.2027,-4.28466,7.5,Spring,0.1176,17,2
Red Kite,55.2027,-4.03983,7.5,Spring,0.36,25,9
Red Kite,55.2027,-3.79499,7.5,Spring,0.3056,36,11
Red Kite,55.2027,-3.55015,7.5,Spring,0.5714,7,4
Red Kite,55.2027,-3.30531,7.5,Spring,0.0667,75,5
Red Kite,55.33784,-4.5295,7.5,Spring,0.0161,62,1
Red Kite,55.33784,-4.28466,7.5,Spring,0.0272,147,4
Red Kite,55.33784,-4.03983,7.5,Spring,0.1818,11,2
Red Kite,55.33784,-3.79499,7.5,Spring,0.3333,69,23
Red Kite,55.33784,-3.55015,7.5,Spring,0.09,100,9
Red Kite,55.47297,-4.28466,7.5,Spring,0.0278,36,1
Red Kite,55.47297,-3.79499,7.5,Spring,0.4118,119,49
Red Kite,55.47297,-3.55015,7.5,Spring,0.069,116,8
Red Kite,55.47297,-3.30531,7.5,Spring,0.0455,66,3
Red Kite,55.60811,-4.5295,7.5,Spring,0.0001,21683,3
Red Kite,55.60811,-3.30531,7.5,Spring,0.0309,97,3
Red Kite,55.74324,-4.5295,7.5,Spring,0.0021,468,1
Red Kite,55.74324,-3.06047,7.5,Spring,0.0226,398,9
Red Kite,55.74324,-2.5708,7.5,Spring,0.0909,11,1
Red Kite,55.87838,-3.55015,7.5,Spring,0.0046,219,1
Red Kite,55.87838,-3.30531,7.5,Spring,0.0014,2071,3
Red Kite,55.87838,-2.81564,7.5,Spring,0.0126,239,3
Red Kite,55.87838,-2.5708,7.5,Spring,0.0259,232,6
Red Kite,55.87838,-2.32596,7.5,Spring,0.0059,169,1
Red Kite,56.01351,-4.5295,7.5,Spring,0.0069,435,3
Red Kite,56.01351,-4.28466,7.5,Spring,0.0057,175,1
Red Kite,56.01351,-4.03983,7.5,Spring,0.0256,39,1
Red Kite,56.01351,-2.81564,7.5,Spring,0.0032,928,3
Red Kite,56.01351,-2.5708,7.5,Spring,0.0013,754,1
Red Kite,56.14865,-4.77434,7.5,Spring,0.013,77,1
Red Kite,56.14865,-4.5295,7.5,Spring,0.0043,234,1
Red Kite,56.14865,-4.28466,7.5,Spring,0.0333,180,6
Red Kite,56.14865,-4.03983,7.5,Spring,0.1458,535,78
Red Kite,56.14865,-3.79499,7.5,Spring,0.0201,695,14
Red Kite,56.14865,-3.55015,7.5,Spring,0.0091,219,2
Red Kite,56.14865,-3.30531,7.5,Spring,0.0031,652,2
Red Kite,56.14865,-2.81564,7.5,Spring,0.0025,399,1
Red Kite,56.28378,-5.26402,7.5,Spring,0.25,4,1
Red Kite,56.28378,-4.28466,7.5,Spring,0.0706,269,19
Red Kite,56.28378,-4.03983,7.5,Spring,0.6279,43,27
Red Kite,56.28378,-3.79499,7.5,Spring,0.1792,106,19
Red Kite,56.28378,-3.30531,7.5,Spring,0.0068,146,1
Red Kite,56.28378,-3.06047,7.5,Spring,0.0073,546,4
Red Kite,56.28378,-2.81564,7.5,Spring,0.0013,1514,2
Red Kite,56.41892,-4.28466,7.5,Spring,0.0698,86,6
Red Kite,56.41892,-4.03983,7.5,Spring,0.4344,122,53
Red Kite,56.41892,-3.79499,7.5,Spring,0.275,80,22
Red Kite,56.41892,-3.06047,7.5,Spring,0.0056,540,3
Red Kite,56.55405,-4.03983,7.5,Spring,0.0545,55,3
Red Kite,56.55405,-3.79499,7.5,Spring,0.1486,74,11
Red Kite,56.55405,-3.55015,7.5,Spring,0.034,294,10
Red Kite,56.55405,-3.30531,7.5,Spring,0.0556,54,3
Red Kite,56.55405,-3.06047,7.5,Spring,0.04,50,2
Red Kite,56.68919,-4.03983,7.5,Spring,0.0435,46,2
Red Kite,56.68919,-3.79499,7.5,Spring,0.0138,290,4
Red Kite,56.68919,-3.55015,7.5,Spring,0.0385,26,1
Red Kite,56.68919,-3.30531,7.5,Spring,0.1807,83,15
Red Kite,56.68919,-3.06047,7.5,Spring,0.2099,181,38
Red Kite,56.68919,-2.81564,7.5,Spring,0.1441,111,16
Red Kite,56.68919,-2.5708,7.5,Spring,0.0356,253,9
Red Kite,56.82432,-5.26402,7.5,Spring,0.0357,28,1
Red Kite,56.82432,-5.01918,7.5,Spring,0.0039,256,1
Red Kite,56.82432,-4.03983,7.5,Spring,0.0222,45,1
Red Kite,56.82432,-3.55015,7.5,Spring,0.0526,19,1
Red Kite,56.82432,-3.30531,7.5,Spring,0.1892,111,21
Red Kite,56.82432,-3.06047,7.5,Spring,0.4,25,10
Red Kite,56.82432,-2.81564,7.5,Spring,0.3,10,3
Red Kite,56.82432,-2.5708,7.5,Spring,0.126,127,16
Red Kite,56.82432,-2.32596,7.5,Spring,0.0128,78,1
Red Kite,56.95946,-4.5295,7.5,Spring,0.0182,55,1
Red Kite,56.95946,-4.28466,7.5,Spring,0.022,91,2
Red Kite,56.95946,-3.55015,7.5,Spring,0.0351,57,2
Red Kite,56.95946,-3.30531,7.5,Spring,0.1028,107,11
Red Kite,56.95946,-3.06047,7.5,Spring,0.087,23,2
Red Kite,56.95946,-2.81564,7.5,Spring,0.3,10,3
Red Kite,56.95946,-2.5708,7.5,Spring,0.1429,21,3
Red Kite,56.95946,-2.32596,7.5,Spring,0.0405,74,3
Red Kite,57.09459,-4.28466,7.5,Spring,0.4,5,2
Red Kite,57.09459,-4.03983,7.5,Spring,0.055,709,39
Red Kite,57.09459,-3.79499,7.5,Spring,0.0027,375,1
Red Kite,57.09459,-3.55015,7.5,Spring,0.0046,433,2
Red Kite,57.09459,-3.30531,7.5,Spring,0.2051,78,16
Red Kite,57.09459,-3.06047,7.5,Spring,0.1449,69,10
Red Kite,57.09459,-2.81564,7.5,Spring,0.1383,188,26
Red Kite,57.09459,-2.5708,7.5,Spring,0.1562,64,10
Red Kite,57.09459,-2.32596,7.5,Spring,0.2584,89,23
Red Kite,57.09459,-2.08112,7.5,Spring,0.0019,1560,3
Red Kite,57.22973,-4.77434,7.5,Spring,0.0294,34,1
Red Kite,57.22973,-4.5295,7.5,Spring,0.0667,45,3
Red Kite,57.22973,-4.28466,7.5,Spring,0.4545,11,5
Red Kite,57.22973,-4.03983,7.5,Spring,0.3611,252,91
Red Kite,57.22973,-3.79499,7.5,Spring,0.0165,2240,37
Red Kite,57.22973,-3.55015,7.5,Spring,0.0661,560,37
Red Kite,57.22973,-3.30531,7.5,Spring,0.0407,123,5
Red Kite,57.22973,-2.81564,7.5,Spring,0.1667,24,4
Red Kite,57.22973,-2.5708,7.5,Spring,0.15,20,3
Red Kite,57.22973,-2.32596,7.5,Spring,0.0962,52,5
Red Kite,57.22973,-2.08112,7.5,Spring,0.0102,488,5
Red Kite,57.36486,-4.77434,7.5,Spring,0.0465,86,4
Red Kite,57.36486,-4.5295,7.5,Spring,0.0956,272,26
Red Kite,57.36486,-4.28466,7.5,Spring,0.1742,333,58
Red Kite,57.36486,-4.03983,7.5,Spring,0.3051,118,36
Red Kite,57.36486,-3.79499,7.5,Spring,0.2015,407,82
Red Kite,57.36486,-3.55015,7.5,Spring,0.1079,445,48
Red Kite,57.36486,-3.30531,7.5,Spring,0.0465,43,2
Red Kite,57.36486,-2.5708,7.5,Spring,0.04,25,1
Red Kite,57.36486,-2.08112,7.5,Spring,0.0036,274,1
Red Kite,57.36486,-1.83628,7.5,Spring,0.0145,69,1
Red Kite,57.5,-4.77434,7.5,Spring,0.2857,7,2
Red Kite,57.5,-4.5295,7.5,Spring,0.2812,192,54
Red Kite,57.5,-4.28466,7.5,Spring,0.0721,915,66
Red Kite,57.5,-4.03983,7.5,Spring,0.0724,691,50
Red Kite,57.5,-3.79499,7.5,Spring,0.2308,39,9
Red Kite,57.5,-3.55015,7.5,Spring,0.1923,26,5
Red Kite,57.5,-3.30531,7.5,Spring,0.0408,49,2
Red Kite,57.63514,-5.01918,7.5,Spring,0.0455,22,1
Red Kite,57.63514,-4.77434,7.5,Spring,0.0526,38,2
Red Kite,57.63514,-4.5295,7.5,Spring,0.3988,168,67
Red Kite,57.63514,-4.28466,7.5,Spring,0.1125,160,18
Red Kite,57.63514,-4.03983,7.5,Spring,0.0615,569,35
Red Kite,57.63514,-3.55015,7.5,Spring,0.0061,328,2
Red Kite,57.63514,-3.06047,7.5,Spring,0.012,167,2
Red Kite,57.63514,-2.81564,7.5,Spring,0.0115,87,1
Red Kite,57.63514,-2.32596,7.5,Spring,0.0068,147,1
Red Kite,57.77027,-5.01918,7.5,Spring,0.0816,49,4
Red Kite,57.77027,-4.28466,7.5,Spring,0.25,40,10
Red Kite,57.77027,-4.03983,7.5,Spring,0.1841,201,37
Red Kite,57.77027,-3.79499,7.5,Spring,0.0402,199,8
Red Kite,57.77027,-3.30531,7.5,Spring,0.0061,165,1
Red Kite,57.90541,-5.50885,7.5,Spring,0.0085,117,1
Red Kite,57.90541,-5.26402,7.5,Spring,0.0077,130,1
Red Kite,57.90541,-4.5295,7.5,Spring,0.0556,18,1
Red Kite,57.90541,-4.28466,7.5,Spring,0.0696,115,8
Red Kite,57.90541,-4.03983,7.5,Spring,0.1411,326,46
Red Kite,58.04054,-4.5295,7.5,Spring,0.0656,61,4
Red Kite,58.04054,-4.28466,7.5,Spring,0.1636,55,9
Red Kite,58.04054,-4.03983,7.5,Spring,0.082,61,5
Red Kite,58.04054,-3.79499,7.5,Spring,0.0267,75,2
Red Kite,58.17568,-4.03983,7.5,Spring,0.125,8,1
Red Kite,58.17568,-3.79499,7.5,Spring,0.0769,13,1
Red Kite,58.31081,-4.03983,7.5,Spring,0.3333,3,1
Red Kite,59.52703,-1.59145,7.5,Spring,0.0022,456,1
Red Kite,54.7973,-4.5295,7.5,Summer,0.0294,34,1
Red Kite,54.7973,-4.28466,7.5,Summer,0.1111,27,3
Red Kite,54.7973,-4.03983,7.5,Summer,0.1739,46,8
Red Kite,54.7973,-3.79499,7.5,Summer,0.1818,22,4
Red Kite,54.93243,-5.01918,7.5,Summer,0.0135,74,1
Red Kite,54.93243,-4.5295,7.5,Summer,0.0769,52,4
Red Kite,54.93243,-4.28466,7.5,Summer,0.3429,35,12
Red Kite,54.93243,-4.03983,7.5,Summer,0.4811,106,51
Red Kite,54.93243,-3.79499,7.5,Summer,0.0921,76,7
Red Kite,54.93243,-3.55015,7.5,Summer,0.0117,171,2
Red Kite,55.06757,-4.5295,7.5,Summer,0.0682,44,3
Red Kite,55.06757,-4.28466,7.5,Summer,0.1875,16,3
Red Kite,55.06757,-4.03983,7.5,Summer,0.4762,63,30
Red Kite,55.06757,-3.79499,7.5,Summer,0.3529,17,6
Red Kite,55.06757,-3.55015,7.5,Summer,0.0208,192,4
Red Kite,55.06757,-3.30531,7.5,Summer,0.0385,52,2
Red Kite,55.2027,-4.28466,7.5,Summer,0.3913,23,9
Red Kite,55.2027,-4.03983,7.5,Summer,0.5217,23,12
Red Kite,55.2027,-3.79499,7.5,Summer,0.0714,14,1
Red Kite,55.2027,-3.30531,7.5,Summer,0.069,58,4
Red Kite,55.2027,-3.06047,7.5,Summer,0.0455,22,1
Red Kite,55.33784,-4.77434,7.5,Summer,0.0073,137,1
Red Kite,55.33784,-4.28466,7.5,Summer,0.1277,47,6
Red Kite,55.33784,-4.03983,7.5,Summer,0.3333,3,1
Red Kite,55.33784,-3.79499,7.5,Summer,0.3636,22,8
Red Kite,55.33784,-3.30531,7.5,Summer,0.0714,14,1
Red Kite,55.47297,-4.28466,7.5,Summer,0.0588,34,2
Red Kite,55.47297,-3.79499,7.5,Summer,0.4271,96,41
Red Kite,55.47297,-3.55015,7.5,Summer,0.0341,88,3
Red Kite,55.60811,-4.5295,7.5,Summer,0.0,27860,1
Red Kite,55.60811,-3.30531,7.5,Summer,0.0408,49,2
Red Kite,55.60811,-3.06047,7.5,Summer,0.012,83,1
Red Kite,55.74324,-4.5295,7.5,Summer,0.0036,277,1
Red Kite,55.74324,-4.28466,7.5,Summer,0.002,507,1
Red Kite,55.74324,-4.03983,7.5,Summer,0.0046,219,1
Red Kite,55.74324,-3.79499,7.5,Summer,0.05,20,1
Red Kite,55.74324,-3.06047,7.5,Summer,0.0301,133,4
Red Kite,55.74324,-2.81564,7.5,Summer,0.0556,18,1
Red Kite,55.74324,-2.5708,7.5,Summer,0.0714,14,1
Red Kite,55.87838,-3.30531,7.5,Summer,0.0008,1184,1
Red Kite,55.87838,-2.5708,7.5,Summer,0.055,109,6
Red Kite,55.87838,-2.08112,7.5,Summer,0.0068,295,2
Red Kite,56.01351,-4.03983,7.5,Summer,0.0377,53,2
Red Kite,56.01351,-3.30531,7.5,Summer,0.0005,2181,1
Red Kite,56.01351,-2.81564,7.5,Summer,0.0013,786,1
Red Kite,56.14865,-4.5295,7.5,Summer,0.0044,225,1
Red Kite,56.14865,-4.28466,7.5,Summer,0.036,111,4
Red Kite,56.14865,-4.03983,7.5,Summer,0.1948,349,68
Red Kite,56.14865,-3.79499,7.5,Summer,0.0061,328,2
Red Kite,56.28378,-5.26402,7.5,Summer,0.0526,19,1
Red Kite,56.28378,-4.77434,7.5,Summer,0.0111,90,1
Red Kite,56.28378,-4.28466,7.5,Summer,0.0341,205,7
Red Kite,56.28378,-4.03983,7.5,Summer,0.5,8,4
Red Kite,56.28378,-3.79499,7.5,Summer,0.1818,77,14
Red Kite,56.28378,-3.55015,7.5,Summer,0.0571,35,2
Red Kite,56.41892,-5.99853,7.5,Summer,0.0034,294,1
Red Kite,56.41892,-5.75369,7.5,Summer,0.0028,361,1
Red Kite,56.41892,-4.28466,7.5,Summer,0.0103,97,1
Red Kite,56.41892,-4.03983,7.5,Summer,0.56,50,28
Red Kite,56.41892,-3.79499,7.5,Summer,0.1282,78,10
Red Kite,56.41892,-3.55015,7.5,Summer,0.0273,110,3
Red Kite,56.41892,-3.30531,7.5,Summer,0.0051,198,1
Red Kite,56.41892,-3.06047,7.5,Summer,0.0056,357,2
Red Kite,56.55405,-4.03983,7.5,Summer,0.0816,49,4
Red Kite,56.55405,-3.79499,7.5,Summer,0.0667,45,3
Red Kite,56.55405,-3.55015,7.5,Summer,0.0348,287,10
Red Kite,56.55405,-3.30531,7.5,Summer,0.0213,47,1
Red Kite,56.55405,-3.06047,7.5,Summer,0.0323,31,1
Red Kite,56.68919,-3.79499,7.5,Summer,0.0112,268,3
Red Kite,56.68919,-3.55015,7.5,Summer,0.0833,12,1
Red Kite,56.68919,-3.30531,7.5,Summer,0.125,40,5
Red Kite,56.68919,-3.06047,7.5,Summer,0.1408,142,20
Red Kite,56.68919,-2.81564,7.5,Summer,0.1071,56,6
Red Kite,56.82432,-5.01918,7.5,Summer,0.0145,276,4
Red Kite,56.82432,-3.30531,7.5,Summer,0.0673,104,7
Red Kite,56.82432,-3.06047,7.5,Summer,0.4444,27,12
Red Kite,56.82432,-2.81564,7.5,Summer,0.1818,11,2
Red Kite,56.82432,-2.5708,7.5,Summer,0.0385,78,3
Red Kite,56.95946,-4.28466,7.5,Summer,0.0267,75,2
Red Kite,56.95946,-3.55015,7.5,Summer,0.0286,70,2
Red Kite,56.95946,-3.30531,7.5,Summer,0.0667,105,7
Red Kite,56.95946,-2.81564,7.5,Summer,0.3438,64,22
Red Kite,56.95946,-2.5708,7.5,Summer,0.1429,21,3
Red Kite,56.95946,-2.32596,7.5,Summer,0.0377,53,2
Red Kite,56.95946,-2.08112,7.5,Summer,0.011,272,3
Red Kite,57.09459,-4.77434,7.5,Summer,0.0147,136,2
Red Kite,57.09459,-4.5295,7.5,Summer,0.125,16,2
Red Kite,57.09459,-4.03983,7.5,Summer,0.0247,526,13
Red Kite,57.09459,-3.30531,7.5,Summer,0.1222,90,11
Red Kite,57.09459,-3.06047,7.5,Summer,0.15,80,12
Red Kite,57.09459,-2.81564,7.5,Summer,0.0714,84,6
Red Kite,57.09459,-2.5708,7.5,Summer,0.125,32,4
Red Kite,57.09459,-2.32596,7.5,Summer,0.1029,68,7
Red Kite,57.22973,-4.77434,7.5,Summer,0.0286,35,1
Red Kite,57.22973,-4.5295,7.5,Summer,0.013,77,1
Red Kite,57.22973,-4.28466,7.5,Summer,0.75,4,3
Red Kite,57.22973,-4.03983,7.5,Summer,0.4737,133,63
Red Kite,57.22973,-3.79499,7.5,Summer,0.0124,1932,24
Red Kite,57.22973,-3.55015,7.5,Summer,0.0317,441,14
Red Kite,57.22973,-3.30531,7.5,Summer,0.0625,128,8
Red Kite,57.22973,-3.06047,7.5,Summer,0.1429,7,1
Red Kite,57.22973,-2.81564,7.5,Summer,0.0909,22,2
Red Kite,57.22973,-2.5708,7.5,Summer,0.1304,23,3
Red Kite,57.22973,-2.32596,7.5,Summer,0.1111,9,1
Red Kite,57.22973,-2.08112,7.5,Summer,0.0037,267,1
Red Kite,57.36486,-6.24337,7.5,Summer,0.0068,292,2
Red Kite,57.36486,-4.77434,7.5,Summer,0.069,58,4
Red Kite,57.36486,-4.5295,7.5,Summer,0.0856,222,19
Red Kite,57.36486,-4.28466,7.5,Summer,0.1856,264,49
Red Kite,57.36486,-4.03983,7.5,Summer,0.2209,86,19
Red Kite,57.36486,-3.79499,7.5,Summer,0.2175,308,67
Red Kite,57.36486,-3.55015,7.5,Summer,0.0367,381,14
Red Kite,57.36486,-3.30531,7.5,Summer,0.0141,71,1
Red Kite,57.36486,-2.81564,7.5,Summer,0.1429,7,1
Red Kite,57.36486,-2.5708,7.5,Summer,0.0119,84,1
Red Kite,57.5,-5.75369,7.5,Summer,0.0161,62,1
Red Kite,57.5,-5.01918,7.5,Summer,0.125,8,1
Red Kite,57.5,-4.77434,7.5,Summer,0.3333,6,2
Red Kite,57.5,-4.5295,7.5,Summer,0.2258,186,42
Red Kite,57.5,-4.28466,7.5,Summer,0.086,814,70
Red Kite,57.5,-4.03983,7.5,Summer,0.0895,626,56
Red Kite,57.5,-3.79499,7.5,Summer,0.05,60,3
Red Kite,57.5,-2.08112,7.5,Summer,0.0244,41,1
Red Kite,57.63514,-5.26402,7.5,Summer,0.01,100,1
Red Kite,57.63514,-4.77434,7.5,Summer,0.3125,32,10
Red Kite,57.63514,-4.5295,7.5,Summer,0.3642,173,63
Red Kite,57.63514,-4.28466,7.5,Summer,0.0741,189,14
Red Kite,57.63514,-4.03983,7.5,Summer,0.0445,742,33
Red Kite,57.63514,-1.83628,7.5,Summer,0.0414,145,6
Red Kite,57.77027,-4.28466,7.5,Summer,0.0909,33,3
Red Kite,57.77027,-4.03983,7.5,Summer,0.1194,134,16
Red Kite,57.77027,-3.79499,7.5,Summer,0.0278,180,5
Red Kite,57.77027,-3.30531,7.5,Summer,0.0071,140,1
Red Kite,57.90541,-4.77434,7.5,Summer,0.0909,11,1
Red Kite,57.90541,-4.5295,7.5,Summer,0.0714,28,2
Red Kite,57.90541,-4.28466,7.5,Summer,0.0758,66,5
Red Kite,57.90541,-4.03983,7.5,Summer,0.122,246,30
Red Kite,57.90541,-3.79499,7.5,Summer,0.0192,52,1
Red Kite,58.04054,-4.5295,7.5,Summer,0.2222,45,10
Red Kite,58.04054,-4.28466,7.5,Summer,0.1538,26,4
Red Kite,58.04054,-4.03983,7.5,Summer,0.1404,57,8
Red Kite,58.04054,-3.79499,7.5,Summer,0.037,81,3
Red Kite,58.17568,-3.79499,7.5,Summer,0.0435,23,1
Red Kite,58.17568,-3.55015,7.5,Summer,0.0227,44,1
Red Kite,58.31081,-4.03983,7.5,Summer,0.0714,14,1
Red Kite,58.44595,-5.26402,7.5,Summer,0.0213,94,2
Red Kite,58.44595,-3.06047,7.5,Summer,0.027,74,2
Red Kite,58.58108,-3.79499,7.5,Summer,0.0294,34,1
Red Kite,54.7973,-4.5295,7.5,Winter,0.3191,47,15
Red Kite,54.7973,-4.28466,7.5,Winter,0.1875,16,3
Red Kite,54.7973,-4.03983,7.5,Winter,0.4,10,4
Red Kite,54.7973,-3.79499,7.5,Winter,0.2857,14,4
Red Kite,54.93243,-4.5295,7.5,Winter,0.08,25,2
Red Kite,54.93243,-4.28466,7.5,Winter,0.4,45,18
Red Kite,54.93243,-4.03983,7.5,Winter,0.6102,59,36
Red Kite,54.93243,-3.79499,7.5,Winter,0.2754,69,19
Red Kite,54.93243,-3.55015,7.5,Winter,0.0242,289,7
Red Kite,55.06757,-4.5295,7.5,Winter,0.2,5,1
Red Kite,55.06757,-4.28466,7.5,Winter,0.25,8,2
Red Kite,55.06757,-4.03983,7.5,Winter,0.7297,37,27
Red Kite,55.06757,-3.79499,7.5,Winter,0.1923,26,5
Red Kite,55.06757,-3.55015,7.5,Winter,0.0405,173,7
Red Kite,55.2027,-4.28466,7.5,Winter,0.1667,6,1
Red Kite,55.2027,-4.03983,7.5,Winter,0.2857,7,2
Red Kite,55.2027,-3.79499,7.5,Winter,0.25,8,2
Red Kite,55.2027,-3.30531,7.5,Winter,0.1579,19,3
Red Kite,55.33784,-4.28466,7.5,Winter,0.1493,67,10
Red Kite,55.33784,-4.03983,7.5,Winter,0.3333,3,1
Red Kite,55.33784,-3.79499,7.5,Winter,0.4286,21,9
Red Kite,55.33784,-3.55015,7.5,Winter,0.1304,23,3
Red Kite,55.47297,-4.28466,7.5,Winter,0.0323,31,1
Red Kite,55.47297,-3.79499,7.5,Winter,0.1587,63,10
Red Kite,55.47297,-3.55015,7.5,Winter,0.0588,34,2
Red Kite,55.60811,-4.28466,7.5,Winter,0.0667,15,1
Red Kite,55.74324,-3.06047,7.5,Winter,0.004,248,1
Red Kite,55.87838,-4.03983,7.5,Winter,0.0048,209,1
Red Kite,55.87838,-3.55015,7.5,Winter,0.0044,227,1
Red Kite,55.87838,-3.06047,7.5,Winter,0.0011,1773,2
Red Kite,55.87838,-2.81564,7.5,Winter,0.0184,163,3
Red Kite,55.87838,-2.5708,7.5,Winter,0.0312,32,1
Red Kite,56.01351,-4.77434,7.5,Winter,0.0125,80,1
Red Kite,56.01351,-4.03983,7.5,Winter,0.0417,24,1
Red Kite,56.01351,-3.30531,7.5,Winter,0.0005,2000,1
Red Kite,56.14865,-4.03983,7.5,Winter,0.1488,363,54
Red Kite,56.14865,-3.79499,7.5,Winter,0.0082,490,4
Red Kite,56.14865,-3.30531,7.5,Winter,0.0019,535,1
Red Kite,56.28378,-4.28466,7.5,Winter,0.0893,56,5
Red Kite,56.28378,-4.03983,7.5,Winter,0.625,8,5
Red Kite,56.28378,-3.79499,7.5,Winter,0.2222,54,12
Red Kite,56.41892,-4.28466,7.5,Winter,0.1042,48,5
Red Kite,56.41892,-4.03983,7.5,Winter,0.38,50,19
Red Kite,56.41892,-3.79499,7.5,Winter,0.3333,27,9
Red Kite,56.41892,-3.06047,7.5,Winter,0.0032,316,1
Red Kite,56.55405,-4.28466,7.5,Winter,0.0278,36,1
Red Kite,56.55405,-3.79499,7.5,Winter,0.0667,15,1
Red Kite,56.55405,-3.55015,7.5,Winter,0.0617,81,5
Red Kite,56.68919,-3.79499,7.5,Winter,0.0143,70,1
Red Kite,56.68919,-3.55015,7.5,Winter,0.2727,11,3
Red Kite,56.68919,-3.30531,7.5,Winter,0.1333,15,2
Red Kite,56.68919,-3.06047,7.5,Winter,0.2167,60,13
Red Kite,56.68919,-2.81564,7.5,Winter,0.0571,35,2
Red Kite,56.68919,-2.5708,7.5,Winter,0.0248,202,5
Red Kite,56.82432,-5.01918,7.5,Winter,0.0238,42,1
Red Kite,56.82432,-4.03983,7.5,Winter,0.0909,11,1
Red Kite,56.82432,-3.30531,7.5,Winter,0.0417,48,2
Red Kite,56.82432,-3.06047,7.5,Winter,0.3333,6,2
Red Kite,56.82432,-2.81564,7.5,Winter,0.4286,7,3
Red Kite,56.82432,-2.5708,7.5,Winter,0.1231,130,16
Red Kite,56.82432,-2.32596,7.5,Winter,0.012,83,1
Red Kite,56.95946,-4.28466,7.5,Winter,0.2,10,2
Red Kite,56.95946,-3.30531,7.5,Winter,0.0606,33,2
Red Kite,56.95946,-2.5708,7.5,Winter,1.0,2,2
Red Kite,57.09459,-5.99853,7.5,Winter,0.125,8,1
Red Kite,57.09459,-4.03983,7.5,Winter,0.1163,301,35
Red Kite,57.09459,-3.30531,7.5,Winter,0.24,25,6
Red Kite,57.09459,-3.06047,7.5,Winter,0.2,15,3
Red Kite,57.09459,-2.81564,7.5,Winter,0.125,32,4
Red Kite,57.09459,-2.5708,7.5,Winter,0.1818,33,6
Red Kite,57.09459,-2.32596,7.5,Winter,0.2091,110,23
Red Kite,57.09459,-2.08112,7.5,Winter,0.001,1022,1
Red Kite,57.22973,-4.5295,7.5,Winter,0.0909,11,1
Red Kite,57.22973,-4.28466,7.5,Winter,1.0,3,3
Red Kite,57.22973,-4.03983,7.5,Winter,0.5362,69,37
Red Kite,57.22973,-3.79499,7.5,Winter,0.0086,583,5
Red Kite,57.22973,-3.55015,7.5,Winter,0.0129,232,3
Red Kite,57.22973,-2.81564,7.5,Winter,0.3333,9,3
Red Kite,57.22973,-2.5708,7.5,Winter,0.0968,31,3
Red Kite,57.22973,-2.32596,7.5,Winter,0.0385,26,1
Red Kite,57.36486,-4.77434,7.5,Winter,0.2,10,2
Red Kite,57.36486,-4.5295,7.5,Winter,0.112,125,14
Red Kite,57.36486,-4.28466,7.5,Winter,0.3636,66,24
Red Kite,57.36486,-4.03983,7.5,Winter,0.4286,35,15
Red Kite,57.36486,-3.79499,7.5,Winter,0.1899,79,15
Red Kite,57.36486,-3.55015,7.5,Winter,0.1009,228,23
Red Kite,57.36486,-3.30531,7.5,Winter,0.125,32,4
Red Kite,57.36486,-2.5708,7.5,Winter,0.0149,67,1
Red Kite,57.5,-4.77434,7.5,Winter,1.0,1,1
Red Kite,57.5,-4.5295,7.5,Winter,0.56,25,14
Red Kite,57.5,-4.28466,7.5,Winter,0.1125,622,70
Red Kite,57.5,-4.03983,7.5,Winter,0.1566,511,80
Red Kite,57.5,-3.79499,7.5,Winter,0.1304,23,3
Red Kite,57.63514,-4.77434,7.5,Winter,0.2857,7,2
Red Kite,57.63514,-4.5295,7.5,Winter,0.5303,66,35
Red Kite,57.63514,-4.28466,7.5,Winter,0.2143,56,12
Red Kite,57.63514,-4.03983,7.5,Winter,0.1102,354,39
Red Kite,57.63514,-3.55015,7.5,Winter,0.0031,318,1
Red Kite,57.77027,-4.03983,7.5,Winter,0.1136,88,10
Red Kite,57.77027,-3.79499,7.5,Winter,0.0392,153,6
Red Kite,57.90541,-4.5295,7.5,Winter,0.2,10,2
Red Kite,57.90541,-4.28466,7.5,Winter,0.0233,43,1
Red Kite,57.90541,-4.03983,7.5,Winter,0.1406,192,27
Red Kite,58.31081,-3.79499,7.5,Winter,0.2222,9,2
Red Kite,59.93243,-1.34661,7.5,Winter,0.0011,905,1
Rock Ptarmigan,56.68919,-5.01918,7.5,Autumn,0.007,142,1
Rock Ptarmigan,56.68919,-4.03983,7.5,Autumn,0.1364,22,3
Rock Ptarmigan,56.82432,-3.79499,7.5,Autumn,0.0455,22,1
Rock Ptarmigan,56.82432,-3.30531,7.5,Autumn,0.1731,52,9
Rock Ptarmigan,57.09459,-5.26402,7.5,Autumn,0.5,2,1
Rock Ptarmigan,57.09459,-3.79499,7.5,Autumn,0.0476,105,5
Rock Ptarmigan,57.09459,-3.55015,7.5,Autumn,0.2414,58,14
Rock Ptarmigan,57.22973,-4.03983,7.5,Autumn,0.0111,90,1
Rock Ptarmigan,57.22973,-3.55015,7.5,Autumn,0.0059,169,1
Rock Ptarmigan,57.36486,-5.75369,7.5,Autumn,0.1628,43,7
Rock Ptarmigan,57.36486,-3.30531,7.5,Autumn,0.1,10,1
Rock Ptarmigan,57.63514,-4.5295,7.5,Autumn,0.012,83,1
Rock Ptarmigan,58.17568,-5.01918,7.5,Autumn,0.25,4,1
Rock Ptarmigan,56.28378,-4.28466,7.5,Spring,0.0037,269,1
Rock Ptarmigan,56.41892,-4.5295,7.5,Spring,0.025,40,1
Rock Ptarmigan,56.41892,-3.79499,7.5,Spring,0.0125,80,1
Rock Ptarmigan,56.55405,-3.55015,7.5,Spring,0.0034,294,1
Rock Ptarmigan,56.68919,-5.01918,7.5,Spring,0.0093,215,2
Rock Ptarmigan,56.68919,-4.77434,7.5,Spring,0.0345,29,1
Rock Ptarmigan,56.68919,-4.03983,7.5,Spring,0.0435,46,2
Rock Ptarmigan,56.82432,-5.01918,7.5,Spring,0.0078,256,2
Rock Ptarmigan,56.82432,-4.28466,7.5,Spring,0.1765,17,3
Rock Ptarmigan,56.82432,-3.79499,7.5,Spring,0.0169,59,1
Rock Ptarmigan,56.82432,-3.30531,7.5,Spring,0.3243,111,36
Rock Ptarmigan,56.95946,-5.01918,7.5,Spring,0.0217,46,1
Rock Ptarmigan,56.95946,-4.5295,7.5,Spring,0.0182,55,1
Rock Ptarmigan,56.95946,-4.28466,7.5,Spring,0.022,91,2
Rock Ptarmigan,56.95946,-3.55015,7.5,Spring,0.0175,57,1
Rock Ptarmigan,56.95946,-3.30531,7.5,Spring,0.0093,107,1
Rock Ptarmigan,56.95946,-3.06047,7.5,Spring,0.087,23,2
Rock Ptarmigan,57.09459,-5.26402,7.5,Spring,0.1,10,1
Rock Ptarmigan,57.09459,-4.03983,7.5,Spring,0.0014,709,1
Rock Ptarmigan,57.09459,-3.79499,7.5,Spring,0.0747,375,28
Rock Ptarmigan,57.09459,-3.55015,7.5,Spring,0.2055,433,89
Rock Ptarmigan,57.09459,-3.06047,7.5,Spring,0.0145,69,1
Rock Ptarmigan,57.09459,-2.81564,7.5,Spring,0.0053,188,1
Rock Ptarmigan,57.22973,-5.26402,7.5,Spring,0.2,5,1
Rock Ptarmigan,57.22973,-5.01918,7.5,Spring,0.0488,41,2
Rock Ptarmigan,57.22973,-3.55015,7.5,Spring,0.0054,560,3
Rock Ptarmigan,57.36486,-5.99853,7.5,Spring,0.0244,41,1
Rock Ptarmigan,57.36486,-5.75369,7.5,Spring,0.087,69,6
Rock Ptarmigan,57.36486,-3.30531,7.5,Spring,0.0465,43,2
Rock Ptarmigan,57.5,-5.01918,7.5,Spring,0.1429,14,2
Rock Ptarmigan,57.63514,-5.50885,7.5,Spring,0.0526,19,1
Rock Ptarmigan,57.63514,-4.5295,7.5,Spring,0.006,168,1
Rock Ptarmigan,57.77027,-4.5295,7.5,Spring,0.3333,3,1
Rock Ptarmigan,56.55405,-4.77434,7.5,Summer,0.02,50,1
Rock Ptarmigan,56.68919,-5.01918,7.5,Summer,0.0033,304,1
Rock Ptarmigan,56.68919,-4.28466,7.5,Summer,0.0556,18,1
Rock Ptarmigan,56.68919,-4.03983,7.5,Summer,0.02,50,1
Rock Ptarmigan,56.82432,-5.01918,7.5,Summer,0.0109,276,3
Rock Ptarmigan,56.82432,-3.79499,7.5,Summer,0.0179,56,1
Rock Ptarmigan,56.82432,-3.55015,7.5,Summer,0.12,25,3
Rock Ptarmigan,56.82432,-3.30531,7.5,Summer,0.2596,104,27
Rock Ptarmigan,56.95946,-4.5295,7.5,Summer,0.0357,28,1
Rock Ptarmigan,56.95946,-3.30531,7.5,Summer,0.0095,105,1
Rock Ptarmigan,57.09459,-5.26402,7.5,Summer,0.0714,14,1
Rock Ptarmigan,57.09459,-4.5295,7.5,Summer,0.0625,16,1
Rock Ptarmigan,57.09459,-3.79499,7.5,Summer,0.0418,311,13
Rock Ptarmigan,57.09459,-3.55015,7.5,Summer,0.1587,315,50
Rock Ptarmigan,57.09459,-3.06047,7.5,Summer,0.0125,80,1
Rock Ptarmigan,57.36486,-5.75369,7.5,Summer,0.0769,65,5
Rock Ptarmigan,57.36486,-5.01918,7.5,Summer,0.3333,3,1
Rock Ptarmigan,57.5,-5.50885,7.5,Summer,0.0169,59,1
Rock Ptarmigan,57.63514,-4.77434,7.5,Summer,0.0312,32,1
Rock Ptarmigan,58.17568,-5.01918,7.5,Summer,0.0192,52,1
Rock Ptarmigan,56.14865,-4.5295,7.5,Winter,0.0217,46,1
Rock Ptarmigan,56.68919,-4.03983,7.5,Winter,0.4,5,2
Rock Ptarmigan,56.82432,-4.77434,7.5,Winter,0.2857,7,2
Rock Ptarmigan,56.82432,-4.28466,7.5,Winter,0.5,2,1
Rock Ptarmigan,56.82432,-3.30531,7.5,Winter,0.3958,48,19
Rock Ptarmigan,56.95946,-4.5295,7.5,Winter,0.1333,15,2
Rock Ptarmigan,56.95946,-3.30531,7.5,Winter,0.0606,33,2
Rock Ptarmigan,57.09459,-3.79499,7.5,Winter,0.1031,97,10
Rock Ptarmigan,57.09459,-3.55015,7.5,Winter,0.1984,126,25
Rock Ptarmigan,57.22973,-5.75369,7.5,Winter,0.1875,16,3
Rock Ptarmigan,57.36486,-5.75369,7.5,Winter,0.0909,11,1
Rock Ptarmigan,57.36486,-3.30531,7.5,Winter,0.0312,32,1
Rock Ptarmigan,57.5,-5.26402,7.5,Winter,0.2,5,1
White-tailed Eagle,55.60811,-6.24337,7.5,Autumn,0.0729,96,7
White-tailed Eagle,55.60811,-5.75369,7.5,Autumn,0.0909,11,1
White-tailed Eagle,55.74324,-6.48821,7.5,Autumn,0.0556,54,3
White-tailed Eagle,55.74324,-6.24337,7.5,Autumn,0.0867,173,15
White-tailed Eagle,55.74324,-5.50885,7.5,Autumn,0.0357,28,1
White-tailed Eagle,55.87838,-6.24337,7.5,Autumn,0.0845,142,12
White-tailed Eagle,55.87838,-5.99853,7.5,Autumn,0.15,20,3
White-tailed Eagle,55.87838,-5.26402,7.5,Autumn,0.0714,14,1
White-tailed Eagle,56.01351,-6.24337,7.5,Autumn,0.04,25,1
White-tailed Eagle,56.01351,-5.75369,7.5,Autumn,0.1,10,1
White-tailed Eagle,56.01351,-5.50885,7.5,Autumn,0.0208,48,1
White-tailed Eagle,56.01351,-5.01918,7.5,Autumn,0.0417,72,3
White-tailed Eagle,56.14865,-6.24337,7.5,Autumn,0.3333,9,3
White-tailed Eagle,56.14865,-5.75369,7.5,Autumn,0.6667,3,2
White-tailed Eagle,56.14865,-5.50885,7.5,Autumn,0.1034,29,3
White-tailed Eagle,56.14865,-3.79499,7.5,Autumn,0.0036,274,1
White-tailed Eagle,56.28378,-6.48821,7.5,Autumn,0.0182,55,1
White-tailed Eagle,56.28378,-6.24337,7.5,Autumn,0.0909,22,2
White-tailed Eagle,56.28378,-4.28466,7.5,Autumn,0.0263,38,1
White-tailed Eagle,56.41892,-5.99853,7.5,Autumn,0.3056,72,22
White-tailed Eagle,56.41892,-5.75369,7.5,Autumn,0.2114,123,26
White-tailed Eagle,56.41892,-5.50885,7.5,Autumn,0.0476,147,7
White-tailed Eagle,56.41892,-4.5295,7.5,Autumn,0.1,10,1
White-tailed Eagle,56.41892,-3.30531,7.5,Autumn,0.0076,131,1
White-tailed Eagle,56.41892,-2.81564,7.5,Autumn,0.0237,548,13
White-tailed Eagle,56.55405,-6.24337,7.5,Autumn,0.1406,64,9
White-tailed Eagle,56.55405,-5.99853,7.5,Autumn,0.2222,81,18
White-tailed Eagle,56.55405,-5.75369,7.5,Autumn,0.1857,70,13
White-tailed Eagle,56.55405,-5.50885,7.5,Autumn,0.0455,22,1
White-tailed Eagle,56.55405,-4.77434,7.5,Autumn,0.0714,28,2
White-tailed Eagle,56.68919,-6.24337,7.5,Autumn,0.2273,44,10
White-tailed Eagle,56.68919,-5.99853,7.5,Autumn,0.0222,45,1
White-tailed Eagle,56.68919,-5.75369,7.5,Autumn,0.1,30,3
White-tailed Eagle,56.68919,-5.50885,7.5,Autumn,0.1,20,2
White-tailed Eagle,56.68919,-5.26402,7.5,Autumn,0.0204,49,1
White-tailed Eagle,56.68919,-4.77434,7.5,Autumn,0.0455,22,1
White-tailed Eagle,56.68919,-3.79499,7.5,Autumn,0.0068,146,1
White-tailed Eagle,56.68919,-3.06047,7.5,Autumn,0.0105,95,1
White-tailed Eagle,56.82432,-6.24337,7.5,Autumn,0.1667,6,1
White-tailed Eagle,56.82432,-5.99853,7.5,Autumn,0.5,2,1
White-tailed Eagle,56.82432,-5.75369,7.5,Autumn,0.2222,36,8
White-tailed Eagle,56.82432,-5.50885,7.5,Autumn,0.0476,63,3
White-tailed Eagle,56.82432,-5.26402,7.5,Autumn,0.2222,9,2
White-tailed Eagle,56.82432,-5.01918,7.5,Autumn,0.0079,127,1
White-tailed Eagle,56.82432,-3.30531,7.5,Autumn,0.0577,52,3
White-tailed Eagle,56.95946,-7.46756,7.5,Autumn,0.1154,26,3
White-tailed Eagle,56.95946,-6.24337,7.5,Autumn,0.0441,68,3
White-tailed Eagle,56.95946,-5.75369,7.5,Autumn,0.1048,105,11
White-tailed Eagle,56.95946,-5.50885,7.5,Autumn,0.5,2,1
White-tailed Eagle,56.95946,-3.55015,7.5,Autumn,0.1818,22,4
White-tailed Eagle,56.95946,-3.30531,7.5,Autumn,0.087,46,4
White-tailed Eagle,57.09459,-7.46756,7.5,Autumn,0.2143,14,3
White-tailed Eagle,57.09459,-7.22272,7.5,Autumn,0.1538,13,2
White-tailed Eagle,57.09459,-6.48821,7.5,Autumn,1.0,1,1
White-tailed Eagle,57.09459,-6.24337,7.5,Autumn,0.2,5,1
White-tailed Eagle,57.09459,-5.99853,7.5,Autumn,0.1892,37,7
White-tailed Eagle,57.09459,-5.75369,7.5,Autumn,0.0606,33,2
White-tailed Eagle,57.09459,-4.03983,7.5,Autumn,0.0372,242,9
White-tailed Eagle,57.22973,-7.46756,7.5,Autumn,0.1071,56,6
White-tailed Eagle,57.22973,-7.22272,7.5,Autumn,0.0909,11,1
White-tailed Eagle,57.22973,-6.48821,7.5,Autumn,0.4,5,2
White-tailed Eagle,57.22973,-6.24337,7.5,Autumn,0.0377,53,2
White-tailed Eagle,57.22973,-5.99853,7.5,Autumn,0.0412,170,7
White-tailed Eagle,57.22973,-5.75369,7.5,Autumn,0.0984,61,6
White-tailed Eagle,57.22973,-5.50885,7.5,Autumn,0.0106,94,1
White-tailed Eagle,57.22973,-5.01918,7.5,Autumn,0.1667,6,1
White-tailed Eagle,57.22973,-4.28466,7.5,Autumn,0.5,2,1
White-tailed Eagle,57.22973,-4.03983,7.5,Autumn,0.1,90,9
White-tailed Eagle,57.22973,-3.79499,7.5,Autumn,0.0061,655,4
White-tailed Eagle,57.22973,-3.30531,7.5,Autumn,0.0286,35,1
White-tailed Eagle,57.36486,-7.46756,7.5,Autumn,0.2192,73,16
White-tailed Eagle,57.36486,-7.22272,7.5,Autumn,0.1364,22,3
White-tailed Eagle,57.36486,-6.73304,7.5,Autumn,0.1,40,4
White-tailed Eagle,57.36486,-6.48821,7.5,Autumn,0.0645,31,2
White-tailed Eagle,57.36486,-6.24337,7.5,Autumn,0.1355,155,21
White-tailed Eagle,57.36486,-5.99853,7.5,Autumn,0.0385,26,1
White-tailed Eagle,57.36486,-5.75369,7.5,Autumn,0.0465,43,2
White-tailed Eagle,57.36486,-5.50885,7.5,Autumn,0.0333,30,1
White-tailed Eagle,57.36486,-4.03983,7.5,Autumn,0.0435,23,1
White-tailed Eagle,57.36486,-3.79499,7.5,Autumn,0.0408,98,4
White-tailed Eagle,57.36486,-3.55015,7.5,Autumn,0.006,167,1
White-tailed Eagle,57.5,-7.46756,7.5,Autumn,0.18,50,9
White-tailed Eagle,57.5,-6.73304,7.5,Autumn,0.1107,244,27
White-tailed Eagle,57.5,-6.48821,7.5,Autumn,0.0312,64,2
White-tailed Eagle,57.5,-6.24337,7.5,Autumn,0.1688,77,13
White-tailed Eagle,57.5,-5.99853,7.5,Autumn,1.0,2,2
White-tailed Eagle,57.5,-5.75369,7.5,Autumn,0.24,50,12
White-tailed Eagle,57.5,-5.50885,7.5,Autumn,0.0909,11,1
White-tailed Eagle,57.5,-5.26402,7.5,Autumn,0.3333,3,1
White-tailed Eagle,57.5,-4.28466,7.5,Autumn,0.0018,562,1
White-tailed Eagle,57.5,-3.79499,7.5,Autumn,0.1176,17,2
White-tailed Eagle,57.63514,-7.46756,7.5,Autumn,0.125,72,9
White-tailed Eagle,57.63514,-7.22272,7.5,Autumn,0.1562,32,5
White-tailed Eagle,57.63514,-6.48821,7.5,Autumn,0.0714,42,3
White-tailed Eagle,57.63514,-6.24337,7.5,Autumn,0.0652,184,12
White-tailed Eagle,57.63514,-5.26402,7.5,Autumn,0.0435,23,1
White-tailed Eagle,57.63514,-4.03983,7.5,Autumn,0.0052,581,3
White-tailed Eagle,57.63514,-3.55015,7.5,Autumn,0.0035,283,1
White-tailed Eagle,57.77027,-7.22272,7.5,Autumn,0.1111,18,2
White-tailed Eagle,57.77027,-6.97788,7.5,Autumn,0.1786,28,5
White-tailed Eagle,57.77027,-6.73304,7.5,Autumn,0.1667,6,1
White-tailed Eagle,57.77027,-5.75369,7.5,Autumn,0.0727,55,4
White-tailed Eagle,57.77027,-5.50885,7.5,Autumn,0.04,25,1
White-tailed Eagle,57.77027,-5.01918,7.5,Autumn,0.0455,22,1
White-tailed Eagle,57.77027,-4.03983,7.5,Autumn,0.0096,104,1
White-tailed Eagle,57.77027,-3.79499,7.5,Autumn,0.0058,172,1
White-tailed Eagle,57.90541,-6.97788,7.5,Autumn,0.0625,32,2
White-tailed Eagle,57.90541,-6.24337,7.5,Autumn,0.2,5,1
White-tailed Eagle,57.90541,-5.75369,7.5,Autumn,0.3077,13,4
White-tailed Eagle,57.90541,-5.50885,7.5,Autumn,0.1379,58,8
White-tailed Eagle,57.90541,-5.26402,7.5,Autumn,0.0594,101,6
White-tailed Eagle,57.90541,-5.01918,7.5,Autumn,0.4,5,2
White-tailed Eagle,57.90541,-4.03983,7.5,Autumn,0.006,167,1
White-tailed Eagle,58.04054,-6.97788,7.5,Autumn,0.25,8,2
White-tailed Eagle,58.04054,-6.73304,7.5,Autumn,0.5833,12,7
White-tailed Eagle,58.04054,-6.48821,7.5,Autumn,0.6,5,3
White-tailed Eagle,58.04054,-5.01918,7.5,Autumn,0.2,5,1
White-tailed Eagle,58.04054,-4.03983,7.5,Autumn,0.0714,14,1
White-tailed Eagle,58.17568,-7.22272,7.5,Autumn,0.25,4,1
White-tailed Eagle,58.17568,-6.97788,7.5,Autumn,0.0896,67,6
White-tailed Eagle,58.17568,-6.73304,7.5,Autumn,0.1429,14,2
White-tailed Eagle,58.17568,-6.48821,7.5,Autumn,0.0469,64,3
White-tailed Eagle,58.17568,-5.26402,7.5,Autumn,0.04,50,2
White-tailed Eagle,58.17568,-3.55015,7.5,Autumn,0.0769,13,1
White-tailed Eagle,58.31081,-6.97788,7.5,Autumn,0.125,8,1
White-tailed Eagle,58.31081,-6.73304,7.5,Autumn,0.0345,87,3
White-tailed Eagle,58.31081,-6.48821,7.5,Autumn,0.1364,22,3
White-tailed Eagle,58.31081,-6.24337,7.5,Autumn,0.0684,117,8
White-tailed Eagle,58.31081,-4.03983,7.5,Autumn,0.25,4,1
White-tailed Eagle,58.31081,-3.79499,7.5,Autumn,0.0714,14,1
White-tailed Eagle,58.44595,-6.48821,7.5,Autumn,0.0833,12,1
White-tailed Eagle,58.44595,-6.24337,7.5,Autumn,0.0826,109,9
White-tailed Eagle,58.58108,-4.77434,7.5,Autumn,0.0152,66,1
White-tailed Eagle,58.58108,-4.03983,7.5,Autumn,0.0952,21,2
White-tailed Eagle,58.58108,-3.55015,7.5,Autumn,0.0323,31,1
White-tailed Eagle,58.85135,-3.06047,7.5,Autumn,0.0185,54,1
White-tailed Eagle,59.52703,-1.59145,7.5,Autumn,0.0031,323,1
White-tailed Eagle,59.93243,-1.34661,7.5,Autumn,0.0011,2628,3
White-tailed Eagle,60.06757,-1.34661,7.5,Autumn,0.0011,907,1
White-tailed Eagle,55.60811,-6.24337,7.5,Summer,0.0361,83,3
White-tailed Eagle,55.60811,-5.50885,7.5,Summer,0.0833,12,1
White-tailed Eagle,55.74324,-6.48821,7.5,Summer,0.0263,38,1
White-tailed Eagle,55.74324,-6.24337,7.5,Summer,0.0159,63,1
White-tailed Eagle,55.74324,-5.75369,7.5,Summer,0.0588,17,1
White-tailed Eagle,55.87838,-6.24337,7.5,Summer,0.0213,94,2
White-tailed Eagle,55.87838,-5.50885,7.5,Summer,0.0625,48,3
White-tailed Eagle,56.01351,-5.50885,7.5,Summer,0.027,37,1
White-tailed Eagle,56.14865,-5.75369,7.5,Summer,0.2,5,1
White-tailed Eagle,56.14865,-5.50885,7.5,Summer,0.0405,74,3
White-tailed Eagle,56.28378,-6.24337,7.5,Summer,0.0562,89,5
White-tailed Eagle,56.28378,-5.75369,7.5,Summer,0.0294,34,1
White-tailed Eagle,56.28378,-5.50885,7.5,Summer,0.0196,51,1
White-tailed Eagle,56.41892,-6.24337,7.5,Summer,0.0179,224,4
White-tailed Eagle,56.41892,-5.99853,7.5,Summer,0.102,294,30
White-tailed Eagle,56.41892,-5.75369,7.5,Summer,0.0332,361,12
White-tailed Eagle,56.41892,-5.50885,7.5,Summer,0.0115,433,5
White-tailed Eagle,56.41892,-4.5295,7.5,Summer,0.0222,45,1
White-tailed Eagle,56.55405,-6.24337,7.5,Summer,0.0885,192,17
White-tailed Eagle,56.55405,-5.99853,7.5,Summer,0.0657,274,18
White-tailed Eagle,56.55405,-5.75369,7.5,Summer,0.0741,81,6
White-tailed Eagle,56.55405,-5.50885,7.5,Summer,0.027,37,1
White-tailed Eagle,56.55405,-4.28466,7.5,Summer,0.0278,36,1
White-tailed Eagle,56.55405,-4.03983,7.5,Summer,0.0204,49,1
White-tailed Eagle,56.68919,-6.48821,7.5,Summer,0.0333,30,1
White-tailed Eagle,56.68919,-6.24337,7.5,Summer,0.0286,70,2
White-tailed Eagle,56.68919,-5.99853,7.5,Summer,0.0833,168,14
White-tailed Eagle,56.68919,-5.75369,7.5,Summer,0.0333,30,1
White-tailed Eagle,56.82432,-5.75369,7.5,Summer,0.043,93,4
White-tailed Eagle,56.82432,-5.26402,7.5,Summer,0.1212,33,4
White-tailed Eagle,56.82432,-3.30531,7.5,Summer,0.0385,104,4
White-tailed Eagle,56.95946,-5.75369,7.5,Summer,0.0082,122,1
White-tailed Eagle,57.09459,-7.46756,7.5,Summer,0.0465,86,4
White-tailed Eagle,57.09459,-5.99853,7.5,Summer,0.0381,105,4
White-tailed Eagle,57.09459,-3.55015,7.5,Summer,0.0063,315,2
White-tailed Eagle,57.22973,-7.46756,7.5,Summer,0.0179,112,2
White-tailed Eagle,57.22973,-6.48821,7.5,Summer,0.0952,21,2
White-tailed Eagle,57.22973,-6.24337,7.5,Summer,0.0338,148,5
White-tailed Eagle,57.22973,-5.75369,7.5,Summer,0.0068,148,1
White-tailed Eagle,57.22973,-4.5295,7.5,Summer,0.013,77,1
White-tailed Eagle,57.22973,-4.03983,7.5,Summer,0.0301,133,4
White-tailed Eagle,57.22973,-3.79499,7.5,Summer,0.0016,1932,3
White-tailed Eagle,57.36486,-7.46756,7.5,Summer,0.0407,123,5
White-tailed Eagle,57.36486,-7.22272,7.5,Summer,0.0625,80,5
White-tailed Eagle,57.36486,-6.73304,7.5,Summer,0.0106,94,1
White-tailed Eagle,57.36486,-6.48821,7.5,Summer,0.0968,93,9
White-tailed Eagle,57.36486,-6.24337,7.5,Summer,0.0479,292,14
White-tailed Eagle,57.36486,-5.99853,7.5,Summer,0.0909,33,3
White-tailed Eagle,57.36486,-5.50885,7.5,Summer,0.0196,51,1
White-tailed Eagle,57.36486,-3.79499,7.5,Summer,0.0065,308,2
White-tailed Eagle,57.5,-7.46756,7.5,Summer,0.0121,165,2
White-tailed Eagle,57.5,-7.22272,7.5,Summer,0.009,111,1
White-tailed Eagle,57.5,-6.73304,7.5,Summer,0.0348,402,14
White-tailed Eagle,57.5,-6.48821,7.5,Summer,0.0191,157,3
White-tailed Eagle,57.5,-6.24337,7.5,Summer,0.037,189,7
White-tailed Eagle,57.5,-5.75369,7.5,Summer,0.0968,62,6
White-tailed Eagle,57.63514,-7.46756,7.5,Summer,0.0143,350,5
White-tailed Eagle,57.63514,-7.22272,7.5,Summer,0.0086,116,1
White-tailed Eagle,57.63514,-6.73304,7.5,Summer,0.0769,13,1
White-tailed Eagle,57.63514,-6.48821,7.5,Summer,0.006,167,1
White-tailed Eagle,57.63514,-6.24337,7.5,Summer,0.0181,443,8
White-tailed Eagle,57.63514,-5.75369,7.5,Summer,0.0435,46,2
White-tailed Eagle,57.63514,-5.26402,7.5,Summer,0.01,100,1
White-tailed Eagle,57.63514,-5.01918,7.5,Summer,0.037,27,1
White-tailed Eagle,57.77027,-7.22272,7.5,Summer,0.0156,64,1
White-tailed Eagle,57.77027,-6.97788,7.5,Summer,0.0463,108,5
White-tailed Eagle,57.77027,-6.73304,7.5,Summer,0.0769,13,1
White-tailed Eagle,57.77027,-5.75369,7.5,Summer,0.0314,159,5
White-tailed Eagle,57.77027,-5.50885,7.5,Summer,0.061,82,5
White-tailed Eagle,57.77027,-5.01918,7.5,Summer,0.0488,41,2
White-tailed Eagle,57.90541,-6.73304,7.5,Summer,0.0317,63,2
White-tailed Eagle,57.90541,-5.50885,7.5,Summer,0.0246,122,3
White-tailed Eagle,57.90541,-5.26402,7.5,Summer,0.0057,175,1
White-tailed Eagle,57.90541,-4.5295,7.5,Summer,0.0357,28,1
White-tailed Eagle,57.90541,-4.28466,7.5,Summer,0.0152,66,1
White-tailed Eagle,58.04054,-6.97788,7.5,Summer,0.0357,28,1
White-tailed Eagle,58.04054,-6.48821,7.5,Summer,0.0588,51,3
White-tailed Eagle,58.17568,-6.97788,7.5,Summer,0.0488,82,4
White-tailed Eagle,58.17568,-6.24337,7.5,Summer,0.0198,101,2
White-tailed Eagle,58.31081,-6.97788,7.5,Summer,0.0909,11,1
White-tailed Eagle,58.31081,-6.73304,7.5,Summer,0.0238,126,3
White-tailed Eagle,58.31081,-6.48821,7.5,Summer,0.0625,64,4
White-tailed Eagle,58.31081,-6.24337,7.5,Summer,0.0307,163,5
White-tailed Eagle,58.44595,-6.48821,7.5,Summer,0.0526,19,1
White-tailed Eagle,58.44595,-5.26402,7.5,Summer,0.0106,94,1
White-tailed Eagle,58.58108,-5.01918,7.5,Summer,0.125,8,1
White-tailed Eagle,58.98649,-3.06047,7.5,Summer,0.0024,416,1
White-tailed Eagle,59.12162,-3.30531,7.5,Summer,0.0022,447,1
White-tailed Eagle,55.47297,-5.75369,7.5,Winter,0.0278,36,1
White-tailed Eagle,55.60811,-6.24337,7.5,Winter,0.0632,95,6
White-tailed Eagle,55.60811,-5.75369,7.5,Winter,0.08,25,2
White-tailed Eagle,55.74324,-6.48821,7.5,Winter,0.0323,93,3
White-tailed Eagle,55.74324,-6.24337,7.5,Winter,0.0113,265,3
White-tailed Eagle,55.74324,-5.50885,7.5,Winter,0.0698,43,3
White-tailed Eagle,55.74324,-5.01918,7.5,Winter,0.0583,103,6
White-tailed Eagle,55.87838,-6.48821,7.5,Winter,0.1304,23,3
White-tailed Eagle,55.87838,-6.24337,7.5,Winter,0.0931,204,19
White-tailed Eagle,56.01351,-5.50885,7.5,Winter,0.04,25,1
White-tailed Eagle,56.01351,-5.26402,7.5,Winter,0.0303,33,1
White-tailed Eagle,56.01351,-5.01918,7.5,Winter,0.0286,105,3
White-tailed Eagle,56.14865,-3.30531,7.5,Winter,0.0037,535,2
White-tailed Eagle,56.41892,-5.75369,7.5,Winter,0.2222,18,4
White-tailed Eagle,56.41892,-5.50885,7.5,Winter,0.0455,66,3
White-tailed Eagle,56.41892,-5.26402,7.5,Winter,0.0833,12,1
White-tailed Eagle,56.41892,-2.81564,7.5,Winter,0.0115,524,6
White-tailed Eagle,56.55405,-6.24337,7.5,Winter,0.24,25,6
White-tailed Eagle,56.55405,-5.99853,7.5,Winter,0.1111,9,1
White-tailed Eagle,56.55405,-5.75369,7.5,Winter,0.25,4,1
White-tailed Eagle,56.55405,-4.28466,7.5,Winter,0.0278,36,1
White-tailed Eagle,56.55405,-2.81564,7.5,Winter,0.0714,28,2
White-tailed Eagle,56.68919,-6.24337,7.5,Winter,0.0769,13,1
White-tailed Eagle,56.68919,-5.75369,7.5,Winter,0.25,16,4
White-tailed Eagle,56.82432,-5.75369,7.5,Winter,0.3103,29,9
White-tailed Eagle,56.95946,-6.24337,7.5,Winter,0.0667,45,3
White-tailed Eagle,56.95946,-3.55015,7.5,Winter,0.0909,11,1
White-tailed Eagle,57.09459,-5.75369,7.5,Winter,0.2727,11,3
White-tailed Eagle,57.09459,-4.03983,7.5,Winter,0.0332,301,10
White-tailed Eagle,57.09459,-3.30531,7.5,Winter,0.08,25,2
White-tailed Eagle,57.22973,-7.46756,7.5,Winter,0.1714,35,6
White-tailed Eagle,57.22973,-5.99853,7.5,Winter,0.0247,81,2
White-tailed Eagle,57.22973,-5.75369,7.5,Winter,0.1875,16,3
White-tailed Eagle,57.22973,-4.03983,7.5,Winter,0.058,69,4
White-tailed Eagle,57.22973,-3.79499,7.5,Winter,0.0017,583,1
White-tailed Eagle,57.22973,-3.55015,7.5,Winter,0.0129,232,3
White-tailed Eagle,57.36486,-7.46756,7.5,Winter,0.375,8,3
White-tailed Eagle,57.36486,-6.24337,7.5,Winter,0.0392,51,2
White-tailed Eagle,57.36486,-4.28466,7.5,Winter,0.0152,66,1
White-tailed Eagle,57.36486,-4.03983,7.5,Winter,0.0286,35,1
White-tailed Eagle,57.36486,-3.79499,7.5,Winter,0.0127,79,1
White-tailed Eagle,57.36486,-3.30531,7.5,Winter,0.0312,32,1
White-tailed Eagle,57.5,-7.22272,7.5,Winter,1.0,1,1
White-tailed Eagle,57.5,-6.73304,7.5,Winter,0.0615,244,15
White-tailed Eagle,57.5,-6.48821,7.5,Winter,0.0938,32,3
White-tailed Eagle,57.5,-6.24337,7.5,Winter,0.125,24,3
White-tailed Eagle,57.5,-5.75369,7.5,Winter,0.1429,7,1
White-tailed Eagle,57.5,-4.5295,7.5,Winter,0.04,25,1
White-tailed Eagle,57.5,-4.03983,7.5,Winter,0.002,511,1
White-tailed Eagle,57.63514,-7.46756,7.5,Winter,0.1429,7,1
White-tailed Eagle,57.63514,-6.24337,7.5,Winter,0.1158,95,11
White-tailed Eagle,57.63514,-4.28466,7.5,Winter,0.0179,56,1
White-tailed Eagle,57.63514,-4.03983,7.5,Winter,0.0056,354,2
White-tailed Eagle,57.77027,-7.22272,7.5,Winter,0.1667,6,1
White-tailed Eagle,57.77027,-5.75369,7.5,Winter,0.0323,31,1
White-tailed Eagle,57.77027,-5.50885,7.5,Winter,0.1579,19,3
White-tailed Eagle,57.90541,-6.73304,7.5,Winter,1.0,1,1
White-tailed Eagle,57.90541,-5.50885,7.5,Winter,0.0976,41,4
White-tailed Eagle,57.90541,-5.26402,7.5,Winter,0.1143,35,4
White-tailed Eagle,58.04054,-6.48821,7.5,Winter,0.125,8,1
White-tailed Eagle,58.17568,-6.48821,7.5,Winter,0.0196,51,1
White-tailed Eagle,58.17568,-6.24337,7.5,Winter,0.0556,54,3
White-tailed Eagle,58.31081,-6.97788,7.5,Winter,1.0,1,1
White-tailed Eagle,58.31081,-6.73304,7.5,Winter,0.1818,11,2
White-tailed Eagle,58.31081,-6.24337,7.5,Winter,0.0377,53,2
White-tailed Eagle,58.58108,-4.77434,7.5,Winter,0.037,27,1
White-tailed Eagle,58.58108,-3.79499,7.5,Winter,0.0667,15,1
White-tailed Eagle,60.06757,-1.34661,7.5,Winter,0.0034,290,1
