lon,lat
-9.494374,54.317613
-9.485707,54.315863
-9.471913,54.307074
-9.463979,54.303941
-9.384511,54.297187
-9.374827,54.298733
-9.36262,54.30272
-9.351145,54.308173
-9.343617,54.31391
-9.334218,54.318305
-9.322011,54.317084
-9.277252,54.304592
-9.268422,54.303941
-9.260976,54.299709
-9.252838,54.280951
-9.24767,54.276597
-9.229888,54.278469
-9.219635,54.280585
-9.2176,54.283515
-9.211008,54.275621
-9.209462,54.267564
-9.211985,54.260443
-9.2176,54.255561
-9.2176,54.248725
-9.195872,54.242499
-9.195872,54.235053
-9.215077,54.227118
-9.210357,54.217841
-9.161977,54.192043
-9.149322,54.180609
-9.141225,54.165351
-9.141225,54.145697
-9.134999,54.145697
-9.134185,54.163764
-9.13036,54.179104
-9.128896,54.193061
-9.134999,54.20775
-9.112538,54.213324
-9.090199,54.22663
-9.072987,54.246772
-9.06607,54.272895
-9.051259,54.289496
-9.017486,54.291897
-8.956858,54.283515
-8.949859,54.284857
-8.944407,54.288235
-8.939036,54.289984
-8.927561,54.284125
-8.910227,54.277899
-8.894195,54.274482
-8.871816,54.265123
-8.856597,54.263007
-8.807362,54.263007
-8.785634,54.266832
-8.765126,54.276597
-8.737457,54.264106
-8.676422,54.271308
-8.648346,54.263007
-8.642486,54.253607
-8.639556,54.242092
-8.63329,54.232367
-8.605051,54.225653
-8.593495,54.219062
-8.572662,54.200344
-8.559316,54.20661
-8.543853,54.208645
-8.51122,54.20775
-8.51122,54.214545
-8.525543,54.218899
-8.543609,54.222154
-8.559234,54.227729
-8.565826,54.238837
-8.572133,54.246527
-8.58731,54.252346
-8.605621,54.255561
-8.621002,54.255561
-8.621002,54.263007
-8.614247,54.267808
-8.602651,54.27969
-8.593739,54.283515
-8.571685,54.277167
-8.558217,54.275214
-8.552235,54.280097
-8.540761,54.284369
-8.470286,54.276597
-8.485951,54.288642
-8.50414,54.297187
-8.523346,54.302232
-8.542307,54.303941
-8.562652,54.303046
-8.569814,54.305732
-8.572662,54.31391
-8.567209,54.324164
-8.554799,54.321479
-8.531728,54.310207
-8.511708,54.317369
-8.519154,54.326728
-8.540517,54.334662
-8.562123,54.33808
-8.661366,54.338039
-8.666819,54.341213
-8.668284,54.351752
-8.663889,54.35928
-8.653798,54.365871
-8.641754,54.370429
-8.612864,54.375474
-8.496571,54.423489
-8.480133,54.426825
-8.47411,54.429999
-8.471262,54.437893
-8.470286,54.457831
-8.466705,54.475002
-8.459218,54.471869
-8.451894,54.461005
-8.449127,54.454779
-8.445139,54.453925
-8.443756,54.453437
-8.443023,54.447333
-8.41393,54.45954
-8.384185,54.468248
-8.381663,54.468573
-8.30012,54.477973
-8.287343,54.479438
-8.242096,54.497748
-8.210194,54.501939
-8.210194,54.509426
-8.243276,54.510199
-8.257965,54.514228
-8.270985,54.523668
-8.216379,54.55036
-8.218861,54.56977
-8.172515,54.594468
-8.175404,54.619289
-8.164662,54.615302
-8.157623,54.610826
-8.150054,54.607123
-8.137563,54.605618
-8.126088,54.637885
-8.120839,54.646552
-8.123891,54.648627
-8.124908,54.648912
-8.1256,54.649604
-8.127675,54.652777
-8.146799,54.642076
-8.166656,54.636135
-8.234934,54.629381
-8.271311,54.612006
-8.292104,54.605618
-8.292104,54.611802
-8.281728,54.620551
-8.280344,54.629625
-8.287262,54.636786
-8.301747,54.639797
-8.316762,54.635443
-8.342356,54.616156
-8.367828,54.608629
-8.41454,54.578355
-8.427968,54.571723
-8.442047,54.566718
-8.456614,54.564643
-8.456614,54.570787
-8.432281,54.587795
-8.417104,54.59516
-8.398183,54.598131
-8.384755,54.605658
-8.387685,54.619859
-8.400054,54.628567
-8.415028,54.619289
-8.421864,54.619289
-8.418691,54.641303
-8.43163,54.641303
-8.448313,54.627631
-8.456614,54.60871
-8.461537,54.602851
-8.472076,54.607856
-8.48176,54.615953
-8.486195,54.622952
-8.485219,54.627387
-8.486155,54.631293
-8.49413,54.632961
-8.500803,54.632025
-8.511301,54.627753
-8.517486,54.626125
-8.541737,54.62523
-8.553456,54.622626
-8.564036,54.608832
-8.576772,54.610907
-8.596913,54.619289
-8.672597,54.619452
-8.690012,54.626125
-8.681956,54.63581
-8.691396,54.641303
-8.774159,54.659857
-8.791819,54.659613
-8.788442,54.663398
-8.786366,54.666978
-8.783437,54.670396
-8.778147,54.673896
-8.778147,54.68008
-8.791086,54.684882
-8.79776,54.691962
-8.795522,54.698432
-8.781565,54.701239
-8.766957,54.702216
-8.755198,54.705756
-8.747426,54.71308
-8.744618,54.725084
-8.733266,54.732611
-8.662099,54.762641
-8.636586,54.768459
-8.536204,54.766913
-8.483713,54.756781
-8.456614,54.756415
-8.456614,54.762641
-8.526601,54.772773
-8.5454,54.783759
-8.529897,54.788072
-8.484934,54.789374
-8.473378,54.786811
-8.460805,54.774848
-8.444692,54.763129
-8.426666,54.757229
-8.408193,54.762641
-8.461293,54.793524
-8.498891,54.801215
-8.534983,54.816474
-8.55842,54.817857
-8.554351,54.827541
-8.546986,54.829901
-8.537099,54.829779
-8.524892,54.831529
-8.515126,54.836005
-8.501861,54.846503
-8.490712,54.851996
-8.471018,54.840522
-8.449086,54.839423
-8.401967,54.84455
-8.346262,54.831692
-8.325673,54.831529
-8.325673,54.838324
-8.343251,54.839911
-8.365387,54.845404
-8.381337,54.855943
-8.380849,54.872504
-8.366689,54.88109
-8.327382,54.877021
-8.312652,54.87934
-8.325836,54.88581
-8.337026,54.903632
-8.350453,54.907294
-8.368804,54.908189
-8.374013,54.907294
-8.378163,54.902777
-8.379791,54.895738
-8.380116,54.889228
-8.380849,54.886176
-8.409291,54.88703
-8.432607,54.901557
-8.450795,54.922065
-8.46345,54.940823
-8.450429,54.946275
-8.440907,54.943427
-8.431508,54.93769
-8.418446,54.934556
-8.404612,54.935696
-8.391347,54.938666
-8.366567,54.948188
-8.396148,54.955268
-8.418609,54.968085
-8.456614,54.995429
-8.456614,55.002875
-8.44811,55.007636
-8.437734,55.009833
-8.426422,55.008612
-8.415028,55.002875
-8.404693,55.012885
-8.401967,55.016547
-8.408193,55.016547
-8.403188,55.030666
-8.395253,55.033149
-8.385325,55.032416
-8.374013,55.036363
-8.354482,55.060533
-8.347401,55.064276
-8.33788,55.058417
-8.335072,55.035061
-8.325673,55.030219
-8.319976,55.034329
-8.313588,55.05268
-8.305165,55.058051
-8.316518,55.08747
-8.320424,55.104926
-8.316029,55.112738
-8.304351,55.119208
-8.288401,55.150133
-8.278472,55.160549
-8.26301,55.161078
-8.206532,55.146877
-8.188385,55.148993
-8.157623,55.158393
-8.141265,55.160549
-8.147532,55.15176
-8.154286,55.14525
-8.159576,55.138739
-8.161733,55.129462
-8.156484,55.124498
-8.144683,55.130194
-8.114858,55.154731
-8.05427,55.176947
-8.03482,55.180976
-8.020985,55.188788
-8.01179,55.205064
-7.999582,55.219631
-7.976796,55.22191
-7.950185,55.210273
-7.958648,55.199205
-8.00414,55.180976
-8.00414,55.17414
-7.961985,55.187201
-7.955719,55.184719
-7.949045,55.179836
-7.93399,55.18065
-7.91804,55.184516
-7.908559,55.188422
-7.894887,55.17414
-7.894887,55.167914
-7.898793,55.156399
-7.890452,55.158271
-7.875559,55.164944
-7.860097,55.167914
-7.865061,55.158149
-7.872874,55.151597
-7.882965,55.147935
-7.894887,55.146877
-7.894887,55.140082
-7.876536,55.14053
-7.865224,55.138495
-7.856435,55.138983
-7.846506,55.146877
-7.834706,55.164984
-7.837554,55.175849
-7.860097,55.194648
-7.866119,55.214911
-7.85025,55.2272
-7.823964,55.238593
-7.798695,55.25609
-7.796051,55.251044
-7.795033,55.250881
-7.791249,55.248684
-7.814198,55.20185
-7.815745,55.194648
-7.81371,55.192857
-7.810455,55.188707
-7.805572,55.184149
-7.798695,55.180976
-7.789784,55.180854
-7.779937,55.187445
-7.770741,55.188422
-7.757314,55.18476
-7.736643,55.176663
-7.7176,55.166571
-7.709299,55.157131
-7.707387,55.153469
-7.698557,55.140367
-7.695627,55.133205
-7.695953,55.126044
-7.70108,55.10814
-7.702504,55.099066
-7.694732,55.108059
-7.678822,55.134467
-7.671702,55.140082
-7.668202,55.147203
-7.674713,55.163031
-7.684071,55.178534
-7.688832,55.184719
-7.690338,55.194525
-7.695058,55.207465
-7.703603,55.218451
-7.716054,55.22191
-7.723948,55.214586
-7.721995,55.200263
-7.715403,55.184882
-7.709299,55.17414
-7.723134,55.175727
-7.732818,55.181464
-7.741038,55.188625
-7.750234,55.194648
-7.779652,55.199652
-7.791737,55.206
-7.788157,55.218573
-7.760854,55.250434
-7.760854,55.25609
-7.725087,55.252672
-7.709299,55.25609
-7.673492,55.273871
-7.660878,55.276557
-7.643951,55.272773
-7.63329,55.263088
-7.625315,55.25316
-7.616526,55.248684
-7.611399,55.2414
-7.613189,55.225775
-7.617502,55.210598
-7.619944,55.204901
-7.614491,55.19599
-7.601471,55.189276
-7.572743,55.180976
-7.572255,55.169176
-7.564117,55.155748
-7.55248,55.14468
-7.541412,55.140082
-7.527821,55.132554
-7.525787,55.116156
-7.531606,55.099677
-7.541412,55.092231
-7.556386,55.089748
-7.568227,55.083686
-7.586415,55.071112
-7.641021,55.050686
-7.641021,55.04385
-7.581166,55.050442
-7.561838,55.044501
-7.572743,55.023383
-7.584584,55.016059
-7.634185,54.995429
-7.667551,54.968207
-7.681386,54.961249
-7.681386,54.954413
-7.661488,54.957953
-7.643381,54.965277
-7.548451,55.018459
-7.537994,55.019924
-7.529368,55.030707
-7.509267,55.035956
-7.486318,55.039252
-7.469106,55.04385
-7.456166,55.056138
-7.450022,55.072333
-7.454416,55.086249
-7.472768,55.092231
-7.477528,55.096381
-7.473378,55.105455
-7.46288,55.119534
-7.46288,55.143459
-7.470041,55.145168
-7.510081,55.180976
-7.533681,55.192369
-7.541412,55.198065
-7.545644,55.204779
-7.54955,55.215399
-7.549387,55.225165
-7.527089,55.236762
-7.516225,55.254136
-7.51358,55.274359
-7.524322,55.290269
-7.507395,55.28913
-7.492747,55.285346
-7.478586,55.283922
-7.46288,55.290269
-7.465566,55.293606
-7.46642,55.295844
-7.46703,55.298651
-7.469106,55.3039
-7.449208,55.294013
-7.427968,55.286566
-7.405914,55.286933
-7.367787,55.310614
-7.347524,55.314276
-7.327504,55.308498
-7.312082,55.290269
-7.33316,55.289618
-7.339955,55.290269
-7.320872,55.282172
-7.298818,55.276272
-7.276601,55.275824
-7.256744,55.284003
-7.320668,55.3133
-7.350697,55.335191
-7.353017,55.358547
-7.379547,55.367662
-7.391591,55.373725
-7.400217,55.380276
-7.384429,55.386379
-7.366322,55.383979
-7.332509,55.372789
-7.26358,55.358547
-7.247304,55.357164
-7.208852,55.34512
-7.195424,55.338609
-7.144154,55.293647
-7.129058,55.285834
-7.079335,55.27265
-7.0419,55.268866
-6.99649,55.257717
-6.975697,55.248684
-6.953521,55.25434
-6.939565,55.239081
-6.942779,55.218573
-6.972564,55.208319
-7.00064,55.205146
-7.034088,55.196845
-7.065745,55.184963
-7.099762,55.165473
-7.132314,55.155463
-7.159495,55.150784
-7.172841,55.1435
-7.216624,55.108344
-7.232289,55.091864
-7.244985,55.073432
-7.2471,55.069322
-7.256744,55.050686
-7.240956,55.050279
-7.195424,55.058051
-7.17748,55.056952
-7.133901,55.04385
-7.099477,55.040961
-7.065053,55.04385
-7.0537,55.048733
-7.03189,55.064927
-7.017201,55.071112
-7.017812,55.08397
-7.009918,55.10224
-6.997955,55.118638
-6.98648,55.125718
-6.974924,55.135443
-6.968658,55.18065
-6.962554,55.194648
-6.946685,55.19538
-6.903554,55.178656
-6.883778,55.17414
-6.754506,55.177802
-6.640452,55.208319
-6.571278,55.211249
-6.554514,55.218573
-6.539174,55.230658
-6.519846,55.240668
-6.498118,55.247138
-6.475942,55.248684
-6.440012,55.236029
-6.415924,55.231879
-6.378163,55.246243
-6.352895,55.242621
-6.255849,55.210883
-6.239817,55.208319
-6.217641,55.210395
-6.179555,55.219713
-6.160024,55.22191
-6.120839,55.217841
-6.100982,55.212388
-6.092397,55.204901
-6.084218,55.202216
-6.047231,55.178534
-6.037099,55.167914
-6.040639,55.112047
-6.047434,55.095649
-6.062082,55.074123
-6.054351,55.065131
-6.03539,55.063625
-6.016672,55.064276
-6.003529,55.063178
-5.988678,55.059475
-5.975738,55.053046
-5.968251,55.04385
-5.970204,55.025824
-5.988271,54.988674
-5.986236,54.981757
-5.957143,54.978949
-5.930328,54.970893
-5.906606,54.957953
-5.886342,54.940823
-5.881988,54.934027
-5.875234,54.917914
-5.869252,54.910386
-5.862782,54.905951
-5.847035,54.898139
-5.839182,54.893012
-5.829986,54.885159
-5.820953,54.875067
-5.813954,54.862779
-5.811187,54.848334
-5.800526,54.820746
-5.775258,54.81151
-5.745595,54.804592
-5.721832,54.783759
-5.715647,54.783759
-5.733754,54.805243
-5.797597,54.84455
-5.781728,54.861721
-5.751617,54.856879
-5.720611,54.84101
-5.701975,54.824693
-5.689849,54.793118
-5.692616,54.765204
-5.706899,54.742987
-5.729319,54.728502
-5.758901,54.719916
-5.81843,54.709621
-5.845367,54.701239
-5.87149,54.687323
-5.890736,54.672309
-5.914337,54.646837
-5.927235,54.632961
-5.915151,54.628241
-5.910959,54.619452
-5.909983,54.610541
-5.907379,54.605618
-5.894887,54.604804
-5.887278,54.609809
-5.881988,54.616156
-5.871002,54.622301
-5.848785,54.643215
-5.839019,54.649726
-5.803822,54.659613
-5.769521,54.674628
-5.747955,54.680406
-5.732411,54.676988
-5.716624,54.669867
-5.694692,54.668687
-5.574696,54.68008
-5.569,54.676947
-5.556711,54.662787
-5.547109,54.659613
-5.53661,54.657457
-5.533274,54.651679
-5.532786,54.643215
-5.5301,54.632961
-5.514394,54.597886
-5.502553,54.583482
-5.485707,54.577704
-5.478912,54.569485
-5.47289,54.530097
-5.468617,54.516262
-5.437082,54.48786
-5.430776,54.485175
-5.437571,54.475653
-5.436513,54.470201
-5.433461,54.466254
-5.433827,54.461005
-5.438832,54.454901
-5.458119,54.437405
-5.464263,54.425238
-5.457387,54.408677
-5.461171,54.392076
-5.470855,54.384345
-5.483998,54.37759
-5.489125,54.369574
-5.474843,54.358588
-5.489573,54.353705
-5.502024,54.339667
-5.515777,54.33808
-5.527659,54.345282
-5.536977,54.35928
-5.547109,54.379096
-5.55899,54.382636
-5.569488,54.391506
-5.57665,54.402777
-5.57844,54.413804
-5.571685,54.425605
-5.548695,54.442816
-5.543691,54.457831
-5.547353,54.489081
-5.558013,54.511908
-5.575307,54.528998
-5.644887,54.567776
-5.671864,54.576809
-5.701975,54.577704
-5.701975,54.570787
-5.694651,54.561103
-5.697418,54.551215
-5.706044,54.54267
-5.715647,54.536689
-5.701527,54.536322
-5.690419,54.53205
-5.681508,54.526842
-5.674062,54.523668
-5.636952,54.52204
-5.6256,54.516262
-5.641916,54.512641
-5.66393,54.510199
-5.670318,54.505683
-5.639963,54.495754
-5.644765,54.48371
-5.644602,54.472113
-5.638499,54.463568
-5.6256,54.461005
-5.626698,54.456692
-5.628,54.453803
-5.633127,54.447333
-5.6256,54.441107
-5.653554,54.388983
-5.661448,54.379584
-5.697906,54.362291
-5.708852,54.351752
-5.668324,54.360663
-5.622141,54.376654
-5.579701,54.383694
-5.550526,54.365424
-5.540679,54.327338
-5.553049,54.298529
-5.579498,54.275702
-5.61262,54.255561
-5.617177,54.254788
-5.628529,54.256537
-5.633127,54.255561
-5.639963,54.235053
-5.64684,54.232164
-5.655751,54.229682
-5.663401,54.230862
-5.666656,54.238837
-5.678822,54.246161
-5.736887,54.249091
-5.779449,54.246527
-5.822662,54.237209
-5.842275,54.235053
-5.86205,54.230536
-5.868031,54.218492
-5.866038,54.184149
-5.865834,54.180487
-5.86852,54.161322
-5.874623,54.14053
-5.883209,54.120754
-5.893788,54.104682
-5.911977,54.091295
-5.953847,54.078681
-5.984731,54.059312
-6.027252,54.040229
-6.040517,54.036444
-6.079579,54.034573
-6.095448,54.036363
-6.112904,54.043891
-6.112904,54.050116
-6.093007,54.055894
-6.08495,54.056952
-6.161529,54.073717
-6.174306,54.074286
-6.185862,54.092678
-6.212554,54.098456
-6.242502,54.099758
-6.263661,54.104682
-6.269887,54.097927
-6.269887,54.097886
-6.207021,54.061713
-6.191396,54.056952
-6.184316,54.053778
-6.169911,54.039618
-6.163808,54.036444
-6.142486,54.035224
-6.13386,54.033352
-6.126536,54.030219
-6.107289,54.013617
-6.110992,54.001288
-6.143544,53.97842
-6.160756,53.974433
-6.185536,53.979722
-6.209096,53.988593
-6.222768,53.995429
-6.23705,53.993842
-6.307037,54.011868
-6.359853,54.016018
-6.359853,54.00849
-6.347808,54.003607
-6.353871,53.994208
-6.366282,53.981024
-6.372955,53.964423
-6.378285,53.934882
-6.378977,53.916897
-6.372955,53.899319
-6.350819,53.881415
-6.317291,53.87108
-6.243235,53.865139
-6.243235,53.857652
-6.254018,53.839911
-6.254994,53.822211
-6.244985,53.806871
-6.222768,53.796291
-6.243276,53.782538
-6.248443,53.755764
-6.245798,53.729641
-6.241322,53.685614
-6.23644,53.670844
-6.229888,53.656562
-6.222768,53.646064
-6.213043,53.64057
-6.197987,53.634467
-6.187082,53.630072
-6.169789,53.605658
-6.142486,53.594468
-6.112457,53.585761
-6.092397,53.577135
-6.084462,53.56802
-6.077301,53.554633
-6.074941,53.53974
-6.081532,53.525946
-6.0985,53.509711
-6.103139,53.50316
-3.323476,56.365912
-3.311513,56.356513
-3.294016,56.352769
-3.251536,56.352851
-3.230621,56.356024
-3.188385,56.370185
-3.149566,56.375556
-2.950266,56.431871
-2.939931,56.438544
-2.930653,56.448065
-2.909088,56.455715
-2.884999,56.457994
-2.867909,56.45185
-2.850087,56.442043
-2.814768,56.440416
-2.802805,56.427965
-2.800893,56.408922
-2.808258,56.391059
-2.821604,56.376166
-2.837554,56.365912
-2.812978,56.365912
-2.809193,56.36286
-2.804758,56.349107
-2.802805,56.345404
-2.791493,56.342475
-2.782623,56.34162
-2.775258,56.339423
-2.768625,56.332343
-2.677154,56.328437
-2.655263,56.32217
-2.621205,56.304429
-2.613189,56.301907
-2.576812,56.283922
-2.576812,56.277777
-2.630116,56.248521
-2.648346,56.228705
-2.672027,56.222398
-2.720204,56.216295
-2.783599,56.191962
-2.806142,56.188381
-2.830719,56.190741
-2.892079,56.208889
-2.940053,56.209418
-2.964345,56.205634
-2.97468,56.19831
-2.982411,56.189114
-3.035553,56.167914
-3.091054,56.13227
-3.107533,56.126899
-3.127553,56.12287
-3.138295,56.112209
-3.152252,56.078518
-3.163564,56.06387
-3.178375,56.058092
-3.248443,56.055976
-3.268381,56.05093
-3.303049,56.037543
-3.342681,56.027167
-3.381825,56.023383
-3.420969,56.024888
-3.58259,56.051744
-3.671498,56.050849
-3.710032,56.058092
-3.745432,56.072211
-3.74649,56.072781
-3.782216,56.09219
-3.803131,56.107123
-3.817006,56.11225
-3.837473,56.112616
-3.837473,56.106431
-3.777699,56.082831
-3.769154,56.075141
-3.760854,56.072455
-3.72643,56.038031
-3.721425,56.030707
-3.712636,56.028998
-3.693471,56.031155
-3.686635,56.030707
-3.679555,56.025458
-3.674794,56.018704
-3.668284,56.012763
-3.656239,56.010199
-3.599721,56.017239
-3.577382,56.017035
-3.405426,55.989732
-3.358266,55.989732
-3.340891,55.994452
-3.331044,55.994086
-3.320424,55.986029
-3.303456,55.977607
-3.121816,55.969306
-3.114735,55.966132
-3.096832,55.951972
-3.090728,55.948188
-3.078236,55.946845
-3.015696,55.950507
-2.939931,55.969306
-2.916656,55.980618
-2.900054,55.996161
-2.882883,56.00849
-2.857981,56.010199
-2.863637,56.022284
-2.866322,56.02676
-2.870961,56.030707
-2.852773,56.039781
-2.82315,56.05976
-2.802805,56.064846
-2.635121,56.058051
-2.615956,56.053168
-2.587554,56.030951
-2.569407,56.024482
-2.578359,56.008002
-2.583648,56.002753
-2.569569,55.999945
-2.544057,56.002672
-2.528961,55.996568
-2.52481,56.000556
-2.514556,56.005764
-2.507924,56.010199
-2.493276,56.001532
-2.452504,55.985256
-2.414377,55.978339
-2.350942,55.948188
-2.307769,55.935004
-2.14684,55.917304
-2.13801,55.914618
-2.132558,55.90644
-2.131093,55.897203
-2.128774,55.889797
-2.120961,55.886705
-2.099477,55.881781
-2.08019,55.869371
-2.022857,55.805487
-2.009674,55.790839
-1.877838,55.694892
-1.863189,55.671617
-1.853098,55.659329
-1.831532,55.650702
-1.82608,55.643622
-1.821685,55.63642
-1.816477,55.63288
-1.807118,55.634508
-1.800771,55.639228
-1.796295,55.644232
-1.792592,55.646552
-1.781402,55.645657
-1.768625,55.641913
-1.7565,55.633612
-1.74767,55.619208
-1.767974,55.619208
-1.767974,55.612982
-1.755971,55.608873
-1.720855,55.614569
-1.699127,55.612982
-1.630849,55.58511
-1.630849,55.578274
-1.636342,55.571682
-1.634674,55.564399
-1.627675,55.557115
-1.617177,55.550279
-1.630849,55.544135
-1.630849,55.537299
-1.622222,55.534084
-1.602935,55.523627
-1.602935,55.516791
-1.611318,55.508043
-1.606353,55.503241
-1.596344,55.499905
-1.589345,55.495673
-1.58495,55.48371
-1.58137,55.416653
-1.583119,55.406928
-1.588287,55.39057
-1.589101,55.385199
-1.589345,55.376532
-1.583323,55.354722
-1.558583,55.328925
-1.555816,55.311347
-1.557037,55.306627
-1.55899,55.302069
-1.56192,55.297797
-1.565745,55.293647
-1.570058,55.2862
-1.568227,55.279608
-1.56428,55.273261
-1.562082,55.266669
-1.556467,55.255032
-1.543935,55.243883
-1.520985,55.229397
-1.529164,55.216254
-1.524078,55.21011
-1.514272,55.204779
-1.507965,55.194648
-1.510813,55.18476
-1.517568,55.176215
-1.522125,55.167467
-1.517934,55.157131
-1.500722,55.141791
-1.495961,55.134589
-1.492543,55.112982
-1.483754,55.091702
-1.480092,55.085395
-1.476226,55.083645
-1.463287,55.080308
-1.459584,55.078599
-1.458079,55.075751
-1.454701,55.067572
-1.438303,55.042304
-1.429189,55.033271
-1.424062,55.024359
-1.419504,55.011705
-1.412913,55.000312
-1.401519,54.995429
-1.398183,54.992621
-1.370229,54.975531
-1.36266,54.964789
-1.361724,54.958686
-1.363515,54.95425
-1.364003,54.948188
-1.362864,54.92593
-1.360341,54.91706
-1.353139,54.91352
-1.355824,54.904283
-1.296783,54.779934
-1.275461,54.74844
-1.240468,54.721666
-1.225087,54.715033
-1.172231,54.701239
-1.172231,54.693793
-1.192616,54.693793
-1.192454,54.689276
-1.190785,54.686184
-1.18517,54.68008
-1.182729,54.672065
-1.178822,54.66474
-1.172922,54.658352
-1.164703,54.652777
-1.172922,54.644192
-1.182485,54.639228
-1.206288,54.632961
-1.203725,54.625718
-1.198842,54.621568
-1.191803,54.619778
-1.182118,54.619289
-1.179351,54.620917
-1.178456,54.624213
-1.176991,54.626776
-1.172231,54.626125
-1.169586,54.623603
-1.165435,54.61872
-1.162953,54.613959
-1.164703,54.611802
-1.152659,54.613186
-1.146718,54.618476
-1.138051,54.646552
-1.120595,54.633002
-1.103627,54.624661
-1.084218,54.620429
-1.042063,54.617092
-0.993479,54.598131
-0.787913,54.560777
-0.562978,54.477362
-0.534657,54.461005
-0.522857,54.447089
-0.521799,54.438056
-0.52359,54.430243
-0.520416,54.420071
-0.509999,54.411566
-0.476796,54.397203
-0.462758,54.388983
-0.447743,54.373196
-0.430572,54.349311
-0.418446,54.324042
-0.41804,54.303941
-0.41454,54.297309
-0.409006,54.290758
-0.401194,54.285631
-0.390736,54.283515
-0.394887,54.273139
-0.397572,54.269192
-0.389272,54.264065
-0.370473,54.247707
-0.362782,54.242499
-0.322011,54.23607
-0.31192,54.231635
-0.30012,54.224677
-0.277089,54.21776
-0.269602,54.207668
-0.262563,54.181098
-0.260365,54.176988
-0.233876,54.160468
-0.11144,54.131578
-0.07551,54.112128
-0.16393,54.083401
-0.194692,54.062323
-0.219472,54.022773
-0.197418,53.994818
-0.168691,53.929348
-0.151112,53.899319
-0.045155,53.801215
-0.023915,53.628852
-0.045033,53.625556
-0.069407,53.626939
-0.092275,53.631049
-0.11262,53.637519
-0.130035,53.646064
-0.225331,53.719916
-0.260365,53.735419
-0.295644,53.738796
-0.305165,53.739691
-0.431142,53.714301
-0.449696,53.714301
-0.510487,53.714301
-0.544423,53.709459
-0.551503,53.711168
-0.576243,53.725653
-0.579172,53.727973
-0.637034,53.732001
-0.658355,53.727973
-0.726471,53.700629
-0.717356,53.698676
-0.708567,53.695746
-0.700185,53.69184
-0.692454,53.686998
-0.67748,53.702826
-0.64981,53.710598
-0.619537,53.711859
-0.596181,53.708075
-0.555491,53.690497
-0.544749,53.68358
-0.529937,53.67768
-0.514027,53.681301
-0.486318,53.694485
-0.30724,53.71426
-0.279368,53.707099
-0.260365,53.686998
-0.188629,53.620429
-0.144032,53.606635
-0.113189,53.584621
-0.095937,53.577135
-0.060943,53.573961
-0.04662,53.57038
-3.096588,53.544338
-3.101918,53.558051
-3.099477,53.572008
-3.087636,53.587714
-3.02184,53.652818
-2.968658,53.694037
-2.960357,53.697577
-2.951731,53.708075
-2.911448,53.725043
-2.899037,53.735419
-2.984853,53.73607
-3.021474,53.745795
-3.049184,53.769517
-3.056386,53.803046
-3.044911,53.878485
-3.05663,53.906155
-3.040679,53.923529
-3.017568,53.931952
-2.925689,53.952704
-2.90925,53.953843
-2.896108,53.94774
-2.888539,53.946031
-2.885365,53.950507
-2.881988,53.956529
-2.874176,53.961656
-2.865142,53.965481
-2.857981,53.967597
-2.869252,53.978827
-2.834462,53.999823
-2.830068,54.016018
-2.847524,54.008368
-2.864858,54.004299
-2.895497,54.002346
-2.900299,54.00495
-2.916086,54.026557
-2.918202,54.034329
-2.911285,54.039984
-2.900787,54.044908
-2.892079,54.050116
-2.87267,54.071601
-2.858876,54.081
-2.826772,54.088813
-2.815175,54.098782
-2.795969,54.12519
-2.812815,54.139879
-2.836415,54.167589
-2.850942,54.184638
-2.854237,54.194078
-2.832875,54.199042
-2.810292,54.2119
-2.795237,54.229478
-2.795969,54.248725
-2.802805,54.248725
-2.80663,54.23371
-2.820872,54.221747
-2.850575,54.20775
-2.886383,54.196275
-2.904652,54.187649
-2.912668,54.176988
-2.9204,54.162055
-2.939198,54.155097
-2.984202,54.153144
-2.997711,54.159573
-3.011342,54.17414
-3.017323,54.19009
-3.008168,54.200344
-3.01537,54.2119
-3.024485,54.221584
-3.035756,54.225979
-3.049184,54.222073
-3.044667,54.208319
-3.047841,54.194322
-3.053538,54.181301
-3.05663,54.170233
-3.061025,54.161933
-3.090728,54.139472
-3.107655,54.118557
-3.117909,54.108832
-3.145253,54.100043
-3.14745,54.08869
-3.144399,54.075141
-3.145375,54.063788
-3.180531,54.092841
-3.189768,54.097886
-3.205719,54.098538
-3.219553,54.100775
-3.231109,54.105129
-3.240956,54.112128
-3.238108,54.12759
-3.232533,54.14468
-3.233144,54.159166
-3.248402,54.166815
-3.248402,54.173651
-3.215199,54.179836
-3.206776,54.20893
-3.209055,54.242743
-3.207387,54.263007
-3.223134,54.257636
-3.231353,54.247219
-3.240956,54.222073
-3.232167,54.202541
-3.247141,54.197943
-3.270131,54.199123
-3.286,54.197211
-3.306793,54.191881
-3.328521,54.204739
-3.364491,54.242499
-3.394195,54.26439
-3.407379,54.277737
-3.412913,54.293769
-3.41039,54.301459
-3.405995,54.309638
-3.404124,54.318549
-3.411448,54.33275
-3.413442,54.342963
-3.416331,54.344916
-3.440175,54.351752
-3.474273,54.3935
-3.497711,54.405829
-3.591868,54.4831
-3.608144,54.488267
-3.613189,54.491645
-3.623687,54.50609
-3.634185,54.512885
-3.62682,54.520413
-3.6162,54.527574
-3.611562,54.529934
-3.590321,54.564643
-3.563832,54.642768
-3.530141,54.688056
-3.516021,54.712877
-3.509185,54.721666
-3.500722,54.725979
-3.478871,54.730902
-3.468129,54.735297
-3.455434,54.745022
-3.439565,54.761461
-3.430979,54.780463
-3.440175,54.797431
-3.407541,54.856024
-3.387929,54.883368
-3.364491,54.899807
-3.34496,54.902533
-3.333363,54.897284
-3.322743,54.889879
-3.306467,54.886176
-3.295725,54.886908
-3.254628,54.899807
-3.267323,54.905504
-3.317291,54.920315
-3.291493,54.936672
-3.276519,54.943427
-3.213612,54.954413
-3.201039,54.952216
-3.193674,54.948635
-3.187978,54.944485
-3.180165,54.940823
-3.142812,54.933539
-3.122792,54.932685
-3.03954,54.94717
-3.02184,54.954413
-3.090728,54.954413
-3.090728,54.961249
-3.071523,54.963121
-3.056223,54.968817
-3.040924,54.97248
-3.02184,54.968085
-3.02184,54.975531
-3.046295,54.982123
-3.050282,54.981513
-3.135406,54.968085
-3.453847,54.981757
-3.470693,54.984442
-3.486236,54.989488
-3.501047,54.992499
-3.515289,54.989203
-3.512359,54.987128
-3.511464,54.986884
-3.510894,54.985989
-3.509185,54.981757
-3.526031,54.977118
-3.54186,54.980658
-3.570546,54.995429
-3.583608,54.968085
-3.575673,54.957343
-3.570627,54.937567
-3.568756,54.916002
-3.570546,54.899807
-3.581695,54.883612
-3.598378,54.877997
-3.691762,54.883205
-3.717641,54.880845
-3.739247,54.859809
-3.810129,54.866278
-3.807851,54.86107
-3.806793,54.860907
-3.803334,54.858873
-3.812367,54.85517
-3.819814,54.855902
-3.82608,54.859931
-3.831288,54.866278
-3.819976,54.878567
-3.815053,54.877143
-3.810129,54.872504
-3.811635,54.880032
-3.813222,54.883124
-3.816965,54.886176
-3.828847,54.874986
-3.844309,54.866278
-3.839752,54.855902
-3.837473,54.851996
-3.844106,54.850979
-3.8579,54.84455
-3.823842,54.824693
-3.833608,54.820054
-3.885732,54.806464
-3.964182,54.771918
-4.011708,54.768215
-4.042877,54.769477
-4.042877,54.776923
-4.046783,54.778022
-4.050201,54.778551
-4.053334,54.779975
-4.055776,54.782538
-4.052968,54.785468
-4.05016,54.789008
-4.049713,54.789984
-4.051747,54.800035
-4.047719,54.813056
-4.049957,54.823228
-4.063588,54.82685
-4.064036,54.831529
-4.078603,54.824123
-4.090077,54.80976
-4.093495,54.79267
-4.083852,54.776923
-4.122955,54.773017
-4.17394,54.792304
-4.209137,54.826239
-4.200551,54.866278
-4.215403,54.861029
-4.239735,54.843004
-4.255767,54.838324
-4.270741,54.839423
-4.345286,54.860175
-4.356923,54.865546
-4.365631,54.872504
-4.375152,54.886908
-4.379872,54.897895
-4.38679,54.904771
-4.402903,54.907294
-4.409006,54.903022
-4.416819,54.892808
-4.423573,54.880357
-4.426503,54.869452
-4.417226,54.845933
-4.409413,54.831244
-4.402903,54.824693
-4.386708,54.824164
-4.372426,54.821845
-4.359609,54.816636
-4.347646,54.807318
-4.344472,54.794501
-4.353179,54.783108
-4.358144,54.770982
-4.343861,54.756415
-4.356516,54.741889
-4.353261,54.720893
-4.348134,54.701972
-4.354726,54.693793
-4.360341,54.691596
-4.365305,54.686957
-4.371897,54.682278
-4.382395,54.68008
-4.405263,54.682074
-4.426503,54.687567
-4.451812,54.698798
-4.461171,54.701239
-4.496734,54.700629
-4.505605,54.704657
-4.563629,54.756415
-4.596669,54.775295
-4.714467,54.817857
-4.759592,54.825344
-4.781077,54.833075
-4.799631,54.861274
-4.821034,54.866645
-4.85912,54.866278
-4.883046,54.860093
-4.905873,54.849799
-4.925771,54.837388
-4.941029,54.824693
-4.949615,54.815823
-4.953684,54.810004
-4.954823,54.804755
-4.954701,54.797431
-4.95287,54.788967
-4.947906,54.77733
-4.940256,54.767035
-4.930165,54.762641
-4.923248,54.751858
-4.911936,54.728217
-4.895985,54.704535
-4.867258,54.690131
-4.866933,54.681464
-4.872141,54.663316
-4.872426,54.654039
-4.87206,54.649237
-4.85912,54.632961
-4.880605,54.636217
-4.923492,54.649726
-4.944081,54.652777
-4.953684,54.659735
-4.959869,54.675523
-4.958974,54.691962
-4.947255,54.701239
-4.954823,54.707465
-4.958892,54.714057
-4.959055,54.720933
-4.954701,54.728502
-4.973378,54.729722
-4.981557,54.731635
-4.988189,54.735297
-4.992665,54.74433
-4.99706,54.758368
-5.003285,54.771308
-5.01301,54.776923
-5.033193,54.782416
-5.128245,54.848944
-5.157135,54.879096
-5.175526,54.914618
-5.180653,54.954413
-5.177602,54.990546
-5.170806,55.008694
-5.156728,55.016547
-5.13561,55.015855
-5.124582,55.016791
-5.11974,55.019924
-5.115142,55.031562
-5.105214,55.02619
-5.09553,55.015082
-5.091868,55.009711
-5.076894,54.995551
-5.069488,54.986029
-5.064565,54.975531
-5.063791,54.964586
-5.065256,54.940334
-5.060862,54.931138
-5.047515,54.920315
-5.030995,54.911322
-5.013092,54.909613
-4.995595,54.920315
-4.992299,54.924262
-4.988189,54.92772
-4.988189,54.934556
-5.024078,54.976386
-5.029775,54.9855
-5.032501,54.99372
-5.03303,54.995266
-5.047027,55.015082
-5.050282,55.026801
-5.049672,55.048977
-5.047597,55.055732
-5.043446,55.064276
-5.025787,55.08869
-5.018951,55.10224
-5.016184,55.122626
-5.007802,55.141181
-4.988271,55.152655
-4.947255,55.167914
-4.882395,55.218573
-4.877553,55.220893
-4.867258,55.22248
-4.865305,55.225653
-4.86559,55.236314
-4.864817,55.24136
-4.841949,55.275092
-4.838002,55.284003
-4.837229,55.29385
-4.839752,55.315579
-4.838002,55.325019
-4.832509,55.331122
-4.799224,55.354722
-4.781077,55.363511
-4.773101,55.369371
-4.767161,55.379055
-4.758778,55.402289
-4.749257,55.413764
-4.71703,55.430487
-4.650502,55.448472
-4.626332,55.468411
-4.617787,55.495592
-4.62678,55.519721
-4.650787,55.537055
-4.687164,55.544135
-4.666249,55.562201
-4.666493,55.5633
-4.671132,55.584418
-4.692738,55.605211
-4.721995,55.619208
-4.776519,55.63288
-4.808746,55.633612
-4.818105,55.637193
-4.810618,55.646552
-4.810618,55.653998
-4.86856,55.675605
-4.90099,55.692328
-4.920522,55.708564
-4.876332,55.735256
-4.861073,55.756741
-4.865305,55.790473
-4.871734,55.802436
-4.877797,55.811021
-4.882721,55.821357
-4.888661,55.864529
-4.888824,55.865302
-4.892649,55.89289
-4.886464,55.919664
-4.872141,55.937201
-4.849355,55.948228
-4.818105,55.955634
-4.799387,55.957913
-4.785797,55.956977
-4.72232,55.94009
-4.705434,55.938463
-4.693959,55.941352
-4.672515,55.933783
-4.505971,55.919094
-4.481679,55.92829
-4.590606,55.941514
-4.630035,55.946275
-4.673451,55.961859
-4.724517,55.998358
-4.765045,56.007066
-4.783437,56.017646
-4.799224,56.030951
-4.810618,56.043769
-4.82372,56.073676
-4.82433,56.078518
-4.839182,56.080634
-4.844309,56.072984
-4.843739,56.062974
-4.837554,56.050605
-4.790151,56.010199
-4.77892,55.992092
-4.785308,55.984036
-4.803619,55.982082
-4.828033,55.982327
-4.851552,55.988023
-4.862294,56.002143
-4.865387,56.020209
-4.866851,56.058336
-4.865387,56.066718
-4.826324,56.124213
-4.755442,56.188381
-4.750885,56.202704
-4.755523,56.206529
-4.766265,56.202094
-4.779937,56.191474
-4.83727,56.124416
-4.851674,56.112616
-4.873118,56.112006
-4.880605,56.119859
-4.878977,56.150539
-4.883168,56.164008
-4.893544,56.174262
-4.907094,56.177069
-4.920522,56.167914
-4.909088,56.14997
-4.895253,56.114732
-4.88622,56.08039
-4.88915,56.064846
-4.901926,56.061916
-4.904368,56.054348
-4.900054,56.034125
-4.900054,56.014594
-4.89802,56.001166
-4.892649,55.989732
-4.906402,55.985745
-4.921457,55.988674
-4.937489,55.993842
-4.954701,55.996568
-4.954701,55.989732
-4.942006,55.986314
-4.928863,55.981147
-4.918446,55.973334
-4.913686,55.961859
-4.917388,55.947455
-4.927235,55.93769
-4.93871,55.929633
-4.947255,55.920844
-4.952138,55.909125
-4.954986,55.899359
-4.959218,55.890123
-4.968984,55.879869
-4.983144,55.871039
-4.99474,55.869818
-5.026357,55.873725
-5.04247,55.884752
-5.056752,55.910305
-5.066803,55.938788
-5.07079,55.958686
-5.110829,55.988959
-5.116038,56.001695
-5.123606,56.009914
-5.139638,56.002753
-5.123769,55.986314
-5.085683,55.931871
-5.078236,55.910956
-5.086537,55.901272
-5.105621,55.904975
-5.171539,55.935533
-5.180653,55.948432
-5.180653,55.969306
-5.190826,55.961737
-5.199615,55.948554
-5.205719,55.934516
-5.207916,55.924628
-5.212636,55.917141
-5.242055,55.89289
-5.218129,55.864691
-5.20816,55.84927
-5.20108,55.831488
-5.21939,55.831448
-5.263173,55.845771
-5.296702,55.852688
-5.307118,55.860419
-5.313385,55.885443
-5.319325,55.889106
-5.327219,55.891547
-5.334828,55.896674
-5.338287,55.903754
-5.339101,55.913031
-5.338287,55.931383
-5.33609,55.939195
-5.326161,55.950263
-5.323964,55.958686
-5.325754,55.967231
-5.338287,55.996568
-5.313629,56.012356
-5.204498,56.119452
-5.146474,56.133124
-5.104604,56.151516
-5.09496,56.157375
-5.059438,56.203111
-5.043446,56.216295
-5.013295,56.227607
-4.974965,56.237006
-4.940094,56.25141
-4.920522,56.277777
-4.9381,56.270982
-4.975087,56.247992
-4.991933,56.242987
-5.032704,56.241156
-5.04955,56.237047
-5.064565,56.229315
-5.075429,56.216986
-5.099436,56.181952
-5.108876,56.174709
-5.228139,56.129218
-5.310943,56.058051
-5.319936,56.054918
-5.338043,56.054104
-5.345693,56.051215
-5.345286,56.046129
-5.350209,56.031928
-5.356353,56.019761
-5.359364,56.020738
-5.368642,56.009426
-5.390289,56.005683
-5.415028,56.006903
-5.433827,56.010199
-5.43456,56.01496
-5.434722,56.023627
-5.437123,56.030015
-5.444407,56.027574
-5.447906,56.022284
-5.448232,56.016059
-5.447621,56.009426
-5.454986,55.955634
-5.451405,55.953437
-5.436431,55.948961
-5.430776,55.948188
-5.420806,55.92829
-5.416737,55.916815
-5.416005,55.907416
-5.412506,55.899604
-5.40038,55.89289
-5.40038,55.886705
-5.407216,55.886705
-5.407216,55.879869
-5.402943,55.87873
-5.392893,55.873725
-5.397694,55.871568
-5.402496,55.868354
-5.407216,55.866278
-5.351796,55.832424
-5.326772,55.80858
-5.317779,55.783026
-5.324574,55.769232
-5.338531,55.762641
-5.372426,55.756415
-5.387563,55.750312
-5.433461,55.721015
-5.444569,55.711615
-5.453969,55.700588
-5.461171,55.688137
-5.463612,55.679836
-5.466176,55.662177
-5.468617,55.653998
-5.490102,55.644599
-5.488271,55.640326
-5.484283,55.635728
-5.482289,55.63288
-5.483876,55.610053
-5.474762,55.603949
-5.462636,55.602037
-5.454986,55.591946
-5.46109,55.578803
-5.476918,55.574897
-5.488759,55.569078
-5.482289,55.550279
-5.503529,55.526516
-5.509633,55.516791
-5.51061,55.511461
-5.509633,55.49258
-5.510976,55.484442
-5.514272,55.483873
-5.518788,55.485175
-5.523264,55.482652
-5.545522,55.449164
-5.561513,55.435533
-5.584625,55.427436
-5.584625,55.42121
-5.572133,55.422309
-5.562082,55.419867
-5.55309,55.414537
-5.543691,55.406928
-5.527455,55.384345
-5.526682,55.380276
-5.514963,55.373684
-5.525054,55.358629
-5.557973,55.331855
-5.574371,55.322008
-5.594106,55.313137
-5.616282,55.306586
-5.639963,55.3039
-5.649526,55.305162
-5.669097,55.310858
-5.680898,55.311347
-5.691396,55.30858
-5.714019,55.29914
-5.725575,55.297065
-5.754547,55.297349
-5.772288,55.301256
-5.782867,55.313544
-5.794667,55.356391
-5.796702,55.379096
-5.791412,55.398627
-5.763417,55.412055
-5.725413,55.437567
-5.715647,55.447903
-5.71524,55.468899
-5.720123,55.491523
-5.721913,55.513861
-5.707753,55.543362
-5.712066,55.550727
-5.718861,55.557318
-5.721832,55.564602
-5.718129,55.575751
-5.694488,55.605536
-5.673329,55.640611
-5.669423,55.660712
-5.680898,55.674465
-5.626536,55.700629
-5.619456,55.711982
-5.613189,55.725775
-5.598297,55.742987
-5.581207,55.757636
-5.56786,55.763861
-5.539174,55.770941
-5.504628,55.789374
-5.4735,55.81566
-5.454986,55.845771
-5.551747,55.783637
-5.587473,55.767157
-5.599436,55.764228
-5.61262,55.763861
-5.605784,55.776842
-5.633209,55.782782
-5.646718,55.787502
-5.66039,55.797349
-5.667958,55.811021
-5.669016,55.837836
-5.674062,55.845771
-5.631988,55.881781
-5.6256,55.889838
-5.619374,55.903144
-5.60436,55.913642
-5.586293,55.923326
-5.571034,55.934516
-5.593495,55.927965
-5.627594,55.905341
-5.653798,55.89761
-5.671702,55.886908
-5.680898,55.886705
-5.687978,55.893378
-5.694163,55.904975
-5.696401,55.915961
-5.586822,56.01203
-5.57844,56.024482
-5.582672,56.028957
-5.57665,56.032538
-5.571034,56.037543
-5.583892,56.040717
-5.596425,56.036811
-5.609853,56.030015
-5.6256,56.024482
-5.631703,56.005927
-5.674875,55.977729
-5.674062,55.955634
-5.690785,55.937649
-5.694488,55.934516
-5.704498,55.936754
-5.707509,55.942572
-5.705881,55.949652
-5.701975,55.955634
-5.696441,55.982164
-5.659901,56.023261
-5.584625,56.084662
-5.581532,56.088284
-5.580068,56.092922
-5.577463,56.096991
-5.571034,56.099026
-5.564605,56.09809
-5.556549,56.095893
-5.550689,56.093492
-5.550526,56.09219
-5.547841,56.090033
-5.539459,56.086859
-5.531606,56.08633
-5.5301,56.09219
-5.534739,56.098538
-5.541412,56.102484
-5.547515,56.104885
-5.550526,56.106431
-5.556956,56.122219
-5.558705,56.130805
-5.554677,56.137397
-5.522532,56.165758
-5.515736,56.174709
-5.509633,56.188381
-5.539906,56.183417
-5.562489,56.167914
-5.582672,56.15058
-5.605784,56.13996
-5.599355,56.16059
-5.586415,56.181138
-5.569407,56.200263
-5.550526,56.216295
-5.559438,56.22956
-5.547231,56.24018
-5.525624,56.24726
-5.506174,56.249823
-5.49474,56.253119
-5.492828,56.260403
-5.499257,56.267646
-5.512685,56.270941
-5.55427,56.263495
-5.56314,56.260321
-5.572621,56.253852
-5.582346,56.248765
-5.592152,56.249823
-5.598053,56.258612
-5.59557,56.269924
-5.584625,56.290758
-5.572581,56.32807
-5.562734,56.341051
-5.543691,56.352851
-5.525217,56.346625
-5.498199,56.348334
-5.44811,56.359687
-5.44811,56.365912
-5.472157,56.364936
-5.51537,56.356838
-5.537506,56.359687
-5.517323,56.392768
-5.509633,56.400621
-5.498931,56.404731
-5.486073,56.408108
-5.478017,56.412909
-5.482289,56.421129
-5.457021,56.440863
-5.423573,56.450019
-5.322865,56.454983
-5.242055,56.442206
-5.20873,56.446845
-5.181874,56.459662
-5.11852,56.507758
-5.085683,56.548774
-5.064565,56.565131
-5.086537,56.558498
-5.099599,56.543647
-5.110585,56.525865
-5.125966,56.510484
-5.1669,56.490058
-5.190175,56.468655
-5.20108,56.462104
-5.243764,56.459215
-5.350168,56.472968
-5.378082,56.45897
-5.394276,56.465481
-5.410553,56.503648
-5.424143,56.500067
-5.435943,56.491156
-5.454986,56.46955
-5.468617,56.475735
-5.433339,56.523627
-5.427642,56.537828
-5.403798,56.524604
-5.379262,56.519192
-5.356679,56.51968
-5.338287,56.524156
-5.290517,56.544664
-5.265045,56.551215
-5.252553,56.556342
-5.242055,56.565131
-5.275624,56.553616
-5.286773,56.552069
-5.306793,56.552802
-5.310943,56.552069
-5.327707,56.544664
-5.338694,56.542304
-5.360341,56.532213
-5.372426,56.530341
-5.384348,56.533433
-5.400502,56.543647
-5.41393,56.544664
-5.410878,56.552069
-5.407297,56.555325
-5.402699,56.55744
-5.396637,56.561713
-5.39269,56.566474
-5.389312,56.574897
-5.386627,56.578803
-5.360707,56.606269
-5.351918,56.612942
-5.310862,56.633612
-5.304514,56.640163
-5.298451,56.64643
-5.317779,56.653876
-5.317779,56.661322
-5.309071,56.664252
-5.286773,56.674994
-5.261464,56.673326
-5.248199,56.674058
-5.218902,56.688666
-5.196441,56.688666
-5.15331,56.68122
-5.132639,56.684516
-5.093373,56.699042
-5.012807,56.709296
-4.995595,56.715969
-5.160553,56.695868
-5.238271,56.71662
-5.238515,56.722561
-5.228424,56.736477
-5.222076,56.741523
-5.154652,56.782294
-5.136383,56.798774
-5.11974,56.818427
-5.179067,56.789252
-5.187489,56.781155
-5.191762,56.774644
-5.20226,56.76911
-5.21467,56.765204
-5.224965,56.763739
-5.233469,56.760688
-5.23705,56.753363
-5.238922,56.744452
-5.242055,56.736477
-5.255238,56.721584
-5.268463,56.71308
-5.283355,56.709377
-5.301015,56.708564
-5.309804,56.706488
-5.319163,56.697496
-5.340159,56.693061
-5.348378,56.687201
-5.359364,56.674994
-5.388051,56.655219
-5.403879,56.649237
-5.424224,56.64704
-5.434397,56.64289
-5.44872,56.624579
-5.458119,56.620347
-5.470774,56.618394
-5.482574,56.613267
-5.493316,56.606391
-5.533437,56.572903
-5.599599,56.529039
-5.667388,56.498481
-5.674062,56.496894
-5.683013,56.500637
-5.694692,56.513861
-5.705393,56.516669
-5.721791,56.5185
-5.740834,56.523261
-5.758209,56.529975
-5.770253,56.537828
-5.755198,56.554023
-5.751047,56.561998
-5.749135,56.571967
-5.756663,56.571967
-5.793853,56.54328
-5.85436,56.550482
-6.003407,56.61872
-6.009836,56.626532
-6.008168,56.642279
-5.998036,56.649888
-5.98351,56.652818
-5.933583,56.654731
-5.899037,56.650824
-5.866851,56.641547
-5.839182,56.626532
-5.831695,56.633979
-5.855621,56.644721
-5.86559,56.651435
-5.865834,56.661322
-5.759999,56.700751
-5.735504,56.702338
-5.672597,56.684149
-5.647369,56.68122
-5.594146,56.683336
-5.564809,56.687649
-5.543691,56.695461
-5.636545,56.688666
-5.658559,56.690741
-5.708852,56.708564
-5.749989,56.714545
-5.859039,56.68122
-5.896799,56.675116
-5.907379,56.674994
-5.920318,56.677965
-5.942738,56.686754
-5.955556,56.688666
-6.024892,56.685696
-6.098622,56.696967
-6.12385,56.695624
-6.143544,56.684882
-6.161733,56.678209
-6.186594,56.681098
-6.209625,56.688463
-6.222768,56.695461
-6.228179,56.701077
-6.232533,56.706529
-6.235341,56.712388
-6.236399,56.719062
-6.234486,56.728583
-6.229563,56.729071
-6.222768,56.7272
-6.215321,56.729641
-6.193471,56.748521
-6.180531,56.754625
-6.026967,56.763739
-6.014882,56.767035
-5.979888,56.781562
-5.965199,56.784857
-5.948232,56.782538
-5.937978,56.776923
-5.928538,56.769965
-5.913645,56.763739
-5.860911,56.7508
-5.852203,56.746975
-5.853342,56.75788
-5.858144,56.768459
-5.868398,56.775865
-5.886342,56.777411
-5.886342,56.784857
-5.874013,56.785712
-5.861806,56.785102
-5.850087,56.782457
-5.839182,56.777411
-5.824615,56.787584
-5.802073,56.791815
-5.776601,56.787991
-5.756663,56.784857
-5.831695,56.805365
-5.850819,56.81802
-5.851186,56.828925
-5.837473,56.836615
-5.733876,56.844794
-5.692738,56.854926
-5.66039,56.872992
-5.673573,56.876532
-5.692006,56.875312
-5.708485,56.870551
-5.724355,56.853827
-5.744496,56.854153
-5.783925,56.859931
-5.77538,56.86994
-5.735504,56.89411
-5.780588,56.898749
-5.874867,56.887152
-5.921132,56.89411
-5.887563,56.899115
-5.852203,56.900336
-5.852203,56.907701
-5.859853,56.910549
-5.880116,56.922024
-5.862538,56.933743
-5.85143,56.95425
-5.842519,56.977444
-5.831695,56.997138
-5.814117,57.009508
-5.786041,57.020575
-5.755238,57.026557
-5.729319,57.02383
-5.719879,57.017564
-5.699941,56.998114
-5.688303,56.989691
-5.674062,56.983588
-5.658559,56.979478
-5.6256,56.97663
-5.571278,56.983832
-5.523264,56.997138
-5.523264,57.003974
-5.540435,57.001166
-5.556508,56.99608
-5.571278,56.993313
-5.584625,56.997138
-5.607086,56.988511
-5.628814,56.991889
-5.649892,56.999661
-5.670318,57.003974
-5.685536,57.009589
-5.681711,57.022406
-5.680043,57.0362
-5.701975,57.044908
-5.710927,57.044176
-5.731353,57.039008
-5.74234,57.038072
-5.752553,57.040595
-5.769602,57.04975
-5.780181,57.051744
-5.791127,57.059272
-5.776194,57.075832
-5.734486,57.105414
-5.722646,57.116441
-5.715647,57.120063
-5.703277,57.120754
-5.673695,57.119045
-5.663482,57.123725
-5.645863,57.129462
-5.620839,57.124091
-5.57844,57.106391
-5.558258,57.100409
-5.459828,57.099799
-5.454986,57.102973
-5.447418,57.110175
-5.430776,57.110745
-5.414296,57.108222
-5.407216,57.106391
-5.40038,57.106391
-5.40038,57.113837
-5.420033,57.120673
-5.503896,57.112698
-5.527415,57.107489
-5.540639,57.106391
-5.547719,57.110093
-5.573313,57.127875
-5.584625,57.133694
-5.668446,57.14765
-5.680898,57.157904
-5.673818,57.174994
-5.638824,57.202379
-5.6256,57.216254
-5.644154,57.233222
-5.620107,57.252143
-5.578236,57.26675
-5.543691,57.270901
-5.511586,57.257636
-5.480092,57.237006
-5.446278,57.223049
-5.407216,57.229926
-5.407216,57.236721
-5.448842,57.242092
-5.458119,57.246649
-5.47289,57.261217
-5.4829,57.268012
-5.492502,57.270901
-5.501943,57.277655
-5.488922,57.292426
-5.464833,57.306627
-5.440663,57.311835
-5.440663,57.319281
-5.464996,57.324937
-5.48176,57.316718
-5.494293,57.304429
-5.506174,57.298163
-5.523427,57.295152
-5.558461,57.28144
-5.57844,57.277655
-5.599436,57.279242
-5.637441,57.289008
-5.656972,57.291327
-5.700063,57.283596
-5.72057,57.284491
-5.729319,57.298163
-5.72525,57.301581
-5.701975,57.332343
-5.693756,57.337104
-5.671986,57.344428
-5.663482,57.349677
-5.654368,57.353949
-5.647206,57.349921
-5.641469,57.343207
-5.636545,57.339789
-5.613189,57.341986
-5.501291,57.370998
-5.456654,57.393541
-5.44811,57.421698
-5.465077,57.423896
-5.492055,57.408759
-5.537506,57.373928
-5.563466,57.363105
-5.586659,57.365058
-5.610911,57.371405
-5.639963,57.373928
-5.61559,57.382473
-5.607086,57.389106
-5.609202,57.397773
-5.617747,57.410102
-5.619618,57.416693
-5.624013,57.416409
-5.639963,57.408026
-5.707183,57.359768
-5.732411,57.352769
-5.784576,57.348578
-5.807769,57.354926
-5.824859,57.394355
-5.822255,57.3935
-5.817372,57.395209
-5.812856,57.398098
-5.811187,57.40119
-5.813873,57.404527
-5.82311,57.41234
-5.824859,57.415473
-5.825266,57.4289
-5.821889,57.435533
-5.811187,57.442206
-5.821523,57.445461
-5.852528,57.450385
-5.859039,57.452704
-5.861195,57.463446
-5.870513,57.48078
-5.87267,57.49372
-5.8697,57.500881
-5.856068,57.517808
-5.852203,57.524115
-5.851064,57.538398
-5.851471,57.551093
-5.847076,57.558905
-5.831695,57.558824
-5.833852,57.563381
-5.837026,57.574774
-5.839182,57.579291
-5.821401,57.583197
-5.803619,57.581366
-5.786366,57.575181
-5.732574,57.545233
-5.715647,57.538398
-5.707021,57.542304
-5.689768,57.527899
-5.680898,57.524115
-5.650868,57.512641
-5.639963,57.511054
-5.645334,57.516669
-5.648305,57.521877
-5.650543,57.526801
-5.653554,57.531562
-5.581532,57.538398
-5.540273,57.534491
-5.516835,57.534857
-5.512685,57.54149
-5.543121,57.555365
-5.588368,57.561021
-5.632721,57.557685
-5.66039,57.544582
-5.694488,57.566311
-5.689198,57.569403
-5.680898,57.579291
-5.714223,57.582709
-5.731679,57.598293
-5.744252,57.617987
-5.762807,57.633979
-5.778147,57.637437
-5.793609,57.638577
-5.805898,57.642646
-5.811187,57.655097
-5.805409,57.667182
-5.785024,57.679511
-5.790761,57.688544
-5.790761,57.69599
-5.75357,57.707465
-5.734486,57.707953
-5.704986,57.690131
-5.692494,57.691067
-5.681956,57.698717
-5.674062,57.709662
-5.68517,57.711412
-5.692291,57.716498
-5.698842,57.72309
-5.708852,57.72956
-5.72053,57.733385
-5.803822,57.743842
-5.806956,57.754625
-5.802073,57.780585
-5.803822,57.792222
-5.801259,57.800442
-5.809926,57.820624
-5.811187,57.833197
-5.807362,57.84394
-5.799957,57.853705
-5.78954,57.862006
-5.776519,57.867906
-5.751129,57.873358
-5.724762,57.873521
-5.698638,57.869086
-5.674062,57.8605
-5.677887,57.84691
-5.674794,57.827094
-5.667958,57.806952
-5.66039,57.792222
-5.650543,57.781806
-5.637359,57.774237
-5.622141,57.770209
-5.605784,57.770494
-5.613271,57.775214
-5.617909,57.780219
-5.6256,57.792222
-5.613026,57.792629
-5.603261,57.791083
-5.584625,57.784817
-5.591176,57.804429
-5.587026,57.81859
-5.585276,57.831448
-5.598988,57.846869
-5.637563,57.86636
-5.65038,57.877753
-5.639963,57.887844
-5.647694,57.888983
-5.650787,57.890815
-5.653554,57.89468
-5.643951,57.904202
-5.620758,57.920885
-5.61262,57.928778
-5.598215,57.919013
-5.58731,57.915107
-5.550526,57.915107
-5.556264,57.887763
-5.527903,57.86758
-5.48705,57.855862
-5.454986,57.853705
-5.461171,57.8605
-5.449045,57.869127
-5.437123,57.89765
-5.427642,57.908271
-5.414906,57.908149
-5.369496,57.897528
-5.355621,57.891262
-5.327504,57.873277
-5.293853,57.862047
-5.221588,57.846869
-5.236318,57.860785
-5.247548,57.867011
-5.276763,57.874172
-5.320668,57.898505
-5.384918,57.91413
-5.392893,57.918199
-5.394399,57.923896
-5.39684,57.926215
-5.397328,57.9289
-5.392893,57.935614
-5.386545,57.936428
-5.378977,57.93183
-5.371734,57.931057
-5.3662,57.943061
-5.347157,57.936713
-5.319163,57.91474
-5.297353,57.908271
-5.286,57.908759
-5.266957,57.914008
-5.256256,57.915107
-5.243642,57.912909
-5.221018,57.904039
-5.211293,57.902086
-5.198801,57.897773
-5.162262,57.878485
-5.119985,57.867987
-5.091135,57.840318
-5.07079,57.833197
-5.076487,57.838528
-5.083404,57.847561
-5.089345,57.857245
-5.091868,57.864203
-5.097157,57.870917
-5.197255,57.917873
-5.221588,57.921332
-5.221588,57.928778
-5.201894,57.928656
-5.193959,57.935981
-5.195546,57.947659
-5.204498,57.96015
-5.216705,57.965888
-5.248891,57.969387
-5.263173,57.976549
-5.292633,57.980618
-5.333892,58.008531
-5.359364,58.011379
-5.357167,58.014065
-5.356679,58.014879
-5.351918,58.017524
-5.366933,58.028876
-5.386586,58.032538
-5.427642,58.031195
-5.424306,58.035549
-5.422353,58.038967
-5.419586,58.04206
-5.41393,58.045478
-5.41393,58.052314
-5.447011,58.084377
-5.42809,58.097968
-5.390045,58.09219
-5.3662,58.065985
-5.344309,58.075507
-5.322865,58.071723
-5.300771,58.070136
-5.276763,58.086412
-5.28307,58.086412
-5.278066,58.096259
-5.278798,58.105373
-5.283559,58.113471
-5.290517,58.120551
-5.276763,58.120551
-5.276763,58.127387
-5.297353,58.134833
-5.284088,58.140082
-5.255523,58.143785
-5.242055,58.147895
-5.242055,58.155341
-5.275054,58.154527
-5.290842,58.156317
-5.304799,58.162095
-5.297353,58.168402
-5.304799,58.173326
-5.313059,58.177314
-5.321889,58.180243
-5.331451,58.182034
-5.329335,58.186713
-5.326161,58.198432
-5.323964,58.203111
-5.336822,58.203192
-5.346791,58.206855
-5.392893,58.244696
-5.392079,58.261379
-5.375885,58.264228
-5.352895,58.258938
-5.31078,58.243394
-5.293853,58.240912
-5.276967,58.243394
-5.237294,58.257636
-5.216054,58.26142
-5.194325,58.259996
-5.173207,58.250922
-5.165639,58.258246
-5.152252,58.264838
-5.138336,58.269599
-5.129384,58.271389
-5.111562,58.268256
-5.081288,58.254096
-5.067698,58.250922
-5.01773,58.253241
-5.002431,58.250922
-4.933583,58.223049
-4.94343,58.233588
-4.954823,58.239814
-4.982004,58.250922
-4.968861,58.256781
-4.940338,58.259467
-4.926747,58.264594
-4.990224,58.27143
-5.009918,58.271389
-5.018056,58.268622
-5.029368,58.259711
-5.040028,58.257758
-5.05012,58.259914
-5.070709,58.269232
-5.081654,58.271389
-5.096425,58.27676
-5.125966,58.300198
-5.13622,58.305569
-5.137441,58.309272
-5.156361,58.324612
-5.160146,58.326606
-5.167795,58.33926
-5.17101,58.346666
-5.173207,58.353949
-5.15331,58.353949
-5.163401,58.364569
-5.162913,58.374498
-5.155914,58.384467
-5.146474,58.394965
-5.145497,58.400051
-5.146718,58.406643
-5.14684,58.412421
-5.143056,58.414781
-5.135487,58.413764
-5.122222,58.409573
-5.116038,58.408596
-5.057973,58.387274
-5.016184,58.388129
-5.043935,58.400092
-5.053375,58.406643
-5.050282,58.414781
-5.057037,58.422187
-5.066151,58.417141
-5.076161,58.414496
-5.086822,58.413886
-5.098053,58.414781
-5.098053,58.422187
-5.088124,58.421942
-5.085032,58.422187
-5.085032,58.429023
-5.091786,58.429755
-5.096018,58.431464
-5.10554,58.43651
-5.05012,58.453803
-5.025543,58.447699
-4.995595,58.43651
-5.10554,58.487372
-5.105621,58.505561
-5.103668,58.514228
-5.095855,58.518866
-5.042795,58.535468
-5.027984,58.544094
-5.016184,58.559394
-5.022939,58.559394
-5.015207,58.580064
-5.011586,58.600572
-5.004954,58.617743
-4.988189,58.628323
-4.859486,58.613227
-4.835927,58.605048
-4.818105,58.592922
-4.817942,58.587592
-4.812815,58.571967
-4.806752,58.558417
-4.803822,58.559394
-4.804596,58.548326
-4.80724,58.539618
-4.811635,58.53205
-4.818105,58.524644
-4.799794,58.532457
-4.791819,58.541653
-4.789906,58.551744
-4.790151,58.562486
-4.785756,58.577053
-4.777089,58.583319
-4.771596,58.590399
-4.776519,58.607164
-4.75886,58.599107
-4.728017,58.57746
-4.711334,58.573065
-4.683258,58.56151
-4.6704,58.559394
-4.660024,58.555854
-4.659291,58.547553
-4.663238,58.538398
-4.667307,58.53205
-4.679026,58.523912
-4.714467,58.505601
-4.732411,58.480455
-4.751536,58.461615
-4.760976,58.447984
-4.742421,58.44953
-4.682973,58.484565
-4.673451,58.487372
-4.66686,58.502916
-4.650502,58.509955
-4.630442,58.51496
-4.612131,58.524644
-4.601064,58.541938
-4.595123,58.560004
-4.58495,58.574164
-4.560536,58.579901
-4.517486,58.575507
-4.475494,58.565619
-4.426503,58.546373
-4.426503,58.538886
-4.427887,58.535305
-4.4287,58.534735
-4.426503,58.524644
-4.449941,58.510199
-4.464752,58.492011
-4.477651,58.47134
-4.495351,58.44953
-4.478098,58.453559
-4.461171,58.46247
-4.433909,58.483629
-4.432729,58.487616
-4.43399,58.492377
-4.434234,58.496283
-4.430165,58.497992
-4.425933,58.499091
-4.385365,58.522406
-4.382395,58.524644
-4.343861,58.538886
-4.317006,58.545722
-4.306996,58.546373
-4.28718,58.542914
-4.257314,58.527981
-4.234731,58.524644
-4.248931,58.53205
-4.238189,58.536444
-4.232249,58.542426
-4.227691,58.548163
-4.221018,58.551947
-4.209706,58.552924
-4.190785,58.547838
-4.176991,58.546373
-4.168202,58.549384
-4.160553,58.562567
-4.149322,58.565619
-4.111195,58.565619
-4.09024,58.562079
-4.081451,58.561835
-4.070221,58.565619
-4.061513,58.572821
-4.048818,58.589586
-4.039784,58.592922
-4.030629,58.594062
-4.029042,58.59516
-4.027821,58.592719
-4.009267,58.57331
-4.003774,58.570624
-3.981435,58.573065
-3.895741,58.565619
-3.810129,58.573065
-3.766957,58.583726
-3.698354,58.611151
-3.659901,58.620836
-3.597564,58.627143
-3.5655,58.626614
-3.542592,58.620836
-3.55248,58.615465
-3.556264,58.614
-3.532053,58.602118
-3.504018,58.603339
-3.447011,58.614
-3.391469,58.600653
-3.364084,58.600816
-3.350819,58.620836
-3.367747,58.624701
-3.386057,58.631741
-3.402252,58.642035
-3.412913,58.655585
-3.390045,58.67178
-3.374867,58.677069
-3.358266,58.675482
-3.35436,58.670152
-3.351796,58.660834
-3.34789,58.652045
-3.340566,58.648139
-3.309885,58.648139
-3.244252,58.659003
-3.204091,58.661119
-3.151926,58.641262
-3.118764,58.641099
-3.052887,58.648139
-3.019114,58.640326
-3.02538,58.622138
-3.044423,58.60163
-3.049184,58.586737
-3.060455,58.578437
-3.075429,58.56037
-3.084543,58.551947
-3.110748,58.538642
-3.118031,58.53205
-3.129262,58.512641
-3.129303,58.496405
-3.118723,58.484442
-3.097524,58.477484
-3.085072,58.478258
-3.073964,58.481676
-3.064443,58.482978
-3.05663,58.477484
-3.053334,58.465766
-3.057729,58.456855
-3.066762,58.451158
-3.077056,58.44953
-3.086334,58.414211
-3.129791,58.369289
-3.182769,58.328437
-3.22053,58.305569
-3.262278,58.292629
-3.349843,58.276109
-3.384999,58.264594
-3.4381,58.236029
-3.447011,58.226752
-3.454742,58.21015
-3.473459,58.193427
-3.515289,58.168402
-3.735015,58.07217
-3.809193,58.051907
-3.827504,58.04206
-3.836252,58.03144
-3.846099,58.011176
-3.851715,58.003892
-3.860585,57.998928
-3.88561,57.9914
-3.917307,57.987454
-3.981435,57.963568
-3.990956,57.960395
-3.99767,57.954413
-4.001373,57.946112
-4.001943,57.935614
-4.0183,57.940619
-4.023061,57.943061
-4.016184,57.949286
-4.030141,57.953192
-4.055776,57.954983
-4.084381,57.964179
-4.089101,57.96015
-4.086334,57.95189
-4.077626,57.943061
-4.062652,57.936957
-4.031484,57.936184
-4.016184,57.932196
-4.009429,57.92768
-3.988271,57.908271
-4.008941,57.889594
-4.013824,57.87934
-4.009348,57.867906
-4.025136,57.868069
-4.05484,57.874335
-4.070221,57.874172
-4.079335,57.870266
-4.096913,57.857367
-4.10497,57.853705
-4.132924,57.854153
-4.190419,57.870063
-4.21817,57.874172
-4.298899,57.862779
-4.320953,57.871039
-4.353179,57.895209
-4.372304,57.904486
-4.392405,57.908271
-4.339589,57.865709
-4.307729,57.851467
-4.269399,57.846869
-4.229075,57.857245
-4.208241,57.859198
-4.190582,57.850287
-4.173451,57.839016
-4.149729,57.82982
-4.133453,57.830146
-4.139068,57.846869
-4.075063,57.823188
-4.039906,57.818183
-3.98351,57.842353
-3.951487,57.838324
-3.933705,57.82567
-3.947336,57.81269
-3.914784,57.807685
-3.877675,57.816718
-3.841868,57.834906
-3.813547,57.857123
-3.798451,57.866523
-3.786041,57.865424
-3.779449,57.855658
-3.782216,57.839423
-3.790028,57.830715
-3.926015,57.734809
-3.948842,57.724921
-3.975209,57.703274
-3.988271,57.69599
-4.008046,57.693793
-4.023671,57.697821
-4.028635,57.707709
-4.016184,57.723334
-4.042958,57.737291
-4.077952,57.730292
-4.155344,57.692572
-4.168568,57.689439
-4.194,57.688544
-4.259267,57.678697
-4.277821,57.680609
-4.294789,57.680162
-4.302154,57.668606
-4.308827,57.654853
-4.324045,57.648261
-4.338206,57.645087
-4.403188,57.609524
-4.41218,57.602973
-4.420318,57.592963
-4.428456,57.577541
-4.423451,57.576809
-4.409901,57.582465
-4.379872,57.589342
-4.365102,57.597235
-4.351064,57.607367
-4.34081,57.617174
-4.328725,57.626288
-4.283111,57.641425
-4.244537,57.663031
-4.201894,57.674994
-4.193756,57.675523
-4.18224,57.672797
-4.169016,57.663764
-4.118723,57.657701
-4.096791,57.658108
-4.080719,57.664984
-4.068105,57.672309
-4.024648,57.687201
-4.009348,57.688544
-4.004506,57.675971
-4.025258,57.655219
-4.054189,57.635728
-4.083404,57.623358
-4.11856,57.592963
-4.115468,57.587836
-4.112294,57.584133
-4.108876,57.581448
-4.10497,57.579291
-4.151357,57.57685
-4.170644,57.570746
-4.187489,57.558824
-4.17809,57.549547
-4.184926,57.548163
-4.207997,57.552069
-4.262603,57.552069
-4.262603,57.544582
-4.233957,57.545111
-4.220286,57.543402
-4.207997,57.538398
-4.226308,57.515448
-4.237457,57.505316
-4.248931,57.497463
-4.212799,57.492174
-4.194814,57.491604
-4.173899,57.497463
-4.157623,57.50849
-4.150054,57.515041
-4.149322,57.51789
-4.12678,57.518866
-4.1162,57.521796
-4.097524,57.536689
-4.082997,57.54442
-4.067291,57.549954
-4.053131,57.552069
-4.034983,57.556871
-4.046457,57.567857
-4.083852,57.586127
-4.05602,57.58515
-3.964345,57.592963
-3.868276,57.587877
-3.837473,57.592963
-3.684804,57.654446
-3.625152,57.661933
-3.632558,57.650946
-3.637685,57.646226
-3.645619,57.641425
-3.632476,57.635647
-3.619618,57.636217
-3.606068,57.639472
-3.590972,57.641425
-3.611562,57.668118
-3.574778,57.661119
-3.554921,57.659857
-3.535756,57.661933
-3.521474,57.667792
-3.505442,57.678656
-3.495961,57.691352
-3.501698,57.702826
-3.491851,57.713121
-3.482818,57.714016
-3.473053,57.711005
-3.460683,57.709662
-3.447865,57.71247
-3.421254,57.721381
-3.409169,57.723334
-3.284739,57.720445
-3.210072,57.693996
-3.078684,57.66942
-3.034901,57.668606
-2.994496,57.675523
-2.932688,57.699612
-2.916086,57.702826
-2.758046,57.702826
-2.75121,57.700629
-2.741119,57.690863
-2.731068,57.688544
-2.719879,57.690619
-2.711537,57.693996
-2.703521,57.694729
-2.692942,57.688544
-2.658925,57.697455
-2.573394,57.681464
-2.541982,57.682359
-2.526112,57.668606
-2.518137,57.670111
-2.511057,57.677802
-2.497955,57.682359
-2.480051,57.68122
-2.432851,57.668118
-2.425526,57.675727
-2.417795,57.674262
-2.408762,57.669623
-2.398061,57.668118
-2.386586,57.671576
-2.369496,57.680569
-2.360504,57.682359
-2.341054,57.675849
-2.328969,57.674058
-2.323598,57.678941
-2.320546,57.684556
-2.313385,57.689927
-2.304067,57.693996
-2.295644,57.69599
-2.274322,57.693834
-2.230133,57.679145
-2.20995,57.675523
-2.184071,57.678453
-2.124338,57.702826
-2.108144,57.704983
-1.99767,57.702826
-1.996938,57.699042
-1.990834,57.690375
-1.982167,57.681098
-1.9735,57.675523
-1.961293,57.674709
-1.944732,57.682563
-1.932485,57.682359
-1.925689,57.678168
-1.914215,57.66474
-1.829457,57.613471
-1.820465,57.59634
-1.817006,57.578192
-1.811391,57.560492
-1.79601,57.544582
-1.79601,57.538398
-1.800038,57.525865
-1.78954,57.514838
-1.761138,57.497463
-1.77538,57.496527
-1.782135,57.489
-1.781239,57.480414
-1.771718,57.476264
-1.759348,57.473578
-1.76594,57.467434
-1.789174,57.456448
-1.830149,57.426174
-1.847483,57.408149
-1.849965,57.394355
-1.954498,57.341132
-1.980295,57.319281
-2.044667,57.226508
-2.068512,57.174628
-2.074127,57.154202
-2.071401,57.135565
-2.052358,57.127427
-2.049306,57.118842
-2.065256,57.100531
-2.065826,57.09984
-2.156158,57.020697
-2.18692,56.984687
-2.200103,56.948717
-2.197133,56.940253
-2.191233,56.934149
-2.186269,56.926744
-2.186391,56.914537
-2.191314,56.908922
-2.209706,56.895819
-2.213694,56.890692
-2.219879,56.872626
-2.234609,56.861396
-2.268951,56.84634
-2.295806,56.825263
-2.319814,56.801581
-2.33609,56.790839
-2.391835,56.771186
-2.408681,56.762926
-2.426422,56.751288
-2.435943,56.740383
-2.440745,56.734849
-2.45165,56.690985
-2.463735,56.678778
-2.477406,56.668687
-2.487457,56.653876
-2.487538,56.646064
-2.481272,56.632392
-2.480621,56.626532
-2.486195,56.619574
-2.504058,56.608832
-2.514556,56.591498
-2.530019,56.580756
-2.623769,56.543402
-2.64094,56.522366
-2.661366,56.514228
-2.699778,56.503648
-2.70873,56.495998
-2.727651,56.46955
-2.737294,56.467027
-2.744374,56.46955
-2.752309,56.473619
-2.764801,56.475735
-2.819325,56.4713
-3.055653,56.452135
-3.060618,56.451728
-3.099273,56.441881
-3.133901,56.426947
-3.238189,56.367743
-3.280181,56.357896
-3.323476,56.365912
-4.612131,54.056952
-4.598948,54.083889
-4.590932,54.091051
-4.579579,54.094428
-4.563832,54.096829
-4.549794,54.100653
-4.543772,54.108466
-4.529286,54.119086
-4.474599,54.140815
-4.475494,54.153144
-4.446889,54.169135
-4.412587,54.18008
-4.390777,54.194729
-4.399159,54.222073
-4.371816,54.231269
-4.365631,54.235053
-4.359771,54.242255
-4.35436,54.251532
-4.348256,54.259508
-4.34081,54.263007
-4.326731,54.280341
-4.320953,54.283515
-4.31192,54.287177
-4.313222,54.2956
-4.319407,54.304592
-4.324696,54.310207
-4.332183,54.313422
-4.350494,54.314765
-4.358225,54.317613
-4.363759,54.324286
-4.370229,54.340888
-4.3756,54.348334
-4.377553,54.361884
-4.357086,54.3994
-4.351308,54.413804
-4.367787,54.419013
-4.385732,54.415717
-4.404449,54.409654
-4.442006,54.404364
-4.495351,54.385891
-4.530995,54.366116
-4.554596,54.339179
-4.598378,54.276597
-4.612457,54.265448
-4.643056,54.249416
-4.663971,54.233547
-4.68814,54.223782
-4.710276,54.220649
-4.71227,54.21662
-4.71109,54.209906
-4.714467,54.200344
-4.723785,54.185452
-4.727651,54.172593
-4.728139,54.142564
-4.737172,54.124905
-4.770863,54.096829
-4.769683,54.07746
-4.777089,54.076239
-4.781321,54.074774
-4.78482,54.073065
-4.790151,54.071234
-4.790151,54.063788
-4.766225,54.059231
-4.745595,54.067369
-4.725982,54.079006
-4.704498,54.084866
-4.689687,54.081529
-4.67101,54.067043
-4.656402,54.063788
-4.643219,54.066596
-4.631256,54.070624
-4.620758,54.069648
-4.612131,54.056952
-8.524892,55.009711
-8.530385,55.01435
-8.536366,55.016588
-8.543528,55.015326
-8.552235,55.009711
-8.550526,55.008002
-8.547434,55.005357
-8.5454,55.002875
-8.550933,55.001532
-8.565826,54.995429
-8.563588,54.987738
-8.562734,54.986396
-8.563385,54.986151
-8.565826,54.981757
-8.565826,54.975531
-8.549306,54.968411
-8.527415,54.967515
-8.483957,54.975531
-8.488189,54.991767
-8.496571,55.000678
-8.509023,55.005561
-8.524892,55.009711
-6.236399,55.311347
-6.249623,55.310289
-6.261464,55.307522
-6.272532,55.303046
-6.283559,55.297065
-6.26061,55.295071
-6.235829,55.296698
-6.21109,55.295315
-6.187978,55.284003
-6.191762,55.279364
-6.19286,55.275784
-6.193267,55.270982
-6.194814,55.262926
-6.187571,55.269355
-6.17809,55.280585
-6.171864,55.293199
-6.174306,55.3039
-6.184804,55.30683
-6.236399,55.311347
-5.07079,55.509345
-5.111562,55.519924
-5.11974,55.523627
-5.125234,55.536933
-5.116038,55.540432
-5.101674,55.540717
-5.091868,55.544135
-5.094228,55.566555
-5.137441,55.592027
-5.125966,55.605536
-5.145985,55.654975
-5.159983,55.676215
-5.180653,55.694892
-5.198313,55.704332
-5.263173,55.722846
-5.271352,55.723822
-5.297353,55.722846
-5.295155,55.719428
-5.292592,55.711982
-5.290517,55.708564
-5.32433,55.705024
-5.355214,55.689602
-5.379384,55.668118
-5.392893,55.646552
-5.397857,55.614203
-5.389068,55.590237
-5.370432,55.570258
-5.345693,55.550279
-5.350413,55.545478
-5.352284,55.542304
-5.354237,55.539781
-5.359364,55.537299
-5.359364,55.530463
-5.355336,55.522895
-5.346181,55.496039
-5.345693,55.489447
-5.345693,55.482652
-5.304677,55.462144
-5.263092,55.447211
-5.217356,55.437974
-5.163564,55.434882
-5.117787,55.439765
-5.09203,55.446112
-5.078236,55.455308
-5.0808,55.471666
-5.091054,55.487291
-5.093007,55.500434
-5.07079,55.509345
-5.029775,55.749498
-5.019195,55.76317
-5.012766,55.768378
-5.011464,55.774482
-5.02184,55.805609
-5.02892,55.819281
-5.038075,55.832424
-5.050282,55.845771
-5.058827,55.850165
-5.068023,55.852118
-5.075185,55.85692
-5.080922,55.879584
-5.087636,55.882636
-5.096506,55.883531
-5.10554,55.886705
-5.135976,55.905951
-5.1669,55.920844
-5.199534,55.911078
-5.200795,55.895494
-5.188588,55.878119
-5.180653,55.862779
-5.174224,55.855373
-5.139638,55.841986
-5.137563,55.829047
-5.125966,55.801011
-5.11559,55.784369
-5.050282,55.749498
-5.038482,55.731879
-5.028798,55.723334
-5.016184,55.722846
-5.009389,55.729315
-5.011342,55.737698
-5.019032,55.745307
-5.029775,55.749498
-6.030385,55.729071
-6.04662,55.733547
-6.053212,55.737291
-6.058258,55.742743
-6.056874,55.748847
-6.052317,55.758043
-6.049794,55.766343
-6.054555,55.770006
-6.063954,55.773383
-6.079091,55.78148
-6.093088,55.791693
-6.099233,55.801011
-6.102366,55.831244
-6.115956,55.886786
-6.120229,55.929429
-6.123687,55.935492
-6.130116,55.939399
-6.140126,55.941352
-6.149078,55.935207
-6.162221,55.928453
-6.177154,55.923082
-6.191396,55.920844
-6.204254,55.916571
-6.229075,55.897284
-6.264801,55.885403
-6.296986,55.867174
-6.31843,55.844916
-6.310902,55.825263
-6.310902,55.818427
-6.323232,55.820502
-6.330719,55.827826
-6.338206,55.845771
-6.338206,55.851996
-6.325917,55.880357
-6.318349,55.886705
-6.33137,55.88996
-6.342641,55.884914
-6.354482,55.877427
-6.409088,55.863593
-6.445221,55.848822
-6.452789,55.840888
-6.455474,55.828355
-6.456654,55.812649
-6.460805,55.803209
-6.469065,55.796942
-6.482167,55.790473
-6.448638,55.776842
-6.493235,55.739244
-6.503896,55.722846
-6.498606,55.721137
-6.4947,55.717231
-6.489654,55.715399
-6.502431,55.697659
-6.503529,55.681342
-6.490956,55.67182
-6.462961,55.674465
-6.450307,55.682563
-6.418568,55.709621
-6.386586,55.722317
-6.372548,55.738715
-6.349029,55.773424
-6.328725,55.783149
-6.300445,55.785793
-6.271799,55.783026
-6.249989,55.776842
-6.295522,55.751899
-6.320953,55.733466
-6.325185,55.715399
-6.316762,55.715074
-6.277089,55.704006
-6.264801,55.695502
-6.243235,55.660142
-6.297475,55.642483
-6.319244,55.628241
-6.325185,55.605536
-6.311187,55.583238
-6.287343,55.578437
-6.261871,55.583808
-6.236562,55.595608
-6.226959,55.601752
-6.222768,55.605536
-6.215321,55.626654
-6.202545,55.630561
-6.160024,55.626654
-6.131907,55.631822
-6.105458,55.640204
-6.082428,55.652086
-6.064443,55.667629
-6.058258,55.660142
-6.053619,55.668362
-6.045725,55.674262
-6.03539,55.678453
-6.023508,55.681871
-6.023508,55.688137
-6.029286,55.696234
-6.032338,55.706366
-6.032786,55.717678
-6.030385,55.729071
-6.205719,56.102729
-6.211741,56.096991
-6.232655,56.08161
-6.241689,56.069485
-6.246816,56.056138
-6.254303,56.044623
-6.269887,56.037543
-6.249176,56.031317
-6.221669,56.030829
-6.194325,56.035305
-6.174306,56.043769
-6.177154,56.061469
-6.165639,56.081488
-6.133372,56.112616
-6.13801,56.124701
-6.149403,56.124945
-6.164947,56.120795
-6.181793,56.119452
-6.179026,56.112942
-6.177398,56.110256
-6.174306,56.106431
-6.182607,56.102607
-6.198232,56.106269
-6.205719,56.102729
-5.797597,56.112616
-5.873687,56.070136
-5.903961,56.064846
-5.924428,56.055976
-5.95519,56.034735
-5.983266,56.008857
-5.995595,55.986029
-5.980702,55.969916
-5.946848,55.970649
-5.910024,55.976508
-5.886342,55.976142
-5.919057,55.960395
-5.997426,55.951728
-6.026967,55.937934
-6.043121,55.927965
-6.06017,55.922919
-6.075185,55.915961
-6.08495,55.900336
-6.086903,55.882961
-6.078114,55.834906
-6.062408,55.809475
-6.026601,55.796088
-5.987538,55.794623
-5.962066,55.804755
-5.955393,55.820054
-5.945424,55.858588
-5.93814,55.866278
-5.921539,55.871283
-5.89684,55.888902
-5.886342,55.886705
-5.864491,55.926744
-5.780181,56.020738
-5.740224,56.076483
-5.720123,56.088121
-5.705068,56.103013
-5.68932,56.111762
-5.687978,56.124091
-5.690826,56.137844
-5.694488,56.147406
-5.715932,56.153144
-5.74649,56.14175
-5.797597,56.112616
-5.688303,56.202053
-5.722239,56.187079
-5.738352,56.177476
-5.749135,56.161078
-5.725209,56.162828
-5.694203,56.168606
-5.673655,56.178941
-5.680898,56.194566
-5.688303,56.202053
-5.633127,56.263495
-5.645334,56.255927
-5.656402,56.232001
-5.666656,56.22248
-5.647572,56.19538
-5.637441,56.189276
-5.628163,56.220526
-5.618153,56.235053
-5.610585,56.249416
-5.61262,56.263495
-5.618031,56.258124
-5.622955,56.257636
-5.627838,56.259996
-5.633127,56.263495
-5.633127,56.318752
-5.646718,56.298774
-5.640289,56.282782
-5.621693,56.276068
-5.598988,56.283922
-5.605336,56.296942
-5.599965,56.305487
-5.590443,56.313625
-5.584625,56.325588
-5.59789,56.321845
-5.620758,56.324205
-5.633127,56.318752
-5.557973,56.414293
-5.573964,56.402899
-5.579823,56.39643
-5.584625,56.38703
-5.557973,56.386461
-5.536204,56.392239
-5.518056,56.403876
-5.502756,56.421129
-5.512359,56.415432
-5.526519,56.41356
-5.557973,56.414293
-6.160024,56.46955
-6.170562,56.481147
-6.200754,56.49494
-6.215321,56.503648
-6.229604,56.503323
-6.242055,56.499579
-6.253245,56.492865
-6.263661,56.483222
-6.237457,56.470038
-6.212473,56.467841
-6.160024,56.46955
-6.818593,56.537828
-6.841135,56.534735
-6.878082,56.521308
-6.900502,56.516669
-6.968129,56.510484
-6.989898,56.503648
-6.979726,56.487128
-6.973988,56.471503
-6.965199,56.459866
-6.902455,56.443752
-6.881581,56.444281
-6.887522,56.462104
-6.869293,56.479641
-6.847727,56.484809
-6.82551,56.487291
-6.805572,56.496894
-6.803822,56.513617
-6.743316,56.517808
-6.729237,56.530341
-6.741851,56.547838
-6.767201,56.54857
-6.818593,56.537828
-5.688303,56.434801
-5.670033,56.433092
-5.661855,56.431383
-5.653554,56.427965
-5.648427,56.44774
-5.658844,56.451728
-5.673451,56.449693
-5.680898,56.45185
-5.685536,56.464057
-5.696767,56.475653
-5.710357,56.484849
-5.721832,56.490058
-5.728424,56.49018
-5.746938,56.48843
-5.756663,56.490058
-5.765207,56.494208
-5.787343,56.513617
-5.794342,56.516669
-5.804189,56.517768
-5.814036,56.516669
-5.829457,56.51081
-5.836903,56.514635
-5.844146,56.520575
-5.852203,56.524156
-5.952138,56.524156
-5.962554,56.526109
-5.965159,56.531073
-5.965199,56.537665
-5.968251,56.544664
-6.008778,56.5987
-6.033518,56.618842
-6.064443,56.620347
-6.062652,56.624823
-6.059926,56.635688
-6.058258,56.640204
-6.105336,56.648505
-6.119049,56.653876
-6.151275,56.651801
-6.190745,56.644924
-6.220286,56.63227
-6.222768,56.612942
-6.230214,56.608588
-6.238637,56.608588
-6.247426,56.612616
-6.256256,56.620347
-6.272125,56.612209
-6.288442,56.607978
-6.325185,56.606106
-6.319203,56.59398
-6.298695,56.581244
-6.290395,56.571967
-6.338206,56.552069
-6.32433,56.544257
-6.307729,56.537299
-6.288482,56.532294
-6.194936,56.523342
-6.174306,56.516669
-6.162099,56.509223
-6.153066,56.500067
-6.13679,56.479438
-6.127431,56.474351
-6.118479,56.476264
-6.109975,56.480699
-6.102366,56.483222
-6.081125,56.485053
-6.016672,56.503648
-6.007476,56.497626
-6.003285,56.489407
-6.004018,56.479682
-6.009836,56.46955
-6.02184,56.464097
-6.081532,56.448432
-6.116933,56.450385
-6.126536,56.448432
-6.135121,56.442328
-6.139638,56.435248
-6.142649,56.427965
-6.157216,56.407375
-6.164784,56.402533
-6.178049,56.400621
-6.189198,56.397773
-6.198842,56.390326
-6.203236,56.380316
-6.198557,56.369615
-6.178944,56.359931
-6.154042,56.358954
-6.105458,56.365912
-6.046946,56.383979
-6.026967,56.38703
-6.020823,56.382025
-6.039906,56.371039
-6.08495,56.352851
-6.15392,56.344794
-6.170888,56.335761
-6.186635,56.331244
-6.23176,56.3369
-6.249989,56.332343
-6.244537,56.330268
-6.241119,56.328274
-6.236806,56.326606
-6.228912,56.325588
-6.228912,56.318752
-6.247222,56.311672
-6.26122,56.320299
-6.274526,56.334866
-6.290395,56.345404
-6.310292,56.347357
-6.335439,56.34455
-6.357004,56.33633
-6.366119,56.32217
-6.360178,56.303616
-6.345611,56.288316
-6.327504,56.277248
-6.300038,56.268012
-6.279286,56.264106
-6.266835,56.263495
-6.256459,56.266669
-6.250356,56.273749
-6.245758,56.280748
-6.239817,56.283922
-6.146962,56.283922
-6.136301,56.286933
-6.112538,56.29621
-6.102366,56.298245
-6.090932,56.295722
-6.078521,56.291083
-6.065989,56.289211
-6.054555,56.294501
-6.037465,56.305243
-5.957875,56.32807
-5.924184,56.332343
-5.914784,56.335517
-5.907786,56.342597
-5.902333,56.349677
-5.897206,56.352851
-5.87267,56.357733
-5.860422,56.358344
-5.852203,56.352851
-5.853505,56.343695
-5.862701,56.33515
-5.873687,56.328559
-5.880116,56.325588
-5.848215,56.313625
-5.808705,56.318915
-5.71996,56.352769
-5.702707,56.364569
-5.695953,56.375434
-5.712229,56.380194
-5.749989,56.377143
-5.767974,56.372748
-5.783925,56.365912
-5.783925,56.373358
-5.751088,56.38939
-5.739084,56.40119
-5.74234,56.414293
-5.73469,56.414781
-5.727895,56.414293
-5.721669,56.41234
-5.715647,56.408108
-5.717437,56.397366
-5.703033,56.393378
-5.670318,56.393785
-5.657623,56.400092
-5.664947,56.413886
-5.679555,56.427965
-5.688303,56.434801
-6.459218,56.678127
-6.452545,56.688422
-6.46231,56.69123
-6.489654,56.688666
-6.505849,56.68537
-6.535634,56.670844
-6.559234,56.665269
-6.591379,56.651842
-6.602895,56.643622
-6.648101,56.602851
-6.674469,56.588446
-6.701894,56.585639
-6.696278,56.575995
-6.686838,56.563788
-6.677887,56.558254
-6.67398,56.568549
-6.668935,56.577786
-6.657216,56.577826
-6.633046,56.571967
-6.616322,56.575181
-6.564117,56.5987
-6.527252,56.626532
-6.514272,56.627427
-6.504954,56.630072
-6.497222,56.634345
-6.489654,56.640204
-6.482533,56.647895
-6.468739,56.668158
-6.459218,56.678127
-7.393951,57.010199
-7.402821,57.014635
-7.434967,57.02383
-7.428782,57.027737
-7.414418,57.044908
-7.418691,57.048041
-7.422963,57.050116
-7.428131,57.051337
-7.434967,57.051744
-7.441396,57.057196
-7.444692,57.058539
-7.449208,57.05858
-7.457102,57.031562
-7.475697,57.023017
-7.499908,57.020087
-7.524322,57.010199
-7.514027,57.002916
-7.511586,56.991645
-7.51651,56.981187
-7.528066,56.97663
-7.544911,56.972317
-7.556223,56.962633
-7.556752,56.95307
-7.541412,56.948717
-7.476552,56.941881
-7.460805,56.943183
-7.445302,56.947089
-7.436838,56.953681
-7.442372,56.962958
-7.435048,56.965277
-7.427235,56.968573
-7.419179,56.973334
-7.411041,56.979722
-7.402415,56.983385
-7.373525,56.982856
-7.381988,56.987535
-7.386098,56.995307
-7.389068,57.003607
-7.393951,57.010199
-6.325185,57.05858
-6.364247,57.05565
-6.395253,57.041938
-6.455474,57.003974
-6.436757,56.998481
-6.405385,56.980536
-6.390289,56.97663
-6.376129,56.971177
-6.359771,56.947333
-6.341868,56.941881
-6.303619,56.943996
-6.276031,56.953111
-6.256744,56.973782
-6.243235,57.010199
-6.269887,57.010199
-6.269887,57.017564
-6.250966,57.026557
-6.272939,57.040229
-6.325185,57.05858
-6.606353,57.051744
-6.580434,57.048407
-6.548248,57.047593
-6.51594,57.050686
-6.489654,57.05858
-6.501536,57.063666
-6.525868,57.067125
-6.537465,57.072821
-6.556304,57.070136
-6.59081,57.058987
-6.606353,57.051744
-5.958608,57.284491
-5.925445,57.291693
-5.929351,57.307196
-5.955719,57.321601
-5.98998,57.325507
-6.013905,57.31745
-6.007802,57.303616
-5.984853,57.290432
-5.958608,57.284491
-7.243764,57.325507
-7.259389,57.32803
-7.290273,57.328315
-7.305287,57.332343
-7.317942,57.344468
-7.322011,57.346584
-7.346181,57.352769
-7.354156,57.353746
-7.363189,57.353217
-7.370473,57.355129
-7.373525,57.363593
-7.375722,57.368109
-7.381093,57.373033
-7.387766,57.377509
-7.393951,57.380764
-7.371083,57.3876
-7.351389,57.376695
-7.331614,57.360907
-7.290151,57.347398
-7.271799,57.33747
-7.250356,57.331855
-7.222646,57.339789
-7.222646,57.346584
-7.244862,57.348456
-7.276357,57.364732
-7.298411,57.367092
-7.298411,57.373928
-7.279124,57.36994
-7.272084,57.370266
-7.26358,57.373928
-7.353017,57.408026
-7.362864,57.407864
-7.408437,57.395575
-7.428131,57.3876
-7.401519,57.342353
-7.389719,57.311957
-7.397084,57.298163
-7.409983,57.295966
-7.414947,57.290107
-7.417307,57.28144
-7.421946,57.270901
-7.434967,57.251899
-7.442738,57.244778
-7.455434,57.236721
-7.442291,57.234605
-7.431467,57.229438
-7.414418,57.216254
-7.414418,57.209418
-7.4204,57.19774
-7.416656,57.181586
-7.390696,57.129055
-7.381988,57.118354
-7.353017,57.099555
-7.321685,57.109931
-7.239125,57.100531
-7.215891,57.113837
-7.215891,57.120063
-7.235951,57.121161
-7.248402,57.129462
-7.259999,57.140041
-7.277252,57.147935
-7.29247,57.148871
-7.32844,57.146186
-7.346181,57.147935
-7.346181,57.154771
-7.307607,57.155829
-7.288442,57.153998
-7.271067,57.147935
-7.259918,57.159817
-7.257721,57.179755
-7.262196,57.200873
-7.271067,57.216254
-7.288808,57.225898
-7.353017,57.236721
-7.353017,57.242906
-7.276112,57.231757
-7.256744,57.236721
-7.249582,57.244696
-7.239166,57.265286
-7.233225,57.274319
-7.221425,57.282131
-7.209706,57.285468
-7.200347,57.290961
-7.195424,57.305609
-7.211822,57.304877
-7.222646,57.310614
-7.232004,57.318793
-7.243764,57.325507
-7.26358,57.4831
-7.274729,57.482245
-7.284495,57.482856
-7.29247,57.485297
-7.298411,57.489936
-7.309804,57.484117
-7.322133,57.482896
-7.334462,57.485093
-7.346181,57.489936
-7.369618,57.489325
-7.389272,57.479885
-7.402699,57.464342
-7.407623,57.445624
-7.396148,57.433987
-7.318267,57.408026
-7.292063,57.404731
-7.205434,57.418606
-7.204091,57.425442
-7.212026,57.432196
-7.22643,57.435289
-7.249664,57.435248
-7.258209,57.439114
-7.26358,57.448961
-7.2447,57.449652
-7.222035,57.460924
-7.208404,57.456448
-7.202138,57.462633
-7.229482,57.474555
-7.236318,57.476264
-7.245758,57.475165
-7.254262,57.472846
-7.262522,57.472113
-7.271067,57.476264
-7.266998,57.478176
-7.265736,57.478013
-7.265289,57.478746
-7.26358,57.4831
-6.064443,57.346584
-6.067616,57.342475
-6.069244,57.339545
-6.071929,57.332343
-6.054799,57.326402
-6.038686,57.329779
-6.022857,57.336249
-6.006459,57.339789
-5.989491,57.347317
-5.995107,57.363715
-6.008901,57.380194
-6.016672,57.3876
-6.017649,57.418199
-6.003041,57.452826
-5.986724,57.482245
-5.982533,57.497463
-5.987213,57.502875
-5.993316,57.507025
-6.000885,57.509711
-6.009836,57.511054
-5.995595,57.497463
-5.995595,57.489936
-6.015859,57.496772
-6.025868,57.496243
-6.037099,57.489936
-6.029042,57.479397
-6.02359,57.474189
-6.016672,57.469428
-6.016672,57.462633
-6.045522,57.460639
-6.061635,57.452704
-6.069081,57.436103
-6.077138,57.371772
-6.075429,57.355048
-6.064443,57.346584
-5.968251,57.51789
-5.968007,57.533922
-5.95519,57.572496
-5.961903,57.577297
-5.968658,57.576565
-5.975697,57.572333
-5.982533,57.566311
-5.980377,57.562445
-5.980092,57.561469
-5.975697,57.558824
-5.987294,57.546291
-5.98998,57.532945
-5.983713,57.522366
-5.968251,57.51789
-7.129384,57.652899
-7.142568,57.658108
-7.172841,57.649563
-7.189117,57.655097
-7.171539,57.661526
-7.165395,57.669867
-7.169179,57.679185
-7.181711,57.688544
-7.209055,57.686021
-7.255971,57.666938
-7.277252,57.661933
-7.263417,57.655992
-7.256744,57.655097
-7.256744,57.648261
-7.277903,57.649563
-7.332509,57.661933
-7.322865,57.67475
-7.318186,57.67886
-7.312082,57.682359
-7.312082,57.688544
-7.335357,57.676093
-7.366851,57.651435
-7.396555,57.635321
-7.414418,57.648261
-7.394928,57.654446
-7.387115,57.655097
-7.387115,57.661933
-7.455312,57.655463
-7.476552,57.661933
-7.493031,57.645413
-7.506581,57.625556
-7.522206,57.608385
-7.54483,57.599799
-7.54483,57.592963
-7.49942,57.575019
-7.483266,57.571479
-7.470855,57.567206
-7.46288,57.566311
-7.455922,57.568427
-7.449208,57.572903
-7.442372,57.579291
-7.41161,57.575141
-7.351226,57.553697
-7.318267,57.552069
-7.337554,57.545071
-7.346181,57.544582
-7.338124,57.53974
-7.333485,57.534329
-7.329986,57.528876
-7.318471,57.517035
-7.314687,57.514594
-7.305287,57.511054
-7.287465,57.508775
-7.252512,57.510321
-7.236318,57.503607
-7.219838,57.51081
-7.199208,57.512681
-7.157541,57.511054
-7.137278,57.532131
-7.133901,57.538398
-7.137685,57.545111
-7.144154,57.548529
-7.161204,57.552069
-7.181304,57.5539
-7.240061,57.544582
-7.312082,57.544582
-7.312082,57.552069
-7.269887,57.570543
-7.256744,57.572496
-7.252065,57.569281
-7.243276,57.556098
-7.236318,57.552069
-7.230214,57.552395
-7.215728,57.557359
-7.208404,57.558824
-7.149973,57.561713
-7.1256,57.571112
-7.106028,57.592963
-7.138051,57.586982
-7.154286,57.587348
-7.161204,57.596381
-7.164418,57.609931
-7.173248,57.614651
-7.202138,57.613471
-7.202138,57.620917
-7.196156,57.627183
-7.197255,57.631252
-7.204254,57.633368
-7.215891,57.633979
-7.215891,57.641425
-7.171132,57.641425
-7.148427,57.62934
-7.137318,57.627143
-7.130767,57.623481
-7.123118,57.615709
-7.113108,57.60871
-7.099192,57.607327
-7.092356,57.611518
-7.075429,57.628363
-7.065053,57.633979
-7.074086,57.646389
-7.0926,57.652086
-7.114573,57.65233
-7.129384,57.652899
-6.564117,57.346584
-6.562123,57.357856
-6.57315,57.376125
-6.571523,57.3876
-6.562123,57.395453
-6.550404,57.398017
-6.53893,57.40233
-6.530629,57.415473
-6.52123,57.407864
-6.517649,57.398871
-6.518707,57.389553
-6.523793,57.380764
-6.51061,57.385565
-6.490834,57.398993
-6.475942,57.40119
-6.480824,57.390082
-6.478871,57.381903
-6.472157,57.376532
-6.462961,57.373928
-6.46581,57.370022
-6.468739,57.368557
-6.475942,57.367092
-6.456614,57.361151
-6.448638,57.360256
-6.448638,57.352769
-6.462961,57.346584
-6.450551,57.346503
-6.428822,57.351508
-6.417633,57.352769
-6.406158,57.351549
-6.399526,57.348456
-6.386586,57.339789
-6.323883,57.311428
-6.310902,57.298163
-6.337636,57.3015
-6.35851,57.311835
-6.376332,57.323798
-6.394032,57.332343
-6.416412,57.33454
-6.436187,57.329739
-6.482167,57.311835
-6.479156,57.304755
-6.475575,57.301418
-6.471181,57.299018
-6.466054,57.294745
-6.462961,57.290432
-6.457997,57.280992
-6.455474,57.277655
-6.408193,57.243354
-6.391428,57.240546
-6.345611,57.242906
-6.351715,57.234809
-6.359486,57.229438
-6.368886,57.225775
-6.379791,57.22309
-6.364735,57.204535
-6.345611,57.1883
-6.329986,57.195014
-6.3131,57.199897
-6.295318,57.202379
-6.276723,57.201972
-6.276723,57.195746
-6.306996,57.173896
-6.318349,57.168443
-6.318349,57.161038
-6.177154,57.18122
-6.15982,57.187649
-6.174306,57.195746
-6.174306,57.201972
-6.164459,57.201361
-6.155588,57.198879
-6.14745,57.194525
-6.140126,57.1883
-6.132069,57.193183
-6.126454,57.195217
-6.120961,57.193793
-6.112904,57.1883
-6.111195,57.173285
-6.107167,57.153022
-6.10143,57.135199
-6.088612,57.127427
-6.073842,57.131781
-6.064605,57.14175
-6.056264,57.152899
-6.044016,57.161038
-6.050852,57.168443
-6.040842,57.17414
-6.034088,57.181098
-6.023508,57.195746
-6.03539,57.211493
-6.039784,57.219387
-6.044016,57.229926
-6.032216,57.226508
-6.019276,57.217597
-5.995595,57.195746
-5.993316,57.190172
-5.993072,57.183173
-5.991689,57.177191
-5.986236,57.174628
-5.900868,57.175523
-5.872955,57.179999
-5.845367,57.1883
-5.845367,57.181464
-5.941558,57.154771
-5.952789,57.14883
-5.961822,57.142157
-5.980092,57.123114
-5.986928,57.118232
-5.98998,57.113837
-5.994211,57.10456
-5.99706,57.101752
-6.003041,57.099555
-6.003041,57.092719
-6.000234,57.08393
-6.027252,57.062161
-6.030385,57.044908
-6.020823,57.031887
-6.006744,57.028388
-5.95344,57.034125
-5.934926,57.041205
-5.918853,57.050116
-5.860097,57.095364
-5.852203,57.102973
-5.842641,57.107978
-5.821441,57.114447
-5.800364,57.123725
-5.790761,57.137397
-5.788971,57.159491
-5.782053,57.166246
-5.74234,57.168443
-5.727284,57.172797
-5.690907,57.189521
-5.670644,57.204657
-5.662953,57.212714
-5.659088,57.22248
-5.663482,57.233303
-5.663889,57.239814
-5.647369,57.264635
-5.721832,57.264635
-5.738515,57.277289
-5.767893,57.277411
-5.795806,57.271796
-5.82433,57.256171
-5.865834,57.257148
-5.871327,57.253241
-5.877309,57.246812
-5.88622,57.242092
-5.900624,57.242906
-5.907135,57.248481
-5.913808,57.25788
-5.923248,57.266913
-5.93814,57.270901
-5.96345,57.269477
-5.976674,57.270331
-5.986236,57.274319
-6.008453,57.28677
-6.028879,57.285346
-6.050852,57.279242
-6.078114,57.277655
-6.078114,57.284491
-6.052887,57.291002
-6.041086,57.300116
-6.0454,57.308295
-6.068186,57.311835
-6.153879,57.305609
-6.140289,57.312445
-6.106597,57.323472
-6.099233,57.332343
-6.105702,57.339667
-6.120758,57.347073
-6.135243,57.357367
-6.140126,57.373928
-6.134104,57.380032
-6.123525,57.388251
-6.117909,57.397773
-6.126536,57.408026
-6.141591,57.410793
-6.15925,57.407375
-6.175852,57.400824
-6.187978,57.394355
-6.178863,57.403551
-6.152496,57.417548
-6.146962,57.425116
-6.14509,57.438625
-6.136057,57.46133
-6.133372,57.476264
-6.135121,57.490058
-6.144683,57.520006
-6.153879,57.589545
-6.158355,57.597846
-6.168853,57.607611
-6.187978,57.620917
-6.232655,57.641425
-6.236073,57.646186
-6.260487,57.668647
-6.269887,57.675523
-6.293324,57.686021
-6.302235,57.692369
-6.310902,57.702826
-6.31428,57.699164
-6.317494,57.697699
-6.325185,57.69599
-6.337961,57.699164
-6.345286,57.692206
-6.351186,57.680121
-6.359853,57.668118
-6.366567,57.664252
-6.406606,57.650336
-6.413442,57.649237
-6.415679,57.645819
-6.41454,57.633979
-6.409535,57.627346
-6.401112,57.621527
-6.395863,57.613471
-6.400258,57.599799
-6.393137,57.595649
-6.383372,57.592922
-6.371938,57.591864
-6.359853,57.592963
-6.372426,57.572577
-6.385854,57.562649
-6.389556,57.552476
-6.372955,57.531562
-6.338531,57.509467
-6.324615,57.496812
-6.325185,57.4831
-6.320953,57.479315
-6.315785,57.472805
-6.310902,57.469428
-6.310902,57.462633
-6.386952,57.517279
-6.400258,57.520982
-6.412099,57.50137
-6.433502,57.486477
-6.443471,57.488105
-6.420766,57.51789
-6.437652,57.517239
-6.45165,57.513332
-6.464915,57.512519
-6.479075,57.520982
-6.490387,57.53026
-6.50121,57.535549
-6.54776,57.549547
-6.554596,57.552476
-6.564117,57.558824
-6.566884,57.56509
-6.56843,57.574286
-6.572255,57.582506
-6.594309,57.590522
-6.605621,57.599555
-6.619781,57.607164
-6.640452,57.607327
-6.640452,57.599799
-6.628896,57.591132
-6.631012,57.576809
-6.641591,57.561957
-6.654775,57.552069
-6.629872,57.548529
-6.599355,57.537543
-6.573964,57.521715
-6.564117,57.503607
-6.593617,57.510972
-6.61144,57.512193
-6.619374,57.50731
-6.621409,57.503852
-6.630605,57.501776
-6.633046,57.497463
-6.631256,57.493598
-6.622222,57.486396
-6.619374,57.4831
-6.616689,57.480902
-6.599477,57.469428
-6.604156,57.46776
-6.608266,57.464586
-6.612538,57.462633
-6.612538,57.456448
-6.606801,57.443915
-6.620025,57.445502
-6.638092,57.453274
-6.647328,57.45954
-6.653554,57.468695
-6.706451,57.510932
-6.715932,57.514228
-6.726308,57.51142
-6.739735,57.500556
-6.747141,57.487942
-6.745229,57.475898
-6.736318,57.465155
-6.722401,57.456448
-6.783844,57.456448
-6.773183,57.434068
-6.731679,57.416978
-6.722401,57.390937
-6.714752,57.376614
-6.695953,57.364407
-6.672475,57.355943
-6.580556,57.338813
-6.564117,57.346584
-7.222646,57.709662
-7.198964,57.707953
-7.170033,57.715155
-7.152008,57.726304
-7.161204,57.737006
-7.180165,57.734687
-7.222646,57.709662
-8.621002,57.833197
-8.610707,57.81273
-8.590891,57.804755
-8.568959,57.807563
-8.552235,57.818915
-8.569081,57.823676
-8.605295,57.826402
-8.621002,57.833197
-7.044586,57.902086
-7.009185,57.889594
-6.99706,57.893541
-6.997385,57.915107
-7.015533,57.921942
-7.03775,57.916327
-7.079335,57.89468
-7.07787,57.891181
-7.076772,57.890692
-7.077056,57.888617
-7.079335,57.880316
-7.0655,57.881049
-7.055165,57.884182
-7.048085,57.890815
-7.044586,57.902086
-6.87328,58.216783
-6.87328,58.209947
-6.791249,58.209947
-6.795766,58.218817
-6.801991,58.226142
-6.809641,58.232245
-6.818593,58.23725
-6.828928,58.233791
-6.861155,58.253363
-6.880035,58.257758
-6.88622,58.247626
-6.882314,58.236274
-6.872222,58.226793
-6.859609,58.223049
-6.859609,58.216783
-6.862864,58.216457
-6.87328,58.216783
-6.955149,57.743842
-6.893951,57.766547
-6.87328,57.777981
-6.877838,57.779853
-6.882721,57.782864
-6.887522,57.784817
-6.861155,57.796332
-6.850168,57.802924
-6.839101,57.81269
-6.845855,57.816392
-6.854156,57.823432
-6.859609,57.825751
-6.852691,57.833197
-6.806142,57.814643
-6.783844,57.81269
-6.783844,57.818915
-6.791249,57.818915
-6.791249,57.825751
-6.773508,57.824612
-6.755605,57.826483
-6.741933,57.831488
-6.736684,57.839423
-6.740712,57.845038
-6.764027,57.867906
-6.772857,57.871243
-6.79426,57.876207
-6.805572,57.880316
-6.797353,57.887397
-6.792388,57.893744
-6.787017,57.89883
-6.777659,57.902086
-6.742909,57.891262
-6.660959,57.880316
-6.665151,57.901557
-6.667795,57.908271
-6.672353,57.91059
-6.680328,57.912055
-6.688954,57.914944
-6.695668,57.921332
-6.688466,57.922065
-6.683461,57.924221
-6.679351,57.926825
-6.67398,57.928778
-6.68342,57.935736
-6.693227,57.945054
-6.704742,57.953192
-6.718984,57.956732
-6.730092,57.962958
-6.750885,57.992987
-6.764027,58.003892
-6.744496,58.010484
-6.716054,58.02497
-6.692698,58.040961
-6.688303,58.052314
-6.688303,58.058539
-6.59203,58.058539
-6.59203,58.052314
-6.629465,58.05093
-6.665842,58.044664
-6.694651,58.030097
-6.709381,58.003892
-6.707753,57.989569
-6.699818,57.976223
-6.672434,57.946194
-6.666168,57.933905
-6.660959,57.928778
-6.651194,57.923814
-6.619374,57.915107
-6.612538,57.921332
-6.620025,57.928168
-6.629628,57.940253
-6.634999,57.951606
-6.629872,57.956732
-6.620473,57.954535
-6.61498,57.949164
-6.606353,57.935614
-6.593861,57.924872
-6.57844,57.917222
-6.559804,57.915229
-6.537465,57.921332
-6.537465,57.928778
-6.541982,57.930854
-6.546702,57.933824
-6.551096,57.935614
-6.551096,57.943061
-6.532867,57.940416
-6.520131,57.936591
-6.507558,57.935981
-6.489654,57.943061
-6.481191,57.949774
-6.464996,57.965644
-6.455474,57.969713
-6.455474,57.976549
-6.469635,57.986884
-6.505116,57.992499
-6.520741,58.0008
-6.542226,58.005683
-6.550689,58.010077
-6.544911,58.017524
-6.539296,58.017279
-6.518219,58.012641
-6.424469,58.003892
-6.400868,58.00731
-6.385081,58.015937
-6.370961,58.027248
-6.352447,58.038642
-6.365102,58.037909
-6.377675,58.038764
-6.389475,58.041205
-6.400258,58.045478
-6.390696,58.046373
-6.381907,58.048896
-6.373687,58.052924
-6.366119,58.058539
-6.375722,58.064276
-6.379791,58.065985
-6.37857,58.079047
-6.383901,58.091783
-6.394032,58.101793
-6.407094,58.106879
-6.420644,58.105658
-6.451324,58.095689
-6.581288,58.079006
-6.619374,58.079576
-6.619374,58.086412
-6.603179,58.085639
-6.551096,58.093248
-6.523793,58.106879
-6.514394,58.106147
-6.499094,58.100409
-6.489654,58.100084
-6.474721,58.105211
-6.441233,58.127387
-6.390696,58.133531
-6.372955,58.141059
-6.377268,58.148627
-6.378041,58.153632
-6.374501,58.15766
-6.366119,58.162095
-6.377024,58.173529
-6.400258,58.209947
-6.384674,58.209703
-6.354888,58.199368
-6.338206,58.196275
-6.293568,58.199368
-6.276723,58.196275
-6.247426,58.185452
-6.233551,58.184272
-6.215321,58.189439
-6.211659,58.192288
-6.202138,58.201972
-6.195221,58.206488
-6.186431,58.209906
-6.160024,58.216783
-6.164866,58.226752
-6.16747,58.230414
-6.163319,58.233588
-6.158559,58.239814
-6.153879,58.244696
-6.160024,58.244696
-6.160024,58.250922
-6.150706,58.258368
-6.161122,58.258979
-6.179758,58.255561
-6.194814,58.250922
-6.243235,58.223049
-6.270904,58.216498
-6.310862,58.215033
-6.347727,58.221137
-6.366119,58.23725
-6.33849,58.237616
-6.327463,58.239732
-6.318349,58.244696
-6.316965,58.252143
-6.319936,58.260932
-6.31786,58.268297
-6.288238,58.274604
-6.278676,58.288723
-6.266835,58.291897
-6.253814,58.293362
-6.246409,58.297553
-6.244985,58.304145
-6.249989,58.312974
-6.233713,58.322821
-6.188832,58.340806
-6.16747,58.346503
-6.16747,58.353949
-6.18224,58.353664
-6.195546,58.356269
-6.206899,58.361151
-6.215321,58.367621
-6.192372,58.409125
-6.184926,58.414781
-6.16686,58.419501
-6.169993,58.429999
-6.187978,58.446112
-6.192738,58.462063
-6.205393,58.481269
-6.223053,58.499213
-6.243235,58.510972
-6.267405,58.51203
-6.296295,58.49726
-6.345611,58.463202
-6.523346,58.390774
-6.548492,58.372789
-6.557485,58.368557
-6.620676,58.350735
-6.647328,58.346503
-6.681386,58.346503
-6.689687,58.343329
-6.695953,58.338446
-6.703359,58.335883
-6.715566,58.339667
-6.736969,58.323635
-6.818593,58.285102
-6.807729,58.285468
-6.801178,58.283352
-6.796457,58.278632
-6.791249,58.271389
-6.798004,58.270982
-6.802724,58.268988
-6.806752,58.266547
-6.811838,58.264594
-6.807688,58.258694
-6.802724,58.25373
-6.791249,58.244696
-6.78954,58.242011
-6.785715,58.232978
-6.783844,58.230414
-6.777821,58.229478
-6.763051,58.231676
-6.757192,58.230414
-6.752553,58.224799
-6.746816,58.209215
-6.742909,58.203111
-6.734364,58.197699
-6.709381,58.189439
-6.736684,58.168402
-6.748525,58.182929
-6.772572,58.195502
-6.798451,58.202379
-6.815175,58.199693
-6.825063,58.19538
-6.869496,58.189439
-6.87267,58.186347
-6.873931,58.179389
-6.877512,58.172187
-6.887522,58.168402
-6.881581,58.158637
-6.866607,58.141181
-6.859609,58.134833
-6.861887,58.121405
-6.86144,58.115871
-6.859609,58.106879
-6.872874,58.116889
-6.888051,58.135891
-6.898346,58.156724
-6.897084,58.172105
-6.909657,58.179755
-6.930409,58.196845
-6.937082,58.211005
-6.907338,58.209947
-6.907338,58.216783
-6.962026,58.23017
-6.969472,58.226752
-6.977284,58.227362
-7.016103,58.238593
-7.030873,58.244696
-7.05016,58.232367
-7.05606,58.225653
-7.058217,58.213365
-7.053944,58.201361
-7.043446,58.19595
-7.017201,58.189439
-7.037709,58.184638
-7.112782,58.182034
-7.112782,58.175849
-7.107411,58.17414
-7.10025,58.170111
-7.093007,58.168402
-7.097646,58.163031
-7.100168,58.15941
-7.104156,58.15705
-7.112782,58.155341
-7.112131,58.145453
-7.123402,58.136664
-7.126454,58.123969
-7.121938,58.118598
-7.113189,58.1164
-7.107533,58.112006
-7.112782,58.100084
-7.104888,58.094794
-7.075551,58.062242
-7.067494,58.06273
-7.024037,58.079576
-7.028717,58.072211
-7.035024,58.066352
-7.042795,58.061835
-7.05191,58.058539
-7.024037,58.058539
-7.024037,58.052314
-7.035553,58.0539
-7.045766,58.052639
-7.053619,58.047797
-7.058217,58.038642
-7.028717,58.038398
-6.934641,58.052314
-6.995229,58.033759
-7.027903,58.027533
-7.058217,58.02497
-7.056142,58.021959
-7.055653,58.020697
-7.054921,58.019761
-7.05191,58.017524
-7.05191,58.011379
-7.071767,58.011908
-7.084828,58.005927
-7.096669,57.997463
-7.112782,57.99022
-7.065826,57.971015
-7.057281,57.970852
-7.044586,57.976549
-7.036285,57.960639
-7.009755,57.955268
-6.952056,57.956732
-6.937001,57.953437
-6.910797,57.93891
-6.897084,57.935614
-6.839101,57.935614
-6.839101,57.928778
-6.846995,57.927924
-6.865834,57.921332
-6.862945,57.918036
-6.859609,57.915229
-6.851552,57.911404
-6.841868,57.90705
-6.832265,57.902086
-6.851877,57.91059
-6.881703,57.914293
-6.91161,57.91059
-6.962554,57.89468
-6.962554,57.887844
-6.914174,57.867906
-6.96227,57.868842
-6.984853,57.864895
-6.997385,57.853705
-7.079335,57.81269
-7.083241,57.8251
-7.088612,57.833401
-7.096995,57.838039
-7.109446,57.839423
-7.125071,57.8369
-7.124623,57.830756
-7.117299,57.823065
-7.112782,57.815863
-7.101877,57.811469
-7.041371,57.770494
-7.031646,57.767401
-6.980784,57.735053
-6.9735,57.733344
-6.955149,57.743842
-2.952952,58.839993
-2.996978,58.835273
-3.035553,58.826321
-3.035553,58.820054
-2.967193,58.820054
-2.967193,58.812649
-2.978871,58.808173
-2.991322,58.806627
-3.003896,58.808173
-3.015696,58.812649
-2.984853,58.787095
-2.974355,58.77204
-2.987782,58.764838
-2.987782,58.757392
-2.939931,58.730699
-2.917836,58.738349
-2.911041,58.748684
-2.915395,58.762152
-2.92634,58.77912
-2.913971,58.784857
-2.915761,58.790676
-2.921132,58.797512
-2.919423,58.806464
-2.913564,58.810492
-2.885365,58.820054
-2.883656,58.83218
-2.906972,58.83808
-2.952952,58.839993
-3.248402,58.792182
-3.236684,58.805732
-3.215484,58.814276
-3.191803,58.818671
-3.172719,58.820054
-3.172719,58.826321
-3.187245,58.836493
-3.195546,58.839423
-3.207387,58.839993
-3.207387,58.847398
-3.193186,58.853583
-3.246083,58.896186
-3.265452,58.902045
-3.287587,58.905951
-3.321848,58.923651
-3.337148,58.928697
-3.349355,58.928534
-3.393219,58.920233
-3.416331,58.908271
-3.418446,58.904486
-3.433339,58.884955
-3.430165,58.874823
-3.42219,58.87401
-3.411977,58.874986
-3.402333,58.870673
-3.397613,58.869534
-3.385732,58.875393
-3.378774,58.874091
-3.373525,58.867987
-3.375966,58.863593
-3.379872,58.85928
-3.378774,58.853583
-3.358266,58.833157
-3.349192,58.828437
-3.337636,58.82392
-3.327789,58.818305
-3.323476,58.809516
-3.30427,58.78384
-3.299306,58.77912
-3.205922,58.779039
-3.156321,58.78677
-3.131703,58.806464
-3.160146,58.80801
-3.218495,58.79328
-3.248402,58.792182
-2.727651,58.970893
-2.744049,58.969184
-2.777577,58.957506
-2.795969,58.956692
-2.789418,58.949897
-2.77538,58.928697
-2.794789,58.926093
-2.81192,58.929145
-2.826243,58.937405
-2.837554,58.950385
-2.822499,58.958564
-2.78189,58.973944
-2.77538,58.983954
-2.780629,58.990302
-2.790151,58.992255
-2.812978,58.9914
-2.831166,58.987698
-2.847646,58.980292
-2.864735,58.97484
-2.885365,58.977118
-2.883453,58.98192
-2.880523,58.993598
-2.878407,58.998236
-2.895375,58.991034
-2.906565,58.996568
-2.917307,59.006171
-2.933095,59.011298
-2.947133,59.007554
-2.960357,59.001166
-2.974436,58.999091
-3.011952,59.017401
-3.029205,59.010321
-3.044586,58.997992
-3.059722,58.9914
-3.09732,58.994045
-3.116689,58.998196
-3.131703,59.005072
-3.113922,59.008205
-3.090932,59.018744
-3.071197,59.033433
-3.062815,59.049465
-3.0537,59.047268
-2.994496,59.059719
-2.999013,59.06151
-3.003774,59.064439
-3.008168,59.066555
-3.004994,59.070258
-3.001861,59.071763
-2.994496,59.07331
-3.051422,59.090155
-3.070302,59.101264
-3.063547,59.101996
-3.049184,59.1081
-3.058461,59.111762
-3.074208,59.123765
-3.084543,59.127997
-3.095937,59.127346
-3.108306,59.124213
-3.121571,59.123969
-3.156158,59.142239
-3.182729,59.147162
-3.231068,59.148424
-3.279286,59.143541
-3.323801,59.127427
-3.350209,59.097968
-3.343984,59.052802
-3.350819,59.046047
-3.366689,59.016099
-3.353261,58.982815
-3.323232,58.95718
-3.289418,58.950385
-3.289418,58.956692
-3.26537,58.969184
-3.256988,58.978339
-3.262074,58.9914
-3.264068,58.993069
-3.263051,59.000922
-3.266591,59.007148
-3.275787,59.011298
-3.267486,59.014716
-3.259185,59.015815
-3.250396,59.014472
-3.240956,59.011298
-3.240956,59.018134
-3.247222,59.024848
-3.245839,59.030504
-3.238759,59.035142
-3.227895,59.03856
-3.22468,59.031195
-3.220448,59.024115
-3.214752,59.017483
-3.207387,59.011298
-3.207387,59.005072
-3.223297,58.99136
-3.235341,58.972561
-3.238515,58.950914
-3.227895,58.928697
-3.202789,58.91592
-3.142649,58.92121
-3.118031,58.915717
-3.113189,58.926663
-3.101226,58.930121
-3.070302,58.928697
-3.084543,58.94302
-3.071685,58.94184
-3.061757,58.939399
-3.052561,58.938788
-3.042388,58.94302
-3.023834,58.940497
-3.007802,58.949042
-2.993764,58.958808
-2.981191,58.96011
-2.973622,58.953803
-2.937245,58.913235
-2.926829,58.904853
-2.915028,58.899115
-2.839345,58.882636
-2.823842,58.881537
-2.808013,58.888007
-2.785024,58.910712
-2.771962,58.915717
-2.733754,58.920152
-2.714752,58.925482
-2.706532,58.93244
-2.706207,58.947455
-2.707631,58.95897
-2.713612,58.966864
-2.727651,58.970893
-2.541982,59.120551
-2.539296,59.121731
-2.536488,59.121568
-2.534739,59.12287
-2.535268,59.127997
-2.558705,59.120836
-2.571604,59.118842
-2.583648,59.120551
-2.595204,59.129543
-2.592885,59.138577
-2.582346,59.143988
-2.569407,59.142239
-2.577952,59.147203
-2.590077,59.148871
-2.617787,59.148424
-2.614858,59.152167
-2.611562,59.155219
-2.611562,59.161444
-2.62564,59.162421
-2.665517,59.155219
-2.655181,59.151272
-2.624257,59.133857
-2.617787,59.127997
-2.622426,59.116441
-2.634836,59.112738
-2.650502,59.111762
-2.665517,59.1081
-2.686106,59.089179
-2.670725,59.081529
-2.649159,59.085517
-2.651845,59.101264
-2.634429,59.108629
-2.614369,59.107245
-2.599477,59.095893
-2.59732,59.07331
-2.576039,59.080064
-2.532623,59.083564
-2.51476,59.093817
-2.542388,59.102973
-2.548451,59.109036
-2.541982,59.120551
-3.004791,59.127997
-2.97525,59.133775
-2.974029,59.147528
-2.977162,59.163398
-2.960357,59.175767
-2.956776,59.176703
-2.953847,59.176744
-2.952463,59.178168
-2.952952,59.183173
-2.967885,59.187445
-2.980824,59.187445
-3.02184,59.182318
-3.029124,59.182359
-3.035553,59.183173
-3.042551,59.186347
-3.046295,59.190863
-3.048085,59.194892
-3.049184,59.196845
-3.074208,59.197496
-3.102406,59.190253
-3.120432,59.176581
-3.114654,59.158352
-3.091786,59.142808
-3.065582,59.133612
-3.036448,59.129096
-3.004791,59.127997
-2.830068,59.196845
-2.830068,59.175767
-2.814768,59.173896
-2.801625,59.168158
-2.792551,59.158637
-2.789133,59.145331
-2.781361,59.141425
-2.764027,59.142646
-2.734486,59.148424
-2.734486,59.155219
-2.751088,59.156073
-2.758941,59.164211
-2.761098,59.177314
-2.761098,59.193101
-2.756337,59.198065
-2.734202,59.215522
-2.727651,59.224189
-2.734202,59.233344
-2.743642,59.238105
-2.755442,59.239407
-2.768625,59.23786
-2.768625,59.244615
-2.761098,59.244615
-2.761098,59.252102
-2.777455,59.252916
-2.787913,59.247219
-2.7919,59.236965
-2.789133,59.224189
-2.790273,59.217597
-2.784901,59.200344
-2.785959,59.196845
-2.797271,59.195014
-2.807118,59.191799
-2.817291,59.19123
-2.830068,59.196845
-2.446401,59.293036
-2.461171,59.290676
-2.477203,59.290758
-2.492421,59.289374
-2.518788,59.274319
-2.551625,59.270819
-2.563222,59.265082
-2.566274,59.268785
-2.569325,59.270168
-2.576812,59.271308
-2.551829,59.287421
-2.536977,59.294379
-2.522125,59.299262
-2.522125,59.306708
-2.547231,59.305732
-2.587717,59.293158
-2.611562,59.293036
-2.596669,59.281806
-2.591135,59.278754
-2.59557,59.264838
-2.602773,59.26142
-2.61262,59.261542
-2.624623,59.258287
-2.633168,59.252265
-2.649729,59.236965
-2.658803,59.230414
-2.671539,59.225328
-2.68102,59.223131
-2.687978,59.217963
-2.692942,59.203681
-2.692616,59.192288
-2.687652,59.190172
-2.681874,59.196357
-2.67927,59.209906
-2.661855,59.207099
-2.641225,59.217963
-2.604156,59.244615
-2.596791,59.239163
-2.588612,59.238674
-2.569407,59.244615
-2.569407,59.23786
-2.571767,59.234565
-2.576812,59.224189
-2.533111,59.251166
-2.516265,59.252143
-2.51476,59.230414
-2.504506,59.233385
-2.497385,59.239203
-2.477854,59.262763
-2.466949,59.268215
-2.458974,59.27912
-2.439809,59.284166
-2.392486,59.285468
-2.395497,59.295071
-2.404897,59.316352
-2.411041,59.318996
-2.424957,59.310452
-2.446401,59.293036
-3.049184,59.31977
-3.039947,59.311998
-3.036692,59.306708
-3.034657,59.301215
-3.020253,59.280341
-3.015126,59.274888
-3.008168,59.271308
-2.997792,59.268134
-2.989654,59.267076
-2.982411,59.269924
-2.97468,59.278754
-2.960357,59.271308
-2.969797,59.281928
-2.97468,59.28559
-2.97468,59.293036
-2.947418,59.291205
-2.920318,59.283149
-2.870961,59.258287
-2.878407,59.251939
-2.882232,59.246039
-2.884023,59.239244
-2.885365,59.230414
-2.862172,59.247219
-2.850087,59.252143
-2.830068,59.252102
-2.830068,59.258287
-2.839019,59.265082
-2.848866,59.266791
-2.859609,59.267524
-2.870961,59.271308
-2.876536,59.276923
-2.895497,59.302965
-2.909535,59.307034
-2.987782,59.31977
-2.987782,59.326565
-2.980946,59.325914
-2.960357,59.326565
-2.964508,59.335354
-2.963938,59.340237
-2.952952,59.347724
-2.950185,59.348619
-2.947662,59.348538
-2.94636,59.349555
-2.946685,59.353909
-2.965199,59.360907
-2.980336,59.355048
-3.008168,59.334052
-3.024322,59.33039
-3.056264,59.334296
-3.077056,59.334052
-3.073354,59.32453
-3.067006,59.322699
-3.058705,59.322984
-3.049184,59.31977
-1.651275,59.528957
-1.645497,59.514106
-1.631256,59.516995
-1.613393,59.526597
-1.59675,59.53205
-1.59675,59.539496
-1.610422,59.539496
-1.608144,59.547349
-1.603668,59.55093
-1.589345,59.552476
-1.586415,59.553616
-1.583852,59.553697
-1.582387,59.555121
-1.583119,59.559963
-1.602854,59.560248
-1.625234,59.555813
-1.643666,59.54564
-1.651275,59.528957
-0.784576,60.615139
-0.788319,60.613593
-0.793528,60.6105
-0.800282,60.607978
-0.809071,60.608303
-0.811269,60.612291
-0.810048,60.61933
-0.811513,60.625881
-0.822133,60.62873
-0.938832,60.62873
-0.938832,60.621324
-0.905344,60.586859
-0.883534,60.570543
-0.856191,60.567328
-0.859609,60.571031
-0.861928,60.574205
-0.864898,60.577216
-0.870473,60.58039
-0.870473,60.587836
-0.842152,60.588324
-0.81314,60.580471
-0.785227,60.576321
-0.760732,60.587836
-0.754791,60.598944
-0.758372,60.607571
-0.769154,60.613186
-0.784576,60.615139
-1.097035,60.41649
-1.098378,60.424221
-1.099965,60.427476
-1.103424,60.430813
-1.11205,60.423651
-1.116689,60.415676
-1.11974,60.408149
-1.123769,60.402167
-1.132151,60.398017
-1.136952,60.399482
-1.140289,60.398871
-1.144276,60.388577
-1.151723,60.388577
-1.153676,60.407904
-1.165435,60.412055
-1.199452,60.402167
-1.199452,60.409654
-1.189117,60.414008
-1.18517,60.41649
-1.208648,60.410712
-1.220774,60.409125
-1.224192,60.411444
-1.214019,60.414984
-1.204335,60.420152
-1.196034,60.427069
-1.185902,60.431586
-1.163971,60.425482
-1.151723,60.430813
-1.164703,60.436957
-1.163075,60.439276
-1.157867,60.443793
-1.162343,60.455268
-1.169911,60.463121
-1.180165,60.468207
-1.192616,60.471137
-1.186269,60.482245
-1.19929,60.492377
-1.217519,60.497992
-1.226877,60.495307
-1.230784,60.488715
-1.25121,60.470852
-1.260365,60.464911
-1.261952,60.481594
-1.271962,60.48428
-1.284739,60.478705
-1.295033,60.471137
-1.280995,60.461859
-1.233632,60.443793
-1.296986,60.437974
-1.32433,60.42772
-1.322987,60.409654
-1.333363,60.405015
-1.345041,60.40233
-1.357493,60.401435
-1.370229,60.402167
-1.370229,60.409654
-1.351796,60.418362
-1.327952,60.453192
-1.308705,60.457465
-1.308705,60.464911
-1.31192,60.470893
-1.309153,60.477037
-1.295033,60.492255
-1.301422,60.49844
-1.309153,60.492906
-1.317494,60.488918
-1.326527,60.486396
-1.33609,60.485419
-1.315541,60.518948
-1.323354,60.519843
-1.327301,60.521674
-1.330556,60.523871
-1.33609,60.525784
-1.324818,60.526557
-1.320302,60.528266
-1.315541,60.533189
-1.33609,60.533189
-1.323964,60.546454
-1.309438,60.554104
-1.301422,60.564846
-1.308705,60.587836
-1.299143,60.58926
-1.293528,60.593248
-1.292104,60.599595
-1.295033,60.608303
-1.290679,60.615139
-1.291412,60.623114
-1.301422,60.643052
-1.323964,60.621324
-1.326161,60.611151
-1.308705,60.601467
-1.312489,60.598293
-1.315541,60.594062
-1.339752,60.604641
-1.366851,60.61225
-1.394154,60.614325
-1.418691,60.608303
-1.415639,60.603827
-1.414052,60.599921
-1.416493,60.595038
-1.425364,60.587836
-1.421457,60.586168
-1.411122,60.58039
-1.44164,60.568793
-1.452789,60.567328
-1.457997,60.56387
-1.471588,60.546454
-1.480092,60.539374
-1.463857,60.537421
-1.451975,60.530178
-1.443186,60.522528
-1.435943,60.518948
-1.410715,60.518622
-1.395741,60.516669
-1.384429,60.512112
-1.41747,60.502183
-1.455068,60.508857
-1.488189,60.525824
-1.500559,60.54682
-1.513987,60.557807
-1.526967,60.55683
-1.538726,60.548977
-1.548411,60.539374
-1.550689,60.533393
-1.550201,60.526353
-1.550689,60.519029
-1.555816,60.512112
-1.561513,60.510688
-1.586171,60.512112
-1.595123,60.506781
-1.604156,60.495022
-1.609364,60.483344
-1.606679,60.477973
-1.572011,60.476752
-1.557485,60.480658
-1.548411,60.492255
-1.532094,60.4831
-1.516754,60.482611
-1.500234,60.485175
-1.480092,60.485419
-1.493072,60.478461
-1.499094,60.469062
-1.495595,60.460883
-1.480092,60.457465
-1.469838,60.462226
-1.459381,60.472805
-1.445953,60.492255
-1.4381,60.460517
-1.436269,60.443183
-1.439036,60.430813
-1.429107,60.425238
-1.415639,60.423163
-1.384429,60.423326
-1.384429,60.41649
-1.395253,60.409166
-1.39859,60.399604
-1.395009,60.38996
-1.384429,60.382392
-1.373402,60.38109
-1.362538,60.384711
-1.343495,60.395982
-1.337554,60.374457
-1.313832,60.366848
-1.284291,60.363511
-1.260365,60.355048
-1.31017,60.355862
-1.328114,60.352688
-1.315541,60.341376
-1.330312,60.342027
-1.336578,60.343451
-1.343495,60.347602
-1.364003,60.32095
-1.33609,60.306627
-1.350006,60.297756
-1.364003,60.2862
-1.374257,60.308417
-1.396352,60.321845
-1.42276,60.326117
-1.445953,60.32095
-1.441803,60.310696
-1.439036,60.306627
-1.459584,60.306627
-1.456451,60.302314
-1.450917,60.291734
-1.445953,60.2862
-1.450185,60.283759
-1.461415,60.279731
-1.46642,60.278713
-1.4676,60.308539
-1.481435,60.316474
-1.528432,60.313463
-1.528432,60.306627
-1.520985,60.306627
-1.520985,60.299791
-1.555816,60.306627
-1.548411,60.292955
-1.565297,60.29267
-1.577219,60.298733
-1.588287,60.307034
-1.602935,60.313463
-1.619374,60.314358
-1.638743,60.311469
-1.657379,60.30622
-1.671864,60.299791
-1.686391,60.29092
-1.690175,60.285142
-1.679351,60.265692
-1.669749,60.239569
-1.661285,60.233873
-1.640859,60.232164
-1.632802,60.230292
-1.631174,60.225898
-1.630238,60.220893
-1.624664,60.217231
-1.615142,60.215725
-1.593007,60.217231
-1.562652,60.227444
-1.548248,60.229722
-1.542144,60.220933
-1.536773,60.210924
-1.525054,60.212348
-1.513336,60.221666
-1.507965,60.235297
-1.503651,60.243354
-1.479237,60.222235
-1.46642,60.217231
-1.4794,60.214016
-1.509511,60.209947
-1.520985,60.20425
-1.526723,60.197577
-1.527252,60.192939
-1.520985,60.183743
-1.517934,60.184516
-1.496409,60.172187
-1.494293,60.170111
-1.455434,60.156195
-1.445953,60.155829
-1.437734,60.163398
-1.434926,60.174465
-1.430776,60.184882
-1.418691,60.190619
-1.413645,60.176988
-1.404612,60.179511
-1.397572,60.192694
-1.398101,60.211086
-1.385325,60.210598
-1.376088,60.207099
-1.356557,60.196763
-1.349721,60.211086
-1.362457,60.225979
-1.376088,60.237942
-1.391835,60.246527
-1.411122,60.25141
-1.411122,60.258857
-1.37857,60.254788
-1.357655,60.24433
-1.343007,60.227484
-1.329254,60.20425
-1.301584,60.235785
-1.286936,60.246283
-1.26773,60.245185
-1.26773,60.238349
-1.277699,60.233222
-1.286773,60.225287
-1.294667,60.215399
-1.309316,60.189032
-1.312408,60.18065
-1.309193,60.177069
-1.298166,60.176337
-1.294057,60.179674
-1.27953,60.185126
-1.269358,60.185452
-1.285268,60.164618
-1.288157,60.159613
-1.288889,60.155829
-1.284535,60.145941
-1.278961,60.145087
-1.273061,60.146186
-1.26773,60.142157
-1.262603,60.115058
-1.273061,60.095201
-1.287709,60.075629
-1.302887,60.028022
-1.318023,60.011135
-1.328725,59.99551
-1.322987,59.977688
-1.349721,59.977688
-1.349721,59.970893
-1.341054,59.96776
-1.322987,59.95661
-1.322987,59.950995
-1.334788,59.952135
-1.345855,59.950385
-1.355702,59.945461
-1.364003,59.937323
-1.358022,59.921576
-1.375966,59.908637
-1.364003,59.896308
-1.34789,59.891995
-1.316477,59.895982
-1.301422,59.888902
-1.301422,59.882066
-1.312856,59.873114
-1.311106,59.865546
-1.302887,59.864325
-1.295033,59.874661
-1.278432,59.859117
-1.274566,59.854193
-1.265004,59.858832
-1.260976,59.8664
-1.263743,59.874905
-1.274566,59.882066
-1.26594,59.895575
-1.263417,59.907172
-1.266591,59.918199
-1.274566,59.929877
-1.27184,59.927802
-1.26773,59.923041
-1.25357,59.936957
-1.245229,59.955756
-1.242991,59.976874
-1.247304,59.997504
-1.21581,59.986884
-1.201243,59.986396
-1.192616,59.997504
-1.215077,60.02619
-1.21939,60.03974
-1.203725,60.036526
-1.18517,60.038275
-1.170074,60.045966
-1.164703,60.060248
-1.174428,60.060289
-1.19286,60.06981
-1.20226,60.083075
-1.18517,60.094387
-1.205312,60.100165
-1.213206,60.101223
-1.213206,60.107367
-1.202545,60.10692
-1.195139,60.10871
-1.189849,60.113349
-1.18517,60.121649
-1.199452,60.129096
-1.181549,60.129299
-1.170969,60.136217
-1.160878,60.141181
-1.144276,60.135321
-1.144276,60.142157
-1.151723,60.142157
-1.151723,60.149604
-1.123769,60.149604
-1.123769,60.155829
-1.157867,60.170111
-1.143951,60.187567
-1.155141,60.192572
-1.176503,60.187893
-1.192616,60.176337
-1.187245,60.19123
-1.157867,60.224677
-1.171132,60.222561
-1.18102,60.217841
-1.199452,60.20425
-1.190907,60.218451
-1.185536,60.225409
-1.179026,60.232164
-1.21939,60.232164
-1.21939,60.238349
-1.203277,60.243842
-1.194936,60.245347
-1.18517,60.245185
-1.18517,60.25141
-1.192535,60.25495
-1.19811,60.260565
-1.199127,60.266913
-1.192616,60.272528
-1.182932,60.271918
-1.174672,60.264635
-1.164703,60.25141
-1.147857,60.248847
-1.129709,60.252834
-1.089752,60.272528
-1.095855,60.275092
-1.109364,60.27619
-1.117014,60.278713
-1.122222,60.279242
-1.129506,60.273993
-1.134348,60.27558
-1.137115,60.279771
-1.13858,60.28559
-1.137929,60.290717
-1.134348,60.292955
-1.123118,60.296332
-1.075307,60.32095
-1.101226,60.331122
-1.151601,60.337307
-1.172231,60.347602
-1.157216,60.350775
-1.079172,60.355048
-1.070424,60.359524
-1.065419,60.369574
-1.062896,60.379869
-1.062327,60.385443
-1.068267,60.396308
-1.081451,60.396226
-1.094472,60.391506
-1.100209,60.388577
-1.110015,60.37873
-1.117543,60.373928
-1.123769,60.375556
-1.125071,60.383734
-1.119252,60.391303
-1.048695,60.433336
-1.034413,60.450629
-1.053944,60.450507
-1.072743,60.444525
-1.088002,60.43301
-1.097035,60.41649
-0.987172,60.697699
-0.991607,60.69953
-0.995961,60.70246
-1.000885,60.703925
-1.000885,60.711371
-0.99474,60.713609
-0.993153,60.717719
-0.993479,60.731147
-1.036977,60.73314
-1.057607,60.729722
-1.069163,60.718166
-1.079905,60.735541
-1.092112,60.735338
-1.103993,60.725775
-1.113922,60.714748
-1.118031,60.707221
-1.120432,60.696926
-1.119537,60.687893
-1.113922,60.684027
-1.11148,60.681138
-1.120961,60.666409
-1.123769,60.659817
-1.120595,60.646186
-1.106557,60.619778
-1.103424,60.615139
-1.114491,60.612454
-1.130116,60.61933
-1.141021,60.631171
-1.138051,60.643052
-1.138051,60.649237
-1.171376,60.645982
-1.180043,60.624661
-1.167795,60.530463
-1.153879,60.508368
-1.130523,60.496039
-1.097035,60.492255
-1.097035,60.49844
-1.107737,60.505072
-1.106557,60.511054
-1.100697,60.515041
-1.097035,60.51553
-1.09203,60.507717
-1.080068,60.505194
-1.055491,60.505845
-1.031728,60.500678
-1.023793,60.502997
-1.020741,60.51553
-1.02245,60.527248
-1.026967,60.535834
-1.04186,60.553046
-1.022532,60.55565
-1.010732,60.565497
-1.011057,60.577704
-1.028188,60.587836
-1.022939,60.58983
-1.022694,60.590725
-1.020741,60.594062
-1.036366,60.594713
-1.052073,60.597642
-1.06428,60.604071
-1.069163,60.615139
-1.055287,60.609442
-1.041005,60.607978
-1.027089,60.610093
-1.013905,60.615139
-1.036773,60.64289
-1.050526,60.655585
-1.062327,60.662909
-1.042592,60.661566
-1.025868,60.654486
-0.993479,60.635647
-0.985707,60.645901
-0.979726,60.656684
-0.99706,60.676093
-0.997955,60.685614
-0.987172,60.697699
-0.904693,60.684027
-0.890126,60.684963
-0.870473,60.684027
-0.862213,60.681586
-0.854482,60.67829
-0.846181,60.675971
-0.836415,60.676581
-0.821889,60.685004
-0.828847,60.694892
-0.843007,60.706
-0.850006,60.718166
-0.842763,60.724026
-0.801666,60.744818
-0.801666,60.752346
-0.808013,60.755113
-0.814565,60.757148
-0.821401,60.758531
-0.801666,60.759101
-0.801666,60.766547
-0.808461,60.778632
-0.795766,60.785631
-0.775787,60.791571
-0.760732,60.800116
-0.768544,60.800971
-0.787994,60.806952
-0.768788,60.81269
-0.760732,60.813137
-0.763905,60.825426
-0.77184,60.833401
-0.782786,60.838202
-0.795481,60.84101
-0.809722,60.841702
-0.815582,60.843085
-0.822133,60.847886
-0.831776,60.840277
-0.853139,60.803534
-0.861969,60.798245
-0.876129,60.79267
-0.888336,60.78974
-0.891021,60.79267
-0.881663,60.800849
-0.870188,60.806383
-0.860341,60.812934
-0.856191,60.823961
-0.860341,60.837551
-0.870107,60.845201
-0.8815,60.845038
-0.891021,60.834866
-0.890533,60.825588
-0.904164,60.813951
-0.923085,60.804104
-0.938832,60.800116
-0.938832,60.79267
-0.926178,60.784654
-0.926137,60.769599
-0.935699,60.756008
-0.952463,60.752346
-0.94579,60.740302
-0.943227,60.72602
-0.948598,60.717963
-0.966176,60.725002
-0.961822,60.717922
-0.95995,60.709418
-0.961334,60.700019
-0.966176,60.690172
-0.950307,60.684312
-0.934804,60.682115
-0.904693,60.684027
-6.654775,61.395941
-6.646352,61.408149
-6.651235,61.425238
-6.666249,61.439846
-6.688303,61.444322
-6.683827,61.454291
-6.681386,61.457994
-6.721181,61.459377
-6.73884,61.455715
-6.750356,61.444322
-6.755198,61.453681
-6.762685,61.460028
-6.77245,61.463568
-6.783844,61.46483
-6.783844,61.472317
-6.761098,61.468899
-6.743642,61.469957
-6.709381,61.479153
-6.698069,61.47956
-6.686594,61.47842
-6.677602,61.479926
-6.67398,61.488471
-6.715566,61.498969
-6.827463,61.471869
-6.736684,61.430732
-6.699778,61.404242
-6.677602,61.39411
-6.654775,61.395941
-1.315094,60.093736
-1.323354,60.088202
-1.321767,60.093085
-1.315053,60.106391
-1.315826,60.115465
-1.321156,60.115668
-1.327789,60.111396
-1.345693,60.108954
-1.346995,60.10456
-1.340443,60.099677
-1.338002,60.093451
-1.347564,60.083441
-1.35204,60.069525
-1.357004,60.058173
-1.369862,60.04914
-1.367909,60.044827
-1.353871,60.051215
-1.338368,60.064032
-1.335805,60.070054
-1.334625,60.076321
-1.333119,60.073676
-1.333852,60.06151
-1.338002,60.051093
-1.339019,60.043891
-1.333567,60.043606
-1.326772,60.050605
-1.317738,60.06623
-1.309804,60.076361
-1.304799,60.086575
-1.308258,60.094143
-1.315094,60.093736
-2.053212,60.155504
-2.064687,60.157294
-2.08788,60.155463
-2.103424,60.150051
-2.110341,60.145331
-2.112294,60.138007
-2.105377,60.132066
-2.086903,60.123277
-2.062978,60.117987
-2.048085,60.129218
-2.048899,60.147121
-2.053212,60.155504
-1.062856,60.164049
-1.069936,60.164211
-1.07315,60.173
-1.074941,60.182807
-1.079457,60.1883
-1.086415,60.186469
-1.089589,60.178168
-1.097524,60.175727
-1.115793,60.180162
-1.134918,60.178697
-1.13565,60.167955
-1.119252,60.155585
-1.122222,60.123114
-1.112945,60.116278
-1.083892,60.10517
-1.073801,60.107733
-1.066762,60.129218
-1.059478,60.137641
-1.052724,60.148424
-1.050445,60.162787
-1.050526,60.169623
-1.062856,60.164049
-0.918772,60.386176
-0.921783,60.384589
-0.932281,60.382758
-0.9676,60.381049
-0.974477,60.375922
-0.983632,60.372301
-0.995229,60.371649
-1.006418,60.368964
-1.016428,60.362006
-1.021555,60.354478
-1.02359,60.349433
-1.02892,60.345649
-1.034088,60.340155
-1.015207,60.334133
-0.975982,60.340318
-0.948598,60.355862
-0.931386,60.368476
-0.917714,60.376654
-0.911204,60.38231
-0.912668,60.386786
-0.918772,60.386176
-4.810374,54.05976
-4.801015,54.057929
-4.808095,54.04621
-4.812205,54.040432
-4.816558,54.043687
-4.823842,54.04267
-4.830596,54.049628
-4.827789,54.054755
-4.810374,54.05976
